{"type":"FeatureCollection","name":"hydrants","source":{"provider":"Ville de Montréal","datasetId":"cb4de65e-138b-4936-9d5c-2d9a0bc9b4ce","resourceId":"434e80ca-4fec-4b38-a6b5-070a06757233","identityField":"ID_BI","retrievedAt":"2026-08-19T19:54:33.442Z"},"bbox":[-73.578,45.495,-73.554,45.51],"features":[{"type":"Feature","id":"ville-montreal/hydrant/20003907","properties":{"lab":{"objectClass":"hydrant","label":"HYDRANT","sourceId":"20003907","provider":"Ville de Montréal","providerKey":"ville-montreal","dataset":"Bornes d'incendie","datasetId":"cb4de65e-138b-4936-9d5c-2d9a0bc9b4ce","identityField":"ID_BI","sourceName":"320-322 place D'Youville","license":"CC-BY 4.0","retrievedAt":"2026-08-19T19:54:33.442Z","sourceUrl":"https://donnees.montreal.ca/dataset/geolocalisation-des-bornes-fontaines","updateDate":"2026-03-18","geometryType":"Point","legalNote":"Annual inventory. Not for engineering use without City validation."},"source":{"ADRESSE":"320-322 place D'Youville","ADRESSE_R_M":"Cartographie géomatique ville","COORDONNEE_SPATIALE_X":300489.529,"COORDONNEE_SPATIALE_Y":5040100.396,"DATE_ABANDON_R_M":"Non applicable","DATE_INSTALLATION":"2020-09-04","DATE_INSTALLATION_R_M":"Plan balayé","ELEVATION_TERRAIN":14.716,"ID_BI":20003907,"ID_POINT":20042168,"JURIDICTION":"LOCALE","JURIDICTION_R_M":"Direction production eau potable","PRECISION_DATE_INSTALL":"DATE INSTALLATION PRECISE","PRECISION_DATE_INSTALL_R_M":"Plan balayé","PROPRIETAIRE":"VILLE DE MONTREAL","PROPRIETAIRE_R_M":"Cartographie géomatique ville","PROVENANCE_DONNEE":"RELEVE TERRAIN INTERNE","STATUT_ACTIF":"EXISTANT","STATUT_ACTIF_R_M":"Visite terrain","LATITUDE":45.500820507569365,"LONGITUDE":-73.55515834256818,"ABANDONNE_R":"NON","ABANDONNE_R_M":"Non applicable"}},"geometry":{"type":"Point","coordinates":[-73.55515834256818,45.500820507569365]}},{"type":"Feature","id":"ville-montreal/hydrant/20003280","properties":{"lab":{"objectClass":"hydrant","label":"HYDRANT","sourceId":"20003280","provider":"Ville de Montréal","providerKey":"ville-montreal","dataset":"Bornes d'incendie","datasetId":"cb4de65e-138b-4936-9d5c-2d9a0bc9b4ce","identityField":"ID_BI","sourceName":"585 rue Sainte-Catherine Ouest","license":"CC-BY 4.0","retrievedAt":"2026-08-19T19:54:33.442Z","sourceUrl":"https://donnees.montreal.ca/dataset/geolocalisation-des-bornes-fontaines","updateDate":"2026-03-18","geometryType":"Point","legalNote":"Annual inventory. Not for engineering use without City validation."},"source":{"ADRESSE":"585 rue Sainte-Catherine Ouest","ADRESSE_R_M":"Cartographie géomatique ville","COORDONNEE_SPATIALE_X":299396.155,"COORDONNEE_SPATIALE_Y":5040444.993,"DATE_ABANDON_R_M":"Non applicable","DATE_INSTALLATION":"2019-07-04","DATE_INSTALLATION_R_M":"Plan profil","ELEVATION_TERRAIN":35.651,"ID_BI":20003280,"ID_POINT":20033552,"JURIDICTION":"LOCALE","JURIDICTION_R_M":"Direction production eau potable","PRECISION_DATE_INSTALL":"DATE INSTALLATION DANS L'ANNEE COURANTE","PRECISION_DATE_INSTALL_R_M":"Plan profil","PROPRIETAIRE":"VILLE DE MONTREAL","PROPRIETAIRE_R_M":"Cartographie géomatique ville","PROVENANCE_DONNEE":"RELEVE TERRAIN INTERNE","STATUT_ACTIF":"EXISTANT","STATUT_ACTIF_R_M":"Visite terrain","LATITUDE":45.50391376320876,"LONGITUDE":-73.5691528841187,"ABANDONNE_R":"NON","ABANDONNE_R_M":"Non applicable"}},"geometry":{"type":"Point","coordinates":[-73.5691528841187,45.50391376320876]}},{"type":"Feature","id":"ville-montreal/hydrant/20003284","properties":{"lab":{"objectClass":"hydrant","label":"HYDRANT","sourceId":"20003284","provider":"Ville de Montréal","providerKey":"ville-montreal","dataset":"Bornes d'incendie","datasetId":"cb4de65e-138b-4936-9d5c-2d9a0bc9b4ce","identityField":"ID_BI","sourceName":"500-520 rue Sainte-Catherine Ouest","license":"CC-BY 4.0","retrievedAt":"2026-08-19T19:54:33.442Z","sourceUrl":"https://donnees.montreal.ca/dataset/geolocalisation-des-bornes-fontaines","updateDate":"2026-03-18","geometryType":"Point","legalNote":"Annual inventory. Not for engineering use without City validation."},"source":{"ADRESSE":"500-520 rue Sainte-Catherine Ouest","ADRESSE_R_M":"Cartographie géomatique ville","COORDONNEE_SPATIALE_X":299441.923,"COORDONNEE_SPATIALE_Y":5040494.688,"DATE_ABANDON_R_M":"Non applicable","DATE_INSTALLATION":"2019-07-04","DATE_INSTALLATION_R_M":"Plan profil","ELEVATION_TERRAIN":35.866,"ID_BI":20003284,"ID_POINT":20033572,"JURIDICTION":"LOCALE","JURIDICTION_R_M":"Direction production eau potable","PRECISION_DATE_INSTALL":"DATE INSTALLATION DANS L'ANNEE COURANTE","PRECISION_DATE_INSTALL_R_M":"Plan profil","PROPRIETAIRE":"VILLE DE MONTREAL","PROPRIETAIRE_R_M":"Cartographie géomatique ville","PROVENANCE_DONNEE":"RELEVE TERRAIN INTERNE","STATUT_ACTIF":"EXISTANT","STATUT_ACTIF_R_M":"Visite terrain","LATITUDE":45.50436128066066,"LONGITUDE":-73.56856772963147,"ABANDONNE_R":"NON","ABANDONNE_R_M":"Non applicable"}},"geometry":{"type":"Point","coordinates":[-73.56856772963147,45.50436128066066]}},{"type":"Feature","id":"ville-montreal/hydrant/20003285","properties":{"lab":{"objectClass":"hydrant","label":"HYDRANT","sourceId":"20003285","provider":"Ville de Montréal","providerKey":"ville-montreal","dataset":"Bornes d'incendie","datasetId":"cb4de65e-138b-4936-9d5c-2d9a0bc9b4ce","identityField":"ID_BI","sourceName":"505-521 rue Sainte-Catherine Ouest","license":"CC-BY 4.0","retrievedAt":"2026-08-19T19:54:33.442Z","sourceUrl":"https://donnees.montreal.ca/dataset/geolocalisation-des-bornes-fontaines","updateDate":"2026-03-18","geometryType":"Point","legalNote":"Annual inventory. Not for engineering use without City validation."},"source":{"ADRESSE":"505-521 rue Sainte-Catherine Ouest","ADRESSE_R_M":"Cartographie géomatique ville","COORDONNEE_SPATIALE_X":299451.607,"COORDONNEE_SPATIALE_Y":5040540.351,"DATE_ABANDON_R_M":"Non applicable","DATE_INSTALLATION":"2019-07-04","DATE_INSTALLATION_R_M":"Plan profil","ELEVATION_TERRAIN":36.076,"ID_BI":20003285,"ID_POINT":20033578,"JURIDICTION":"LOCALE","JURIDICTION_R_M":"Direction production eau potable","PRECISION_DATE_INSTALL":"DATE INSTALLATION DANS L'ANNEE COURANTE","PRECISION_DATE_INSTALL_R_M":"Plan profil","PROPRIETAIRE":"VILLE DE MONTREAL","PROPRIETAIRE_R_M":"Cartographie géomatique ville","PROVENANCE_DONNEE":"RELEVE TERRAIN INTERNE","STATUT_ACTIF":"EXISTANT","STATUT_ACTIF_R_M":"Visite terrain","LATITUDE":45.50477223760112,"LONGITUDE":-73.56844431295025,"ABANDONNE_R":"NON","ABANDONNE_R_M":"Non applicable"}},"geometry":{"type":"Point","coordinates":[-73.56844431295025,45.50477223760112]}},{"type":"Feature","id":"ville-montreal/hydrant/20003286","properties":{"lab":{"objectClass":"hydrant","label":"HYDRANT","sourceId":"20003286","provider":"Ville de Montréal","providerKey":"ville-montreal","dataset":"Bornes d'incendie","datasetId":"cb4de65e-138b-4936-9d5c-2d9a0bc9b4ce","identityField":"ID_BI","sourceName":"1260 rue Saint-Alexandre","license":"CC-BY 4.0","retrievedAt":"2026-08-19T19:54:33.442Z","sourceUrl":"https://donnees.montreal.ca/dataset/geolocalisation-des-bornes-fontaines","updateDate":"2026-03-18","geometryType":"Point","legalNote":"Annual inventory. Not for engineering use without City validation."},"source":{"ADRESSE":"1260 rue Saint-Alexandre","ADRESSE_R_M":"Cartographie géomatique ville","COORDONNEE_SPATIALE_X":299504.839,"COORDONNEE_SPATIALE_Y":5040594.726,"DATE_ABANDON_R_M":"Non applicable","DATE_INSTALLATION":"2019-07-04","DATE_INSTALLATION_R_M":"Plan profil","ELEVATION_TERRAIN":36.425,"ID_BI":20003286,"ID_POINT":20033582,"JURIDICTION":"LOCALE","JURIDICTION_R_M":"Direction production eau potable","PRECISION_DATE_INSTALL":"DATE INSTALLATION DANS L'ANNEE COURANTE","PRECISION_DATE_INSTALL_R_M":"Plan profil","PROPRIETAIRE":"VILLE DE MONTREAL","PROPRIETAIRE_R_M":"Cartographie géomatique ville","PROVENANCE_DONNEE":"RELEVE TERRAIN INTERNE","STATUT_ACTIF":"EXISTANT","STATUT_ACTIF_R_M":"Visite terrain","LATITUDE":45.5052619129223,"LONGITUDE":-73.56776368391928,"ABANDONNE_R":"NON","ABANDONNE_R_M":"Non applicable"}},"geometry":{"type":"Point","coordinates":[-73.56776368391928,45.5052619129223]}},{"type":"Feature","id":"ville-montreal/hydrant/20003906","properties":{"lab":{"objectClass":"hydrant","label":"HYDRANT","sourceId":"20003906","provider":"Ville de Montréal","providerKey":"ville-montreal","dataset":"Bornes d'incendie","datasetId":"cb4de65e-138b-4936-9d5c-2d9a0bc9b4ce","identityField":"ID_BI","sourceName":"119-123 rue Saint-Pierre","license":"CC-BY 4.0","retrievedAt":"2026-08-19T19:54:33.442Z","sourceUrl":"https://donnees.montreal.ca/dataset/geolocalisation-des-bornes-fontaines","updateDate":"2026-03-18","geometryType":"Point","legalNote":"Annual inventory. Not for engineering use without City validation."},"source":{"ADRESSE":"119-123 rue Saint-Pierre","ADRESSE_R_M":"Cartographie géomatique ville","COORDONNEE_SPATIALE_X":300544.827,"COORDONNEE_SPATIALE_Y":5040071.097,"DATE_ABANDON_R_M":"Non applicable","DATE_INSTALLATION":"2020-09-04","DATE_INSTALLATION_R_M":"Plan balayé","ELEVATION_TERRAIN":15.054,"ID_BI":20003906,"ID_POINT":20042160,"JURIDICTION":"LOCALE","JURIDICTION_R_M":"Direction production eau potable","PRECISION_DATE_INSTALL":"DATE INSTALLATION PRECISE","PRECISION_DATE_INSTALL_R_M":"Plan balayé","PROPRIETAIRE":"VILLE DE MONTREAL","PROPRIETAIRE_R_M":"Cartographie géomatique ville","PROVENANCE_DONNEE":"RELEVE TERRAIN INTERNE","STATUT_ACTIF":"EXISTANT","STATUT_ACTIF_R_M":"Visite terrain","LATITUDE":45.50055721905084,"LONGITUDE":-73.55445048315099,"ABANDONNE_R":"NON","ABANDONNE_R_M":"Non applicable"}},"geometry":{"type":"Point","coordinates":[-73.55445048315099,45.50055721905084]}},{"type":"Feature","id":"ville-montreal/hydrant/20003742","properties":{"lab":{"objectClass":"hydrant","label":"HYDRANT","sourceId":"20003742","provider":"Ville de Montréal","providerKey":"ville-montreal","dataset":"Bornes d'incendie","datasetId":"cb4de65e-138b-4936-9d5c-2d9a0bc9b4ce","identityField":"ID_BI","sourceName":"884 rue Saint-Jacques","license":"CC-BY 4.0","retrievedAt":"2026-08-19T19:54:33.442Z","sourceUrl":"https://donnees.montreal.ca/dataset/geolocalisation-des-bornes-fontaines","updateDate":"2026-03-18","geometryType":"Point","legalNote":"Annual inventory. Not for engineering use without City validation."},"source":{"ADRESSE":"884 rue Saint-Jacques","ADRESSE_R_M":"Cartographie géomatique ville","COORDONNEE_SPATIALE_X":299915.675,"COORDONNEE_SPATIALE_Y":5039873.46,"DATE_ABANDON_R_M":"Non applicable","DATE_INSTALLATION":"2023-01-31","DATE_INSTALLATION_R_M":"Échange écrit/verbal arrondissement","ELEVATION_TERRAIN":15.004,"ID_BI":20003742,"ID_POINT":20040431,"JURIDICTION":"LOCALE","JURIDICTION_R_M":"Direction épuration eaux usées","PRECISION_DATE_INSTALL":"DATE INSTALLATION PRECISE","PRECISION_DATE_INSTALL_R_M":"Échange écrit/verbal arrondissement","PROPRIETAIRE":"VILLE DE MONTREAL","PROPRIETAIRE_R_M":"Cartographie géomatique ville","PROVENANCE_DONNEE":"RELEVE TERRAIN INTERNE","STATUT_ACTIF":"EXISTANT","STATUT_ACTIF_R_M":"Visite terrain","LATITUDE":45.49877455771293,"LONGITUDE":-73.56249916784931,"ABANDONNE_R":"NON","ABANDONNE_R_M":"Non applicable"}},"geometry":{"type":"Point","coordinates":[-73.56249916784931,45.49877455771293]}},{"type":"Feature","id":"ville-montreal/hydrant/20003278","properties":{"lab":{"objectClass":"hydrant","label":"HYDRANT","sourceId":"20003278","provider":"Ville de Montréal","providerKey":"ville-montreal","dataset":"Bornes d'incendie","datasetId":"cb4de65e-138b-4936-9d5c-2d9a0bc9b4ce","identityField":"ID_BI","sourceName":"638-664 rue Sainte-Catherine Ouest","license":"CC-BY 4.0","retrievedAt":"2026-08-19T19:54:33.442Z","sourceUrl":"https://donnees.montreal.ca/dataset/geolocalisation-des-bornes-fontaines","updateDate":"2026-03-18","geometryType":"Point","legalNote":"Annual inventory. Not for engineering use without City validation."},"source":{"ADRESSE":"638-664 rue Sainte-Catherine Ouest","ADRESSE_R_M":"Cartographie géomatique ville","COORDONNEE_SPATIALE_X":299350.337,"COORDONNEE_SPATIALE_Y":5040377.952,"DATE_ABANDON_R_M":"Non applicable","DATE_INSTALLATION":"2019-07-04","DATE_INSTALLATION_R_M":"Plan profil","ELEVATION_TERRAIN":35.427,"ID_BI":20003278,"ID_POINT":20033544,"JURIDICTION":"LOCALE","JURIDICTION_R_M":"Direction production eau potable","PRECISION_DATE_INSTALL":"DATE INSTALLATION DANS L'ANNEE COURANTE","PRECISION_DATE_INSTALL_R_M":"Plan profil","PROPRIETAIRE":"VILLE DE MONTREAL","PROPRIETAIRE_R_M":"Cartographie géomatique ville","PROVENANCE_DONNEE":"RELEVE TERRAIN INTERNE","STATUT_ACTIF":"EXISTANT","STATUT_ACTIF_R_M":"Visite terrain","LATITUDE":45.50331014941075,"LONGITUDE":-73.56973848176357,"ABANDONNE_R":"NON","ABANDONNE_R_M":"Non applicable"}},"geometry":{"type":"Point","coordinates":[-73.56973848176357,45.50331014941075]}},{"type":"Feature","id":"ville-montreal/hydrant/20003279","properties":{"lab":{"objectClass":"hydrant","label":"HYDRANT","sourceId":"20003279","provider":"Ville de Montréal","providerKey":"ville-montreal","dataset":"Bornes d'incendie","datasetId":"cb4de65e-138b-4936-9d5c-2d9a0bc9b4ce","identityField":"ID_BI","sourceName":"670 rue Sainte-Catherine Ouest","license":"CC-BY 4.0","retrievedAt":"2026-08-19T19:54:33.442Z","sourceUrl":"https://donnees.montreal.ca/dataset/geolocalisation-des-bornes-fontaines","updateDate":"2026-03-18","geometryType":"Point","legalNote":"Annual inventory. Not for engineering use without City validation."},"source":{"ADRESSE":"670 rue Sainte-Catherine Ouest","ADRESSE_R_M":"Cartographie géomatique ville","COORDONNEE_SPATIALE_X":299341.963,"COORDONNEE_SPATIALE_Y":5040350.43,"DATE_ABANDON_R_M":"Non applicable","DATE_INSTALLATION":"2019-07-04","DATE_INSTALLATION_R_M":"Plan profil","ELEVATION_TERRAIN":35.464,"ID_BI":20003279,"ID_POINT":20033546,"JURIDICTION":"LOCALE","JURIDICTION_R_M":"Direction production eau potable","PRECISION_DATE_INSTALL":"DATE INSTALLATION DANS L'ANNEE COURANTE","PRECISION_DATE_INSTALL_R_M":"Plan profil","PROPRIETAIRE":"VILLE DE MONTREAL","PROPRIETAIRE_R_M":"Cartographie géomatique ville","PROVENANCE_DONNEE":"RELEVE TERRAIN INTERNE","STATUT_ACTIF":"EXISTANT","STATUT_ACTIF_R_M":"Visite terrain","LATITUDE":45.5030624298649,"LONGITUDE":-73.56984533785746,"ABANDONNE_R":"NON","ABANDONNE_R_M":"Non applicable"}},"geometry":{"type":"Point","coordinates":[-73.56984533785746,45.5030624298649]}},{"type":"Feature","id":"ville-montreal/hydrant/20003685","properties":{"lab":{"objectClass":"hydrant","label":"HYDRANT","sourceId":"20003685","provider":"Ville de Montréal","providerKey":"ville-montreal","dataset":"Bornes d'incendie","datasetId":"cb4de65e-138b-4936-9d5c-2d9a0bc9b4ce","identityField":"ID_BI","sourceName":"1010-1020 rue William","license":"CC-BY 4.0","retrievedAt":"2026-08-19T19:54:33.442Z","sourceUrl":"https://donnees.montreal.ca/dataset/geolocalisation-des-bornes-fontaines","updateDate":"2026-03-18","geometryType":"Point","legalNote":"Annual inventory. Not for engineering use without City validation."},"source":{"ADRESSE":"1010-1020 rue William","ADRESSE_R_M":"Cartographie géomatique ville","COORDONNEE_SPATIALE_X":300054.416,"COORDONNEE_SPATIALE_Y":5039505.352,"DATE_ABANDON_R_M":"Non applicable","DATE_INSTALLATION":"2020-01-01","DATE_INSTALLATION_R_M":"Échange écrit/verbal arrondissement","ELEVATION_TERRAIN":14.709,"ID_BI":20003685,"ID_POINT":20039599,"JURIDICTION":"LOCALE","JURIDICTION_R_M":"Direction production eau potable","PRECISION_DATE_INSTALL":"DATE INSTALLATION DANS L'ANNEE COURANTE","PRECISION_DATE_INSTALL_R_M":"Échange écrit/verbal arrondissement","PROPRIETAIRE":"VILLE DE MONTREAL","PROPRIETAIRE_R_M":"Cartographie géomatique ville","PROVENANCE_DONNEE":"RELEVE TERRAIN INTERNE","STATUT_ACTIF":"EXISTANT","STATUT_ACTIF_R_M":"Visite terrain","LATITUDE":45.495463252742695,"LONGITUDE":-73.56072031560575,"ABANDONNE_R":"NON","ABANDONNE_R_M":"Non applicable"}},"geometry":{"type":"Point","coordinates":[-73.56072031560575,45.495463252742695]}},{"type":"Feature","id":"ville-montreal/hydrant/20003333","properties":{"lab":{"objectClass":"hydrant","label":"HYDRANT","sourceId":"20003333","provider":"Ville de Montréal","providerKey":"ville-montreal","dataset":"Bornes d'incendie","datasetId":"cb4de65e-138b-4936-9d5c-2d9a0bc9b4ce","identityField":"ID_BI","sourceName":"297 rue du Shannon","license":"CC-BY 4.0","retrievedAt":"2026-08-19T19:54:33.442Z","sourceUrl":"https://donnees.montreal.ca/dataset/geolocalisation-des-bornes-fontaines","updateDate":"2026-03-18","geometryType":"Point","legalNote":"Annual inventory. Not for engineering use without City validation."},"source":{"ADRESSE":"297 rue du Shannon","ADRESSE_R_M":"Cartographie géomatique ville","COORDONNEE_SPATIALE_X":300086.14,"COORDONNEE_SPATIALE_Y":5039467.944,"DATE_ABANDON_R_M":"Non applicable","DATE_INSTALLATION":"2019-06-01","DATE_INSTALLATION_R_M":"Plan profil","ELEVATION_TERRAIN":14.413,"ID_BI":20003333,"ID_POINT":20034365,"JURIDICTION":"LOCALE","JURIDICTION_R_M":"Direction production eau potable","PRECISION_DATE_INSTALL":"DATE INSTALLATION PRECISE 6 MOIS MAXIMUM","PRECISION_DATE_INSTALL_R_M":"Plan profil","PROPRIETAIRE":"VILLE DE MONTREAL","PROPRIETAIRE_R_M":"Cartographie géomatique ville","PROVENANCE_DONNEE":"RELEVE TERRAIN INTERNE","STATUT_ACTIF":"EXISTANT","STATUT_ACTIF_R_M":"Visite terrain","LATITUDE":45.49512686412991,"LONGITUDE":-73.56031406373398,"ABANDONNE_R":"NON","ABANDONNE_R_M":"Non applicable"}},"geometry":{"type":"Point","coordinates":[-73.56031406373398,45.49512686412991]}},{"type":"Feature","id":"ville-montreal/hydrant/20003766","properties":{"lab":{"objectClass":"hydrant","label":"HYDRANT","sourceId":"20003766","provider":"Ville de Montréal","providerKey":"ville-montreal","dataset":"Bornes d'incendie","datasetId":"cb4de65e-138b-4936-9d5c-2d9a0bc9b4ce","identityField":"ID_BI","sourceName":"1000 rue Saint-Jacques","license":"CC-BY 4.0","retrievedAt":"2026-08-19T19:54:33.442Z","sourceUrl":"https://donnees.montreal.ca/dataset/geolocalisation-des-bornes-fontaines","updateDate":"2026-03-18","geometryType":"Point","legalNote":"Annual inventory. Not for engineering use without City validation."},"source":{"ADRESSE":"1000 rue Saint-Jacques","ADRESSE_R_M":"Cartographie géomatique ville","COORDONNEE_SPATIALE_X":299732.271,"COORDONNEE_SPATIALE_Y":5039559.253,"DATE_ABANDON_R_M":"Non applicable","DATE_INSTALLATION":"2020-06-27","DATE_INSTALLATION_R_M":"Plan profil","ELEVATION_TERRAIN":14.723,"ID_BI":20003766,"ID_POINT":20040613,"JURIDICTION":"LOCALE","JURIDICTION_R_M":"Direction production eau potable","PRECISION_DATE_INSTALL":"DATE INSTALLATION PRECISE","PRECISION_DATE_INSTALL_R_M":"Plan profil","PROPRIETAIRE":"VILLE DE MONTREAL","PROPRIETAIRE_R_M":"Cartographie géomatique ville","PROVENANCE_DONNEE":"RELEVE TERRAIN INTERNE","STATUT_ACTIF":"EXISTANT","STATUT_ACTIF_R_M":"Visite terrain","LATITUDE":45.49594603106201,"LONGITUDE":-73.5648426009161,"ABANDONNE_R":"NON","ABANDONNE_R_M":"Non applicable"}},"geometry":{"type":"Point","coordinates":[-73.5648426009161,45.49594603106201]}},{"type":"Feature","id":"ville-montreal/hydrant/20003768","properties":{"lab":{"objectClass":"hydrant","label":"HYDRANT","sourceId":"20003768","provider":"Ville de Montréal","providerKey":"ville-montreal","dataset":"Bornes d'incendie","datasetId":"cb4de65e-138b-4936-9d5c-2d9a0bc9b4ce","identityField":"ID_BI","sourceName":"530 rue Peel","license":"CC-BY 4.0","retrievedAt":"2026-08-19T19:54:33.442Z","sourceUrl":"https://donnees.montreal.ca/dataset/geolocalisation-des-bornes-fontaines","updateDate":"2026-03-18","geometryType":"Point","legalNote":"Annual inventory. Not for engineering use without City validation."},"source":{"ADRESSE":"530 rue Peel","ADRESSE_R_M":"Cartographie géomatique ville","COORDONNEE_SPATIALE_X":299832.961,"COORDONNEE_SPATIALE_Y":5039509.925,"DATE_ABANDON_R_M":"Non applicable","DATE_INSTALLATION":"2020-06-27","DATE_INSTALLATION_R_M":"Plan profil","ELEVATION_TERRAIN":14.983,"ID_BI":20003768,"ID_POINT":20040637,"JURIDICTION":"LOCALE","JURIDICTION_R_M":"Direction production eau potable","PRECISION_DATE_INSTALL":"DATE INSTALLATION PRECISE","PRECISION_DATE_INSTALL_R_M":"Plan profil","PROPRIETAIRE":"VILLE DE MONTREAL","PROPRIETAIRE_R_M":"Cartographie géomatique ville","PROVENANCE_DONNEE":"RELEVE TERRAIN INTERNE","STATUT_ACTIF":"EXISTANT","STATUT_ACTIF_R_M":"Visite terrain","LATITUDE":45.49550287509755,"LONGITUDE":-73.56355380704301,"ABANDONNE_R":"NON","ABANDONNE_R_M":"Non applicable"}},"geometry":{"type":"Point","coordinates":[-73.56355380704301,45.49550287509755]}},{"type":"Feature","id":"ville-montreal/hydrant/20004845","properties":{"lab":{"objectClass":"hydrant","label":"HYDRANT","sourceId":"20004845","provider":"Ville de Montréal","providerKey":"ville-montreal","dataset":"Bornes d'incendie","datasetId":"cb4de65e-138b-4936-9d5c-2d9a0bc9b4ce","identityField":"ID_BI","sourceName":"3410 rue Peel","license":"CC-BY 4.0","retrievedAt":"2026-08-19T19:54:33.442Z","sourceUrl":"https://donnees.montreal.ca/dataset/geolocalisation-des-bornes-fontaines","updateDate":"2026-03-18","geometryType":"Point","legalNote":"Annual inventory. Not for engineering use without City validation."},"source":{"ADRESSE":"3410 rue Peel","ADRESSE_R_M":"Cartographie géomatique ville","COORDONNEE_SPATIALE_X":298782.458,"COORDONNEE_SPATIALE_Y":5040237.221,"DATE_ABANDON_R_M":"Non applicable","DATE_INSTALLATION":"2019-08-22","DATE_INSTALLATION_R_M":"Plan de localisation","ELEVATION_TERRAIN":46.919,"ID_BI":20004845,"ID_POINT":20056143,"JURIDICTION":"LOCALE","JURIDICTION_R_M":"Direction production eau potable","PRECISION_DATE_INSTALL":"DATE INSTALLATION DANS L'ANNEE COURANTE","PRECISION_DATE_INSTALL_R_M":"Plan de localisation","PROPRIETAIRE":"VILLE DE MONTREAL","PROPRIETAIRE_R_M":"Cartographie géomatique ville","PROVENANCE_DONNEE":"RELEVE TERRAIN INTERNE","STATUT_ACTIF":"EXISTANT","STATUT_ACTIF_R_M":"Visite terrain","LATITUDE":45.50203915155976,"LONGITUDE":-73.57700379913948,"ABANDONNE_R":"NON","ABANDONNE_R_M":"Non applicable"}},"geometry":{"type":"Point","coordinates":[-73.57700379913948,45.50203915155976]}},{"type":"Feature","id":"ville-montreal/hydrant/10006034","properties":{"lab":{"objectClass":"hydrant","label":"HYDRANT","sourceId":"10006034","provider":"Ville de Montréal","providerKey":"ville-montreal","dataset":"Bornes d'incendie","datasetId":"cb4de65e-138b-4936-9d5c-2d9a0bc9b4ce","identityField":"ID_BI","sourceName":"1189-1193 rue de la Montagne","license":"CC-BY 4.0","retrievedAt":"2026-08-19T19:54:33.442Z","sourceUrl":"https://donnees.montreal.ca/dataset/geolocalisation-des-bornes-fontaines","updateDate":"2026-03-18","geometryType":"Point","legalNote":"Annual inventory. Not for engineering use without City validation."},"source":{"ADRESSE":"1189-1193 rue de la Montagne","ADRESSE_R_M":"Cartographie géomatique ville","COORDONNEE_SPATIALE_X":299043.512,"COORDONNEE_SPATIALE_Y":5039709.497,"DATE_ABANDON_R_M":"Non applicable","DATE_INSTALLATION":"2015-12-26","DATE_INSTALLATION_R_M":"Échange écrit/verbal arrondissement","ELEVATION_TERRAIN":38.988,"ID_BI":10006034,"ID_POINT":12115185,"JURIDICTION":"LOCALE","JURIDICTION_R_M":"Direction production eau potable","PRECISION_DATE_INSTALL":"DATE INSTALLATION DANS L'ANNEE COURANTE","PRECISION_DATE_INSTALL_R_M":"Échange écrit/verbal arrondissement","PROPRIETAIRE":"VILLE DE MONTREAL","PROPRIETAIRE_R_M":"Cartographie géomatique ville","PROVENANCE_DONNEE":"RELEVE TERRAIN INTERNE","STATUT_ACTIF":"EXISTANT","STATUT_ACTIF_R_M":"Visite terrain","LATITUDE":45.497292688548725,"LONGITUDE":-73.57365697344662,"ABANDONNE_R":"NON","ABANDONNE_R_M":"Non applicable"}},"geometry":{"type":"Point","coordinates":[-73.57365697344662,45.497292688548725]}},{"type":"Feature","id":"ville-montreal/hydrant/10006138","properties":{"lab":{"objectClass":"hydrant","label":"HYDRANT","sourceId":"10006138","provider":"Ville de Montréal","providerKey":"ville-montreal","dataset":"Bornes d'incendie","datasetId":"cb4de65e-138b-4936-9d5c-2d9a0bc9b4ce","identityField":"ID_BI","sourceName":"1100 rue Sherbrooke Ouest","license":"CC-BY 4.0","retrievedAt":"2026-08-19T19:54:33.442Z","sourceUrl":"https://donnees.montreal.ca/dataset/geolocalisation-des-bornes-fontaines","updateDate":"2026-03-18","geometryType":"Point","legalNote":"Annual inventory. Not for engineering use without City validation."},"source":{"ADRESSE":"1100 rue Sherbrooke Ouest","ADRESSE_R_M":"Cartographie géomatique ville","COORDONNEE_SPATIALE_X":298831.049,"COORDONNEE_SPATIALE_Y":5040208.742,"DATE_ABANDON_R_M":"Non applicable","DATE_INSTALLATION":"2015-11-07","DATE_INSTALLATION_R_M":"Plan profil","ELEVATION_TERRAIN":45.51,"ID_BI":10006138,"ID_POINT":12116018,"JURIDICTION":"LOCALE","JURIDICTION_R_M":"Direction production eau potable","PRECISION_DATE_INSTALL":"DATE INSTALLATION DANS L'ANNEE COURANTE","PRECISION_DATE_INSTALL_R_M":"Plan profil","PROPRIETAIRE":"VILLE DE MONTREAL","PROPRIETAIRE_R_M":"Cartographie géomatique ville","PROVENANCE_DONNEE":"RELEVE TERRAIN INTERNE","STATUT_ACTIF":"EXISTANT","STATUT_ACTIF_R_M":"Visite terrain","LATITUDE":45.50178330457924,"LONGITUDE":-73.5763816498413,"ABANDONNE_R":"NON","ABANDONNE_R_M":"Non applicable"}},"geometry":{"type":"Point","coordinates":[-73.5763816498413,45.50178330457924]}},{"type":"Feature","id":"ville-montreal/hydrant/10006139","properties":{"lab":{"objectClass":"hydrant","label":"HYDRANT","sourceId":"10006139","provider":"Ville de Montréal","providerKey":"ville-montreal","dataset":"Bornes d'incendie","datasetId":"cb4de65e-138b-4936-9d5c-2d9a0bc9b4ce","identityField":"ID_BI","sourceName":"2060 rue Peel","license":"CC-BY 4.0","retrievedAt":"2026-08-19T19:54:33.442Z","sourceUrl":"https://donnees.montreal.ca/dataset/geolocalisation-des-bornes-fontaines","updateDate":"2026-03-18","geometryType":"Point","legalNote":"Annual inventory. Not for engineering use without City validation."},"source":{"ADRESSE":"2060 rue Peel","ADRESSE_R_M":"Cartographie géomatique ville","COORDONNEE_SPATIALE_X":298900.791,"COORDONNEE_SPATIALE_Y":5040143.991,"DATE_ABANDON_R_M":"Non applicable","DATE_INSTALLATION":"2015-11-07","DATE_INSTALLATION_R_M":"Plan profil","ELEVATION_TERRAIN":44.184,"ID_BI":10006139,"ID_POINT":12116030,"JURIDICTION":"LOCALE","JURIDICTION_R_M":"Direction production eau potable","PRECISION_DATE_INSTALL":"DATE INSTALLATION DANS L'ANNEE COURANTE","PRECISION_DATE_INSTALL_R_M":"Plan profil","PROPRIETAIRE":"VILLE DE MONTREAL","PROPRIETAIRE_R_M":"Cartographie géomatique ville","PROVENANCE_DONNEE":"RELEVE TERRAIN INTERNE","STATUT_ACTIF":"EXISTANT","STATUT_ACTIF_R_M":"Visite terrain","LATITUDE":45.50120123585049,"LONGITUDE":-73.57548840969073,"ABANDONNE_R":"NON","ABANDONNE_R_M":"Non applicable"}},"geometry":{"type":"Point","coordinates":[-73.57548840969073,45.50120123585049]}},{"type":"Feature","id":"ville-montreal/hydrant/10006008","properties":{"lab":{"objectClass":"hydrant","label":"HYDRANT","sourceId":"10006008","provider":"Ville de Montréal","providerKey":"ville-montreal","dataset":"Bornes d'incendie","datasetId":"cb4de65e-138b-4936-9d5c-2d9a0bc9b4ce","identityField":"ID_BI","sourceName":"1000 rue Saint-Jacques","license":"CC-BY 4.0","retrievedAt":"2026-08-19T19:54:33.442Z","sourceUrl":"https://donnees.montreal.ca/dataset/geolocalisation-des-bornes-fontaines","updateDate":"2026-03-18","geometryType":"Point","legalNote":"Annual inventory. Not for engineering use without City validation."},"source":{"ADRESSE":"1000 rue Saint-Jacques","ADRESSE_R_M":"Cartographie géomatique ville","COORDONNEE_SPATIALE_X":299825.621,"COORDONNEE_SPATIALE_Y":5039614.463,"DATE_ABANDON_R_M":"Non applicable","DATE_INSTALLATION":"2014-08-01","DATE_INSTALLATION_R_M":"Plan profil","ELEVATION_TERRAIN":14.367,"ID_BI":10006008,"ID_POINT":12114771,"JURIDICTION":"LOCALE","JURIDICTION_R_M":"Direction production eau potable","PRECISION_DATE_INSTALL":"DATE INSTALLATION DANS L'ANNEE COURANTE","PRECISION_DATE_INSTALL_R_M":"Plan profil","PROPRIETAIRE":"VILLE DE MONTREAL","PROPRIETAIRE_R_M":"Cartographie géomatique ville","PROVENANCE_DONNEE":"RELEVE TERRAIN INTERNE","STATUT_ACTIF":"EXISTANT","STATUT_ACTIF_R_M":"Visite terrain","LATITUDE":45.49644347123988,"LONGITUDE":-73.56364877986843,"ABANDONNE_R":"NON","ABANDONNE_R_M":"Non applicable"}},"geometry":{"type":"Point","coordinates":[-73.56364877986843,45.49644347123988]}},{"type":"Feature","id":"ville-montreal/hydrant/10006223","properties":{"lab":{"objectClass":"hydrant","label":"HYDRANT","sourceId":"10006223","provider":"Ville de Montréal","providerKey":"ville-montreal","dataset":"Bornes d'incendie","datasetId":"cb4de65e-138b-4936-9d5c-2d9a0bc9b4ce","identityField":"ID_BI","sourceName":"890 rue William","license":"CC-BY 4.0","retrievedAt":"2026-08-19T19:54:33.442Z","sourceUrl":"https://donnees.montreal.ca/dataset/geolocalisation-des-bornes-fontaines","updateDate":"2026-03-18","geometryType":"Point","legalNote":"Annual inventory. Not for engineering use without City validation."},"source":{"ADRESSE":"890 rue William","ADRESSE_R_M":"Cartographie géomatique ville","COORDONNEE_SPATIALE_X":300183.511,"COORDONNEE_SPATIALE_Y":5039655.978,"DATE_ABANDON_R_M":"Non applicable","DATE_INSTALLATION":"2013-11-22","DATE_INSTALLATION_R_M":"Plan profil proposé","ELEVATION_TERRAIN":14.283,"ID_BI":10006223,"ID_POINT":12116965,"JURIDICTION":"LOCALE","JURIDICTION_R_M":"Direction épuration eaux usées","PRECISION_DATE_INSTALL":"DATE INSTALLATION PRECISE 6 MOIS MAXIMUM","PRECISION_DATE_INSTALL_R_M":"Plan profil proposé","PROPRIETAIRE":"VILLE DE MONTREAL","PROPRIETAIRE_R_M":"Cartographie géomatique ville","PROVENANCE_DONNEE":"RELEVE TERRAIN INTERNE","STATUT_ACTIF":"EXISTANT","STATUT_ACTIF_R_M":"Visite terrain","LATITUDE":45.49681949144885,"LONGITUDE":-73.55906998551507,"ABANDONNE_R":"NON","ABANDONNE_R_M":"Non applicable"}},"geometry":{"type":"Point","coordinates":[-73.55906998551507,45.49681949144885]}},{"type":"Feature","id":"ville-montreal/hydrant/10006329","properties":{"lab":{"objectClass":"hydrant","label":"HYDRANT","sourceId":"10006329","provider":"Ville de Montréal","providerKey":"ville-montreal","dataset":"Bornes d'incendie","datasetId":"cb4de65e-138b-4936-9d5c-2d9a0bc9b4ce","identityField":"ID_BI","sourceName":"350 rue de l' Inspecteur","license":"CC-BY 4.0","retrievedAt":"2026-08-19T19:54:33.442Z","sourceUrl":"https://donnees.montreal.ca/dataset/geolocalisation-des-bornes-fontaines","updateDate":"2026-03-18","geometryType":"Point","legalNote":"Annual inventory. Not for engineering use without City validation."},"source":{"ADRESSE":"350 rue de l' Inspecteur","ADRESSE_R_M":"Cartographie géomatique ville","COORDONNEE_SPATIALE_X":300099.37,"COORDONNEE_SPATIALE_Y":5039592.183,"DATE_ABANDON_R_M":"Non applicable","DATE_INSTALLATION":"2016-06-10","DATE_INSTALLATION_R_M":"Échange écrit/verbal arrondissement","ELEVATION_TERRAIN":14.423,"ID_BI":10006329,"ID_POINT":12118896,"JURIDICTION":"LOCALE","JURIDICTION_R_M":"Direction production eau potable","PRECISION_DATE_INSTALL":"DATE INSTALLATION DANS L'ANNEE COURANTE","PRECISION_DATE_INSTALL_R_M":"Échange écrit/verbal arrondissement","PROPRIETAIRE":"VILLE DE MONTREAL","PROPRIETAIRE_R_M":"Cartographie géomatique ville","PROVENANCE_DONNEE":"RELEVE TERRAIN INTERNE","STATUT_ACTIF":"EXISTANT","STATUT_ACTIF_R_M":"Visite terrain","LATITUDE":45.49624487916597,"LONGITUDE":-73.56014596533458,"ABANDONNE_R":"NON","ABANDONNE_R_M":"Non applicable"}},"geometry":{"type":"Point","coordinates":[-73.56014596533458,45.49624487916597]}},{"type":"Feature","id":"ville-montreal/hydrant/10006217","properties":{"lab":{"objectClass":"hydrant","label":"HYDRANT","sourceId":"10006217","provider":"Ville de Montréal","providerKey":"ville-montreal","dataset":"Bornes d'incendie","datasetId":"cb4de65e-138b-4936-9d5c-2d9a0bc9b4ce","identityField":"ID_BI","sourceName":"891 rue Saint-Paul Ouest","license":"CC-BY 4.0","retrievedAt":"2026-08-19T19:54:33.442Z","sourceUrl":"https://donnees.montreal.ca/dataset/geolocalisation-des-bornes-fontaines","updateDate":"2026-03-18","geometryType":"Point","legalNote":"Annual inventory. Not for engineering use without City validation."},"source":{"ADRESSE":"891 rue Saint-Paul Ouest","ADRESSE_R_M":"Cartographie géomatique ville","COORDONNEE_SPATIALE_X":300061.921,"COORDONNEE_SPATIALE_Y":5039730.137,"DATE_ABANDON_R_M":"Non applicable","DATE_INSTALLATION":"2012-12-03","DATE_INSTALLATION_R_M":"Plan profil","ELEVATION_TERRAIN":14.88,"ID_BI":10006217,"ID_POINT":12116864,"JURIDICTION":"LOCALE","JURIDICTION_R_M":"Direction épuration eaux usées","PRECISION_DATE_INSTALL":"DATE INSTALLATION PRECISE 6 MOIS MAXIMUM","PRECISION_DATE_INSTALL_R_M":"Plan profil","PROPRIETAIRE":"VILLE DE MONTREAL","PROPRIETAIRE_R_M":"Cartographie géomatique ville","PROVENANCE_DONNEE":"RELEVE TERRAIN INTERNE","STATUT_ACTIF":"EXISTANT","STATUT_ACTIF_R_M":"Visite terrain","LATITUDE":45.497485962115135,"LONGITUDE":-73.56062646327004,"ABANDONNE_R":"NON","ABANDONNE_R_M":"Non applicable"}},"geometry":{"type":"Point","coordinates":[-73.56062646327004,45.497485962115135]}},{"type":"Feature","id":"ville-montreal/hydrant/5038851","properties":{"lab":{"objectClass":"hydrant","label":"HYDRANT","sourceId":"5038851","provider":"Ville de Montréal","providerKey":"ville-montreal","dataset":"Bornes d'incendie","datasetId":"cb4de65e-138b-4936-9d5c-2d9a0bc9b4ce","identityField":"ID_BI","sourceName":"1219 boulevard Robert-Bourassa","license":"CC-BY 4.0","retrievedAt":"2026-08-19T19:54:33.442Z","sourceUrl":"https://donnees.montreal.ca/dataset/geolocalisation-des-bornes-fontaines","updateDate":"2026-03-18","geometryType":"Point","legalNote":"Annual inventory. Not for engineering use without City validation."},"source":{"ADRESSE":"1219 boulevard Robert-Bourassa","ADRESSE_R_M":"Cartographie géomatique ville","COORDONNEE_SPATIALE_X":299432.334,"COORDONNEE_SPATIALE_Y":5040314.341,"DATE_ABANDON_R_M":"Non applicable","DATE_INSTALLATION":"1900-01-01","DATE_INSTALLATION_R_M":"Non trouvé","ELEVATION_TERRAIN":37.13,"ID_BI":5038851,"ID_POINT":5338585,"JURIDICTION":"LOCALE","JURIDICTION_R_M":"Direction épuration eaux usées","PRECISION_DATE_INSTALL":"DATE INSTALLATION PRECISE 100 ANS MAXIMUM","PRECISION_DATE_INSTALL_R_M":"Plan Atlas et inventaire","PROPRIETAIRE":"VILLE DE MONTREAL","PROPRIETAIRE_R_M":"Cartographie géomatique ville","PROVENANCE_DONNEE":"RELEVE TERRAIN INTERNE","STATUT_ACTIF":"EXISTANT","STATUT_ACTIF_R_M":"Plan profil","LATITUDE":45.50273837041091,"LONGITUDE":-73.56868847572112,"ABANDONNE_R":"NON","ABANDONNE_R_M":"Non applicable"}},"geometry":{"type":"Point","coordinates":[-73.56868847572112,45.50273837041091]}},{"type":"Feature","id":"ville-montreal/hydrant/5038856","properties":{"lab":{"objectClass":"hydrant","label":"HYDRANT","sourceId":"5038856","provider":"Ville de Montréal","providerKey":"ville-montreal","dataset":"Bornes d'incendie","datasetId":"cb4de65e-138b-4936-9d5c-2d9a0bc9b4ce","identityField":"ID_BI","sourceName":"3440 rue Aylmer","license":"CC-BY 4.0","retrievedAt":"2026-08-19T19:54:33.442Z","sourceUrl":"https://donnees.montreal.ca/dataset/geolocalisation-des-bornes-fontaines","updateDate":"2026-03-18","geometryType":"Point","legalNote":"Annual inventory. Not for engineering use without City validation."},"source":{"ADRESSE":"3440 rue Aylmer","ADRESSE_R_M":"Cartographie géomatique ville","COORDONNEE_SPATIALE_X":299019.59,"COORDONNEE_SPATIALE_Y":5040774.062,"DATE_ABANDON_R_M":"Non applicable","DATE_INSTALLATION":"2000-01-01","DATE_INSTALLATION_R_M":"Plan Atlas et inventaire","ELEVATION_TERRAIN":46.392,"ID_BI":5038856,"ID_POINT":5338590,"JURIDICTION":"LOCALE","JURIDICTION_R_M":"Direction épuration eaux usées","PRECISION_DATE_INSTALL":"DATE INSTALLATION DANS L'ANNEE COURANTE","PRECISION_DATE_INSTALL_R_M":"Plan Atlas et inventaire","PROPRIETAIRE":"VILLE DE MONTREAL","PROPRIETAIRE_R_M":"Cartographie géomatique ville","PROVENANCE_DONNEE":"RELEVE TERRAIN INTERNE","STATUT_ACTIF":"EXISTANT","STATUT_ACTIF_R_M":"Plan Atlas et inventaire","LATITUDE":45.506871816957215,"LONGITUDE":-73.57397580800921,"ABANDONNE_R":"NON","ABANDONNE_R_M":"Non applicable"}},"geometry":{"type":"Point","coordinates":[-73.57397580800921,45.506871816957215]}},{"type":"Feature","id":"ville-montreal/hydrant/5038916","properties":{"lab":{"objectClass":"hydrant","label":"HYDRANT","sourceId":"5038916","provider":"Ville de Montréal","providerKey":"ville-montreal","dataset":"Bornes d'incendie","datasetId":"cb4de65e-138b-4936-9d5c-2d9a0bc9b4ce","identityField":"ID_BI","sourceName":"363 rue Saint-François-Xavier","license":"CC-BY 4.0","retrievedAt":"2026-08-19T19:54:33.442Z","sourceUrl":"https://donnees.montreal.ca/dataset/geolocalisation-des-bornes-fontaines","updateDate":"2026-03-18","geometryType":"Point","legalNote":"Annual inventory. Not for engineering use without City validation."},"source":{"ADRESSE":"363 rue Saint-François-Xavier","ADRESSE_R_M":"Cartographie géomatique ville","COORDONNEE_SPATIALE_X":300487.387,"COORDONNEE_SPATIALE_Y":5040313.525,"DATE_ABANDON_R_M":"Non applicable","DATE_INSTALLATION":"1900-01-01","DATE_INSTALLATION_R_M":"Non trouvé","ELEVATION_TERRAIN":-999,"ID_BI":5038916,"ID_POINT":5338650,"JURIDICTION":"LOCALE","JURIDICTION_R_M":"Direction épuration eaux usées","PRECISION_DATE_INSTALL":"DATE INSTALLATION PRECISE 100 ANS MAXIMUM","PRECISION_DATE_INSTALL_R_M":"Plan Atlas et inventaire","PROPRIETAIRE":"VILLE DE MONTREAL","PROPRIETAIRE_R_M":"Cartographie géomatique ville","PROVENANCE_DONNEE":"RELEVE TERRAIN INTERNE","STATUT_ACTIF":"EXISTANT","STATUT_ACTIF_R_M":"Plan profil","LATITUDE":45.50273823981234,"LONGITUDE":-73.55518770512614,"ABANDONNE_R":"NON","ABANDONNE_R_M":"Non applicable"}},"geometry":{"type":"Point","coordinates":[-73.55518770512614,45.50273823981234]}},{"type":"Feature","id":"ville-montreal/hydrant/5038929","properties":{"lab":{"objectClass":"hydrant","label":"HYDRANT","sourceId":"5038929","provider":"Ville de Montréal","providerKey":"ville-montreal","dataset":"Bornes d'incendie","datasetId":"cb4de65e-138b-4936-9d5c-2d9a0bc9b4ce","identityField":"ID_BI","sourceName":"615 rue Belmont","license":"CC-BY 4.0","retrievedAt":"2026-08-19T19:54:33.442Z","sourceUrl":"https://donnees.montreal.ca/dataset/geolocalisation-des-bornes-fontaines","updateDate":"2026-03-18","geometryType":"Point","legalNote":"Annual inventory. Not for engineering use without City validation."},"source":{"ADRESSE":"615 rue Belmont","ADRESSE_R_M":"Cartographie géomatique ville","COORDONNEE_SPATIALE_X":299682.656,"COORDONNEE_SPATIALE_Y":5040208.706,"DATE_ABANDON_R_M":"Non applicable","DATE_INSTALLATION":"1900-01-01","DATE_INSTALLATION_R_M":"Non trouvé","ELEVATION_TERRAIN":33.314,"ID_BI":5038929,"ID_POINT":5338663,"JURIDICTION":"LOCALE","JURIDICTION_R_M":"Direction épuration eaux usées","PRECISION_DATE_INSTALL":"DATE INSTALLATION PRECISE 100 ANS MAXIMUM","PRECISION_DATE_INSTALL_R_M":"Plan Atlas et inventaire","PROPRIETAIRE":"VILLE DE MONTREAL","PROPRIETAIRE_R_M":"Cartographie géomatique ville","PROVENANCE_DONNEE":"RELEVE TERRAIN INTERNE","STATUT_ACTIF":"EXISTANT","STATUT_ACTIF_R_M":"Plan profil","LATITUDE":45.50178964372645,"LONGITUDE":-73.56548412460576,"ABANDONNE_R":"NON","ABANDONNE_R_M":"Non applicable"}},"geometry":{"type":"Point","coordinates":[-73.56548412460576,45.50178964372645]}},{"type":"Feature","id":"ville-montreal/hydrant/5038912","properties":{"lab":{"objectClass":"hydrant","label":"HYDRANT","sourceId":"5038912","provider":"Ville de Montréal","providerKey":"ville-montreal","dataset":"Bornes d'incendie","datasetId":"cb4de65e-138b-4936-9d5c-2d9a0bc9b4ce","identityField":"ID_BI","sourceName":"3420-3640 rue University","license":"CC-BY 4.0","retrievedAt":"2026-08-19T19:54:33.442Z","sourceUrl":"https://donnees.montreal.ca/dataset/geolocalisation-des-bornes-fontaines","updateDate":"2026-03-18","geometryType":"Point","legalNote":"Annual inventory. Not for engineering use without City validation."},"source":{"ADRESSE":"3420-3640 rue University","ADRESSE_R_M":"Cartographie géomatique ville","COORDONNEE_SPATIALE_X":298920.112,"COORDONNEE_SPATIALE_Y":5040651.21,"DATE_ABANDON_R_M":"Non applicable","DATE_INSTALLATION":"1890-01-01","DATE_INSTALLATION_R_M":"Plan Atlas et inventaire","ELEVATION_TERRAIN":45.68,"ID_BI":5038912,"ID_POINT":5338646,"JURIDICTION":"LOCALE","JURIDICTION_R_M":"Direction épuration eaux usées","PRECISION_DATE_INSTALL":"DATE INSTALLATION DANS L'ANNEE COURANTE","PRECISION_DATE_INSTALL_R_M":"Plan Atlas et inventaire","PROPRIETAIRE":"VILLE DE MONTREAL","PROPRIETAIRE_R_M":"Cartographie géomatique ville","PROVENANCE_DONNEE":"RELEVE TERRAIN INTERNE","STATUT_ACTIF":"EXISTANT","STATUT_ACTIF_R_M":"Plan Atlas et inventaire","LATITUDE":45.505765555867825,"LONGITUDE":-73.57524738236584,"ABANDONNE_R":"NON","ABANDONNE_R_M":"Non applicable"}},"geometry":{"type":"Point","coordinates":[-73.57524738236584,45.505765555867825]}},{"type":"Feature","id":"ville-montreal/hydrant/5029396","properties":{"lab":{"objectClass":"hydrant","label":"HYDRANT","sourceId":"5029396","provider":"Ville de Montréal","providerKey":"ville-montreal","dataset":"Bornes d'incendie","datasetId":"cb4de65e-138b-4936-9d5c-2d9a0bc9b4ce","identityField":"ID_BI","sourceName":"3451-3455 avenue du Parc","license":"CC-BY 4.0","retrievedAt":"2026-08-19T19:54:33.442Z","sourceUrl":"https://donnees.montreal.ca/dataset/geolocalisation-des-bornes-fontaines","updateDate":"2026-03-18","geometryType":"Point","legalNote":"Annual inventory. Not for engineering use without City validation."},"source":{"ADRESSE":"3451-3455 avenue du Parc","ADRESSE_R_M":"Cartographie géomatique ville","COORDONNEE_SPATIALE_X":299136.573,"COORDONNEE_SPATIALE_Y":5041014.321,"DATE_ABANDON_R_M":"Non applicable","DATE_INSTALLATION":"1900-01-01","DATE_INSTALLATION_R_M":"Non trouvé","ELEVATION_TERRAIN":46.095,"ID_BI":5029396,"ID_POINT":5339344,"JURIDICTION":"LOCALE","JURIDICTION_R_M":"Direction production eau potable","PRECISION_DATE_INSTALL":"DATE INSTALLATION PRECISE 100 ANS MAXIMUM","PRECISION_DATE_INSTALL_R_M":"Plan Atlas et inventaire","PROPRIETAIRE":"VILLE DE MONTREAL","PROPRIETAIRE_R_M":"Cartographie géomatique ville","PROVENANCE_DONNEE":"RELEVE TERRAIN INTERNE","STATUT_ACTIF":"EXISTANT","STATUT_ACTIF_R_M":"Plan profil","LATITUDE":45.509034651880214,"LONGITUDE":-73.57248154247773,"ABANDONNE_R":"NON","ABANDONNE_R_M":"Non applicable"}},"geometry":{"type":"Point","coordinates":[-73.57248154247773,45.509034651880214]}},{"type":"Feature","id":"ville-montreal/hydrant/5029475","properties":{"lab":{"objectClass":"hydrant","label":"HYDRANT","sourceId":"5029475","provider":"Ville de Montréal","providerKey":"ville-montreal","dataset":"Bornes d'incendie","datasetId":"cb4de65e-138b-4936-9d5c-2d9a0bc9b4ce","identityField":"ID_BI","sourceName":"682 rue William","license":"CC-BY 4.0","retrievedAt":"2026-08-19T19:54:33.442Z","sourceUrl":"https://donnees.montreal.ca/dataset/geolocalisation-des-bornes-fontaines","updateDate":"2026-03-18","geometryType":"Point","legalNote":"Annual inventory. Not for engineering use without City validation."},"source":{"ADRESSE":"682 rue William","ADRESSE_R_M":"Cartographie géomatique ville","COORDONNEE_SPATIALE_X":300339.186,"COORDONNEE_SPATIALE_Y":5039900.842,"DATE_ABANDON_R_M":"Non applicable","DATE_INSTALLATION":"1900-01-01","DATE_INSTALLATION_R_M":"Non trouvé","ELEVATION_TERRAIN":13.674,"ID_BI":5029475,"ID_POINT":5339417,"JURIDICTION":"LOCALE","JURIDICTION_R_M":"Direction épuration eaux usées","PRECISION_DATE_INSTALL":"DATE INSTALLATION PRECISE 100 ANS MAXIMUM","PRECISION_DATE_INSTALL_R_M":"Plan Atlas et inventaire","PROPRIETAIRE":"VILLE DE MONTREAL","PROPRIETAIRE_R_M":"Cartographie géomatique ville","PROVENANCE_DONNEE":"RELEVE PHOTOGRAMMETRIQUE","STATUT_ACTIF":"EXISTANT","STATUT_ACTIF_R_M":"Plan profil","LATITUDE":45.49902390789804,"LONGITUDE":-73.55708030564067,"ABANDONNE_R":"NON","ABANDONNE_R_M":"Non applicable"}},"geometry":{"type":"Point","coordinates":[-73.55708030564067,45.49902390789804]}},{"type":"Feature","id":"ville-montreal/hydrant/5020644","properties":{"lab":{"objectClass":"hydrant","label":"HYDRANT","sourceId":"5020644","provider":"Ville de Montréal","providerKey":"ville-montreal","dataset":"Bornes d'incendie","datasetId":"cb4de65e-138b-4936-9d5c-2d9a0bc9b4ce","identityField":"ID_BI","sourceName":"203 place D'Youville","license":"CC-BY 4.0","retrievedAt":"2026-08-19T19:54:33.442Z","sourceUrl":"https://donnees.montreal.ca/dataset/geolocalisation-des-bornes-fontaines","updateDate":"2026-03-18","geometryType":"Point","legalNote":"Annual inventory. Not for engineering use without City validation."},"source":{"ADRESSE":"203 place D'Youville","ADRESSE_R_M":"Cartographie géomatique ville","COORDONNEE_SPATIALE_X":300507.509,"COORDONNEE_SPATIALE_Y":5040272.523,"DATE_ABANDON_R_M":"Non applicable","DATE_INSTALLATION":"1991-01-01","DATE_INSTALLATION_R_M":"Plan Atlas et inventaire","ELEVATION_TERRAIN":14.459,"ID_BI":5020644,"ID_POINT":5267048,"JURIDICTION":"LOCALE","JURIDICTION_R_M":"Direction épuration eaux usées","PRECISION_DATE_INSTALL":"DATE INSTALLATION DANS L'ANNEE COURANTE","PRECISION_DATE_INSTALL_R_M":"Plan Atlas et inventaire","PROPRIETAIRE":"VILLE DE MONTREAL","PROPRIETAIRE_R_M":"Cartographie géomatique ville","PROVENANCE_DONNEE":"RELEVE TERRAIN INTERNE","STATUT_ACTIF":"EXISTANT","STATUT_ACTIF_R_M":"Plan profil","LATITUDE":45.502369423156445,"LONGITUDE":-73.55492985130432,"ABANDONNE_R":"NON","ABANDONNE_R_M":"Non applicable"}},"geometry":{"type":"Point","coordinates":[-73.55492985130432,45.502369423156445]}},{"type":"Feature","id":"ville-montreal/hydrant/5020645","properties":{"lab":{"objectClass":"hydrant","label":"HYDRANT","sourceId":"5020645","provider":"Ville de Montréal","providerKey":"ville-montreal","dataset":"Bornes d'incendie","datasetId":"cb4de65e-138b-4936-9d5c-2d9a0bc9b4ce","identityField":"ID_BI","sourceName":"350 place Royale","license":"CC-BY 4.0","retrievedAt":"2026-08-19T19:54:33.442Z","sourceUrl":"https://donnees.montreal.ca/dataset/geolocalisation-des-bornes-fontaines","updateDate":"2026-03-18","geometryType":"Point","legalNote":"Annual inventory. Not for engineering use without City validation."},"source":{"ADRESSE":"350 place Royale","ADRESSE_R_M":"Cartographie géomatique ville","COORDONNEE_SPATIALE_X":300551.577,"COORDONNEE_SPATIALE_Y":5040342.532,"DATE_ABANDON_R_M":"Non applicable","DATE_INSTALLATION":"1991-01-01","DATE_INSTALLATION_R_M":"Plan Atlas et inventaire","ELEVATION_TERRAIN":14.626,"ID_BI":5020645,"ID_POINT":5267049,"JURIDICTION":"LOCALE","JURIDICTION_R_M":"Direction épuration eaux usées","PRECISION_DATE_INSTALL":"DATE INSTALLATION DANS L'ANNEE COURANTE","PRECISION_DATE_INSTALL_R_M":"Plan Atlas et inventaire","PROPRIETAIRE":"VILLE DE MONTREAL","PROPRIETAIRE_R_M":"Cartographie géomatique ville","PROVENANCE_DONNEE":"RELEVE TERRAIN INTERNE","STATUT_ACTIF":"EXISTANT","STATUT_ACTIF_R_M":"Plan profil","LATITUDE":45.502999626075884,"LONGITUDE":-73.55436660830595,"ABANDONNE_R":"NON","ABANDONNE_R_M":"Non applicable"}},"geometry":{"type":"Point","coordinates":[-73.55436660830595,45.502999626075884]}},{"type":"Feature","id":"ville-montreal/hydrant/5020646","properties":{"lab":{"objectClass":"hydrant","label":"HYDRANT","sourceId":"5020646","provider":"Ville de Montréal","providerKey":"ville-montreal","dataset":"Bornes d'incendie","datasetId":"cb4de65e-138b-4936-9d5c-2d9a0bc9b4ce","identityField":"ID_BI","sourceName":"291 place D'Youville","license":"CC-BY 4.0","retrievedAt":"2026-08-19T19:54:33.442Z","sourceUrl":"https://donnees.montreal.ca/dataset/geolocalisation-des-bornes-fontaines","updateDate":"2026-03-18","geometryType":"Point","legalNote":"Annual inventory. Not for engineering use without City validation."},"source":{"ADRESSE":"291 place D'Youville","ADRESSE_R_M":"Cartographie géomatique ville","COORDONNEE_SPATIALE_X":300470.466,"COORDONNEE_SPATIALE_Y":5040187.944,"DATE_ABANDON_R_M":"Non applicable","DATE_INSTALLATION":"1991-01-01","DATE_INSTALLATION_R_M":"Plan Atlas et inventaire","ELEVATION_TERRAIN":14.276,"ID_BI":5020646,"ID_POINT":5267050,"JURIDICTION":"LOCALE","JURIDICTION_R_M":"Direction épuration eaux usées","PRECISION_DATE_INSTALL":"DATE INSTALLATION DANS L'ANNEE COURANTE","PRECISION_DATE_INSTALL_R_M":"Plan Atlas et inventaire","PROPRIETAIRE":"VILLE DE MONTREAL","PROPRIETAIRE_R_M":"Cartographie géomatique ville","PROVENANCE_DONNEE":"RELEVE TERRAIN INTERNE","STATUT_ACTIF":"EXISTANT","STATUT_ACTIF_R_M":"Plan profil","LATITUDE":45.50160815138498,"LONGITUDE":-73.55540307325774,"ABANDONNE_R":"NON","ABANDONNE_R_M":"Non applicable"}},"geometry":{"type":"Point","coordinates":[-73.55540307325774,45.50160815138498]}},{"type":"Feature","id":"ville-montreal/hydrant/5020649","properties":{"lab":{"objectClass":"hydrant","label":"HYDRANT","sourceId":"5020649","provider":"Ville de Montréal","providerKey":"ville-montreal","dataset":"Bornes d'incendie","datasetId":"cb4de65e-138b-4936-9d5c-2d9a0bc9b4ce","identityField":"ID_BI","sourceName":"647-651 rue Notre-Dame Ouest","license":"CC-BY 4.0","retrievedAt":"2026-08-19T19:54:33.442Z","sourceUrl":"https://donnees.montreal.ca/dataset/geolocalisation-des-bornes-fontaines","updateDate":"2026-03-18","geometryType":"Point","legalNote":"Annual inventory. Not for engineering use without City validation."},"source":{"ADRESSE":"647-651 rue Notre-Dame Ouest","ADRESSE_R_M":"Cartographie géomatique ville","COORDONNEE_SPATIALE_X":300098.371,"COORDONNEE_SPATIALE_Y":5040041.076,"DATE_ABANDON_R_M":"Non applicable","DATE_INSTALLATION":"2010-07-01","DATE_INSTALLATION_R_M":"Plan balayé","ELEVATION_TERRAIN":18.615,"ID_BI":5020649,"ID_POINT":5267053,"JURIDICTION":"LOCALE","JURIDICTION_R_M":"Direction épuration eaux usées","PRECISION_DATE_INSTALL":"DATE INSTALLATION DANS L'ANNEE COURANTE","PRECISION_DATE_INSTALL_R_M":"Plan balayé","PROPRIETAIRE":"VILLE DE MONTREAL","PROPRIETAIRE_R_M":"Cartographie géomatique ville","PROVENANCE_DONNEE":"RELEVE TERRAIN INTERNE","STATUT_ACTIF":"EXISTANT","STATUT_ACTIF_R_M":"Plan balayé","LATITUDE":45.500284123305164,"LONGITUDE":-73.56016305335383,"ABANDONNE_R":"NON","ABANDONNE_R_M":"Non applicable"}},"geometry":{"type":"Point","coordinates":[-73.56016305335383,45.500284123305164]}},{"type":"Feature","id":"ville-montreal/hydrant/5020650","properties":{"lab":{"objectClass":"hydrant","label":"HYDRANT","sourceId":"5020650","provider":"Ville de Montréal","providerKey":"ville-montreal","dataset":"Bornes d'incendie","datasetId":"cb4de65e-138b-4936-9d5c-2d9a0bc9b4ce","identityField":"ID_BI","sourceName":"470 rue Saint-Alexis","license":"CC-BY 4.0","retrievedAt":"2026-08-19T19:54:33.442Z","sourceUrl":"https://donnees.montreal.ca/dataset/geolocalisation-des-bornes-fontaines","updateDate":"2026-03-18","geometryType":"Point","legalNote":"Annual inventory. Not for engineering use without City validation."},"source":{"ADRESSE":"470 rue Saint-Alexis","ADRESSE_R_M":"Cartographie géomatique ville","COORDONNEE_SPATIALE_X":300277.776,"COORDONNEE_SPATIALE_Y":5040295.262,"DATE_ABANDON_R_M":"Non applicable","DATE_INSTALLATION":"2002-01-01","DATE_INSTALLATION_R_M":"Plan Atlas et inventaire","ELEVATION_TERRAIN":19.412,"ID_BI":5020650,"ID_POINT":5267054,"JURIDICTION":"LOCALE","JURIDICTION_R_M":"Direction épuration eaux usées","PRECISION_DATE_INSTALL":"DATE INSTALLATION DANS L'ANNEE COURANTE","PRECISION_DATE_INSTALL_R_M":"Plan Atlas et inventaire","PROPRIETAIRE":"VILLE DE MONTREAL","PROPRIETAIRE_R_M":"Cartographie géomatique ville","PROVENANCE_DONNEE":"RELEVE TERRAIN INTERNE","STATUT_ACTIF":"EXISTANT","STATUT_ACTIF_R_M":"Plan profil","LATITUDE":45.502572615042084,"LONGITUDE":-73.55786968469887,"ABANDONNE_R":"NON","ABANDONNE_R_M":"Non applicable"}},"geometry":{"type":"Point","coordinates":[-73.55786968469887,45.502572615042084]}},{"type":"Feature","id":"ville-montreal/hydrant/5020652","properties":{"lab":{"objectClass":"hydrant","label":"HYDRANT","sourceId":"5020652","provider":"Ville de Montréal","providerKey":"ville-montreal","dataset":"Bornes d'incendie","datasetId":"cb4de65e-138b-4936-9d5c-2d9a0bc9b4ce","identityField":"ID_BI","sourceName":"614-634 rue Saint-Jacques","license":"CC-BY 4.0","retrievedAt":"2026-08-19T19:54:33.442Z","sourceUrl":"https://donnees.montreal.ca/dataset/geolocalisation-des-bornes-fontaines","updateDate":"2026-03-18","geometryType":"Point","legalNote":"Annual inventory. Not for engineering use without City validation."},"source":{"ADRESSE":"614-634 rue Saint-Jacques","ADRESSE_R_M":"Cartographie géomatique ville","COORDONNEE_SPATIALE_X":300032.987,"COORDONNEE_SPATIALE_Y":5040073.383,"DATE_ABANDON_R_M":"Non applicable","DATE_INSTALLATION":"2002-01-01","DATE_INSTALLATION_R_M":"Plan Atlas et inventaire","ELEVATION_TERRAIN":16.469,"ID_BI":5020652,"ID_POINT":5267056,"JURIDICTION":"LOCALE","JURIDICTION_R_M":"Direction épuration eaux usées","PRECISION_DATE_INSTALL":"DATE INSTALLATION DANS L'ANNEE COURANTE","PRECISION_DATE_INSTALL_R_M":"Plan Atlas et inventaire","PROPRIETAIRE":"VILLE DE MONTREAL","PROPRIETAIRE_R_M":"Cartographie géomatique ville","PROVENANCE_DONNEE":"RELEVE TERRAIN INTERNE","STATUT_ACTIF":"EXISTANT","STATUT_ACTIF_R_M":"Plan profil","LATITUDE":45.50057436891168,"LONGITUDE":-73.56100000766213,"ABANDONNE_R":"NON","ABANDONNE_R_M":"Non applicable"}},"geometry":{"type":"Point","coordinates":[-73.56100000766213,45.50057436891168]}},{"type":"Feature","id":"ville-montreal/hydrant/5020653","properties":{"lab":{"objectClass":"hydrant","label":"HYDRANT","sourceId":"5020653","provider":"Ville de Montréal","providerKey":"ville-montreal","dataset":"Bornes d'incendie","datasetId":"cb4de65e-138b-4936-9d5c-2d9a0bc9b4ce","identityField":"ID_BI","sourceName":"610-612 rue Saint-Jacques","license":"CC-BY 4.0","retrievedAt":"2026-08-19T19:54:33.442Z","sourceUrl":"https://donnees.montreal.ca/dataset/geolocalisation-des-bornes-fontaines","updateDate":"2026-03-18","geometryType":"Point","legalNote":"Annual inventory. Not for engineering use without City validation."},"source":{"ADRESSE":"610-612 rue Saint-Jacques","ADRESSE_R_M":"Cartographie géomatique ville","COORDONNEE_SPATIALE_X":300056.624,"COORDONNEE_SPATIALE_Y":5040131.366,"DATE_ABANDON_R_M":"Non applicable","DATE_INSTALLATION":"2002-01-01","DATE_INSTALLATION_R_M":"Plan Atlas et inventaire","ELEVATION_TERRAIN":17.026,"ID_BI":5020653,"ID_POINT":5267057,"JURIDICTION":"LOCALE","JURIDICTION_R_M":"Direction production eau potable","PRECISION_DATE_INSTALL":"DATE INSTALLATION DANS L'ANNEE COURANTE","PRECISION_DATE_INSTALL_R_M":"Plan Atlas et inventaire","PROPRIETAIRE":"VILLE DE MONTREAL","PROPRIETAIRE_R_M":"Cartographie géomatique ville","PROVENANCE_DONNEE":"RELEVE TERRAIN INTERNE","STATUT_ACTIF":"EXISTANT","STATUT_ACTIF_R_M":"Plan profil","LATITUDE":45.50109630008007,"LONGITUDE":-73.56069808250083,"ABANDONNE_R":"NON","ABANDONNE_R_M":"Non applicable"}},"geometry":{"type":"Point","coordinates":[-73.56069808250083,45.50109630008007]}},{"type":"Feature","id":"ville-montreal/hydrant/5019410","properties":{"lab":{"objectClass":"hydrant","label":"HYDRANT","sourceId":"5019410","provider":"Ville de Montréal","providerKey":"ville-montreal","dataset":"Bornes d'incendie","datasetId":"cb4de65e-138b-4936-9d5c-2d9a0bc9b4ce","identityField":"ID_BI","sourceName":"2063 rue Stanley","license":"CC-BY 4.0","retrievedAt":"2026-08-19T19:54:33.442Z","sourceUrl":"https://donnees.montreal.ca/dataset/geolocalisation-des-bornes-fontaines","updateDate":"2026-03-18","geometryType":"Point","legalNote":"Annual inventory. Not for engineering use without City validation."},"source":{"ADRESSE":"2063 rue Stanley","ADRESSE_R_M":"Cartographie géomatique ville","COORDONNEE_SPATIALE_X":298822.468,"COORDONNEE_SPATIALE_Y":5040085.786,"DATE_ABANDON_R_M":"Non applicable","DATE_INSTALLATION":"1891-01-01","DATE_INSTALLATION_R_M":"Hypothèse ingénierie","ELEVATION_TERRAIN":45.98,"ID_BI":5019410,"ID_POINT":5243510,"JURIDICTION":"LOCALE","JURIDICTION_R_M":"Direction épuration eaux usées","PRECISION_DATE_INSTALL":"DATE INSTALLATION DANS L'ANNEE COURANTE","PRECISION_DATE_INSTALL_R_M":"Hypothèse ingénierie","PROPRIETAIRE":"VILLE DE MONTREAL","PROPRIETAIRE_R_M":"Cartographie géomatique ville","PROVENANCE_DONNEE":"RELEVE TERRAIN INTERNE","STATUT_ACTIF":"EXISTANT","STATUT_ACTIF_R_M":"Plan profil","LATITUDE":45.50067681948579,"LONGITUDE":-73.57648992282316,"ABANDONNE_R":"NON","ABANDONNE_R_M":"Non applicable"}},"geometry":{"type":"Point","coordinates":[-73.57648992282316,45.50067681948579]}},{"type":"Feature","id":"ville-montreal/hydrant/10008266","properties":{"lab":{"objectClass":"hydrant","label":"HYDRANT","sourceId":"10008266","provider":"Ville de Montréal","providerKey":"ville-montreal","dataset":"Bornes d'incendie","datasetId":"cb4de65e-138b-4936-9d5c-2d9a0bc9b4ce","identityField":"ID_BI","sourceName":"915-919 rue Clark","license":"CC-BY 4.0","retrievedAt":"2026-08-19T19:54:33.442Z","sourceUrl":"https://donnees.montreal.ca/dataset/geolocalisation-des-bornes-fontaines","updateDate":"2026-03-18","geometryType":"Point","legalNote":"Annual inventory. Not for engineering use without City validation."},"source":{"ADRESSE":"915-919 rue Clark","ADRESSE_R_M":"Cartographie géomatique ville","COORDONNEE_SPATIALE_X":300250.704,"COORDONNEE_SPATIALE_Y":5040753.908,"DATE_ABANDON_R_M":"Non applicable","DATE_INSTALLATION":"2014-01-01","DATE_INSTALLATION_R_M":"À valider","ELEVATION_TERRAIN":16.668,"ID_BI":10008266,"ID_POINT":12237460,"JURIDICTION":"LOCALE","JURIDICTION_R_M":"Direction production eau potable","PRECISION_DATE_INSTALL":"DATE INSTALLATION DANS L'ANNEE COURANTE","PRECISION_DATE_INSTALL_R_M":"À valider","PROPRIETAIRE":"VILLE DE MONTREAL","PROPRIETAIRE_R_M":"Cartographie géomatique ville","PROVENANCE_DONNEE":"RELEVE TERRAIN INTERNE","STATUT_ACTIF":"EXISTANT","STATUT_ACTIF_R_M":"Visite terrain","LATITUDE":45.5066995167323,"LONGITUDE":-73.55822022018988,"ABANDONNE_R":"NON","ABANDONNE_R_M":"Non applicable"}},"geometry":{"type":"Point","coordinates":[-73.55822022018988,45.5066995167323]}},{"type":"Feature","id":"ville-montreal/hydrant/10008240","properties":{"lab":{"objectClass":"hydrant","label":"HYDRANT","sourceId":"10008240","provider":"Ville de Montréal","providerKey":"ville-montreal","dataset":"Bornes d'incendie","datasetId":"cb4de65e-138b-4936-9d5c-2d9a0bc9b4ce","identityField":"ID_BI","sourceName":"740 rue Saint-Maurice","license":"CC-BY 4.0","retrievedAt":"2026-08-19T19:54:33.442Z","sourceUrl":"https://donnees.montreal.ca/dataset/geolocalisation-des-bornes-fontaines","updateDate":"2026-03-18","geometryType":"Point","legalNote":"Annual inventory. Not for engineering use without City validation."},"source":{"ADRESSE":"740 rue Saint-Maurice","ADRESSE_R_M":"Cartographie géomatique ville","COORDONNEE_SPATIALE_X":300118.365528645,"COORDONNEE_SPATIALE_Y":5039906.65729448,"DATE_ABANDON_R_M":"Non applicable","DATE_INSTALLATION":"2018-04-15","DATE_INSTALLATION_R_M":"Échange écrit/verbal arrondissement","ELEVATION_TERRAIN":17.267,"ID_BI":10008240,"ID_POINT":12237244,"JURIDICTION":"LOCALE","JURIDICTION_R_M":"Direction épuration eaux usées","PRECISION_DATE_INSTALL":"DATE INSTALLATION PRECISE","PRECISION_DATE_INSTALL_R_M":"Échange écrit/verbal arrondissement","PROPRIETAIRE":"VILLE DE MONTREAL","PROPRIETAIRE_R_M":"Cartographie géomatique ville","PROVENANCE_DONNEE":"RELEVE TERRAIN INTERNE","STATUT_ACTIF":"EXISTANT","STATUT_ACTIF_R_M":"Plan profil","LATITUDE":45.4990747264151,"LONGITUDE":-73.55990592862818,"ABANDONNE_R":"NON","ABANDONNE_R_M":"Non applicable"}},"geometry":{"type":"Point","coordinates":[-73.55990592862818,45.4990747264151]}},{"type":"Feature","id":"ville-montreal/hydrant/10008493","properties":{"lab":{"objectClass":"hydrant","label":"HYDRANT","sourceId":"10008493","provider":"Ville de Montréal","providerKey":"ville-montreal","dataset":"Bornes d'incendie","datasetId":"cb4de65e-138b-4936-9d5c-2d9a0bc9b4ce","identityField":"ID_BI","sourceName":"1391-1397 rue Sainte-Catherine Ouest","license":"CC-BY 4.0","retrievedAt":"2026-08-19T19:54:33.442Z","sourceUrl":"https://donnees.montreal.ca/dataset/geolocalisation-des-bornes-fontaines","updateDate":"2026-03-18","geometryType":"Point","legalNote":"Annual inventory. Not for engineering use without City validation."},"source":{"ADRESSE":"1391-1397 rue Sainte-Catherine Ouest","ADRESSE_R_M":"Cartographie géomatique ville","COORDONNEE_SPATIALE_X":298834.902,"COORDONNEE_SPATIALE_Y":5039643.516,"DATE_ABANDON_R_M":"Non applicable","DATE_INSTALLATION":"2013-01-01","DATE_INSTALLATION_R_M":"Visite terrain","ELEVATION_TERRAIN":43.825,"ID_BI":10008493,"ID_POINT":12240123,"JURIDICTION":"LOCALE","JURIDICTION_R_M":"Direction production eau potable","PRECISION_DATE_INSTALL":"DATE INSTALLATION DANS L'ANNEE COURANTE","PRECISION_DATE_INSTALL_R_M":"Visite terrain","PROPRIETAIRE":"VILLE DE MONTREAL","PROPRIETAIRE_R_M":"Cartographie géomatique ville","PROVENANCE_DONNEE":"RELEVE TERRAIN INTERNE","STATUT_ACTIF":"EXISTANT","STATUT_ACTIF_R_M":"Visite terrain","LATITUDE":45.496697203452946,"LONGITUDE":-73.57632540415614,"ABANDONNE_R":"NON","ABANDONNE_R_M":"Non applicable"}},"geometry":{"type":"Point","coordinates":[-73.57632540415614,45.496697203452946]}},{"type":"Feature","id":"ville-montreal/hydrant/10008506","properties":{"lab":{"objectClass":"hydrant","label":"HYDRANT","sourceId":"10008506","provider":"Ville de Montréal","providerKey":"ville-montreal","dataset":"Bornes d'incendie","datasetId":"cb4de65e-138b-4936-9d5c-2d9a0bc9b4ce","identityField":"ID_BI","sourceName":"462 place Jacques-Cartier","license":"CC-BY 4.0","retrievedAt":"2026-08-19T19:54:33.442Z","sourceUrl":"https://donnees.montreal.ca/dataset/geolocalisation-des-bornes-fontaines","updateDate":"2026-03-18","geometryType":"Point","legalNote":"Annual inventory. Not for engineering use without City validation."},"source":{"ADRESSE":"462 place Jacques-Cartier","ADRESSE_R_M":"Cartographie géomatique ville","COORDONNEE_SPATIALE_X":300576.59,"COORDONNEE_SPATIALE_Y":5040943.059,"DATE_ABANDON_R_M":"Non applicable","DATE_INSTALLATION":"2016-07-11","DATE_INSTALLATION_R_M":"Plan profil","ELEVATION_TERRAIN":26.85,"ID_BI":10008506,"ID_POINT":12240303,"JURIDICTION":"LOCALE","JURIDICTION_R_M":"Direction production eau potable","PRECISION_DATE_INSTALL":"DATE INSTALLATION DANS L'ANNEE COURANTE","PRECISION_DATE_INSTALL_R_M":"Plan profil","PROPRIETAIRE":"VILLE DE MONTREAL","PROPRIETAIRE_R_M":"Cartographie géomatique ville","PROVENANCE_DONNEE":"RELEVE TERRAIN INTERNE","STATUT_ACTIF":"EXISTANT","STATUT_ACTIF_R_M":"Visite terrain","LATITUDE":45.508403625302385,"LONGITUDE":-73.55405133803644,"ABANDONNE_R":"NON","ABANDONNE_R_M":"Non applicable"}},"geometry":{"type":"Point","coordinates":[-73.55405133803644,45.508403625302385]}},{"type":"Feature","id":"ville-montreal/hydrant/5029386","properties":{"lab":{"objectClass":"hydrant","label":"HYDRANT","sourceId":"5029386","provider":"Ville de Montréal","providerKey":"ville-montreal","dataset":"Bornes d'incendie","datasetId":"cb4de65e-138b-4936-9d5c-2d9a0bc9b4ce","identityField":"ID_BI","sourceName":"555 boulevard René-Lévesque Ouest","license":"CC-BY 4.0","retrievedAt":"2026-08-19T19:54:33.442Z","sourceUrl":"https://donnees.montreal.ca/dataset/geolocalisation-des-bornes-fontaines","updateDate":"2026-03-18","geometryType":"Point","legalNote":"Annual inventory. Not for engineering use without City validation."},"source":{"ADRESSE":"555 boulevard René-Lévesque Ouest","ADRESSE_R_M":"Cartographie géomatique ville","COORDONNEE_SPATIALE_X":299605.988,"COORDONNEE_SPATIALE_Y":5040383.244,"DATE_ABANDON_R_M":"Non applicable","DATE_INSTALLATION":"1954-01-01","DATE_INSTALLATION_R_M":"Plan Atlas et inventaire","ELEVATION_TERRAIN":35.087,"ID_BI":5029386,"ID_POINT":5339334,"JURIDICTION":"LOCALE","JURIDICTION_R_M":"Direction épuration eaux usées","PRECISION_DATE_INSTALL":"DATE INSTALLATION DANS L'ANNEE COURANTE","PRECISION_DATE_INSTALL_R_M":"Plan Atlas et inventaire","PROPRIETAIRE":"VILLE DE MONTREAL","PROPRIETAIRE_R_M":"Cartographie géomatique ville","PROVENANCE_DONNEE":"RELEVE TERRAIN INTERNE","STATUT_ACTIF":"EXISTANT","STATUT_ACTIF_R_M":"Plan Atlas et inventaire","LATITUDE":45.503359674508495,"LONGITUDE":-73.5664669791085,"ABANDONNE_R":"NON","ABANDONNE_R_M":"Non applicable"}},"geometry":{"type":"Point","coordinates":[-73.5664669791085,45.503359674508495]}},{"type":"Feature","id":"ville-montreal/hydrant/10005561","properties":{"lab":{"objectClass":"hydrant","label":"HYDRANT","sourceId":"10005561","provider":"Ville de Montréal","providerKey":"ville-montreal","dataset":"Bornes d'incendie","datasetId":"cb4de65e-138b-4936-9d5c-2d9a0bc9b4ce","identityField":"ID_BI","sourceName":"3406 rue McTavish","license":"CC-BY 4.0","retrievedAt":"2026-08-19T19:54:33.442Z","sourceUrl":"https://donnees.montreal.ca/dataset/geolocalisation-des-bornes-fontaines","updateDate":"2026-03-18","geometryType":"Point","legalNote":"Annual inventory. Not for engineering use without City validation."},"source":{"ADRESSE":"3406 rue McTavish","ADRESSE_R_M":"Cartographie géomatique ville","COORDONNEE_SPATIALE_X":298858.765,"COORDONNEE_SPATIALE_Y":5040316.976,"DATE_ABANDON_R_M":"Non applicable","DATE_INSTALLATION":"2014-07-01","DATE_INSTALLATION_R_M":"Plan profil","ELEVATION_TERRAIN":45.332,"ID_BI":10005561,"ID_POINT":12110647,"JURIDICTION":"LOCALE","JURIDICTION_R_M":"Direction épuration eaux usées","PRECISION_DATE_INSTALL":"DATE INSTALLATION DANS L'ANNEE COURANTE","PRECISION_DATE_INSTALL_R_M":"Plan profil","PROPRIETAIRE":"VILLE DE MONTREAL","PROPRIETAIRE_R_M":"Cartographie géomatique ville","PROVENANCE_DONNEE":"RELEVE TERRAIN INTERNE","STATUT_ACTIF":"EXISTANT","STATUT_ACTIF_R_M":"Plan profil","LATITUDE":45.502757482135564,"LONGITUDE":-73.57602832220718,"ABANDONNE_R":"NON","ABANDONNE_R_M":"Non applicable"}},"geometry":{"type":"Point","coordinates":[-73.57602832220718,45.502757482135564]}},{"type":"Feature","id":"ville-montreal/hydrant/10005637","properties":{"lab":{"objectClass":"hydrant","label":"HYDRANT","sourceId":"10005637","provider":"Ville de Montréal","providerKey":"ville-montreal","dataset":"Bornes d'incendie","datasetId":"cb4de65e-138b-4936-9d5c-2d9a0bc9b4ce","identityField":"ID_BI","sourceName":"2045 avenue Union","license":"CC-BY 4.0","retrievedAt":"2026-08-19T19:54:33.442Z","sourceUrl":"https://donnees.montreal.ca/dataset/geolocalisation-des-bornes-fontaines","updateDate":"2026-03-18","geometryType":"Point","legalNote":"Annual inventory. Not for engineering use without City validation."},"source":{"ADRESSE":"2045 avenue Union","ADRESSE_R_M":"Cartographie géomatique ville","COORDONNEE_SPATIALE_X":299196.913,"COORDONNEE_SPATIALE_Y":5040553.408,"DATE_ABANDON_R_M":"Non applicable","DATE_INSTALLATION":"2015-10-14","DATE_INSTALLATION_R_M":"Échange écrit/verbal arrondissement","ELEVATION_TERRAIN":38.618,"ID_BI":10005637,"ID_POINT":12111710,"JURIDICTION":"LOCALE","JURIDICTION_R_M":"Direction production eau potable","PRECISION_DATE_INSTALL":"DATE INSTALLATION DANS L'ANNEE COURANTE","PRECISION_DATE_INSTALL_R_M":"Échange écrit/verbal arrondissement","PROPRIETAIRE":"VILLE DE MONTREAL","PROPRIETAIRE_R_M":"Cartographie géomatique ville","PROVENANCE_DONNEE":"RELEVE TERRAIN INTERNE","STATUT_ACTIF":"EXISTANT","STATUT_ACTIF_R_M":"Visite terrain","LATITUDE":45.50488776574939,"LONGITUDE":-73.57170388017302,"ABANDONNE_R":"NON","ABANDONNE_R_M":"Non applicable"}},"geometry":{"type":"Point","coordinates":[-73.57170388017302,45.50488776574939]}},{"type":"Feature","id":"ville-montreal/hydrant/10005194","properties":{"lab":{"objectClass":"hydrant","label":"HYDRANT","sourceId":"10005194","provider":"Ville de Montréal","providerKey":"ville-montreal","dataset":"Bornes d'incendie","datasetId":"cb4de65e-138b-4936-9d5c-2d9a0bc9b4ce","identityField":"ID_BI","sourceName":"84-88 rue Notre-Dame Ouest","license":"CC-BY 4.0","retrievedAt":"2026-08-19T19:54:33.442Z","sourceUrl":"https://donnees.montreal.ca/dataset/geolocalisation-des-bornes-fontaines","updateDate":"2026-03-18","geometryType":"Point","legalNote":"Annual inventory. Not for engineering use without City validation."},"source":{"ADRESSE":"84-88 rue Notre-Dame Ouest","ADRESSE_R_M":"Cartographie géomatique ville","COORDONNEE_SPATIALE_X":300385.516,"COORDONNEE_SPATIALE_Y":5040570.466,"DATE_ABANDON_R_M":"Non applicable","DATE_INSTALLATION":"2015-06-19","DATE_INSTALLATION_R_M":"Échange écrit/verbal arrondissement","ELEVATION_TERRAIN":23.616,"ID_BI":10005194,"ID_POINT":12106373,"JURIDICTION":"LOCALE","JURIDICTION_R_M":"Direction production eau potable","PRECISION_DATE_INSTALL":"DATE INSTALLATION DANS L'ANNEE COURANTE","PRECISION_DATE_INSTALL_R_M":"Échange écrit/verbal arrondissement","PROPRIETAIRE":"VILLE DE MONTREAL","PROPRIETAIRE_R_M":"Cartographie géomatique ville","PROVENANCE_DONNEE":"RELEVE TERRAIN INTERNE","STATUT_ACTIF":"EXISTANT","STATUT_ACTIF_R_M":"Visite terrain","LATITUDE":45.50504965519738,"LONGITUDE":-73.55649350140743,"ABANDONNE_R":"NON","ABANDONNE_R_M":"Non applicable"}},"geometry":{"type":"Point","coordinates":[-73.55649350140743,45.50504965519738]}},{"type":"Feature","id":"ville-montreal/hydrant/10005027","properties":{"lab":{"objectClass":"hydrant","label":"HYDRANT","sourceId":"10005027","provider":"Ville de Montréal","providerKey":"ville-montreal","dataset":"Bornes d'incendie","datasetId":"cb4de65e-138b-4936-9d5c-2d9a0bc9b4ce","identityField":"ID_BI","sourceName":"1232 rue Clark","license":"CC-BY 4.0","retrievedAt":"2026-08-19T19:54:33.442Z","sourceUrl":"https://donnees.montreal.ca/dataset/geolocalisation-des-bornes-fontaines","updateDate":"2026-03-18","geometryType":"Point","legalNote":"Annual inventory. Not for engineering use without City validation."},"source":{"ADRESSE":"1232 rue Clark","ADRESSE_R_M":"Cartographie géomatique ville","COORDONNEE_SPATIALE_X":299881.858,"COORDONNEE_SPATIALE_Y":5040995.321,"DATE_ABANDON_R_M":"Non applicable","DATE_INSTALLATION":"2014-04-30","DATE_INSTALLATION_R_M":"Plan balayé","ELEVATION_TERRAIN":24.561,"ID_BI":10005027,"ID_POINT":12104069,"JURIDICTION":"LOCALE","JURIDICTION_R_M":"Direction production eau potable","PRECISION_DATE_INSTALL":"DATE INSTALLATION DANS L'ANNEE COURANTE","PRECISION_DATE_INSTALL_R_M":"Plan balayé","PROPRIETAIRE":"VILLE DE MONTREAL","PROPRIETAIRE_R_M":"Cartographie géomatique ville","PROVENANCE_DONNEE":"RELEVE TERRAIN INTERNE","STATUT_ACTIF":"EXISTANT","STATUT_ACTIF_R_M":"Visite terrain","LATITUDE":45.50886933379412,"LONGITUDE":-73.56294297582504,"ABANDONNE_R":"NON","ABANDONNE_R_M":"Non applicable"}},"geometry":{"type":"Point","coordinates":[-73.56294297582504,45.50886933379412]}},{"type":"Feature","id":"ville-montreal/hydrant/10005028","properties":{"lab":{"objectClass":"hydrant","label":"HYDRANT","sourceId":"10005028","provider":"Ville de Montréal","providerKey":"ville-montreal","dataset":"Bornes d'incendie","datasetId":"cb4de65e-138b-4936-9d5c-2d9a0bc9b4ce","identityField":"ID_BI","sourceName":"50 rue Sainte-Catherine Ouest","license":"CC-BY 4.0","retrievedAt":"2026-08-19T19:54:33.442Z","sourceUrl":"https://donnees.montreal.ca/dataset/geolocalisation-des-bornes-fontaines","updateDate":"2026-03-18","geometryType":"Point","legalNote":"Annual inventory. Not for engineering use without City validation."},"source":{"ADRESSE":"50 rue Sainte-Catherine Ouest","ADRESSE_R_M":"Cartographie géomatique ville","COORDONNEE_SPATIALE_X":299801.739,"COORDONNEE_SPATIALE_Y":5041047.19,"DATE_ABANDON_R_M":"Non applicable","DATE_INSTALLATION":"2014-04-30","DATE_INSTALLATION_R_M":"Plan balayé","ELEVATION_TERRAIN":24.189,"ID_BI":10005028,"ID_POINT":12104071,"JURIDICTION":"LOCALE","JURIDICTION_R_M":"Direction production eau potable","PRECISION_DATE_INSTALL":"DATE INSTALLATION DANS L'ANNEE COURANTE","PRECISION_DATE_INSTALL_R_M":"Plan balayé","PROPRIETAIRE":"VILLE DE MONTREAL","PROPRIETAIRE_R_M":"Cartographie géomatique ville","PROVENANCE_DONNEE":"RELEVE TERRAIN INTERNE","STATUT_ACTIF":"EXISTANT","STATUT_ACTIF_R_M":"Visite terrain","LATITUDE":45.50933548904982,"LONGITUDE":-73.56396888308494,"ABANDONNE_R":"NON","ABANDONNE_R_M":"Non applicable"}},"geometry":{"type":"Point","coordinates":[-73.56396888308494,45.50933548904982]}},{"type":"Feature","id":"ville-montreal/hydrant/10005030","properties":{"lab":{"objectClass":"hydrant","label":"HYDRANT","sourceId":"10005030","provider":"Ville de Montréal","providerKey":"ville-montreal","dataset":"Bornes d'incendie","datasetId":"cb4de65e-138b-4936-9d5c-2d9a0bc9b4ce","identityField":"ID_BI","sourceName":"1085 rue de la Cathédrale","license":"CC-BY 4.0","retrievedAt":"2026-08-19T19:54:33.442Z","sourceUrl":"https://donnees.montreal.ca/dataset/geolocalisation-des-bornes-fontaines","updateDate":"2026-03-18","geometryType":"Point","legalNote":"Annual inventory. Not for engineering use without City validation."},"source":{"ADRESSE":"1085 rue de la Cathédrale","ADRESSE_R_M":"Cartographie géomatique ville","COORDONNEE_SPATIALE_X":299385.836,"COORDONNEE_SPATIALE_Y":5039922.518,"DATE_ABANDON_R_M":"Non applicable","DATE_INSTALLATION":"2013-01-01","DATE_INSTALLATION_R_M":"Visite terrain","ELEVATION_TERRAIN":36.911,"ID_BI":10005030,"ID_POINT":12104100,"JURIDICTION":"LOCALE","JURIDICTION_R_M":"Direction production eau potable","PRECISION_DATE_INSTALL":"DATE INSTALLATION DANS L'ANNEE COURANTE","PRECISION_DATE_INSTALL_R_M":"Visite terrain","PROPRIETAIRE":"VILLE DE MONTREAL","PROPRIETAIRE_R_M":"Cartographie géomatique ville","PROVENANCE_DONNEE":"RELEVE TERRAIN INTERNE","STATUT_ACTIF":"EXISTANT","STATUT_ACTIF_R_M":"Visite terrain","LATITUDE":45.49921223789783,"LONGITUDE":-73.5692791872056,"ABANDONNE_R":"NON","ABANDONNE_R_M":"Non applicable"}},"geometry":{"type":"Point","coordinates":[-73.5692791872056,45.49921223789783]}},{"type":"Feature","id":"ville-montreal/hydrant/10005031","properties":{"lab":{"objectClass":"hydrant","label":"HYDRANT","sourceId":"10005031","provider":"Ville de Montréal","providerKey":"ville-montreal","dataset":"Bornes d'incendie","datasetId":"cb4de65e-138b-4936-9d5c-2d9a0bc9b4ce","identityField":"ID_BI","sourceName":"1071 rue de la Cathédrale","license":"CC-BY 4.0","retrievedAt":"2026-08-19T19:54:33.442Z","sourceUrl":"https://donnees.montreal.ca/dataset/geolocalisation-des-bornes-fontaines","updateDate":"2026-03-18","geometryType":"Point","legalNote":"Annual inventory. Not for engineering use without City validation."},"source":{"ADRESSE":"1071 rue de la Cathédrale","ADRESSE_R_M":"Cartographie géomatique ville","COORDONNEE_SPATIALE_X":299450.379,"COORDONNEE_SPATIALE_Y":5039877.83,"DATE_ABANDON_R_M":"Non applicable","DATE_INSTALLATION":"2013-01-01","DATE_INSTALLATION_R_M":"Visite terrain","ELEVATION_TERRAIN":35.999,"ID_BI":10005031,"ID_POINT":12104102,"JURIDICTION":"LOCALE","JURIDICTION_R_M":"Direction production eau potable","PRECISION_DATE_INSTALL":"DATE INSTALLATION DANS L'ANNEE COURANTE","PRECISION_DATE_INSTALL_R_M":"Visite terrain","PROPRIETAIRE":"VILLE DE MONTREAL","PROPRIETAIRE_R_M":"Cartographie géomatique ville","PROVENANCE_DONNEE":"RELEVE TERRAIN INTERNE","STATUT_ACTIF":"EXISTANT","STATUT_ACTIF_R_M":"Visite terrain","LATITUDE":45.49881061235216,"LONGITUDE":-73.56845282342339,"ABANDONNE_R":"NON","ABANDONNE_R_M":"Non applicable"}},"geometry":{"type":"Point","coordinates":[-73.56845282342339,45.49881061235216]}},{"type":"Feature","id":"ville-montreal/hydrant/10005032","properties":{"lab":{"objectClass":"hydrant","label":"HYDRANT","sourceId":"10005032","provider":"Ville de Montréal","providerKey":"ville-montreal","dataset":"Bornes d'incendie","datasetId":"cb4de65e-138b-4936-9d5c-2d9a0bc9b4ce","identityField":"ID_BI","sourceName":"987 rue De La Gauchetière Ouest","license":"CC-BY 4.0","retrievedAt":"2026-08-19T19:54:33.442Z","sourceUrl":"https://donnees.montreal.ca/dataset/geolocalisation-des-bornes-fontaines","updateDate":"2026-03-18","geometryType":"Point","legalNote":"Annual inventory. Not for engineering use without City validation."},"source":{"ADRESSE":"987 rue De La Gauchetière Ouest","ADRESSE_R_M":"Cartographie géomatique ville","COORDONNEE_SPATIALE_X":299522.843,"COORDONNEE_SPATIALE_Y":5039824.678,"DATE_ABANDON_R_M":"Non applicable","DATE_INSTALLATION":"2013-01-01","DATE_INSTALLATION_R_M":"Visite terrain","ELEVATION_TERRAIN":29.983,"ID_BI":10005032,"ID_POINT":12104104,"JURIDICTION":"LOCALE","JURIDICTION_R_M":"Direction épuration eaux usées","PRECISION_DATE_INSTALL":"DATE INSTALLATION DANS L'ANNEE COURANTE","PRECISION_DATE_INSTALL_R_M":"Visite terrain","PROPRIETAIRE":"VILLE DE MONTREAL","PROPRIETAIRE_R_M":"Cartographie géomatique ville","PROVENANCE_DONNEE":"RELEVE TERRAIN INTERNE","STATUT_ACTIF":"EXISTANT","STATUT_ACTIF_R_M":"Visite terrain","LATITUDE":45.49833287739914,"LONGITUDE":-73.56752502967538,"ABANDONNE_R":"NON","ABANDONNE_R_M":"Non applicable"}},"geometry":{"type":"Point","coordinates":[-73.56752502967538,45.49833287739914]}},{"type":"Feature","id":"ville-montreal/hydrant/10005021","properties":{"lab":{"objectClass":"hydrant","label":"HYDRANT","sourceId":"10005021","provider":"Ville de Montréal","providerKey":"ville-montreal","dataset":"Bornes d'incendie","datasetId":"cb4de65e-138b-4936-9d5c-2d9a0bc9b4ce","identityField":"ID_BI","sourceName":"1101 rue Saint-Alexandre","license":"CC-BY 4.0","retrievedAt":"2026-08-19T19:54:33.442Z","sourceUrl":"https://donnees.montreal.ca/dataset/geolocalisation-des-bornes-fontaines","updateDate":"2026-03-18","geometryType":"Point","legalNote":"Annual inventory. Not for engineering use without City validation."},"source":{"ADRESSE":"1101 rue Saint-Alexandre","ADRESSE_R_M":"Cartographie géomatique ville","COORDONNEE_SPATIALE_X":299726.021,"COORDONNEE_SPATIALE_Y":5040449.27,"DATE_ABANDON_R_M":"Non applicable","DATE_INSTALLATION":"2014-01-07","DATE_INSTALLATION_R_M":"Plan balayé","ELEVATION_TERRAIN":30.629,"ID_BI":10005021,"ID_POINT":12103974,"JURIDICTION":"LOCALE","JURIDICTION_R_M":"Direction épuration eaux usées","PRECISION_DATE_INSTALL":"DATE INSTALLATION DANS L'ANNEE COURANTE","PRECISION_DATE_INSTALL_R_M":"Plan balayé","PROPRIETAIRE":"VILLE DE MONTREAL","PROPRIETAIRE_R_M":"Cartographie géomatique ville","PROVENANCE_DONNEE":"RELEVE TERRAIN INTERNE","STATUT_ACTIF":"EXISTANT","STATUT_ACTIF_R_M":"Plan profil","LATITUDE":45.50395466854163,"LONGITUDE":-73.56493162796018,"ABANDONNE_R":"NON","ABANDONNE_R_M":"Non applicable"}},"geometry":{"type":"Point","coordinates":[-73.56493162796018,45.50395466854163]}},{"type":"Feature","id":"ville-montreal/hydrant/10005022","properties":{"lab":{"objectClass":"hydrant","label":"HYDRANT","sourceId":"10005022","provider":"Ville de Montréal","providerKey":"ville-montreal","dataset":"Bornes d'incendie","datasetId":"cb4de65e-138b-4936-9d5c-2d9a0bc9b4ce","identityField":"ID_BI","sourceName":"1085 rue Saint-Alexandre","license":"CC-BY 4.0","retrievedAt":"2026-08-19T19:54:33.442Z","sourceUrl":"https://donnees.montreal.ca/dataset/geolocalisation-des-bornes-fontaines","updateDate":"2026-03-18","geometryType":"Point","legalNote":"Annual inventory. Not for engineering use without City validation."},"source":{"ADRESSE":"1085 rue Saint-Alexandre","ADRESSE_R_M":"Cartographie géomatique ville","COORDONNEE_SPATIALE_X":299778.025,"COORDONNEE_SPATIALE_Y":5040425.759,"DATE_ABANDON_R_M":"Non applicable","DATE_INSTALLATION":"2014-01-07","DATE_INSTALLATION_R_M":"Plan balayé","ELEVATION_TERRAIN":27.103,"ID_BI":10005022,"ID_POINT":12103982,"JURIDICTION":"LOCALE","JURIDICTION_R_M":"Direction épuration eaux usées","PRECISION_DATE_INSTALL":"DATE INSTALLATION DANS L'ANNEE COURANTE","PRECISION_DATE_INSTALL_R_M":"Plan balayé","PROPRIETAIRE":"VILLE DE MONTREAL","PROPRIETAIRE_R_M":"Cartographie géomatique ville","PROVENANCE_DONNEE":"RELEVE TERRAIN INTERNE","STATUT_ACTIF":"EXISTANT","STATUT_ACTIF_R_M":"Visite terrain","LATITUDE":45.50374347051698,"LONGITUDE":-73.5642659132992,"ABANDONNE_R":"NON","ABANDONNE_R_M":"Non applicable"}},"geometry":{"type":"Point","coordinates":[-73.5642659132992,45.50374347051698]}},{"type":"Feature","id":"ville-montreal/hydrant/10006761","properties":{"lab":{"objectClass":"hydrant","label":"HYDRANT","sourceId":"10006761","provider":"Ville de Montréal","providerKey":"ville-montreal","dataset":"Bornes d'incendie","datasetId":"cb4de65e-138b-4936-9d5c-2d9a0bc9b4ce","identityField":"ID_BI","sourceName":"1225-1229 rue Metcalfe","license":"CC-BY 4.0","retrievedAt":"2026-08-19T19:54:33.442Z","sourceUrl":"https://donnees.montreal.ca/dataset/geolocalisation-des-bornes-fontaines","updateDate":"2026-03-18","geometryType":"Point","legalNote":"Annual inventory. Not for engineering use without City validation."},"source":{"ADRESSE":"1225-1229 rue Metcalfe","ADRESSE_R_M":"Cartographie géomatique ville","COORDONNEE_SPATIALE_X":299225.967,"COORDONNEE_SPATIALE_Y":5040050.245,"DATE_ABANDON_R_M":"Non applicable","DATE_INSTALLATION":"2013-09-12","DATE_INSTALLATION_R_M":"Plan profil","ELEVATION_TERRAIN":36.712,"ID_BI":10006761,"ID_POINT":12221198,"JURIDICTION":"LOCALE","JURIDICTION_R_M":"Direction épuration eaux usées","PRECISION_DATE_INSTALL":"DATE INSTALLATION DANS L'ANNEE COURANTE","PRECISION_DATE_INSTALL_R_M":"Plan profil","PROPRIETAIRE":"VILLE DE MONTREAL","PROPRIETAIRE_R_M":"Cartographie géomatique ville","PROVENANCE_DONNEE":"RELEVE TERRAIN INTERNE","STATUT_ACTIF":"EXISTANT","STATUT_ACTIF_R_M":"Visite terrain","LATITUDE":45.500360323081786,"LONGITUDE":-73.57132629424076,"ABANDONNE_R":"NON","ABANDONNE_R_M":"Non applicable"}},"geometry":{"type":"Point","coordinates":[-73.57132629424076,45.500360323081786]}},{"type":"Feature","id":"ville-montreal/hydrant/10004126","properties":{"lab":{"objectClass":"hydrant","label":"HYDRANT","sourceId":"10004126","provider":"Ville de Montréal","providerKey":"ville-montreal","dataset":"Bornes d'incendie","datasetId":"cb4de65e-138b-4936-9d5c-2d9a0bc9b4ce","identityField":"ID_BI","sourceName":"355-359 place D'Youville","license":"CC-BY 4.0","retrievedAt":"2026-08-19T19:54:33.442Z","sourceUrl":"https://donnees.montreal.ca/dataset/geolocalisation-des-bornes-fontaines","updateDate":"2026-03-18","geometryType":"Point","legalNote":"Annual inventory. Not for engineering use without City validation."},"source":{"ADRESSE":"355-359 place D'Youville","ADRESSE_R_M":"Cartographie géomatique ville","COORDONNEE_SPATIALE_X":300436.645,"COORDONNEE_SPATIALE_Y":5040098.623,"DATE_ABANDON_R_M":"Non applicable","DATE_INSTALLATION":"1900-01-01","DATE_INSTALLATION_R_M":"À valider","ELEVATION_TERRAIN":14.635,"ID_BI":10004126,"ID_POINT":10084028,"JURIDICTION":"LOCALE","JURIDICTION_R_M":"Direction production eau potable","PRECISION_DATE_INSTALL":"DATE INSTALLATION PRECISE 100 ANS MAXIMUM","PRECISION_DATE_INSTALL_R_M":"À valider","PROPRIETAIRE":"VILLE DE MONTREAL","PROPRIETAIRE_R_M":"Cartographie géomatique ville","PROVENANCE_DONNEE":"RELEVE TERRAIN INTERNE","STATUT_ACTIF":"EXISTANT","STATUT_ACTIF_R_M":"Visite terrain","LATITUDE":45.50080422138804,"LONGITUDE":-73.55583502687227,"ABANDONNE_R":"NON","ABANDONNE_R_M":"Non applicable"}},"geometry":{"type":"Point","coordinates":[-73.55583502687227,45.50080422138804]}},{"type":"Feature","id":"ville-montreal/hydrant/10005585","properties":{"lab":{"objectClass":"hydrant","label":"HYDRANT","sourceId":"10005585","provider":"Ville de Montréal","providerKey":"ville-montreal","dataset":"Bornes d'incendie","datasetId":"cb4de65e-138b-4936-9d5c-2d9a0bc9b4ce","identityField":"ID_BI","sourceName":"1243 rue De Bleury","license":"CC-BY 4.0","retrievedAt":"2026-08-19T19:54:33.442Z","sourceUrl":"https://donnees.montreal.ca/dataset/geolocalisation-des-bornes-fontaines","updateDate":"2026-03-18","geometryType":"Point","legalNote":"Annual inventory. Not for engineering use without City validation."},"source":{"ADRESSE":"1243 rue De Bleury","ADRESSE_R_M":"Cartographie géomatique ville","COORDONNEE_SPATIALE_X":299618.409,"COORDONNEE_SPATIALE_Y":5040685.682,"DATE_ABANDON_R_M":"Non applicable","DATE_INSTALLATION":"2013-12-02","DATE_INSTALLATION_R_M":"Plan balayé","ELEVATION_TERRAIN":34.26,"ID_BI":10005585,"ID_POINT":12111179,"JURIDICTION":"LOCALE","JURIDICTION_R_M":"Direction épuration eaux usées","PRECISION_DATE_INSTALL":"DATE INSTALLATION DANS L'ANNEE COURANTE","PRECISION_DATE_INSTALL_R_M":"Plan balayé","PROPRIETAIRE":"VILLE DE MONTREAL","PROPRIETAIRE_R_M":"Cartographie géomatique ville","PROVENANCE_DONNEE":"RELEVE TERRAIN INTERNE","STATUT_ACTIF":"EXISTANT","STATUT_ACTIF_R_M":"Visite terrain","LATITUDE":45.50608119618402,"LONGITUDE":-73.56631126231393,"ABANDONNE_R":"NON","ABANDONNE_R_M":"Non applicable"}},"geometry":{"type":"Point","coordinates":[-73.56631126231393,45.50608119618402]}},{"type":"Feature","id":"ville-montreal/hydrant/10003299","properties":{"lab":{"objectClass":"hydrant","label":"HYDRANT","sourceId":"10003299","provider":"Ville de Montréal","providerKey":"ville-montreal","dataset":"Bornes d'incendie","datasetId":"cb4de65e-138b-4936-9d5c-2d9a0bc9b4ce","identityField":"ID_BI","sourceName":"2014 rue Saint-Urbain","license":"CC-BY 4.0","retrievedAt":"2026-08-19T19:54:33.442Z","sourceUrl":"https://donnees.montreal.ca/dataset/geolocalisation-des-bornes-fontaines","updateDate":"2026-03-18","geometryType":"Point","legalNote":"Annual inventory. Not for engineering use without City validation."},"source":{"ADRESSE":"2014 rue Saint-Urbain","ADRESSE_R_M":"Cartographie géomatique ville","COORDONNEE_SPATIALE_X":299515.811,"COORDONNEE_SPATIALE_Y":5041103.175,"DATE_ABANDON_R_M":"Non applicable","DATE_INSTALLATION":"2012-04-05","DATE_INSTALLATION_R_M":"Plan profil","ELEVATION_TERRAIN":30.271,"ID_BI":10003299,"ID_POINT":10071050,"JURIDICTION":"LOCALE","JURIDICTION_R_M":"Direction épuration eaux usées","PRECISION_DATE_INSTALL":"DATE INSTALLATION DANS L'ANNEE COURANTE","PRECISION_DATE_INSTALL_R_M":"Plan profil","PROPRIETAIRE":"VILLE DE MONTREAL","PROPRIETAIRE_R_M":"Cartographie géomatique ville","PROVENANCE_DONNEE":"RELEVE TERRAIN INTERNE","STATUT_ACTIF":"EXISTANT","STATUT_ACTIF_R_M":"Plan profil","LATITUDE":45.50983713389051,"LONGITUDE":-73.56762888950696,"ABANDONNE_R":"NON","ABANDONNE_R_M":"Non applicable"}},"geometry":{"type":"Point","coordinates":[-73.56762888950696,45.50983713389051]}},{"type":"Feature","id":"ville-montreal/hydrant/5038782","properties":{"lab":{"objectClass":"hydrant","label":"HYDRANT","sourceId":"5038782","provider":"Ville de Montréal","providerKey":"ville-montreal","dataset":"Bornes d'incendie","datasetId":"cb4de65e-138b-4936-9d5c-2d9a0bc9b4ce","identityField":"ID_BI","sourceName":"3405 rue Stanley","license":"CC-BY 4.0","retrievedAt":"2026-08-19T19:54:33.442Z","sourceUrl":"https://donnees.montreal.ca/dataset/geolocalisation-des-bornes-fontaines","updateDate":"2026-03-18","geometryType":"Point","legalNote":"Annual inventory. Not for engineering use without City validation."},"source":{"ADRESSE":"3405 rue Stanley","ADRESSE_R_M":"Cartographie géomatique ville","COORDONNEE_SPATIALE_X":298758.646,"COORDONNEE_SPATIALE_Y":5040149.222,"DATE_ABANDON_R_M":"Non applicable","DATE_INSTALLATION":"1900-01-01","DATE_INSTALLATION_R_M":"Non trouvé","ELEVATION_TERRAIN":46.754,"ID_BI":5038782,"ID_POINT":5338516,"JURIDICTION":"LOCALE","JURIDICTION_R_M":"Direction épuration eaux usées","PRECISION_DATE_INSTALL":"DATE INSTALLATION PRECISE 100 ANS MAXIMUM","PRECISION_DATE_INSTALL_R_M":"Plan Atlas et inventaire","PROPRIETAIRE":"VILLE DE MONTREAL","PROPRIETAIRE_R_M":"Cartographie géomatique ville","PROVENANCE_DONNEE":"RELEVE PHOTOGRAMMETRIQUE","STATUT_ACTIF":"EXISTANT","STATUT_ACTIF_R_M":"Plan profil","LATITUDE":45.5012470975329,"LONGITUDE":-73.57730739549989,"ABANDONNE_R":"NON","ABANDONNE_R_M":"Non applicable"}},"geometry":{"type":"Point","coordinates":[-73.57730739549989,45.5012470975329]}},{"type":"Feature","id":"ville-montreal/hydrant/5038785","properties":{"lab":{"objectClass":"hydrant","label":"HYDRANT","sourceId":"5038785","provider":"Ville de Montréal","providerKey":"ville-montreal","dataset":"Bornes d'incendie","datasetId":"cb4de65e-138b-4936-9d5c-2d9a0bc9b4ce","identityField":"ID_BI","sourceName":"3585-3587 avenue Lorne","license":"CC-BY 4.0","retrievedAt":"2026-08-19T19:54:33.442Z","sourceUrl":"https://donnees.montreal.ca/dataset/geolocalisation-des-bornes-fontaines","updateDate":"2026-03-18","geometryType":"Point","legalNote":"Annual inventory. Not for engineering use without City validation."},"source":{"ADRESSE":"3585-3587 avenue Lorne","ADRESSE_R_M":"Cartographie géomatique ville","COORDONNEE_SPATIALE_X":298750.303,"COORDONNEE_SPATIALE_Y":5040890.501,"DATE_ABANDON_R_M":"Non applicable","DATE_INSTALLATION":"1900-01-01","DATE_INSTALLATION_R_M":"Non trouvé","ELEVATION_TERRAIN":47.914,"ID_BI":5038785,"ID_POINT":5338519,"JURIDICTION":"LOCALE","JURIDICTION_R_M":"Direction épuration eaux usées","PRECISION_DATE_INSTALL":"DATE INSTALLATION PRECISE 100 ANS MAXIMUM","PRECISION_DATE_INSTALL_R_M":"Plan Atlas et inventaire","PROPRIETAIRE":"VILLE DE MONTREAL","PROPRIETAIRE_R_M":"Cartographie géomatique ville","PROVENANCE_DONNEE":"RELEVE TERRAIN INTERNE","STATUT_ACTIF":"EXISTANT","STATUT_ACTIF_R_M":"Plan profil","LATITUDE":45.50791726181273,"LONGITUDE":-73.57742358816333,"ABANDONNE_R":"NON","ABANDONNE_R_M":"Non applicable"}},"geometry":{"type":"Point","coordinates":[-73.57742358816333,45.50791726181273]}},{"type":"Feature","id":"ville-montreal/hydrant/10006328","properties":{"lab":{"objectClass":"hydrant","label":"HYDRANT","sourceId":"10006328","provider":"Ville de Montréal","providerKey":"ville-montreal","dataset":"Bornes d'incendie","datasetId":"cb4de65e-138b-4936-9d5c-2d9a0bc9b4ce","identityField":"ID_BI","sourceName":"155 rue Notre-Dame Est","license":"CC-BY 4.0","retrievedAt":"2026-08-19T19:54:33.442Z","sourceUrl":"https://donnees.montreal.ca/dataset/geolocalisation-des-bornes-fontaines","updateDate":"2026-03-18","geometryType":"Point","legalNote":"Annual inventory. Not for engineering use without City validation."},"source":{"ADRESSE":"155 rue Notre-Dame Est","ADRESSE_R_M":"Cartographie géomatique ville","COORDONNEE_SPATIALE_X":300479.416,"COORDONNEE_SPATIALE_Y":5040906.792,"DATE_ABANDON_R_M":"Non applicable","DATE_INSTALLATION":"1900-01-01","DATE_INSTALLATION_R_M":"À valider","ELEVATION_TERRAIN":22.763,"ID_BI":10006328,"ID_POINT":12118895,"JURIDICTION":"LOCALE","JURIDICTION_R_M":"Direction production eau potable","PRECISION_DATE_INSTALL":"DATE INSTALLATION PRECISE 100 ANS MAXIMUM","PRECISION_DATE_INSTALL_R_M":"À valider","PROPRIETAIRE":"VILLE DE MONTREAL","PROPRIETAIRE_R_M":"Cartographie géomatique ville","PROVENANCE_DONNEE":"RELEVE TERRAIN INTERNE","STATUT_ACTIF":"EXISTANT","STATUT_ACTIF_R_M":"Visite terrain","LATITUDE":45.50807667944517,"LONGITUDE":-73.55529464459575,"ABANDONNE_R":"NON","ABANDONNE_R_M":"Non applicable"}},"geometry":{"type":"Point","coordinates":[-73.55529464459575,45.50807667944517]}},{"type":"Feature","id":"ville-montreal/hydrant/10005858","properties":{"lab":{"objectClass":"hydrant","label":"HYDRANT","sourceId":"10005858","provider":"Ville de Montréal","providerKey":"ville-montreal","dataset":"Bornes d'incendie","datasetId":"cb4de65e-138b-4936-9d5c-2d9a0bc9b4ce","identityField":"ID_BI","sourceName":"2201 rue De Bleury","license":"CC-BY 4.0","retrievedAt":"2026-08-19T19:54:33.442Z","sourceUrl":"https://donnees.montreal.ca/dataset/geolocalisation-des-bornes-fontaines","updateDate":"2026-03-18","geometryType":"Point","legalNote":"Annual inventory. Not for engineering use without City validation."},"source":{"ADRESSE":"2201 rue De Bleury","ADRESSE_R_M":"Cartographie géomatique ville","COORDONNEE_SPATIALE_X":299250.796,"COORDONNEE_SPATIALE_Y":5040932.473,"DATE_ABANDON_R_M":"Non applicable","DATE_INSTALLATION":"2015-01-01","DATE_INSTALLATION_R_M":"Échange écrit/verbal arrondissement","ELEVATION_TERRAIN":42.163,"ID_BI":10005858,"ID_POINT":12113880,"JURIDICTION":"LOCALE","JURIDICTION_R_M":"Direction production eau potable","PRECISION_DATE_INSTALL":"DATE INSTALLATION DANS L'ANNEE COURANTE","PRECISION_DATE_INSTALL_R_M":"Échange écrit/verbal arrondissement","PROPRIETAIRE":"VILLE DE MONTREAL","PROPRIETAIRE_R_M":"Cartographie géomatique ville","PROVENANCE_DONNEE":"RELEVE TERRAIN INTERNE","STATUT_ACTIF":"EXISTANT","STATUT_ACTIF_R_M":"Visite terrain","LATITUDE":45.50829906086531,"LONGITUDE":-73.57101876049255,"ABANDONNE_R":"NON","ABANDONNE_R_M":"Non applicable"}},"geometry":{"type":"Point","coordinates":[-73.57101876049255,45.50829906086531]}},{"type":"Feature","id":"ville-montreal/hydrant/10005840","properties":{"lab":{"objectClass":"hydrant","label":"HYDRANT","sourceId":"10005840","provider":"Ville de Montréal","providerKey":"ville-montreal","dataset":"Bornes d'incendie","datasetId":"cb4de65e-138b-4936-9d5c-2d9a0bc9b4ce","identityField":"ID_BI","sourceName":"1016 rue Saint-Antoine Ouest","license":"CC-BY 4.0","retrievedAt":"2026-08-19T19:54:33.442Z","sourceUrl":"https://donnees.montreal.ca/dataset/geolocalisation-des-bornes-fontaines","updateDate":"2026-03-18","geometryType":"Point","legalNote":"Annual inventory. Not for engineering use without City validation."},"source":{"ADRESSE":"1016 rue Saint-Antoine Ouest","ADRESSE_R_M":"Cartographie géomatique ville","COORDONNEE_SPATIALE_X":299599.644,"COORDONNEE_SPATIALE_Y":5039671.541,"DATE_ABANDON_R_M":"Non applicable","DATE_INSTALLATION":"2016-02-07","DATE_INSTALLATION_R_M":"Échange écrit/verbal arrondissement","ELEVATION_TERRAIN":21.149,"ID_BI":10005840,"ID_POINT":12113794,"JURIDICTION":"LOCALE","JURIDICTION_R_M":"Direction production eau potable","PRECISION_DATE_INSTALL":"DATE INSTALLATION DANS L'ANNEE COURANTE","PRECISION_DATE_INSTALL_R_M":"Échange écrit/verbal arrondissement","PROPRIETAIRE":"VILLE DE MONTREAL","PROPRIETAIRE_R_M":"Cartographie géomatique ville","PROVENANCE_DONNEE":"RELEVE TERRAIN INTERNE","STATUT_ACTIF":"EXISTANT","STATUT_ACTIF_R_M":"Visite terrain","LATITUDE":45.49695547470702,"LONGITUDE":-73.56654070892552,"ABANDONNE_R":"NON","ABANDONNE_R_M":"Non applicable"}},"geometry":{"type":"Point","coordinates":[-73.56654070892552,45.49695547470702]}},{"type":"Feature","id":"ville-montreal/hydrant/10005504","properties":{"lab":{"objectClass":"hydrant","label":"HYDRANT","sourceId":"10005504","provider":"Ville de Montréal","providerKey":"ville-montreal","dataset":"Bornes d'incendie","datasetId":"cb4de65e-138b-4936-9d5c-2d9a0bc9b4ce","identityField":"ID_BI","sourceName":"270-280 boulevard Robert-Bourassa","license":"CC-BY 4.0","retrievedAt":"2026-08-19T19:54:33.442Z","sourceUrl":"https://donnees.montreal.ca/dataset/geolocalisation-des-bornes-fontaines","updateDate":"2026-03-18","geometryType":"Point","legalNote":"Annual inventory. Not for engineering use without City validation."},"source":{"ADRESSE":"270-280 boulevard Robert-Bourassa","ADRESSE_R_M":"Cartographie géomatique ville","COORDONNEE_SPATIALE_X":300428.715,"COORDONNEE_SPATIALE_Y":5039552.667,"DATE_ABANDON_R_M":"Non applicable","DATE_INSTALLATION":"2014-12-06","DATE_INSTALLATION_R_M":"Plan profil","ELEVATION_TERRAIN":14.923,"ID_BI":10005504,"ID_POINT":12109240,"JURIDICTION":"LOCALE","JURIDICTION_R_M":"Direction production eau potable","PRECISION_DATE_INSTALL":"DATE INSTALLATION DANS L'ANNEE COURANTE","PRECISION_DATE_INSTALL_R_M":"Plan profil","PROPRIETAIRE":"VILLE DE MONTREAL","PROPRIETAIRE_R_M":"Cartographie géomatique ville","PROVENANCE_DONNEE":"RELEVE TERRAIN INTERNE","STATUT_ACTIF":"EXISTANT","STATUT_ACTIF_R_M":"Visite terrain","LATITUDE":45.495891510795886,"LONGITUDE":-73.55593157812034,"ABANDONNE_R":"NON","ABANDONNE_R_M":"Non applicable"}},"geometry":{"type":"Point","coordinates":[-73.55593157812034,45.495891510795886]}},{"type":"Feature","id":"ville-montreal/hydrant/10005190","properties":{"lab":{"objectClass":"hydrant","label":"HYDRANT","sourceId":"10005190","provider":"Ville de Montréal","providerKey":"ville-montreal","dataset":"Bornes d'incendie","datasetId":"cb4de65e-138b-4936-9d5c-2d9a0bc9b4ce","identityField":"ID_BI","sourceName":"1198-1200 rue Bishop","license":"CC-BY 4.0","retrievedAt":"2026-08-19T19:54:33.442Z","sourceUrl":"https://donnees.montreal.ca/dataset/geolocalisation-des-bornes-fontaines","updateDate":"2026-03-18","geometryType":"Point","legalNote":"Annual inventory. Not for engineering use without City validation."},"source":{"ADRESSE":"1198-1200 rue Bishop","ADRESSE_R_M":"Cartographie géomatique ville","COORDONNEE_SPATIALE_X":298942.885,"COORDONNEE_SPATIALE_Y":5039544.805,"DATE_ABANDON_R_M":"Non applicable","DATE_INSTALLATION":"2015-06-19","DATE_INSTALLATION_R_M":"Échange écrit/verbal arrondissement","ELEVATION_TERRAIN":41.368,"ID_BI":10005190,"ID_POINT":12106352,"JURIDICTION":"LOCALE","JURIDICTION_R_M":"Direction production eau potable","PRECISION_DATE_INSTALL":"DATE INSTALLATION DANS L'ANNEE COURANTE","PRECISION_DATE_INSTALL_R_M":"Échange écrit/verbal arrondissement","PROPRIETAIRE":"VILLE DE MONTREAL","PROPRIETAIRE_R_M":"Cartographie géomatique ville","PROVENANCE_DONNEE":"RELEVE TERRAIN INTERNE","STATUT_ACTIF":"EXISTANT","STATUT_ACTIF_R_M":"Visite terrain","LATITUDE":45.49580988757266,"LONGITUDE":-73.57494255852362,"ABANDONNE_R":"NON","ABANDONNE_R_M":"Non applicable"}},"geometry":{"type":"Point","coordinates":[-73.57494255852362,45.49580988757266]}},{"type":"Feature","id":"ville-montreal/hydrant/10005193","properties":{"lab":{"objectClass":"hydrant","label":"HYDRANT","sourceId":"10005193","provider":"Ville de Montréal","providerKey":"ville-montreal","dataset":"Bornes d'incendie","datasetId":"cb4de65e-138b-4936-9d5c-2d9a0bc9b4ce","identityField":"ID_BI","sourceName":"105-107 rue Saint-Jacques","license":"CC-BY 4.0","retrievedAt":"2026-08-19T19:54:33.442Z","sourceUrl":"https://donnees.montreal.ca/dataset/geolocalisation-des-bornes-fontaines","updateDate":"2026-03-18","geometryType":"Point","legalNote":"Annual inventory. Not for engineering use without City validation."},"source":{"ADRESSE":"105-107 rue Saint-Jacques","ADRESSE_R_M":"Cartographie géomatique ville","COORDONNEE_SPATIALE_X":300295.192,"COORDONNEE_SPATIALE_Y":5040571.865,"DATE_ABANDON_R_M":"Non applicable","DATE_INSTALLATION":"2015-06-19","DATE_INSTALLATION_R_M":"Échange écrit/verbal arrondissement","ELEVATION_TERRAIN":23.436,"ID_BI":10005193,"ID_POINT":12106367,"JURIDICTION":"LOCALE","JURIDICTION_R_M":"Direction production eau potable","PRECISION_DATE_INSTALL":"DATE INSTALLATION DANS L'ANNEE COURANTE","PRECISION_DATE_INSTALL_R_M":"Échange écrit/verbal arrondissement","PROPRIETAIRE":"VILLE DE MONTREAL","PROPRIETAIRE_R_M":"Cartographie géomatique ville","PROVENANCE_DONNEE":"RELEVE TERRAIN INTERNE","STATUT_ACTIF":"EXISTANT","STATUT_ACTIF_R_M":"Visite terrain","LATITUDE":45.50506169330212,"LONGITUDE":-73.5576493117313,"ABANDONNE_R":"NON","ABANDONNE_R_M":"Non applicable"}},"geometry":{"type":"Point","coordinates":[-73.5576493117313,45.50506169330212]}},{"type":"Feature","id":"ville-montreal/hydrant/10005037","properties":{"lab":{"objectClass":"hydrant","label":"HYDRANT","sourceId":"10005037","provider":"Ville de Montréal","providerKey":"ville-montreal","dataset":"Bornes d'incendie","datasetId":"cb4de65e-138b-4936-9d5c-2d9a0bc9b4ce","identityField":"ID_BI","sourceName":"250-256 rue Sherbrooke Ouest","license":"CC-BY 4.0","retrievedAt":"2026-08-19T19:54:33.442Z","sourceUrl":"https://donnees.montreal.ca/dataset/geolocalisation-des-bornes-fontaines","updateDate":"2026-03-18","geometryType":"Point","legalNote":"Annual inventory. Not for engineering use without City validation."},"source":{"ADRESSE":"250-256 rue Sherbrooke Ouest","ADRESSE_R_M":"Cartographie géomatique ville","COORDONNEE_SPATIALE_X":299291.318,"COORDONNEE_SPATIALE_Y":5041045.389,"DATE_ABANDON_R_M":"Non applicable","DATE_INSTALLATION":"2014-02-12","DATE_INSTALLATION_R_M":"Échange écrit/verbal arrondissement","ELEVATION_TERRAIN":43.942,"ID_BI":10005037,"ID_POINT":12104218,"JURIDICTION":"LOCALE","JURIDICTION_R_M":"Direction production eau potable","PRECISION_DATE_INSTALL":"DATE INSTALLATION DANS L'ANNEE COURANTE","PRECISION_DATE_INSTALL_R_M":"Échange écrit/verbal arrondissement","PROPRIETAIRE":"VILLE DE MONTREAL","PROPRIETAIRE_R_M":"Cartographie géomatique ville","PROVENANCE_DONNEE":"RELEVE TERRAIN INTERNE","STATUT_ACTIF":"EXISTANT","STATUT_ACTIF_R_M":"Visite terrain","LATITUDE":45.50931542868172,"LONGITUDE":-73.5705014335629,"ABANDONNE_R":"NON","ABANDONNE_R_M":"Non applicable"}},"geometry":{"type":"Point","coordinates":[-73.5705014335629,45.50931542868172]}},{"type":"Feature","id":"ville-montreal/hydrant/10005506","properties":{"lab":{"objectClass":"hydrant","label":"HYDRANT","sourceId":"10005506","provider":"Ville de Montréal","providerKey":"ville-montreal","dataset":"Bornes d'incendie","datasetId":"cb4de65e-138b-4936-9d5c-2d9a0bc9b4ce","identityField":"ID_BI","sourceName":"255 rue Duke","license":"CC-BY 4.0","retrievedAt":"2026-08-19T19:54:33.442Z","sourceUrl":"https://donnees.montreal.ca/dataset/geolocalisation-des-bornes-fontaines","updateDate":"2026-03-18","geometryType":"Point","legalNote":"Annual inventory. Not for engineering use without City validation."},"source":{"ADRESSE":"255 rue Duke","ADRESSE_R_M":"Cartographie géomatique ville","COORDONNEE_SPATIALE_X":300291.855,"COORDONNEE_SPATIALE_Y":5039620.995,"DATE_ABANDON_R_M":"Non applicable","DATE_INSTALLATION":"2014-12-06","DATE_INSTALLATION_R_M":"Plan profil","ELEVATION_TERRAIN":14.825,"ID_BI":10005506,"ID_POINT":12109329,"JURIDICTION":"LOCALE","JURIDICTION_R_M":"Direction production eau potable","PRECISION_DATE_INSTALL":"DATE INSTALLATION DANS L'ANNEE COURANTE","PRECISION_DATE_INSTALL_R_M":"Plan profil","PROPRIETAIRE":"VILLE DE MONTREAL","PROPRIETAIRE_R_M":"Cartographie géomatique ville","PROVENANCE_DONNEE":"RELEVE TERRAIN INTERNE","STATUT_ACTIF":"EXISTANT","STATUT_ACTIF_R_M":"Visite terrain","LATITUDE":45.49650543181151,"LONGITUDE":-73.5576833724525,"ABANDONNE_R":"NON","ABANDONNE_R_M":"Non applicable"}},"geometry":{"type":"Point","coordinates":[-73.5576833724525,45.49650543181151]}},{"type":"Feature","id":"ville-montreal/hydrant/10005185","properties":{"lab":{"objectClass":"hydrant","label":"HYDRANT","sourceId":"10005185","provider":"Ville de Montréal","providerKey":"ville-montreal","dataset":"Bornes d'incendie","datasetId":"cb4de65e-138b-4936-9d5c-2d9a0bc9b4ce","identityField":"ID_BI","sourceName":"730 rue de la Cathédrale","license":"CC-BY 4.0","retrievedAt":"2026-08-19T19:54:33.442Z","sourceUrl":"https://donnees.montreal.ca/dataset/geolocalisation-des-bornes-fontaines","updateDate":"2026-03-18","geometryType":"Point","legalNote":"Annual inventory. Not for engineering use without City validation."},"source":{"ADRESSE":"730 rue de la Cathédrale","ADRESSE_R_M":"Cartographie géomatique ville","COORDONNEE_SPATIALE_X":299688.707,"COORDONNEE_SPATIALE_Y":5039711.267,"DATE_ABANDON_R_M":"Non applicable","DATE_INSTALLATION":"2015-06-19","DATE_INSTALLATION_R_M":"À valider","ELEVATION_TERRAIN":17.096,"ID_BI":10005185,"ID_POINT":12106336,"JURIDICTION":"LOCALE","JURIDICTION_R_M":"Direction production eau potable","PRECISION_DATE_INSTALL":"DATE INSTALLATION DANS L'ANNEE COURANTE","PRECISION_DATE_INSTALL_R_M":"À valider","PROPRIETAIRE":"VILLE DE MONTREAL","PROPRIETAIRE_R_M":"Cartographie géomatique ville","PROVENANCE_DONNEE":"RELEVE TERRAIN INTERNE","STATUT_ACTIF":"EXISTANT","STATUT_ACTIF_R_M":"Visite terrain","LATITUDE":45.497313572542645,"LONGITUDE":-73.56540157364405,"ABANDONNE_R":"NON","ABANDONNE_R_M":"Non applicable"}},"geometry":{"type":"Point","coordinates":[-73.56540157364405,45.497313572542645]}},{"type":"Feature","id":"ville-montreal/hydrant/10005187","properties":{"lab":{"objectClass":"hydrant","label":"HYDRANT","sourceId":"10005187","provider":"Ville de Montréal","providerKey":"ville-montreal","dataset":"Bornes d'incendie","datasetId":"cb4de65e-138b-4936-9d5c-2d9a0bc9b4ce","identityField":"ID_BI","sourceName":"282 rue Notre-Dame Ouest","license":"CC-BY 4.0","retrievedAt":"2026-08-19T19:54:33.442Z","sourceUrl":"https://donnees.montreal.ca/dataset/geolocalisation-des-bornes-fontaines","updateDate":"2026-03-18","geometryType":"Point","legalNote":"Annual inventory. Not for engineering use without City validation."},"source":{"ADRESSE":"282 rue Notre-Dame Ouest","ADRESSE_R_M":"Cartographie géomatique ville","COORDONNEE_SPATIALE_X":300244.667,"COORDONNEE_SPATIALE_Y":5040301.759,"DATE_ABANDON_R_M":"Non applicable","DATE_INSTALLATION":"2009-01-01","DATE_INSTALLATION_R_M":"Plan profil proposé","ELEVATION_TERRAIN":20.383,"ID_BI":10005187,"ID_POINT":12106340,"JURIDICTION":"LOCALE","JURIDICTION_R_M":"Direction production eau potable","PRECISION_DATE_INSTALL":"DATE INSTALLATION DANS L'ANNEE COURANTE","PRECISION_DATE_INSTALL_R_M":"Plan profil proposé","PROPRIETAIRE":"VILLE DE MONTREAL","PROPRIETAIRE_R_M":"Cartographie géomatique ville","PROVENANCE_DONNEE":"RELEVE TERRAIN INTERNE","STATUT_ACTIF":"EXISTANT","STATUT_ACTIF_R_M":"Visite terrain","LATITUDE":45.502630867195286,"LONGITUDE":-73.5582934005463,"ABANDONNE_R":"NON","ABANDONNE_R_M":"Non applicable"}},"geometry":{"type":"Point","coordinates":[-73.5582934005463,45.502630867195286]}},{"type":"Feature","id":"ville-montreal/hydrant/10004894","properties":{"lab":{"objectClass":"hydrant","label":"HYDRANT","sourceId":"10004894","provider":"Ville de Montréal","providerKey":"ville-montreal","dataset":"Bornes d'incendie","datasetId":"cb4de65e-138b-4936-9d5c-2d9a0bc9b4ce","identityField":"ID_BI","sourceName":"3497-3499 rue Hutchison","license":"CC-BY 4.0","retrievedAt":"2026-08-19T19:54:33.442Z","sourceUrl":"https://donnees.montreal.ca/dataset/geolocalisation-des-bornes-fontaines","updateDate":"2026-03-18","geometryType":"Point","legalNote":"Annual inventory. Not for engineering use without City validation."},"source":{"ADRESSE":"3497-3499 rue Hutchison","ADRESSE_R_M":"Cartographie géomatique ville","COORDONNEE_SPATIALE_X":298992.855,"COORDONNEE_SPATIALE_Y":5040993.849,"DATE_ABANDON_R_M":"Non applicable","DATE_INSTALLATION":"2014-04-14","DATE_INSTALLATION_R_M":"Échange écrit/verbal arrondissement","ELEVATION_TERRAIN":46.79,"ID_BI":10004894,"ID_POINT":12101096,"JURIDICTION":"LOCALE","JURIDICTION_R_M":"Direction épuration eaux usées","PRECISION_DATE_INSTALL":"DATE INSTALLATION PRECISE","PRECISION_DATE_INSTALL_R_M":"Échange écrit/verbal arrondissement","PROPRIETAIRE":"VILLE DE MONTREAL","PROPRIETAIRE_R_M":"Cartographie géomatique ville","PROVENANCE_DONNEE":"RELEVE TERRAIN INTERNE","STATUT_ACTIF":"EXISTANT","STATUT_ACTIF_R_M":"Visite terrain","LATITUDE":45.50884927971454,"LONGITUDE":-73.57432062480753,"ABANDONNE_R":"NON","ABANDONNE_R_M":"Non applicable"}},"geometry":{"type":"Point","coordinates":[-73.57432062480753,45.50884927971454]}},{"type":"Feature","id":"ville-montreal/hydrant/10004898","properties":{"lab":{"objectClass":"hydrant","label":"HYDRANT","sourceId":"10004898","provider":"Ville de Montréal","providerKey":"ville-montreal","dataset":"Bornes d'incendie","datasetId":"cb4de65e-138b-4936-9d5c-2d9a0bc9b4ce","identityField":"ID_BI","sourceName":"3602 rue Durocher","license":"CC-BY 4.0","retrievedAt":"2026-08-19T19:54:33.442Z","sourceUrl":"https://donnees.montreal.ca/dataset/geolocalisation-des-bornes-fontaines","updateDate":"2026-03-18","geometryType":"Point","legalNote":"Annual inventory. Not for engineering use without City validation."},"source":{"ADRESSE":"3602 rue Durocher","ADRESSE_R_M":"Cartographie géomatique ville","COORDONNEE_SPATIALE_X":298778.981,"COORDONNEE_SPATIALE_Y":5041038.538,"DATE_ABANDON_R_M":"Non applicable","DATE_INSTALLATION":"2014-11-21","DATE_INSTALLATION_R_M":"Échange écrit/verbal arrondissement","ELEVATION_TERRAIN":47.496,"ID_BI":10004898,"ID_POINT":12101168,"JURIDICTION":"LOCALE","JURIDICTION_R_M":"Direction épuration eaux usées","PRECISION_DATE_INSTALL":"DATE INSTALLATION PRECISE","PRECISION_DATE_INSTALL_R_M":"Échange écrit/verbal arrondissement","PROPRIETAIRE":"VILLE DE MONTREAL","PROPRIETAIRE_R_M":"Cartographie géomatique ville","PROVENANCE_DONNEE":"RELEVE TERRAIN INTERNE","STATUT_ACTIF":"EXISTANT","STATUT_ACTIF_R_M":"Visite terrain","LATITUDE":45.50924959736,"LONGITUDE":-73.5770583980399,"ABANDONNE_R":"NON","ABANDONNE_R_M":"Non applicable"}},"geometry":{"type":"Point","coordinates":[-73.5770583980399,45.50924959736]}},{"type":"Feature","id":"ville-montreal/hydrant/10000530","properties":{"lab":{"objectClass":"hydrant","label":"HYDRANT","sourceId":"10000530","provider":"Ville de Montréal","providerKey":"ville-montreal","dataset":"Bornes d'incendie","datasetId":"cb4de65e-138b-4936-9d5c-2d9a0bc9b4ce","identityField":"ID_BI","sourceName":"84-88 rue Notre-Dame Ouest","license":"CC-BY 4.0","retrievedAt":"2026-08-19T19:54:33.442Z","sourceUrl":"https://donnees.montreal.ca/dataset/geolocalisation-des-bornes-fontaines","updateDate":"2026-03-18","geometryType":"Point","legalNote":"Annual inventory. Not for engineering use without City validation."},"source":{"ADRESSE":"84-88 rue Notre-Dame Ouest","ADRESSE_R_M":"Cartographie géomatique ville","COORDONNEE_SPATIALE_X":300392.733,"COORDONNEE_SPATIALE_Y":5040545.508,"DATE_ABANDON_R_M":"Non applicable","DATE_INSTALLATION":"2007-05-01","DATE_INSTALLATION_R_M":"Plan profil","ELEVATION_TERRAIN":23,"ID_BI":10000530,"ID_POINT":10007250,"JURIDICTION":"LOCALE","JURIDICTION_R_M":"Direction production eau potable","PRECISION_DATE_INSTALL":"DATE INSTALLATION DANS L'ANNEE COURANTE","PRECISION_DATE_INSTALL_R_M":"Plan profil","PROPRIETAIRE":"VILLE DE MONTREAL","PROPRIETAIRE_R_M":"Cartographie géomatique ville","PROVENANCE_DONNEE":"RELEVE TERRAIN INTERNE","STATUT_ACTIF":"EXISTANT","STATUT_ACTIF_R_M":"Plan profil","LATITUDE":45.504825113256615,"LONGITUDE":-73.55640094240194,"ABANDONNE_R":"NON","ABANDONNE_R_M":"Non applicable"}},"geometry":{"type":"Point","coordinates":[-73.55640094240194,45.504825113256615]}},{"type":"Feature","id":"ville-montreal/hydrant/10000531","properties":{"lab":{"objectClass":"hydrant","label":"HYDRANT","sourceId":"10000531","provider":"Ville de Montréal","providerKey":"ville-montreal","dataset":"Bornes d'incendie","datasetId":"cb4de65e-138b-4936-9d5c-2d9a0bc9b4ce","identityField":"ID_BI","sourceName":"745 rue Saint-François-Xavier","license":"CC-BY 4.0","retrievedAt":"2026-08-19T19:54:33.442Z","sourceUrl":"https://donnees.montreal.ca/dataset/geolocalisation-des-bornes-fontaines","updateDate":"2026-03-18","geometryType":"Point","legalNote":"Annual inventory. Not for engineering use without City validation."},"source":{"ADRESSE":"745 rue Saint-François-Xavier","ADRESSE_R_M":"Cartographie géomatique ville","COORDONNEE_SPATIALE_X":300251.171,"COORDONNEE_SPATIALE_Y":5040494.179,"DATE_ABANDON_R_M":"Non applicable","DATE_INSTALLATION":"2007-05-01","DATE_INSTALLATION_R_M":"Plan profil","ELEVATION_TERRAIN":22.62,"ID_BI":10000531,"ID_POINT":10007380,"JURIDICTION":"LOCALE","JURIDICTION_R_M":"Direction épuration eaux usées","PRECISION_DATE_INSTALL":"DATE INSTALLATION DANS L'ANNEE COURANTE","PRECISION_DATE_INSTALL_R_M":"Plan profil","PROPRIETAIRE":"VILLE DE MONTREAL","PROPRIETAIRE_R_M":"Cartographie géomatique ville","PROVENANCE_DONNEE":"RELEVE TERRAIN INTERNE","STATUT_ACTIF":"EXISTANT","STATUT_ACTIF_R_M":"Plan profil","LATITUDE":45.504362369309014,"LONGITUDE":-73.55821191359584,"ABANDONNE_R":"NON","ABANDONNE_R_M":"Non applicable"}},"geometry":{"type":"Point","coordinates":[-73.55821191359584,45.504362369309014]}},{"type":"Feature","id":"ville-montreal/hydrant/10001455","properties":{"lab":{"objectClass":"hydrant","label":"HYDRANT","sourceId":"10001455","provider":"Ville de Montréal","providerKey":"ville-montreal","dataset":"Bornes d'incendie","datasetId":"cb4de65e-138b-4936-9d5c-2d9a0bc9b4ce","identityField":"ID_BI","sourceName":"1100-1120 rue Notre-Dame Ouest","license":"CC-BY 4.0","retrievedAt":"2026-08-19T19:54:33.442Z","sourceUrl":"https://donnees.montreal.ca/dataset/geolocalisation-des-bornes-fontaines","updateDate":"2026-03-18","geometryType":"Point","legalNote":"Annual inventory. Not for engineering use without City validation."},"source":{"ADRESSE":"1100-1120 rue Notre-Dame Ouest","ADRESSE_R_M":"Cartographie géomatique ville","COORDONNEE_SPATIALE_X":299874.552,"COORDONNEE_SPATIALE_Y":5039469.559,"DATE_ABANDON_R_M":"Non applicable","DATE_INSTALLATION":"2009-12-15","DATE_INSTALLATION_R_M":"Plan profil","ELEVATION_TERRAIN":15.276,"ID_BI":10001455,"ID_POINT":10029012,"JURIDICTION":"LOCALE","JURIDICTION_R_M":"Direction épuration eaux usées","PRECISION_DATE_INSTALL":"DATE INSTALLATION DANS L'ANNEE COURANTE","PRECISION_DATE_INSTALL_R_M":"Plan profil","PROPRIETAIRE":"VILLE DE MONTREAL","PROPRIETAIRE_R_M":"Cartographie géomatique ville","PROVENANCE_DONNEE":"RELEVE TERRAIN INTERNE","STATUT_ACTIF":"EXISTANT","STATUT_ACTIF_R_M":"Plan profil","LATITUDE":45.49513994357646,"LONGITUDE":-73.56302126760401,"ABANDONNE_R":"NON","ABANDONNE_R_M":"Non applicable"}},"geometry":{"type":"Point","coordinates":[-73.56302126760401,45.49513994357646]}},{"type":"Feature","id":"ville-montreal/hydrant/10001456","properties":{"lab":{"objectClass":"hydrant","label":"HYDRANT","sourceId":"10001456","provider":"Ville de Montréal","providerKey":"ville-montreal","dataset":"Bornes d'incendie","datasetId":"cb4de65e-138b-4936-9d5c-2d9a0bc9b4ce","identityField":"ID_BI","sourceName":"403 rue Montfort","license":"CC-BY 4.0","retrievedAt":"2026-08-19T19:54:33.442Z","sourceUrl":"https://donnees.montreal.ca/dataset/geolocalisation-des-bornes-fontaines","updateDate":"2026-03-18","geometryType":"Point","legalNote":"Annual inventory. Not for engineering use without City validation."},"source":{"ADRESSE":"403 rue Montfort","ADRESSE_R_M":"Cartographie géomatique ville","COORDONNEE_SPATIALE_X":299940.475,"COORDONNEE_SPATIALE_Y":5039622.495,"DATE_ABANDON_R_M":"Non applicable","DATE_INSTALLATION":"2009-12-15","DATE_INSTALLATION_R_M":"Plan profil","ELEVATION_TERRAIN":13.315,"ID_BI":10001456,"ID_POINT":10029014,"JURIDICTION":"LOCALE","JURIDICTION_R_M":"Direction épuration eaux usées","PRECISION_DATE_INSTALL":"DATE INSTALLATION DANS L'ANNEE COURANTE","PRECISION_DATE_INSTALL_R_M":"Plan profil","PROPRIETAIRE":"VILLE DE MONTREAL","PROPRIETAIRE_R_M":"Cartographie géomatique ville","PROVENANCE_DONNEE":"RELEVE TERRAIN INTERNE","STATUT_ACTIF":"EXISTANT","STATUT_ACTIF_R_M":"Plan profil","LATITUDE":45.49651653502768,"LONGITUDE":-73.56217932276031,"ABANDONNE_R":"NON","ABANDONNE_R_M":"Non applicable"}},"geometry":{"type":"Point","coordinates":[-73.56217932276031,45.49651653502768]}},{"type":"Feature","id":"ville-montreal/hydrant/10001457","properties":{"lab":{"objectClass":"hydrant","label":"HYDRANT","sourceId":"10001457","provider":"Ville de Montréal","providerKey":"ville-montreal","dataset":"Bornes d'incendie","datasetId":"cb4de65e-138b-4936-9d5c-2d9a0bc9b4ce","identityField":"ID_BI","sourceName":"984-990 rue Notre-Dame Ouest","license":"CC-BY 4.0","retrievedAt":"2026-08-19T19:54:33.442Z","sourceUrl":"https://donnees.montreal.ca/dataset/geolocalisation-des-bornes-fontaines","updateDate":"2026-03-18","geometryType":"Point","legalNote":"Annual inventory. Not for engineering use without City validation."},"source":{"ADRESSE":"984-990 rue Notre-Dame Ouest","ADRESSE_R_M":"Cartographie géomatique ville","COORDONNEE_SPATIALE_X":299914.038,"COORDONNEE_SPATIALE_Y":5039554.817,"DATE_ABANDON_R_M":"Non applicable","DATE_INSTALLATION":"2009-12-15","DATE_INSTALLATION_R_M":"Plan profil","ELEVATION_TERRAIN":13.343,"ID_BI":10001457,"ID_POINT":10029016,"JURIDICTION":"LOCALE","JURIDICTION_R_M":"Direction épuration eaux usées","PRECISION_DATE_INSTALL":"DATE INSTALLATION DANS L'ANNEE COURANTE","PRECISION_DATE_INSTALL_R_M":"Plan profil","PROPRIETAIRE":"VILLE DE MONTREAL","PROPRIETAIRE_R_M":"Cartographie géomatique ville","PROVENANCE_DONNEE":"RELEVE TERRAIN INTERNE","STATUT_ACTIF":"EXISTANT","STATUT_ACTIF_R_M":"Plan profil","LATITUDE":45.495907378368365,"LONGITUDE":-73.56251690262056,"ABANDONNE_R":"NON","ABANDONNE_R_M":"Non applicable"}},"geometry":{"type":"Point","coordinates":[-73.56251690262056,45.495907378368365]}},{"type":"Feature","id":"ville-montreal/hydrant/10001458","properties":{"lab":{"objectClass":"hydrant","label":"HYDRANT","sourceId":"10001458","provider":"Ville de Montréal","providerKey":"ville-montreal","dataset":"Bornes d'incendie","datasetId":"cb4de65e-138b-4936-9d5c-2d9a0bc9b4ce","identityField":"ID_BI","sourceName":"403 rue Montfort","license":"CC-BY 4.0","retrievedAt":"2026-08-19T19:54:33.442Z","sourceUrl":"https://donnees.montreal.ca/dataset/geolocalisation-des-bornes-fontaines","updateDate":"2026-03-18","geometryType":"Point","legalNote":"Annual inventory. Not for engineering use without City validation."},"source":{"ADRESSE":"403 rue Montfort","ADRESSE_R_M":"Cartographie géomatique ville","COORDONNEE_SPATIALE_X":299927.513,"COORDONNEE_SPATIALE_Y":5039657.486,"DATE_ABANDON_R_M":"Non applicable","DATE_INSTALLATION":"2009-12-15","DATE_INSTALLATION_R_M":"Plan profil","ELEVATION_TERRAIN":15.07,"ID_BI":10001458,"ID_POINT":10029022,"JURIDICTION":"LOCALE","JURIDICTION_R_M":"Direction épuration eaux usées","PRECISION_DATE_INSTALL":"DATE INSTALLATION DANS L'ANNEE COURANTE","PRECISION_DATE_INSTALL_R_M":"Plan profil","PROPRIETAIRE":"VILLE DE MONTREAL","PROPRIETAIRE_R_M":"Cartographie géomatique ville","PROVENANCE_DONNEE":"RELEVE TERRAIN INTERNE","STATUT_ACTIF":"EXISTANT","STATUT_ACTIF_R_M":"Plan profil","LATITUDE":45.49683129528517,"LONGITUDE":-73.56234552337864,"ABANDONNE_R":"NON","ABANDONNE_R_M":"Non applicable"}},"geometry":{"type":"Point","coordinates":[-73.56234552337864,45.49683129528517]}},{"type":"Feature","id":"ville-montreal/hydrant/10001258","properties":{"lab":{"objectClass":"hydrant","label":"HYDRANT","sourceId":"10001258","provider":"Ville de Montréal","providerKey":"ville-montreal","dataset":"Bornes d'incendie","datasetId":"cb4de65e-138b-4936-9d5c-2d9a0bc9b4ce","identityField":"ID_BI","sourceName":"1495-1501 rue Jeanne-Mance","license":"CC-BY 4.0","retrievedAt":"2026-08-19T19:54:33.442Z","sourceUrl":"https://donnees.montreal.ca/dataset/geolocalisation-des-bornes-fontaines","updateDate":"2026-03-18","geometryType":"Point","legalNote":"Annual inventory. Not for engineering use without City validation."},"source":{"ADRESSE":"1495-1501 rue Jeanne-Mance","ADRESSE_R_M":"Cartographie géomatique ville","COORDONNEE_SPATIALE_X":299503.329,"COORDONNEE_SPATIALE_Y":5040894.264,"DATE_ABANDON_R_M":"Non applicable","DATE_INSTALLATION":"2009-05-29","DATE_INSTALLATION_R_M":"Plan balayé","ELEVATION_TERRAIN":31.176,"ID_BI":10001258,"ID_POINT":10025076,"JURIDICTION":"LOCALE","JURIDICTION_R_M":"Direction épuration eaux usées","PRECISION_DATE_INSTALL":"DATE INSTALLATION DANS L'ANNEE COURANTE","PRECISION_DATE_INSTALL_R_M":"Plan balayé","PROPRIETAIRE":"VILLE DE MONTREAL","PROPRIETAIRE_R_M":"Cartographie géomatique ville","PROVENANCE_DONNEE":"RELEVE TERRAIN INTERNE","STATUT_ACTIF":"EXISTANT","STATUT_ACTIF_R_M":"Plan balayé","LATITUDE":45.50795720552501,"LONGITUDE":-73.56778633350137,"ABANDONNE_R":"NON","ABANDONNE_R_M":"Non applicable"}},"geometry":{"type":"Point","coordinates":[-73.56778633350137,45.50795720552501]}},{"type":"Feature","id":"ville-montreal/hydrant/10001259","properties":{"lab":{"objectClass":"hydrant","label":"HYDRANT","sourceId":"10001259","provider":"Ville de Montréal","providerKey":"ville-montreal","dataset":"Bornes d'incendie","datasetId":"cb4de65e-138b-4936-9d5c-2d9a0bc9b4ce","identityField":"ID_BI","sourceName":"185 rue Sainte-Catherine Ouest","license":"CC-BY 4.0","retrievedAt":"2026-08-19T19:54:33.442Z","sourceUrl":"https://donnees.montreal.ca/dataset/geolocalisation-des-bornes-fontaines","updateDate":"2026-03-18","geometryType":"Point","legalNote":"Annual inventory. Not for engineering use without City validation."},"source":{"ADRESSE":"185 rue Sainte-Catherine Ouest","ADRESSE_R_M":"Cartographie géomatique ville","COORDONNEE_SPATIALE_X":299602.296,"COORDONNEE_SPATIALE_Y":5040828.589,"DATE_ABANDON_R_M":"Non applicable","DATE_INSTALLATION":"2009-05-29","DATE_INSTALLATION_R_M":"Plan balayé","ELEVATION_TERRAIN":29.883,"ID_BI":10001259,"ID_POINT":10025078,"JURIDICTION":"LOCALE","JURIDICTION_R_M":"Direction épuration eaux usées","PRECISION_DATE_INSTALL":"DATE INSTALLATION DANS L'ANNEE COURANTE","PRECISION_DATE_INSTALL_R_M":"Plan balayé","PROPRIETAIRE":"VILLE DE MONTREAL","PROPRIETAIRE_R_M":"Cartographie géomatique ville","PROVENANCE_DONNEE":"RELEVE TERRAIN INTERNE","STATUT_ACTIF":"EXISTANT","STATUT_ACTIF_R_M":"Visite terrain","LATITUDE":45.50736698863104,"LONGITUDE":-73.5665190186995,"ABANDONNE_R":"NON","ABANDONNE_R_M":"Non applicable"}},"geometry":{"type":"Point","coordinates":[-73.5665190186995,45.50736698863104]}},{"type":"Feature","id":"ville-montreal/hydrant/5039225","properties":{"lab":{"objectClass":"hydrant","label":"HYDRANT","sourceId":"5039225","provider":"Ville de Montréal","providerKey":"ville-montreal","dataset":"Bornes d'incendie","datasetId":"cb4de65e-138b-4936-9d5c-2d9a0bc9b4ce","identityField":"ID_BI","sourceName":"1240-1250 rue Peel","license":"CC-BY 4.0","retrievedAt":"2026-08-19T19:54:33.442Z","sourceUrl":"https://donnees.montreal.ca/dataset/geolocalisation-des-bornes-fontaines","updateDate":"2026-03-18","geometryType":"Point","legalNote":"Annual inventory. Not for engineering use without City validation."},"source":{"ADRESSE":"1240-1250 rue Peel","ADRESSE_R_M":"Cartographie géomatique ville","COORDONNEE_SPATIALE_X":299118.333,"COORDONNEE_SPATIALE_Y":5040013.551,"DATE_ABANDON_R_M":"Non applicable","DATE_INSTALLATION":"1900-01-01","DATE_INSTALLATION_R_M":"Non trouvé","ELEVATION_TERRAIN":-999,"ID_BI":5039225,"ID_POINT":5338991,"JURIDICTION":"LOCALE","JURIDICTION_R_M":"Direction épuration eaux usées","PRECISION_DATE_INSTALL":"DATE INSTALLATION PRECISE 100 ANS MAXIMUM","PRECISION_DATE_INSTALL_R_M":"Plan Atlas et inventaire","PROPRIETAIRE":"VILLE DE MONTREAL","PROPRIETAIRE_R_M":"Cartographie géomatique ville","PROVENANCE_DONNEE":"MESURE TERRAIN","STATUT_ACTIF":"EXISTANT","STATUT_ACTIF_R_M":"Plan profil","LATITUDE":45.5000292656583,"LONGITUDE":-73.57270315703438,"ABANDONNE_R":"NON","ABANDONNE_R_M":"Non applicable"}},"geometry":{"type":"Point","coordinates":[-73.57270315703438,45.5000292656583]}},{"type":"Feature","id":"ville-montreal/hydrant/5039227","properties":{"lab":{"objectClass":"hydrant","label":"HYDRANT","sourceId":"5039227","provider":"Ville de Montréal","providerKey":"ville-montreal","dataset":"Bornes d'incendie","datasetId":"cb4de65e-138b-4936-9d5c-2d9a0bc9b4ce","identityField":"ID_BI","sourceName":"360 rue McGill","license":"CC-BY 4.0","retrievedAt":"2026-08-19T19:54:33.442Z","sourceUrl":"https://donnees.montreal.ca/dataset/geolocalisation-des-bornes-fontaines","updateDate":"2026-03-18","geometryType":"Point","legalNote":"Annual inventory. Not for engineering use without City validation."},"source":{"ADRESSE":"360 rue McGill","ADRESSE_R_M":"Cartographie géomatique ville","COORDONNEE_SPATIALE_X":300348.073,"COORDONNEE_SPATIALE_Y":5040014.044,"DATE_ABANDON_R_M":"Non applicable","DATE_INSTALLATION":"2007-02-20","DATE_INSTALLATION_R_M":"Plan profil","ELEVATION_TERRAIN":-999,"ID_BI":5039227,"ID_POINT":5338995,"JURIDICTION":"LOCALE","JURIDICTION_R_M":"Direction production eau potable","PRECISION_DATE_INSTALL":"DATE INSTALLATION DANS L'ANNEE COURANTE","PRECISION_DATE_INSTALL_R_M":"Plan profil","PROPRIETAIRE":"VILLE DE MONTREAL","PROPRIETAIRE_R_M":"Cartographie géomatique ville","PROVENANCE_DONNEE":"MESURE TERRAIN","STATUT_ACTIF":"EXISTANT","STATUT_ACTIF_R_M":"Visite terrain","LATITUDE":45.500042594871495,"LONGITUDE":-73.55696762028093,"ABANDONNE_R":"NON","ABANDONNE_R_M":"Non applicable"}},"geometry":{"type":"Point","coordinates":[-73.55696762028093,45.500042594871495]}},{"type":"Feature","id":"ville-montreal/hydrant/10001112","properties":{"lab":{"objectClass":"hydrant","label":"HYDRANT","sourceId":"10001112","provider":"Ville de Montréal","providerKey":"ville-montreal","dataset":"Bornes d'incendie","datasetId":"cb4de65e-138b-4936-9d5c-2d9a0bc9b4ce","identityField":"ID_BI","sourceName":"550 rue Sherbrooke Ouest","license":"CC-BY 4.0","retrievedAt":"2026-08-19T19:54:33.442Z","sourceUrl":"https://donnees.montreal.ca/dataset/geolocalisation-des-bornes-fontaines","updateDate":"2026-03-18","geometryType":"Point","legalNote":"Annual inventory. Not for engineering use without City validation."},"source":{"ADRESSE":"550 rue Sherbrooke Ouest","ADRESSE_R_M":"Cartographie géomatique ville","COORDONNEE_SPATIALE_X":299105.12,"COORDONNEE_SPATIALE_Y":5040677.862,"DATE_ABANDON_R_M":"Non applicable","DATE_INSTALLATION":"1900-01-01","DATE_INSTALLATION_R_M":"Inconnu","ELEVATION_TERRAIN":44.927,"ID_BI":10001112,"ID_POINT":10022520,"JURIDICTION":"LOCALE","JURIDICTION_R_M":"Direction production eau potable","PRECISION_DATE_INSTALL":"DATE INSTALLATION PRECISE 100 ANS MAXIMUM","PRECISION_DATE_INSTALL_R_M":"Inconnu","PROPRIETAIRE":"VILLE DE MONTREAL","PROPRIETAIRE_R_M":"Cartographie géomatique ville","PROVENANCE_DONNEE":"RELEVE TERRAIN INTERNE","STATUT_ACTIF":"EXISTANT","STATUT_ACTIF_R_M":"Visite terrain","LATITUDE":45.50600688830824,"LONGITUDE":-73.57288006941926,"ABANDONNE_R":"NON","ABANDONNE_R_M":"Non applicable"}},"geometry":{"type":"Point","coordinates":[-73.57288006941926,45.50600688830824]}},{"type":"Feature","id":"ville-montreal/hydrant/10000255","properties":{"lab":{"objectClass":"hydrant","label":"HYDRANT","sourceId":"10000255","provider":"Ville de Montréal","providerKey":"ville-montreal","dataset":"Bornes d'incendie","datasetId":"cb4de65e-138b-4936-9d5c-2d9a0bc9b4ce","identityField":"ID_BI","sourceName":"1225 rue Saint-Dominique","license":"CC-BY 4.0","retrievedAt":"2026-08-19T19:54:33.442Z","sourceUrl":"https://donnees.montreal.ca/dataset/geolocalisation-des-bornes-fontaines","updateDate":"2026-03-18","geometryType":"Point","legalNote":"Annual inventory. Not for engineering use without City validation."},"source":{"ADRESSE":"1225 rue Saint-Dominique","ADRESSE_R_M":"Cartographie géomatique ville","COORDONNEE_SPATIALE_X":299929.86,"COORDONNEE_SPATIALE_Y":5041098.992,"DATE_ABANDON_R_M":"Non applicable","DATE_INSTALLATION":"1997-01-01","DATE_INSTALLATION_R_M":"Visite terrain","ELEVATION_TERRAIN":25.832,"ID_BI":10000255,"ID_POINT":10002690,"JURIDICTION":"LOCALE","JURIDICTION_R_M":"Direction épuration eaux usées","PRECISION_DATE_INSTALL":"DATE INSTALLATION DANS L'ANNEE COURANTE","PRECISION_DATE_INSTALL_R_M":"Visite terrain","PROPRIETAIRE":"VILLE DE MONTREAL","PROPRIETAIRE_R_M":"Cartographie géomatique ville","PROVENANCE_DONNEE":"RELEVE TERRAIN INTERNE","STATUT_ACTIF":"EXISTANT","STATUT_ACTIF_R_M":"Plan Atlas et inventaire","LATITUDE":45.5098025334874,"LONGITUDE":-73.56232968415135,"ABANDONNE_R":"NON","ABANDONNE_R_M":"Non applicable"}},"geometry":{"type":"Point","coordinates":[-73.56232968415135,45.5098025334874]}},{"type":"Feature","id":"ville-montreal/hydrant/10001082","properties":{"lab":{"objectClass":"hydrant","label":"HYDRANT","sourceId":"10001082","provider":"Ville de Montréal","providerKey":"ville-montreal","dataset":"Bornes d'incendie","datasetId":"cb4de65e-138b-4936-9d5c-2d9a0bc9b4ce","identityField":"ID_BI","sourceName":"315 rue Saint-Paul Ouest","license":"CC-BY 4.0","retrievedAt":"2026-08-19T19:54:33.442Z","sourceUrl":"https://donnees.montreal.ca/dataset/geolocalisation-des-bornes-fontaines","updateDate":"2026-03-18","geometryType":"Point","legalNote":"Annual inventory. Not for engineering use without City validation."},"source":{"ADRESSE":"315 rue Saint-Paul Ouest","ADRESSE_R_M":"Cartographie géomatique ville","COORDONNEE_SPATIALE_X":300403.743,"COORDONNEE_SPATIALE_Y":5040153.081,"DATE_ABANDON_R_M":"Non applicable","DATE_INSTALLATION":"2009-01-01","DATE_INSTALLATION_R_M":"DGSRE","ELEVATION_TERRAIN":14.46,"ID_BI":10001082,"ID_POINT":10022059,"JURIDICTION":"LOCALE","JURIDICTION_R_M":"Direction épuration eaux usées","PRECISION_DATE_INSTALL":"DATE INSTALLATION DANS L'ANNEE COURANTE","PRECISION_DATE_INSTALL_R_M":"DGSRE","PROPRIETAIRE":"VILLE DE MONTREAL","PROPRIETAIRE_R_M":"Cartographie géomatique ville","PROVENANCE_DONNEE":"RELEVE TERRAIN INTERNE","STATUT_ACTIF":"EXISTANT","STATUT_ACTIF_R_M":"Plan profil","LATITUDE":45.50129403377866,"LONGITUDE":-73.5562565355718,"ABANDONNE_R":"NON","ABANDONNE_R_M":"Non applicable"}},"geometry":{"type":"Point","coordinates":[-73.5562565355718,45.50129403377866]}},{"type":"Feature","id":"ville-montreal/hydrant/10000884","properties":{"lab":{"objectClass":"hydrant","label":"HYDRANT","sourceId":"10000884","provider":"Ville de Montréal","providerKey":"ville-montreal","dataset":"Bornes d'incendie","datasetId":"cb4de65e-138b-4936-9d5c-2d9a0bc9b4ce","identityField":"ID_BI","sourceName":"1000 rue De La Gauchetière Ouest","license":"CC-BY 4.0","retrievedAt":"2026-08-19T19:54:33.442Z","sourceUrl":"https://donnees.montreal.ca/dataset/geolocalisation-des-bornes-fontaines","updateDate":"2026-03-18","geometryType":"Point","legalNote":"Annual inventory. Not for engineering use without City validation."},"source":{"ADRESSE":"1000 rue De La Gauchetière Ouest","ADRESSE_R_M":"Cartographie géomatique ville","COORDONNEE_SPATIALE_X":299568.563,"COORDONNEE_SPATIALE_Y":5039902.084,"DATE_ABANDON_R_M":"Non applicable","DATE_INSTALLATION":"1957-01-01","DATE_INSTALLATION_R_M":"Plan Atlas et inventaire","ELEVATION_TERRAIN":28.924,"ID_BI":10000884,"ID_POINT":10014542,"JURIDICTION":"LOCALE","JURIDICTION_R_M":"Direction épuration eaux usées","PRECISION_DATE_INSTALL":"DATE INSTALLATION DANS L'ANNEE COURANTE","PRECISION_DATE_INSTALL_R_M":"Plan Atlas et inventaire","PROPRIETAIRE":"VILLE DE MONTREAL","PROPRIETAIRE_R_M":"Cartographie géomatique ville","PROVENANCE_DONNEE":"RELEVE TERRAIN INTERNE","STATUT_ACTIF":"EXISTANT","STATUT_ACTIF_R_M":"Plan profil","LATITUDE":45.49902973149585,"LONGITUDE":-73.56694084223408,"ABANDONNE_R":"NON","ABANDONNE_R_M":"Non applicable"}},"geometry":{"type":"Point","coordinates":[-73.56694084223408,45.49902973149585]}},{"type":"Feature","id":"ville-montreal/hydrant/10000245","properties":{"lab":{"objectClass":"hydrant","label":"HYDRANT","sourceId":"10000245","provider":"Ville de Montréal","providerKey":"ville-montreal","dataset":"Bornes d'incendie","datasetId":"cb4de65e-138b-4936-9d5c-2d9a0bc9b4ce","identityField":"ID_BI","sourceName":"2070-2072 rue Drummond","license":"CC-BY 4.0","retrievedAt":"2026-08-19T19:54:33.442Z","sourceUrl":"https://donnees.montreal.ca/dataset/geolocalisation-des-bornes-fontaines","updateDate":"2026-03-18","geometryType":"Point","legalNote":"Annual inventory. Not for engineering use without City validation."},"source":{"ADRESSE":"2070-2072 rue Drummond","ADRESSE_R_M":"Cartographie géomatique ville","COORDONNEE_SPATIALE_X":298797.67,"COORDONNEE_SPATIALE_Y":5040003.023,"DATE_ABANDON_R_M":"Non applicable","DATE_INSTALLATION":"1900-01-01","DATE_INSTALLATION_R_M":"Non trouvé","ELEVATION_TERRAIN":45.496,"ID_BI":10000245,"ID_POINT":10002654,"JURIDICTION":"LOCALE","JURIDICTION_R_M":"Direction épuration eaux usées","PRECISION_DATE_INSTALL":"DATE INSTALLATION PRECISE 100 ANS MAXIMUM","PRECISION_DATE_INSTALL_R_M":"Inconnu","PROPRIETAIRE":"VILLE DE MONTREAL","PROPRIETAIRE_R_M":"Cartographie géomatique ville","PROVENANCE_DONNEE":"RELEVE PHOTOGRAMMETRIQUE","STATUT_ACTIF":"EXISTANT","STATUT_ACTIF_R_M":"Visite terrain","LATITUDE":45.49993187412712,"LONGITUDE":-73.57680620368737,"ABANDONNE_R":"NON","ABANDONNE_R_M":"Non applicable"}},"geometry":{"type":"Point","coordinates":[-73.57680620368737,45.49993187412712]}},{"type":"Feature","id":"ville-montreal/hydrant/20005949","properties":{"lab":{"objectClass":"hydrant","label":"HYDRANT","sourceId":"20005949","provider":"Ville de Montréal","providerKey":"ville-montreal","dataset":"Bornes d'incendie","datasetId":"cb4de65e-138b-4936-9d5c-2d9a0bc9b4ce","identityField":"ID_BI","sourceName":"439-447 avenue du Président-Kennedy","license":"CC-BY 4.0","retrievedAt":"2026-08-19T19:54:33.442Z","sourceUrl":"https://donnees.montreal.ca/dataset/geolocalisation-des-bornes-fontaines","updateDate":"2026-03-18","geometryType":"Point","legalNote":"Annual inventory. Not for engineering use without City validation."},"source":{"ADRESSE":"439-447 avenue du Président-Kennedy","ADRESSE_R_M":"Cartographie géomatique ville","COORDONNEE_SPATIALE_X":299268.77,"COORDONNEE_SPATIALE_Y":5040774.496,"DATE_ABANDON_R_M":"Non applicable","DATE_INSTALLATION":"2019-11-19","DATE_INSTALLATION_R_M":"Plan de localisation","ELEVATION_TERRAIN":37.812,"ID_BI":20005949,"ID_POINT":20070968,"JURIDICTION":"LOCALE","JURIDICTION_R_M":"Direction production eau potable","PRECISION_DATE_INSTALL":"DATE INSTALLATION DANS L'ANNEE COURANTE","PRECISION_DATE_INSTALL_R_M":"Plan de localisation","PROPRIETAIRE":"VILLE DE MONTREAL","PROPRIETAIRE_R_M":"Cartographie géomatique ville","PROVENANCE_DONNEE":"RELEVE TERRAIN INTERNE","STATUT_ACTIF":"EXISTANT","STATUT_ACTIF_R_M":"Visite terrain","LATITUDE":45.50687770550323,"LONGITUDE":-73.57078688565291,"ABANDONNE_R":"NON","ABANDONNE_R_M":"Non applicable"}},"geometry":{"type":"Point","coordinates":[-73.57078688565291,45.50687770550323]}},{"type":"Feature","id":"ville-montreal/hydrant/20007875","properties":{"lab":{"objectClass":"hydrant","label":"HYDRANT","sourceId":"20007875","provider":"Ville de Montréal","providerKey":"ville-montreal","dataset":"Bornes d'incendie","datasetId":"cb4de65e-138b-4936-9d5c-2d9a0bc9b4ce","identityField":"ID_BI","sourceName":"1801 avenue McGill College","license":"CC-BY 4.0","retrievedAt":"2026-08-19T19:54:33.442Z","sourceUrl":"https://donnees.montreal.ca/dataset/geolocalisation-des-bornes-fontaines","updateDate":"2026-03-18","geometryType":"Point","legalNote":"Annual inventory. Not for engineering use without City validation."},"source":{"ADRESSE":"1801 avenue McGill College","ADRESSE_R_M":"Cartographie géomatique ville","COORDONNEE_SPATIALE_X":299116.382,"COORDONNEE_SPATIALE_Y":5040344.833,"DATE_ABANDON_R_M":"Non applicable","DATE_INSTALLATION":"2024-05-22","DATE_INSTALLATION_R_M":"Plan profil","ELEVATION_TERRAIN":39.168,"ID_BI":20007875,"ID_POINT":20134503,"JURIDICTION":"LOCALE","JURIDICTION_R_M":"Direction production eau potable","PRECISION_DATE_INSTALL":"DATE INSTALLATION PRECISE","PRECISION_DATE_INSTALL_R_M":"Plan profil","PROPRIETAIRE":"VILLE DE MONTREAL","PROPRIETAIRE_R_M":"Cartographie géomatique ville","PROVENANCE_DONNEE":"RELEVE TERRAIN INTERNE","STATUT_ACTIF":"EXISTANT","STATUT_ACTIF_R_M":"Visite terrain","LATITUDE":45.50301029307689,"LONGITUDE":-73.57273199523566,"ABANDONNE_R":"NON","ABANDONNE_R_M":"Non applicable"}},"geometry":{"type":"Point","coordinates":[-73.57273199523566,45.50301029307689]}},{"type":"Feature","id":"ville-montreal/hydrant/20006855","properties":{"lab":{"objectClass":"hydrant","label":"HYDRANT","sourceId":"20006855","provider":"Ville de Montréal","providerKey":"ville-montreal","dataset":"Bornes d'incendie","datasetId":"cb4de65e-138b-4936-9d5c-2d9a0bc9b4ce","identityField":"ID_BI","sourceName":"1449-1461 rue Saint-Alexandre","license":"CC-BY 4.0","retrievedAt":"2026-08-19T19:54:33.442Z","sourceUrl":"https://donnees.montreal.ca/dataset/geolocalisation-des-bornes-fontaines","updateDate":"2026-03-18","geometryType":"Point","legalNote":"Annual inventory. Not for engineering use without City validation."},"source":{"ADRESSE":"1449-1461 rue Saint-Alexandre","ADRESSE_R_M":"Cartographie géomatique ville","COORDONNEE_SPATIALE_X":299416.256,"COORDONNEE_SPATIALE_Y":5040664.336,"DATE_ABANDON_R_M":"Non applicable","DATE_INSTALLATION":"2023-12-15","DATE_INSTALLATION_R_M":"Plan de localisation","ELEVATION_TERRAIN":34.226,"ID_BI":20006855,"ID_POINT":20080158,"JURIDICTION":"LOCALE","JURIDICTION_R_M":"Direction production eau potable","PRECISION_DATE_INSTALL":"DATE INSTALLATION DANS L'ANNEE COURANTE","PRECISION_DATE_INSTALL_R_M":"Plan de localisation","PROPRIETAIRE":"VILLE DE MONTREAL","PROPRIETAIRE_R_M":"Cartographie géomatique ville","PROVENANCE_DONNEE":"RELEVE TERRAIN INTERNE","STATUT_ACTIF":"EXISTANT","STATUT_ACTIF_R_M":"Visite terrain","LATITUDE":45.505887609865844,"LONGITUDE":-73.56889811672977,"ABANDONNE_R":"NON","ABANDONNE_R_M":"Non applicable"}},"geometry":{"type":"Point","coordinates":[-73.56889811672977,45.505887609865844]}},{"type":"Feature","id":"ville-montreal/hydrant/20006860","properties":{"lab":{"objectClass":"hydrant","label":"HYDRANT","sourceId":"20006860","provider":"Ville de Montréal","providerKey":"ville-montreal","dataset":"Bornes d'incendie","datasetId":"cb4de65e-138b-4936-9d5c-2d9a0bc9b4ce","identityField":"ID_BI","sourceName":"383 rue Mayor","license":"CC-BY 4.0","retrievedAt":"2026-08-19T19:54:33.442Z","sourceUrl":"https://donnees.montreal.ca/dataset/geolocalisation-des-bornes-fontaines","updateDate":"2026-03-18","geometryType":"Point","legalNote":"Annual inventory. Not for engineering use without City validation."},"source":{"ADRESSE":"383 rue Mayor","ADRESSE_R_M":"Cartographie géomatique ville","COORDONNEE_SPATIALE_X":299465.011,"COORDONNEE_SPATIALE_Y":5040763.779,"DATE_ABANDON_R_M":"Non applicable","DATE_INSTALLATION":"2023-12-15","DATE_INSTALLATION_R_M":"Plan de localisation","ELEVATION_TERRAIN":34.446,"ID_BI":20006860,"ID_POINT":20080162,"JURIDICTION":"LOCALE","JURIDICTION_R_M":"Direction production eau potable","PRECISION_DATE_INSTALL":"DATE INSTALLATION DANS L'ANNEE COURANTE","PRECISION_DATE_INSTALL_R_M":"Plan de localisation","PROPRIETAIRE":"VILLE DE MONTREAL","PROPRIETAIRE_R_M":"Cartographie géomatique ville","PROVENANCE_DONNEE":"RELEVE TERRAIN INTERNE","STATUT_ACTIF":"EXISTANT","STATUT_ACTIF_R_M":"Visite terrain","LATITUDE":45.5067827860469,"LONGITUDE":-73.56827527698378,"ABANDONNE_R":"NON","ABANDONNE_R_M":"Non applicable"}},"geometry":{"type":"Point","coordinates":[-73.56827527698378,45.5067827860469]}},{"type":"Feature","id":"ville-montreal/hydrant/20005635","properties":{"lab":{"objectClass":"hydrant","label":"HYDRANT","sourceId":"20005635","provider":"Ville de Montréal","providerKey":"ville-montreal","dataset":"Bornes d'incendie","datasetId":"cb4de65e-138b-4936-9d5c-2d9a0bc9b4ce","identityField":"ID_BI","sourceName":"121 rue des Soeurs-Grises","license":"CC-BY 4.0","retrievedAt":"2026-08-19T19:54:33.442Z","sourceUrl":"https://donnees.montreal.ca/dataset/geolocalisation-des-bornes-fontaines","updateDate":"2026-03-18","geometryType":"Point","legalNote":"Annual inventory. Not for engineering use without City validation."},"source":{"ADRESSE":"121 rue des Soeurs-Grises","ADRESSE_R_M":"Cartographie géomatique ville","COORDONNEE_SPATIALE_X":300448.95,"COORDONNEE_SPATIALE_Y":5039927.769,"DATE_ABANDON_R_M":"Non applicable","DATE_INSTALLATION":"2023-06-15","DATE_INSTALLATION_R_M":"Plan de localisation","ELEVATION_TERRAIN":14.426,"ID_BI":20005635,"ID_POINT":20066752,"JURIDICTION":"LOCALE","JURIDICTION_R_M":"Direction production eau potable","PRECISION_DATE_INSTALL":"DATE INSTALLATION DANS L'ANNEE COURANTE","PRECISION_DATE_INSTALL_R_M":"Plan de localisation","PROPRIETAIRE":"VILLE DE MONTREAL","PROPRIETAIRE_R_M":"Cartographie géomatique ville","PROVENANCE_DONNEE":"RELEVE TERRAIN INTERNE","STATUT_ACTIF":"EXISTANT","STATUT_ACTIF_R_M":"Visite terrain","LATITUDE":45.499266922177554,"LONGITUDE":-73.555676025606,"ABANDONNE_R":"NON","ABANDONNE_R_M":"Non applicable"}},"geometry":{"type":"Point","coordinates":[-73.555676025606,45.499266922177554]}},{"type":"Feature","id":"ville-montreal/hydrant/20007900","properties":{"lab":{"objectClass":"hydrant","label":"HYDRANT","sourceId":"20007900","provider":"Ville de Montréal","providerKey":"ville-montreal","dataset":"Bornes d'incendie","datasetId":"cb4de65e-138b-4936-9d5c-2d9a0bc9b4ce","identityField":"ID_BI","sourceName":"420-430 rue Saint-Gabriel","license":"CC-BY 4.0","retrievedAt":"2026-08-19T19:54:33.442Z","sourceUrl":"https://donnees.montreal.ca/dataset/geolocalisation-des-bornes-fontaines","updateDate":"2026-03-18","geometryType":"Point","legalNote":"Annual inventory. Not for engineering use without City validation."},"source":{"ADRESSE":"420-430 rue Saint-Gabriel","ADRESSE_R_M":"Cartographie géomatique ville","COORDONNEE_SPATIALE_X":300573.706,"COORDONNEE_SPATIALE_Y":5040745.671,"DATE_ABANDON_R_M":"Non applicable","DATE_INSTALLATION":"2014-09-01","DATE_INSTALLATION_R_M":"Plan profil proposé","ELEVATION_TERRAIN":21.273,"ID_BI":20007900,"ID_POINT":20134673,"JURIDICTION":"LOCALE","JURIDICTION_R_M":"Direction production eau potable","PRECISION_DATE_INSTALL":"DATE INSTALLATION PRECISE","PRECISION_DATE_INSTALL_R_M":"Plan profil proposé","PROPRIETAIRE":"VILLE DE MONTREAL","PROPRIETAIRE_R_M":"Cartographie géomatique ville","PROVENANCE_DONNEE":"RELEVE TERRAIN INTERNE","STATUT_ACTIF":"EXISTANT","STATUT_ACTIF_R_M":"Visite terrain","LATITUDE":45.50662738163121,"LONGITUDE":-73.55408672979324,"ABANDONNE_R":"NON","ABANDONNE_R_M":"Non applicable"}},"geometry":{"type":"Point","coordinates":[-73.55408672979324,45.50662738163121]}},{"type":"Feature","id":"ville-montreal/hydrant/20005579","properties":{"lab":{"objectClass":"hydrant","label":"HYDRANT","sourceId":"20005579","provider":"Ville de Montréal","providerKey":"ville-montreal","dataset":"Bornes d'incendie","datasetId":"cb4de65e-138b-4936-9d5c-2d9a0bc9b4ce","identityField":"ID_BI","sourceName":"1100 rue De Bleury","license":"CC-BY 4.0","retrievedAt":"2026-08-19T19:54:33.442Z","sourceUrl":"https://donnees.montreal.ca/dataset/geolocalisation-des-bornes-fontaines","updateDate":"2026-03-18","geometryType":"Point","legalNote":"Annual inventory. Not for engineering use without City validation."},"source":{"ADRESSE":"1100 rue De Bleury","ADRESSE_R_M":"Cartographie géomatique ville","COORDONNEE_SPATIALE_X":299822.831,"COORDONNEE_SPATIALE_Y":5040524.806,"DATE_ABANDON_R_M":"Non applicable","DATE_INSTALLATION":"2022-07-15","DATE_INSTALLATION_R_M":"Plan balayé","ELEVATION_TERRAIN":23.555,"ID_BI":20005579,"ID_POINT":20066167,"JURIDICTION":"LOCALE","JURIDICTION_R_M":"Direction épuration eaux usées","PRECISION_DATE_INSTALL":"DATE INSTALLATION PRECISE 6 MOIS MAXIMUM","PRECISION_DATE_INSTALL_R_M":"Plan balayé","PROPRIETAIRE":"VILLE DE MONTREAL","PROPRIETAIRE_R_M":"Cartographie géomatique ville","PROVENANCE_DONNEE":"RELEVE TERRAIN INTERNE","STATUT_ACTIF":"EXISTANT","STATUT_ACTIF_R_M":"Visite terrain","LATITUDE":45.50463505448763,"LONGITUDE":-73.56369353746231,"ABANDONNE_R":"NON","ABANDONNE_R_M":"Non applicable"}},"geometry":{"type":"Point","coordinates":[-73.56369353746231,45.50463505448763]}},{"type":"Feature","id":"ville-montreal/hydrant/20005948","properties":{"lab":{"objectClass":"hydrant","label":"HYDRANT","sourceId":"20005948","provider":"Ville de Montréal","providerKey":"ville-montreal","dataset":"Bornes d'incendie","datasetId":"cb4de65e-138b-4936-9d5c-2d9a0bc9b4ce","identityField":"ID_BI","sourceName":"375 rue de la Concorde","license":"CC-BY 4.0","retrievedAt":"2026-08-19T19:54:33.442Z","sourceUrl":"https://donnees.montreal.ca/dataset/geolocalisation-des-bornes-fontaines","updateDate":"2026-03-18","geometryType":"Point","legalNote":"Annual inventory. Not for engineering use without City validation."},"source":{"ADRESSE":"375 rue de la Concorde","ADRESSE_R_M":"Cartographie géomatique ville","COORDONNEE_SPATIALE_X":299300.828,"COORDONNEE_SPATIALE_Y":5040849.721,"DATE_ABANDON_R_M":"Non applicable","DATE_INSTALLATION":"2019-11-19","DATE_INSTALLATION_R_M":"Plan de localisation","ELEVATION_TERRAIN":37.212,"ID_BI":20005948,"ID_POINT":20070950,"JURIDICTION":"LOCALE","JURIDICTION_R_M":"Direction production eau potable","PRECISION_DATE_INSTALL":"DATE INSTALLATION DANS L'ANNEE COURANTE","PRECISION_DATE_INSTALL_R_M":"Plan de localisation","PROPRIETAIRE":"VILLE DE MONTREAL","PROPRIETAIRE_R_M":"Cartographie géomatique ville","PROVENANCE_DONNEE":"RELEVE TERRAIN INTERNE","STATUT_ACTIF":"EXISTANT","STATUT_ACTIF_R_M":"Visite terrain","LATITUDE":45.50755484103386,"LONGITUDE":-73.57037747949656,"ABANDONNE_R":"NON","ABANDONNE_R_M":"Non applicable"}},"geometry":{"type":"Point","coordinates":[-73.57037747949656,45.50755484103386]}},{"type":"Feature","id":"ville-montreal/hydrant/20005610","properties":{"lab":{"objectClass":"hydrant","label":"HYDRANT","sourceId":"20005610","provider":"Ville de Montréal","providerKey":"ville-montreal","dataset":"Bornes d'incendie","datasetId":"cb4de65e-138b-4936-9d5c-2d9a0bc9b4ce","identityField":"ID_BI","sourceName":"1205 rue Sainte-Catherine Ouest","license":"CC-BY 4.0","retrievedAt":"2026-08-19T19:54:33.442Z","sourceUrl":"https://donnees.montreal.ca/dataset/geolocalisation-des-bornes-fontaines","updateDate":"2026-03-18","geometryType":"Point","legalNote":"Annual inventory. Not for engineering use without City validation."},"source":{"ADRESSE":"1205 rue Sainte-Catherine Ouest","ADRESSE_R_M":"Cartographie géomatique ville","COORDONNEE_SPATIALE_X":298989.009,"COORDONNEE_SPATIALE_Y":5039871.248,"DATE_ABANDON_R_M":"Non applicable","DATE_INSTALLATION":"2022-07-18","DATE_INSTALLATION_R_M":"Plan balayé","ELEVATION_TERRAIN":40.304,"ID_BI":20005610,"ID_POINT":20066474,"JURIDICTION":"LOCALE","JURIDICTION_R_M":"Direction production eau potable","PRECISION_DATE_INSTALL":"DATE INSTALLATION PRECISE AU MOIS COURANT","PRECISION_DATE_INSTALL_R_M":"Plan balayé","PROPRIETAIRE":"VILLE DE MONTREAL","PROPRIETAIRE_R_M":"Cartographie géomatique ville","PROVENANCE_DONNEE":"RELEVE TERRAIN INTERNE","STATUT_ACTIF":"EXISTANT","STATUT_ACTIF_R_M":"Visite terrain","LATITUDE":45.49874771560166,"LONGITUDE":-73.57435628777345,"ABANDONNE_R":"NON","ABANDONNE_R_M":"Non applicable"}},"geometry":{"type":"Point","coordinates":[-73.57435628777345,45.49874771560166]}},{"type":"Feature","id":"ville-montreal/hydrant/20005611","properties":{"lab":{"objectClass":"hydrant","label":"HYDRANT","sourceId":"20005611","provider":"Ville de Montréal","providerKey":"ville-montreal","dataset":"Bornes d'incendie","datasetId":"cb4de65e-138b-4936-9d5c-2d9a0bc9b4ce","identityField":"ID_BI","sourceName":"1222 boulevard De Maisonneuve Ouest","license":"CC-BY 4.0","retrievedAt":"2026-08-19T19:54:33.442Z","sourceUrl":"https://donnees.montreal.ca/dataset/geolocalisation-des-bornes-fontaines","updateDate":"2026-03-18","geometryType":"Point","legalNote":"Annual inventory. Not for engineering use without City validation."},"source":{"ADRESSE":"1222 boulevard De Maisonneuve Ouest","ADRESSE_R_M":"Cartographie géomatique ville","COORDONNEE_SPATIALE_X":298866.871,"COORDONNEE_SPATIALE_Y":5039955.588,"DATE_ABANDON_R_M":"Non applicable","DATE_INSTALLATION":"2022-07-18","DATE_INSTALLATION_R_M":"Plan balayé","ELEVATION_TERRAIN":44.539,"ID_BI":20005611,"ID_POINT":20066479,"JURIDICTION":"LOCALE","JURIDICTION_R_M":"Direction production eau potable","PRECISION_DATE_INSTALL":"DATE INSTALLATION PRECISE AU MOIS COURANT","PRECISION_DATE_INSTALL_R_M":"Plan balayé","PROPRIETAIRE":"VILLE DE MONTREAL","PROPRIETAIRE_R_M":"Cartographie géomatique ville","PROVENANCE_DONNEE":"RELEVE TERRAIN INTERNE","STATUT_ACTIF":"EXISTANT","STATUT_ACTIF_R_M":"Visite terrain","LATITUDE":45.49950561542842,"LONGITUDE":-73.575920144392,"ABANDONNE_R":"NON","ABANDONNE_R_M":"Non applicable"}},"geometry":{"type":"Point","coordinates":[-73.575920144392,45.49950561542842]}},{"type":"Feature","id":"ville-montreal/hydrant/20005061","properties":{"lab":{"objectClass":"hydrant","label":"HYDRANT","sourceId":"20005061","provider":"Ville de Montréal","providerKey":"ville-montreal","dataset":"Bornes d'incendie","datasetId":"cb4de65e-138b-4936-9d5c-2d9a0bc9b4ce","identityField":"ID_BI","sourceName":"944 rue Saint-Paul Ouest","license":"CC-BY 4.0","retrievedAt":"2026-08-19T19:54:33.442Z","sourceUrl":"https://donnees.montreal.ca/dataset/geolocalisation-des-bornes-fontaines","updateDate":"2026-03-18","geometryType":"Point","legalNote":"Annual inventory. Not for engineering use without City validation."},"source":{"ADRESSE":"944 rue Saint-Paul Ouest","ADRESSE_R_M":"Cartographie géomatique ville","COORDONNEE_SPATIALE_X":300048.77,"COORDONNEE_SPATIALE_Y":5039634.725,"DATE_ABANDON_R_M":"Non applicable","DATE_INSTALLATION":"2023-01-01","DATE_INSTALLATION_R_M":"À valider","ELEVATION_TERRAIN":14.481,"ID_BI":20005061,"ID_POINT":20059436,"JURIDICTION":"LOCALE","JURIDICTION_R_M":"Direction production eau potable","PRECISION_DATE_INSTALL":"DATE INSTALLATION DANS L'ANNEE COURANTE","PRECISION_DATE_INSTALL_R_M":"À valider","PROPRIETAIRE":"VILLE DE MONTREAL","PROPRIETAIRE_R_M":"Cartographie géomatique ville","PROVENANCE_DONNEE":"RELEVE TERRAIN INTERNE","STATUT_ACTIF":"EXISTANT","STATUT_ACTIF_R_M":"Visite terrain","LATITUDE":45.49662733556855,"LONGITUDE":-73.56079380445846,"ABANDONNE_R":"NON","ABANDONNE_R_M":"Non applicable"}},"geometry":{"type":"Point","coordinates":[-73.56079380445846,45.49662733556855]}},{"type":"Feature","id":"ville-montreal/hydrant/20007940","properties":{"lab":{"objectClass":"hydrant","label":"HYDRANT","sourceId":"20007940","provider":"Ville de Montréal","providerKey":"ville-montreal","dataset":"Bornes d'incendie","datasetId":"cb4de65e-138b-4936-9d5c-2d9a0bc9b4ce","identityField":"ID_BI","sourceName":"155 rue Notre-Dame Est","license":"CC-BY 4.0","retrievedAt":"2026-08-19T19:54:33.442Z","sourceUrl":"https://donnees.montreal.ca/dataset/geolocalisation-des-bornes-fontaines","updateDate":"2026-03-18","geometryType":"Point","legalNote":"Annual inventory. Not for engineering use without City validation."},"source":{"ADRESSE":"155 rue Notre-Dame Est","ADRESSE_R_M":"Cartographie géomatique ville","COORDONNEE_SPATIALE_X":300447.254,"COORDONNEE_SPATIALE_Y":5040994.494,"DATE_ABANDON_R_M":"Non applicable","DATE_INSTALLATION":"2024-01-01","DATE_INSTALLATION_R_M":"Visite terrain","ELEVATION_TERRAIN":15.725,"ID_BI":20007940,"ID_POINT":20134933,"JURIDICTION":"LOCALE","JURIDICTION_R_M":"Direction production eau potable","PRECISION_DATE_INSTALL":"DATE INSTALLATION PRECISE 6 MOIS MAXIMUM","PRECISION_DATE_INSTALL_R_M":"Visite terrain","PROPRIETAIRE":"VILLE DE MONTREAL","PROPRIETAIRE_R_M":"Cartographie géomatique ville","PROVENANCE_DONNEE":"RELEVE TERRAIN INTERNE","STATUT_ACTIF":"EXISTANT","STATUT_ACTIF_R_M":"Visite terrain","LATITUDE":45.50886565113905,"LONGITUDE":-73.55570699461259,"ABANDONNE_R":"NON","ABANDONNE_R_M":"Non applicable"}},"geometry":{"type":"Point","coordinates":[-73.55570699461259,45.50886565113905]}},{"type":"Feature","id":"ville-montreal/hydrant/20005710","properties":{"lab":{"objectClass":"hydrant","label":"HYDRANT","sourceId":"20005710","provider":"Ville de Montréal","providerKey":"ville-montreal","dataset":"Bornes d'incendie","datasetId":"cb4de65e-138b-4936-9d5c-2d9a0bc9b4ce","identityField":"ID_BI","sourceName":"350 rue de l' Inspecteur","license":"CC-BY 4.0","retrievedAt":"2026-08-19T19:54:33.442Z","sourceUrl":"https://donnees.montreal.ca/dataset/geolocalisation-des-bornes-fontaines","updateDate":"2026-03-18","geometryType":"Point","legalNote":"Annual inventory. Not for engineering use without City validation."},"source":{"ADRESSE":"350 rue de l' Inspecteur","ADRESSE_R_M":"Cartographie géomatique ville","COORDONNEE_SPATIALE_X":300099.409,"COORDONNEE_SPATIALE_Y":5039570.066,"DATE_ABANDON_R_M":"Non applicable","DATE_INSTALLATION":"2022-07-18","DATE_INSTALLATION_R_M":"Plan de localisation","ELEVATION_TERRAIN":14.425,"ID_BI":20005710,"ID_POINT":20067861,"JURIDICTION":"LOCALE","JURIDICTION_R_M":"Direction production eau potable","PRECISION_DATE_INSTALL":"DATE INSTALLATION PRECISE","PRECISION_DATE_INSTALL_R_M":"Plan de localisation","PROPRIETAIRE":"VILLE DE MONTREAL","PROPRIETAIRE_R_M":"Cartographie géomatique ville","PROVENANCE_DONNEE":"RELEVE TERRAIN INTERNE","STATUT_ACTIF":"EXISTANT","STATUT_ACTIF_R_M":"Visite terrain","LATITUDE":45.49604586543971,"LONGITUDE":-73.56014525360456,"ABANDONNE_R":"NON","ABANDONNE_R_M":"Non applicable"}},"geometry":{"type":"Point","coordinates":[-73.56014525360456,45.49604586543971]}},{"type":"Feature","id":"ville-montreal/hydrant/20007961","properties":{"lab":{"objectClass":"hydrant","label":"HYDRANT","sourceId":"20007961","provider":"Ville de Montréal","providerKey":"ville-montreal","dataset":"Bornes d'incendie","datasetId":"cb4de65e-138b-4936-9d5c-2d9a0bc9b4ce","identityField":"ID_BI","sourceName":"1471-1487 rue Aylmer","license":"CC-BY 4.0","retrievedAt":"2026-08-19T19:54:33.442Z","sourceUrl":"https://donnees.montreal.ca/dataset/geolocalisation-des-bornes-fontaines","updateDate":"2026-03-18","geometryType":"Point","legalNote":"Annual inventory. Not for engineering use without City validation."},"source":{"ADRESSE":"1471-1487 rue Aylmer","ADRESSE_R_M":"Cartographie géomatique ville","COORDONNEE_SPATIALE_X":299343.655,"COORDONNEE_SPATIALE_Y":5040561.635,"DATE_ABANDON_R_M":"Non applicable","DATE_INSTALLATION":"2024-05-29","DATE_INSTALLATION_R_M":"Plan profil proposé","ELEVATION_TERRAIN":36.168,"ID_BI":20007961,"ID_POINT":20135054,"JURIDICTION":"LOCALE","JURIDICTION_R_M":"Direction production eau potable","PRECISION_DATE_INSTALL":"DATE INSTALLATION PRECISE","PRECISION_DATE_INSTALL_R_M":"Plan profil proposé","PROPRIETAIRE":"VILLE DE MONTREAL","PROPRIETAIRE_R_M":"Cartographie géomatique ville","PROVENANCE_DONNEE":"RELEVE TERRAIN INTERNE","STATUT_ACTIF":"EXISTANT","STATUT_ACTIF_R_M":"Visite terrain","LATITUDE":45.5049629349633,"LONGITUDE":-73.56982606467336,"ABANDONNE_R":"NON","ABANDONNE_R_M":"Non applicable"}},"geometry":{"type":"Point","coordinates":[-73.56982606467336,45.5049629349633]}},{"type":"Feature","id":"ville-montreal/hydrant/20003287","properties":{"lab":{"objectClass":"hydrant","label":"HYDRANT","sourceId":"20003287","provider":"Ville de Montréal","providerKey":"ville-montreal","dataset":"Bornes d'incendie","datasetId":"cb4de65e-138b-4936-9d5c-2d9a0bc9b4ce","identityField":"ID_BI","sourceName":"1408-1440 rue Saint-Alexandre","license":"CC-BY 4.0","retrievedAt":"2026-08-19T19:54:33.442Z","sourceUrl":"https://donnees.montreal.ca/dataset/geolocalisation-des-bornes-fontaines","updateDate":"2026-03-18","geometryType":"Point","legalNote":"Annual inventory. Not for engineering use without City validation."},"source":{"ADRESSE":"1408-1440 rue Saint-Alexandre","ADRESSE_R_M":"Cartographie géomatique ville","COORDONNEE_SPATIALE_X":299496.957,"COORDONNEE_SPATIALE_Y":5040601.235,"DATE_ABANDON_R_M":"Non applicable","DATE_INSTALLATION":"2019-07-04","DATE_INSTALLATION_R_M":"Plan profil","ELEVATION_TERRAIN":36.521,"ID_BI":20003287,"ID_POINT":20033585,"JURIDICTION":"LOCALE","JURIDICTION_R_M":"Direction production eau potable","PRECISION_DATE_INSTALL":"DATE INSTALLATION DANS L'ANNEE COURANTE","PRECISION_DATE_INSTALL_R_M":"Plan profil","PROPRIETAIRE":"VILLE DE MONTREAL","PROPRIETAIRE_R_M":"Cartographie géomatique ville","PROVENANCE_DONNEE":"RELEVE TERRAIN INTERNE","STATUT_ACTIF":"EXISTANT","STATUT_ACTIF_R_M":"Visite terrain","LATITUDE":45.50532042342571,"LONGITUDE":-73.56786462658387,"ABANDONNE_R":"NON","ABANDONNE_R_M":"Non applicable"}},"geometry":{"type":"Point","coordinates":[-73.56786462658387,45.50532042342571]}},{"type":"Feature","id":"ville-montreal/hydrant/20003288","properties":{"lab":{"objectClass":"hydrant","label":"HYDRANT","sourceId":"20003288","provider":"Ville de Montréal","providerKey":"ville-montreal","dataset":"Bornes d'incendie","datasetId":"cb4de65e-138b-4936-9d5c-2d9a0bc9b4ce","identityField":"ID_BI","sourceName":"350 rue Sainte-Catherine Ouest","license":"CC-BY 4.0","retrievedAt":"2026-08-19T19:54:33.442Z","sourceUrl":"https://donnees.montreal.ca/dataset/geolocalisation-des-bornes-fontaines","updateDate":"2026-03-18","geometryType":"Point","legalNote":"Annual inventory. Not for engineering use without City validation."},"source":{"ADRESSE":"350 rue Sainte-Catherine Ouest","ADRESSE_R_M":"Cartographie géomatique ville","COORDONNEE_SPATIALE_X":299536.958,"COORDONNEE_SPATIALE_Y":5040646.744,"DATE_ABANDON_R_M":"Non applicable","DATE_INSTALLATION":"2019-07-04","DATE_INSTALLATION_R_M":"Plan profil","ELEVATION_TERRAIN":36.39,"ID_BI":20003288,"ID_POINT":20033596,"JURIDICTION":"LOCALE","JURIDICTION_R_M":"Direction production eau potable","PRECISION_DATE_INSTALL":"DATE INSTALLATION DANS L'ANNEE COURANTE","PRECISION_DATE_INSTALL_R_M":"Plan profil","PROPRIETAIRE":"VILLE DE MONTREAL","PROPRIETAIRE_R_M":"Cartographie géomatique ville","PROVENANCE_DONNEE":"RELEVE TERRAIN INTERNE","STATUT_ACTIF":"EXISTANT","STATUT_ACTIF_R_M":"Visite terrain","LATITUDE":45.505730220878284,"LONGITUDE":-73.56735321256738,"ABANDONNE_R":"NON","ABANDONNE_R_M":"Non applicable"}},"geometry":{"type":"Point","coordinates":[-73.56735321256738,45.505730220878284]}},{"type":"Feature","id":"ville-montreal/hydrant/20003290","properties":{"lab":{"objectClass":"hydrant","label":"HYDRANT","sourceId":"20003290","provider":"Ville de Montréal","providerKey":"ville-montreal","dataset":"Bornes d'incendie","datasetId":"cb4de65e-138b-4936-9d5c-2d9a0bc9b4ce","identityField":"ID_BI","sourceName":"1256 rue De Bleury","license":"CC-BY 4.0","retrievedAt":"2026-08-19T19:54:33.442Z","sourceUrl":"https://donnees.montreal.ca/dataset/geolocalisation-des-bornes-fontaines","updateDate":"2026-03-18","geometryType":"Point","legalNote":"Annual inventory. Not for engineering use without City validation."},"source":{"ADRESSE":"1256 rue De Bleury","ADRESSE_R_M":"Cartographie géomatique ville","COORDONNEE_SPATIALE_X":299558.088,"COORDONNEE_SPATIALE_Y":5040700.762,"DATE_ABANDON_R_M":"Non applicable","DATE_INSTALLATION":"2019-07-04","DATE_INSTALLATION_R_M":"Plan profil","ELEVATION_TERRAIN":35.832,"ID_BI":20003290,"ID_POINT":20033604,"JURIDICTION":"LOCALE","JURIDICTION_R_M":"Direction production eau potable","PRECISION_DATE_INSTALL":"DATE INSTALLATION DANS L'ANNEE COURANTE","PRECISION_DATE_INSTALL_R_M":"Plan profil","PROPRIETAIRE":"VILLE DE MONTREAL","PROPRIETAIRE_R_M":"Cartographie géomatique ville","PROVENANCE_DONNEE":"RELEVE TERRAIN INTERNE","STATUT_ACTIF":"EXISTANT","STATUT_ACTIF_R_M":"Visite terrain","LATITUDE":45.506216443542876,"LONGITUDE":-73.5670833902268,"ABANDONNE_R":"NON","ABANDONNE_R_M":"Non applicable"}},"geometry":{"type":"Point","coordinates":[-73.5670833902268,45.506216443542876]}},{"type":"Feature","id":"ville-montreal/hydrant/20007621","properties":{"lab":{"objectClass":"hydrant","label":"HYDRANT","sourceId":"20007621","provider":"Ville de Montréal","providerKey":"ville-montreal","dataset":"Bornes d'incendie","datasetId":"cb4de65e-138b-4936-9d5c-2d9a0bc9b4ce","identityField":"ID_BI","sourceName":"54-56 rue Notre-Dame Ouest","license":"CC-BY 4.0","retrievedAt":"2026-08-19T19:54:33.442Z","sourceUrl":"https://donnees.montreal.ca/dataset/geolocalisation-des-bornes-fontaines","updateDate":"2026-03-18","geometryType":"Point","legalNote":"Annual inventory. Not for engineering use without City validation."},"source":{"ADRESSE":"54-56 rue Notre-Dame Ouest","ADRESSE_R_M":"Cartographie géomatique ville","COORDONNEE_SPATIALE_X":300413.622,"COORDONNEE_SPATIALE_Y":5040619.89,"DATE_ABANDON_R_M":"Non applicable","DATE_INSTALLATION":"2019-01-01","DATE_INSTALLATION_R_M":"Visite terrain","ELEVATION_TERRAIN":24.413,"ID_BI":20007621,"ID_POINT":20132138,"JURIDICTION":"LOCALE","JURIDICTION_R_M":"Direction production eau potable","PRECISION_DATE_INSTALL":"DATE INSTALLATION DANS L'ANNEE COURANTE","PRECISION_DATE_INSTALL_R_M":"Visite terrain","PROPRIETAIRE":"VILLE DE MONTREAL","PROPRIETAIRE_R_M":"Cartographie géomatique ville","PROVENANCE_DONNEE":"RELEVE TERRAIN INTERNE","STATUT_ACTIF":"EXISTANT","STATUT_ACTIF_R_M":"Visite terrain","LATITUDE":45.50549456859805,"LONGITUDE":-73.55613426346602,"ABANDONNE_R":"NON","ABANDONNE_R_M":"Non applicable"}},"geometry":{"type":"Point","coordinates":[-73.55613426346602,45.50549456859805]}},{"type":"Feature","id":"ville-montreal/hydrant/20007963","properties":{"lab":{"objectClass":"hydrant","label":"HYDRANT","sourceId":"20007963","provider":"Ville de Montréal","providerKey":"ville-montreal","dataset":"Bornes d'incendie","datasetId":"cb4de65e-138b-4936-9d5c-2d9a0bc9b4ce","identityField":"ID_BI","sourceName":"1450-1480 rue City Councillors","license":"CC-BY 4.0","retrievedAt":"2026-08-19T19:54:33.442Z","sourceUrl":"https://donnees.montreal.ca/dataset/geolocalisation-des-bornes-fontaines","updateDate":"2026-03-18","geometryType":"Point","legalNote":"Annual inventory. Not for engineering use without City validation."},"source":{"ADRESSE":"1450-1480 rue City Councillors","ADRESSE_R_M":"Cartographie géomatique ville","COORDONNEE_SPATIALE_X":299377.179,"COORDONNEE_SPATIALE_Y":5040601.45,"DATE_ABANDON_R_M":"Non applicable","DATE_INSTALLATION":"2024-03-11","DATE_INSTALLATION_R_M":"Plan profil proposé","ELEVATION_TERRAIN":35.339,"ID_BI":20007963,"ID_POINT":20135062,"JURIDICTION":"LOCALE","JURIDICTION_R_M":"Direction production eau potable","PRECISION_DATE_INSTALL":"DATE INSTALLATION PRECISE","PRECISION_DATE_INSTALL_R_M":"Plan profil proposé","PROPRIETAIRE":"VILLE DE MONTREAL","PROPRIETAIRE_R_M":"Cartographie géomatique ville","PROVENANCE_DONNEE":"RELEVE TERRAIN INTERNE","STATUT_ACTIF":"EXISTANT","STATUT_ACTIF_R_M":"Visite terrain","LATITUDE":45.50532145321674,"LONGITUDE":-73.56939749614871,"ABANDONNE_R":"NON","ABANDONNE_R_M":"Non applicable"}},"geometry":{"type":"Point","coordinates":[-73.56939749614871,45.50532145321674]}},{"type":"Feature","id":"ville-montreal/hydrant/20004192","properties":{"lab":{"objectClass":"hydrant","label":"HYDRANT","sourceId":"20004192","provider":"Ville de Montréal","providerKey":"ville-montreal","dataset":"Bornes d'incendie","datasetId":"cb4de65e-138b-4936-9d5c-2d9a0bc9b4ce","identityField":"ID_BI","sourceName":"1055 boulevard René-Lévesque Ouest","license":"CC-BY 4.0","retrievedAt":"2026-08-19T19:54:33.442Z","sourceUrl":"https://donnees.montreal.ca/dataset/geolocalisation-des-bornes-fontaines","updateDate":"2026-03-18","geometryType":"Point","legalNote":"Annual inventory. Not for engineering use without City validation."},"source":{"ADRESSE":"1055 boulevard René-Lévesque Ouest","ADRESSE_R_M":"Cartographie géomatique ville","COORDONNEE_SPATIALE_X":299372.479,"COORDONNEE_SPATIALE_Y":5039944.952,"DATE_ABANDON_R_M":"Non applicable","DATE_INSTALLATION":"2023-03-05","DATE_INSTALLATION_R_M":"Échange écrit/verbal arrondissement","ELEVATION_TERRAIN":37.067,"ID_BI":20004192,"ID_POINT":20044941,"JURIDICTION":"LOCALE","JURIDICTION_R_M":"Direction production eau potable","PRECISION_DATE_INSTALL":"DATE INSTALLATION PRECISE","PRECISION_DATE_INSTALL_R_M":"Échange écrit/verbal arrondissement","PROPRIETAIRE":"VILLE DE MONTREAL","PROPRIETAIRE_R_M":"Cartographie géomatique ville","PROVENANCE_DONNEE":"RELEVE TERRAIN INTERNE","STATUT_ACTIF":"EXISTANT","STATUT_ACTIF_R_M":"Visite terrain","LATITUDE":45.499414002253594,"LONGITUDE":-73.56945034934009,"ABANDONNE_R":"NON","ABANDONNE_R_M":"Non applicable"}},"geometry":{"type":"Point","coordinates":[-73.56945034934009,45.499414002253594]}},{"type":"Feature","id":"ville-montreal/hydrant/20005057","properties":{"lab":{"objectClass":"hydrant","label":"HYDRANT","sourceId":"20005057","provider":"Ville de Montréal","providerKey":"ville-montreal","dataset":"Bornes d'incendie","datasetId":"cb4de65e-138b-4936-9d5c-2d9a0bc9b4ce","identityField":"ID_BI","sourceName":"3438 rue McTavish","license":"CC-BY 4.0","retrievedAt":"2026-08-19T19:54:33.442Z","sourceUrl":"https://donnees.montreal.ca/dataset/geolocalisation-des-bornes-fontaines","updateDate":"2026-03-18","geometryType":"Point","legalNote":"Annual inventory. Not for engineering use without City validation."},"source":{"ADRESSE":"3438 rue McTavish","ADRESSE_R_M":"Cartographie géomatique ville","COORDONNEE_SPATIALE_X":298779.951,"COORDONNEE_SPATIALE_Y":5040372.506,"DATE_ABANDON_R_M":"Non applicable","DATE_INSTALLATION":"2016-04-29","DATE_INSTALLATION_R_M":"Plan profil","ELEVATION_TERRAIN":47.394,"ID_BI":20005057,"ID_POINT":20059403,"JURIDICTION":"LOCALE","JURIDICTION_R_M":"Direction production eau potable","PRECISION_DATE_INSTALL":"DATE INSTALLATION PRECISE","PRECISION_DATE_INSTALL_R_M":"Plan profil","PROPRIETAIRE":"VILLE DE MONTREAL","PROPRIETAIRE_R_M":"Cartographie géomatique ville","PROVENANCE_DONNEE":"RELEVE TERRAIN INTERNE","STATUT_ACTIF":"EXISTANT","STATUT_ACTIF_R_M":"Visite terrain","LATITUDE":45.50325647649519,"LONGITUDE":-73.57703758408152,"ABANDONNE_R":"NON","ABANDONNE_R_M":"Non applicable"}},"geometry":{"type":"Point","coordinates":[-73.57703758408152,45.50325647649519]}},{"type":"Feature","id":"ville-montreal/hydrant/10008035","properties":{"lab":{"objectClass":"hydrant","label":"HYDRANT","sourceId":"10008035","provider":"Ville de Montréal","providerKey":"ville-montreal","dataset":"Bornes d'incendie","datasetId":"cb4de65e-138b-4936-9d5c-2d9a0bc9b4ce","identityField":"ID_BI","sourceName":"1235-1259 rue du Square-Phillips","license":"CC-BY 4.0","retrievedAt":"2026-08-19T19:54:33.442Z","sourceUrl":"https://donnees.montreal.ca/dataset/geolocalisation-des-bornes-fontaines","updateDate":"2026-03-18","geometryType":"Point","legalNote":"Annual inventory. Not for engineering use without City validation."},"source":{"ADRESSE":"1235-1259 rue du Square-Phillips","ADRESSE_R_M":"Cartographie géomatique ville","COORDONNEE_SPATIALE_X":299441.399,"COORDONNEE_SPATIALE_Y":5040471.813,"DATE_ABANDON_R_M":"Non applicable","DATE_INSTALLATION":"2016-01-01","DATE_INSTALLATION_R_M":"Visite terrain","ELEVATION_TERRAIN":35.838,"ID_BI":10008035,"ID_POINT":12234010,"JURIDICTION":"LOCALE","JURIDICTION_R_M":"À valider","PRECISION_DATE_INSTALL":"DATE INSTALLATION DANS L'ANNEE COURANTE","PRECISION_DATE_INSTALL_R_M":"Visite terrain","PROPRIETAIRE":"VILLE DE MONTREAL","PROPRIETAIRE_R_M":"Cartographie géomatique ville","PROVENANCE_DONNEE":"RELEVE TERRAIN INTERNE","STATUT_ACTIF":"EXISTANT","STATUT_ACTIF_R_M":"Visite terrain","LATITUDE":45.50415544265721,"LONGITUDE":-73.56857417902418,"ABANDONNE_R":"NON","ABANDONNE_R_M":"Non applicable"}},"geometry":{"type":"Point","coordinates":[-73.56857417902418,45.50415544265721]}},{"type":"Feature","id":"ville-montreal/hydrant/10007522","properties":{"lab":{"objectClass":"hydrant","label":"HYDRANT","sourceId":"10007522","provider":"Ville de Montréal","providerKey":"ville-montreal","dataset":"Bornes d'incendie","datasetId":"cb4de65e-138b-4936-9d5c-2d9a0bc9b4ce","identityField":"ID_BI","sourceName":"800 rue Saint-Jacques","license":"CC-BY 4.0","retrievedAt":"2026-08-19T19:54:33.442Z","sourceUrl":"https://donnees.montreal.ca/dataset/geolocalisation-des-bornes-fontaines","updateDate":"2026-03-18","geometryType":"Point","legalNote":"Annual inventory. Not for engineering use without City validation."},"source":{"ADRESSE":"800 rue Saint-Jacques","ADRESSE_R_M":"Cartographie géomatique ville","COORDONNEE_SPATIALE_X":299975.402,"COORDONNEE_SPATIALE_Y":5039880.615,"DATE_ABANDON_R_M":"Non applicable","DATE_INSTALLATION":"2017-05-23","DATE_INSTALLATION_R_M":"Plan profil","ELEVATION_TERRAIN":15.676,"ID_BI":10007522,"ID_POINT":12227977,"JURIDICTION":"LOCALE","JURIDICTION_R_M":"Direction épuration eaux usées","PRECISION_DATE_INSTALL":"DATE INSTALLATION DANS L'ANNEE COURANTE","PRECISION_DATE_INSTALL_R_M":"Plan profil","PROPRIETAIRE":"VILLE DE MONTREAL","PROPRIETAIRE_R_M":"Cartographie géomatique ville","PROVENANCE_DONNEE":"RELEVE TERRAIN INTERNE","STATUT_ACTIF":"EXISTANT","STATUT_ACTIF_R_M":"Visite terrain","LATITUDE":45.49883937293581,"LONGITUDE":-73.56173499312925,"ABANDONNE_R":"NON","ABANDONNE_R_M":"Non applicable"}},"geometry":{"type":"Point","coordinates":[-73.56173499312925,45.49883937293581]}},{"type":"Feature","id":"ville-montreal/hydrant/10007523","properties":{"lab":{"objectClass":"hydrant","label":"HYDRANT","sourceId":"10007523","provider":"Ville de Montréal","providerKey":"ville-montreal","dataset":"Bornes d'incendie","datasetId":"cb4de65e-138b-4936-9d5c-2d9a0bc9b4ce","identityField":"ID_BI","sourceName":"344 boulevard Robert-Bourassa","license":"CC-BY 4.0","retrievedAt":"2026-08-19T19:54:33.442Z","sourceUrl":"https://donnees.montreal.ca/dataset/geolocalisation-des-bornes-fontaines","updateDate":"2026-03-18","geometryType":"Point","legalNote":"Annual inventory. Not for engineering use without City validation."},"source":{"ADRESSE":"344 boulevard Robert-Bourassa","ADRESSE_R_M":"Cartographie géomatique ville","COORDONNEE_SPATIALE_X":300038.379,"COORDONNEE_SPATIALE_Y":5039823.765,"DATE_ABANDON_R_M":"Non applicable","DATE_INSTALLATION":"2017-05-23","DATE_INSTALLATION_R_M":"Plan profil","ELEVATION_TERRAIN":16.327,"ID_BI":10007523,"ID_POINT":12227979,"JURIDICTION":"LOCALE","JURIDICTION_R_M":"Direction épuration eaux usées","PRECISION_DATE_INSTALL":"DATE INSTALLATION DANS L'ANNEE COURANTE","PRECISION_DATE_INSTALL_R_M":"Plan profil","PROPRIETAIRE":"VILLE DE MONTREAL","PROPRIETAIRE_R_M":"Cartographie géomatique ville","PROVENANCE_DONNEE":"RELEVE TERRAIN INTERNE","STATUT_ACTIF":"EXISTANT","STATUT_ACTIF_R_M":"Visite terrain","LATITUDE":45.49832827900931,"LONGITUDE":-73.56092860489719,"ABANDONNE_R":"NON","ABANDONNE_R_M":"Non applicable"}},"geometry":{"type":"Point","coordinates":[-73.56092860489719,45.49832827900931]}},{"type":"Feature","id":"ville-montreal/hydrant/10007567","properties":{"lab":{"objectClass":"hydrant","label":"HYDRANT","sourceId":"10007567","provider":"Ville de Montréal","providerKey":"ville-montreal","dataset":"Bornes d'incendie","datasetId":"cb4de65e-138b-4936-9d5c-2d9a0bc9b4ce","identityField":"ID_BI","sourceName":"3615 rue Aylmer","license":"CC-BY 4.0","retrievedAt":"2026-08-19T19:54:33.442Z","sourceUrl":"https://donnees.montreal.ca/dataset/geolocalisation-des-bornes-fontaines","updateDate":"2026-03-18","geometryType":"Point","legalNote":"Annual inventory. Not for engineering use without City validation."},"source":{"ADRESSE":"3615 rue Aylmer","ADRESSE_R_M":"Cartographie géomatique ville","COORDONNEE_SPATIALE_X":298740.682,"COORDONNEE_SPATIALE_Y":5040967.835,"DATE_ABANDON_R_M":"Non applicable","DATE_INSTALLATION":"2016-07-08","DATE_INSTALLATION_R_M":"Plan balayé","ELEVATION_TERRAIN":48.125,"ID_BI":10007567,"ID_POINT":12228551,"JURIDICTION":"LOCALE","JURIDICTION_R_M":"Direction épuration eaux usées","PRECISION_DATE_INSTALL":"DATE INSTALLATION DANS L'ANNEE COURANTE","PRECISION_DATE_INSTALL_R_M":"Plan balayé","PROPRIETAIRE":"VILLE DE MONTREAL","PROPRIETAIRE_R_M":"Cartographie géomatique ville","PROVENANCE_DONNEE":"RELEVE TERRAIN INTERNE","STATUT_ACTIF":"EXISTANT","STATUT_ACTIF_R_M":"Plan balayé","LATITUDE":45.50861305137092,"LONGITUDE":-73.57754769389845,"ABANDONNE_R":"NON","ABANDONNE_R_M":"Non applicable"}},"geometry":{"type":"Point","coordinates":[-73.57754769389845,45.50861305137092]}},{"type":"Feature","id":"ville-montreal/hydrant/10007086","properties":{"lab":{"objectClass":"hydrant","label":"HYDRANT","sourceId":"10007086","provider":"Ville de Montréal","providerKey":"ville-montreal","dataset":"Bornes d'incendie","datasetId":"cb4de65e-138b-4936-9d5c-2d9a0bc9b4ce","identityField":"ID_BI","sourceName":"1012 rue de la Montagne","license":"CC-BY 4.0","retrievedAt":"2026-08-19T19:54:33.442Z","sourceUrl":"https://donnees.montreal.ca/dataset/geolocalisation-des-bornes-fontaines","updateDate":"2026-03-18","geometryType":"Point","legalNote":"Annual inventory. Not for engineering use without City validation."},"source":{"ADRESSE":"1012 rue de la Montagne","ADRESSE_R_M":"Cartographie géomatique ville","COORDONNEE_SPATIALE_X":299278.456,"COORDONNEE_SPATIALE_Y":5039550.612,"DATE_ABANDON_R_M":"Non applicable","DATE_INSTALLATION":"2016-01-01","DATE_INSTALLATION_R_M":"Visite terrain","ELEVATION_TERRAIN":31.261,"ID_BI":10007086,"ID_POINT":12223704,"JURIDICTION":"LOCALE","JURIDICTION_R_M":"Direction épuration eaux usées","PRECISION_DATE_INSTALL":"DATE INSTALLATION DANS L'ANNEE COURANTE","PRECISION_DATE_INSTALL_R_M":"Visite terrain","PROPRIETAIRE":"VILLE DE MONTREAL","PROPRIETAIRE_R_M":"Cartographie géomatique ville","PROVENANCE_DONNEE":"RELEVE TERRAIN INTERNE","STATUT_ACTIF":"EXISTANT","STATUT_ACTIF_R_M":"Visite terrain","LATITUDE":45.495864928880515,"LONGITUDE":-73.57064897318718,"ABANDONNE_R":"NON","ABANDONNE_R_M":"Non applicable"}},"geometry":{"type":"Point","coordinates":[-73.57064897318718,45.495864928880515]}},{"type":"Feature","id":"ville-montreal/hydrant/10007525","properties":{"lab":{"objectClass":"hydrant","label":"HYDRANT","sourceId":"10007525","provider":"Ville de Montréal","providerKey":"ville-montreal","dataset":"Bornes d'incendie","datasetId":"cb4de65e-138b-4936-9d5c-2d9a0bc9b4ce","identityField":"ID_BI","sourceName":"813-815 rue Saint-Paul Ouest","license":"CC-BY 4.0","retrievedAt":"2026-08-19T19:54:33.442Z","sourceUrl":"https://donnees.montreal.ca/dataset/geolocalisation-des-bornes-fontaines","updateDate":"2026-03-18","geometryType":"Point","legalNote":"Annual inventory. Not for engineering use without City validation."},"source":{"ADRESSE":"813-815 rue Saint-Paul Ouest","ADRESSE_R_M":"Cartographie géomatique ville","COORDONNEE_SPATIALE_X":300097.961,"COORDONNEE_SPATIALE_Y":5039781.992,"DATE_ABANDON_R_M":"Non applicable","DATE_INSTALLATION":"2017-05-23","DATE_INSTALLATION_R_M":"Plan profil","ELEVATION_TERRAIN":15.467,"ID_BI":10007525,"ID_POINT":12227983,"JURIDICTION":"LOCALE","JURIDICTION_R_M":"Direction épuration eaux usées","PRECISION_DATE_INSTALL":"DATE INSTALLATION DANS L'ANNEE COURANTE","PRECISION_DATE_INSTALL_R_M":"Plan profil","PROPRIETAIRE":"VILLE DE MONTREAL","PROPRIETAIRE_R_M":"Cartographie géomatique ville","PROVENANCE_DONNEE":"RELEVE TERRAIN INTERNE","STATUT_ACTIF":"EXISTANT","STATUT_ACTIF_R_M":"Visite terrain","LATITUDE":45.497952815261705,"LONGITUDE":-73.56016581983971,"ABANDONNE_R":"NON","ABANDONNE_R_M":"Non applicable"}},"geometry":{"type":"Point","coordinates":[-73.56016581983971,45.497952815261705]}},{"type":"Feature","id":"ville-montreal/hydrant/10007526","properties":{"lab":{"objectClass":"hydrant","label":"HYDRANT","sourceId":"10007526","provider":"Ville de Montréal","providerKey":"ville-montreal","dataset":"Bornes d'incendie","datasetId":"cb4de65e-138b-4936-9d5c-2d9a0bc9b4ce","identityField":"ID_BI","sourceName":"351 boulevard Robert-Bourassa","license":"CC-BY 4.0","retrievedAt":"2026-08-19T19:54:33.442Z","sourceUrl":"https://donnees.montreal.ca/dataset/geolocalisation-des-bornes-fontaines","updateDate":"2026-03-18","geometryType":"Point","legalNote":"Annual inventory. Not for engineering use without City validation."},"source":{"ADRESSE":"351 boulevard Robert-Bourassa","ADRESSE_R_M":"Cartographie géomatique ville","COORDONNEE_SPATIALE_X":300171.305,"COORDONNEE_SPATIALE_Y":5039732.588,"DATE_ABANDON_R_M":"Non applicable","DATE_INSTALLATION":"2017-05-23","DATE_INSTALLATION_R_M":"Plan profil","ELEVATION_TERRAIN":14.537,"ID_BI":10007526,"ID_POINT":12227985,"JURIDICTION":"LOCALE","JURIDICTION_R_M":"Direction épuration eaux usées","PRECISION_DATE_INSTALL":"DATE INSTALLATION DANS L'ANNEE COURANTE","PRECISION_DATE_INSTALL_R_M":"Plan profil","PROPRIETAIRE":"VILLE DE MONTREAL","PROPRIETAIRE_R_M":"Cartographie géomatique ville","PROVENANCE_DONNEE":"RELEVE TERRAIN INTERNE","STATUT_ACTIF":"EXISTANT","STATUT_ACTIF_R_M":"Visite terrain","LATITUDE":45.49750876944,"LONGITUDE":-73.55922688588164,"ABANDONNE_R":"NON","ABANDONNE_R_M":"Non applicable"}},"geometry":{"type":"Point","coordinates":[-73.55922688588164,45.49750876944]}},{"type":"Feature","id":"ville-montreal/hydrant/10007529","properties":{"lab":{"objectClass":"hydrant","label":"HYDRANT","sourceId":"10007529","provider":"Ville de Montréal","providerKey":"ville-montreal","dataset":"Bornes d'incendie","datasetId":"cb4de65e-138b-4936-9d5c-2d9a0bc9b4ce","identityField":"ID_BI","sourceName":"81 rue Duke","license":"CC-BY 4.0","retrievedAt":"2026-08-19T19:54:33.442Z","sourceUrl":"https://donnees.montreal.ca/dataset/geolocalisation-des-bornes-fontaines","updateDate":"2026-03-18","geometryType":"Point","legalNote":"Annual inventory. Not for engineering use without City validation."},"source":{"ADRESSE":"81 rue Duke","ADRESSE_R_M":"Cartographie géomatique ville","COORDONNEE_SPATIALE_X":300434.859,"COORDONNEE_SPATIALE_Y":5039588.441,"DATE_ABANDON_R_M":"Non applicable","DATE_INSTALLATION":"2015-01-01","DATE_INSTALLATION_R_M":"Échange écrit/verbal arrondissement","ELEVATION_TERRAIN":15.229,"ID_BI":10007529,"ID_POINT":12227990,"JURIDICTION":"LOCALE","JURIDICTION_R_M":"Direction production eau potable","PRECISION_DATE_INSTALL":"DATE INSTALLATION DANS L'ANNEE COURANTE","PRECISION_DATE_INSTALL_R_M":"Échange écrit/verbal arrondissement","PROPRIETAIRE":"VILLE DE MONTREAL","PROPRIETAIRE_R_M":"Cartographie géomatique ville","PROVENANCE_DONNEE":"RELEVE TERRAIN INTERNE","STATUT_ACTIF":"EXISTANT","STATUT_ACTIF_R_M":"Visite terrain","LATITUDE":45.49621345661537,"LONGITUDE":-73.55585328496191,"ABANDONNE_R":"NON","ABANDONNE_R_M":"Non applicable"}},"geometry":{"type":"Point","coordinates":[-73.55585328496191,45.49621345661537]}},{"type":"Feature","id":"ville-montreal/hydrant/10007380","properties":{"lab":{"objectClass":"hydrant","label":"HYDRANT","sourceId":"10007380","provider":"Ville de Montréal","providerKey":"ville-montreal","dataset":"Bornes d'incendie","datasetId":"cb4de65e-138b-4936-9d5c-2d9a0bc9b4ce","identityField":"ID_BI","sourceName":"1-11 boulevard René-Lévesque Est","license":"CC-BY 4.0","retrievedAt":"2026-08-19T19:54:33.442Z","sourceUrl":"https://donnees.montreal.ca/dataset/geolocalisation-des-bornes-fontaines","updateDate":"2026-03-18","geometryType":"Point","legalNote":"Annual inventory. Not for engineering use without City validation."},"source":{"ADRESSE":"1-11 boulevard René-Lévesque Est","ADRESSE_R_M":"Cartographie géomatique ville","COORDONNEE_SPATIALE_X":300026.458,"COORDONNEE_SPATIALE_Y":5041055.227,"DATE_ABANDON_R_M":"Non applicable","DATE_INSTALLATION":"2017-01-29","DATE_INSTALLATION_R_M":"Échange écrit/verbal arrondissement","ELEVATION_TERRAIN":25.173,"ID_BI":10007380,"ID_POINT":12225935,"JURIDICTION":"LOCALE","JURIDICTION_R_M":"Direction production eau potable","PRECISION_DATE_INSTALL":"DATE INSTALLATION PRECISE","PRECISION_DATE_INSTALL_R_M":"Échange écrit/verbal arrondissement","PROPRIETAIRE":"VILLE DE MONTREAL","PROPRIETAIRE_R_M":"Cartographie géomatique ville","PROVENANCE_DONNEE":"RELEVE TERRAIN INTERNE","STATUT_ACTIF":"EXISTANT","STATUT_ACTIF_R_M":"Visite terrain","LATITUDE":45.50940939321667,"LONGITUDE":-73.56109294991293,"ABANDONNE_R":"NON","ABANDONNE_R_M":"Non applicable"}},"geometry":{"type":"Point","coordinates":[-73.56109294991293,45.50940939321667]}},{"type":"Feature","id":"ville-montreal/hydrant/10007730","properties":{"lab":{"objectClass":"hydrant","label":"HYDRANT","sourceId":"10007730","provider":"Ville de Montréal","providerKey":"ville-montreal","dataset":"Bornes d'incendie","datasetId":"cb4de65e-138b-4936-9d5c-2d9a0bc9b4ce","identityField":"ID_BI","sourceName":"1035 rue Hermine","license":"CC-BY 4.0","retrievedAt":"2026-08-19T19:54:33.442Z","sourceUrl":"https://donnees.montreal.ca/dataset/geolocalisation-des-bornes-fontaines","updateDate":"2026-03-18","geometryType":"Point","legalNote":"Annual inventory. Not for engineering use without City validation."},"source":{"ADRESSE":"1035 rue Hermine","ADRESSE_R_M":"Cartographie géomatique ville","COORDONNEE_SPATIALE_X":299904.74,"COORDONNEE_SPATIALE_Y":5040393.02,"DATE_ABANDON_R_M":"Non applicable","DATE_INSTALLATION":"2017-07-26","DATE_INSTALLATION_R_M":"Échange écrit/verbal arrondissement","ELEVATION_TERRAIN":17.269,"ID_BI":10007730,"ID_POINT":12230007,"JURIDICTION":"LOCALE","JURIDICTION_R_M":"Direction production eau potable","PRECISION_DATE_INSTALL":"DATE INSTALLATION DANS L'ANNEE COURANTE","PRECISION_DATE_INSTALL_R_M":"Échange écrit/verbal arrondissement","PROPRIETAIRE":"VILLE DE MONTREAL","PROPRIETAIRE_R_M":"Cartographie géomatique ville","PROVENANCE_DONNEE":"RELEVE TERRAIN INTERNE","STATUT_ACTIF":"EXISTANT","STATUT_ACTIF_R_M":"Visite terrain","LATITUDE":45.50344974049778,"LONGITUDE":-73.56264407030685,"ABANDONNE_R":"NON","ABANDONNE_R_M":"Non applicable"}},"geometry":{"type":"Point","coordinates":[-73.56264407030685,45.50344974049778]}},{"type":"Feature","id":"ville-montreal/hydrant/10007951","properties":{"lab":{"objectClass":"hydrant","label":"HYDRANT","sourceId":"10007951","provider":"Ville de Montréal","providerKey":"ville-montreal","dataset":"Bornes d'incendie","datasetId":"cb4de65e-138b-4936-9d5c-2d9a0bc9b4ce","identityField":"ID_BI","sourceName":"460 rue Saint-Gabriel","license":"CC-BY 4.0","retrievedAt":"2026-08-19T19:54:33.442Z","sourceUrl":"https://donnees.montreal.ca/dataset/geolocalisation-des-bornes-fontaines","updateDate":"2026-03-18","geometryType":"Point","legalNote":"Annual inventory. Not for engineering use without City validation."},"source":{"ADRESSE":"460 rue Saint-Gabriel","ADRESSE_R_M":"Cartographie géomatique ville","COORDONNEE_SPATIALE_X":300514.077,"COORDONNEE_SPATIALE_Y":5040782.798,"DATE_ABANDON_R_M":"Non applicable","DATE_INSTALLATION":"2014-09-01","DATE_INSTALLATION_R_M":"Plan profil proposé","ELEVATION_TERRAIN":25.215,"ID_BI":10007951,"ID_POINT":12232031,"JURIDICTION":"LOCALE","JURIDICTION_R_M":"Direction production eau potable","PRECISION_DATE_INSTALL":"DATE INSTALLATION PRECISE","PRECISION_DATE_INSTALL_R_M":"Plan profil proposé","PROPRIETAIRE":"VILLE DE MONTREAL","PROPRIETAIRE_R_M":"Cartographie géomatique ville","PROVENANCE_DONNEE":"RELEVE TERRAIN INTERNE","STATUT_ACTIF":"EXISTANT","STATUT_ACTIF_R_M":"Visite terrain","LATITUDE":45.50696111644119,"LONGITUDE":-73.55485009168585,"ABANDONNE_R":"NON","ABANDONNE_R_M":"Non applicable"}},"geometry":{"type":"Point","coordinates":[-73.55485009168585,45.50696111644119]}},{"type":"Feature","id":"ville-montreal/hydrant/10007527","properties":{"lab":{"objectClass":"hydrant","label":"HYDRANT","sourceId":"10007527","provider":"Ville de Montréal","providerKey":"ville-montreal","dataset":"Bornes d'incendie","datasetId":"cb4de65e-138b-4936-9d5c-2d9a0bc9b4ce","identityField":"ID_BI","sourceName":"297 boulevard Robert-Bourassa","license":"CC-BY 4.0","retrievedAt":"2026-08-19T19:54:33.442Z","sourceUrl":"https://donnees.montreal.ca/dataset/geolocalisation-des-bornes-fontaines","updateDate":"2026-03-18","geometryType":"Point","legalNote":"Annual inventory. Not for engineering use without City validation."},"source":{"ADRESSE":"297 boulevard Robert-Bourassa","ADRESSE_R_M":"Cartographie géomatique ville","COORDONNEE_SPATIALE_X":300250.597,"COORDONNEE_SPATIALE_Y":5039686.423,"DATE_ABANDON_R_M":"Non applicable","DATE_INSTALLATION":"2017-05-23","DATE_INSTALLATION_R_M":"Plan profil","ELEVATION_TERRAIN":14.293,"ID_BI":10007527,"ID_POINT":12227987,"JURIDICTION":"LOCALE","JURIDICTION_R_M":"Direction production eau potable","PRECISION_DATE_INSTALL":"DATE INSTALLATION DANS L'ANNEE COURANTE","PRECISION_DATE_INSTALL_R_M":"Plan profil","PROPRIETAIRE":"VILLE DE MONTREAL","PROPRIETAIRE_R_M":"Cartographie géomatique ville","PROVENANCE_DONNEE":"RELEVE TERRAIN INTERNE","STATUT_ACTIF":"EXISTANT","STATUT_ACTIF_R_M":"Visite terrain","LATITUDE":45.49709389587347,"LONGITUDE":-73.55821189100578,"ABANDONNE_R":"NON","ABANDONNE_R_M":"Non applicable"}},"geometry":{"type":"Point","coordinates":[-73.55821189100578,45.49709389587347]}},{"type":"Feature","id":"ville-montreal/hydrant/10007528","properties":{"lab":{"objectClass":"hydrant","label":"HYDRANT","sourceId":"10007528","provider":"Ville de Montréal","providerKey":"ville-montreal","dataset":"Bornes d'incendie","datasetId":"cb4de65e-138b-4936-9d5c-2d9a0bc9b4ce","identityField":"ID_BI","sourceName":"111 boulevard Robert-Bourassa","license":"CC-BY 4.0","retrievedAt":"2026-08-19T19:54:33.442Z","sourceUrl":"https://donnees.montreal.ca/dataset/geolocalisation-des-bornes-fontaines","updateDate":"2026-03-18","geometryType":"Point","legalNote":"Annual inventory. Not for engineering use without City validation."},"source":{"ADRESSE":"111 boulevard Robert-Bourassa","ADRESSE_R_M":"Cartographie géomatique ville","COORDONNEE_SPATIALE_X":300341.554,"COORDONNEE_SPATIALE_Y":5039637.827,"DATE_ABANDON_R_M":"Non applicable","DATE_INSTALLATION":"2017-05-23","DATE_INSTALLATION_R_M":"Plan profil","ELEVATION_TERRAIN":14.799,"ID_BI":10007528,"ID_POINT":12227989,"JURIDICTION":"LOCALE","JURIDICTION_R_M":"Direction production eau potable","PRECISION_DATE_INSTALL":"DATE INSTALLATION DANS L'ANNEE COURANTE","PRECISION_DATE_INSTALL_R_M":"Plan profil","PROPRIETAIRE":"VILLE DE MONTREAL","PROPRIETAIRE_R_M":"Cartographie géomatique ville","PROVENANCE_DONNEE":"RELEVE TERRAIN INTERNE","STATUT_ACTIF":"EXISTANT","STATUT_ACTIF_R_M":"Visite terrain","LATITUDE":45.496657227161165,"LONGITUDE":-73.55704760673513,"ABANDONNE_R":"NON","ABANDONNE_R_M":"Non applicable"}},"geometry":{"type":"Point","coordinates":[-73.55704760673513,45.496657227161165]}},{"type":"Feature","id":"ville-montreal/hydrant/10007134","properties":{"lab":{"objectClass":"hydrant","label":"HYDRANT","sourceId":"10007134","provider":"Ville de Montréal","providerKey":"ville-montreal","dataset":"Bornes d'incendie","datasetId":"cb4de65e-138b-4936-9d5c-2d9a0bc9b4ce","identityField":"ID_BI","sourceName":"671 rue De La Gauchetière Ouest","license":"CC-BY 4.0","retrievedAt":"2026-08-19T19:54:33.442Z","sourceUrl":"https://donnees.montreal.ca/dataset/geolocalisation-des-bornes-fontaines","updateDate":"2026-03-18","geometryType":"Point","legalNote":"Annual inventory. Not for engineering use without City validation."},"source":{"ADRESSE":"671 rue De La Gauchetière Ouest","ADRESSE_R_M":"Cartographie géomatique ville","COORDONNEE_SPATIALE_X":299749.048,"COORDONNEE_SPATIALE_Y":5040208.941,"DATE_ABANDON_R_M":"Non applicable","DATE_INSTALLATION":"2016-10-26","DATE_INSTALLATION_R_M":"Échange écrit/verbal arrondissement","ELEVATION_TERRAIN":26.911,"ID_BI":10007134,"ID_POINT":12223981,"JURIDICTION":"LOCALE","JURIDICTION_R_M":"Direction production eau potable","PRECISION_DATE_INSTALL":"DATE INSTALLATION PRECISE","PRECISION_DATE_INSTALL_R_M":"Échange écrit/verbal arrondissement","PROPRIETAIRE":"VILLE DE MONTREAL","PROPRIETAIRE_R_M":"Cartographie géomatique ville","PROVENANCE_DONNEE":"RELEVE TERRAIN INTERNE","STATUT_ACTIF":"EXISTANT","STATUT_ACTIF_R_M":"Visite terrain","LATITUDE":45.50179222049345,"LONGITUDE":-73.56463457371358,"ABANDONNE_R":"NON","ABANDONNE_R_M":"Non applicable"}},"geometry":{"type":"Point","coordinates":[-73.56463457371358,45.50179222049345]}},{"type":"Feature","id":"ville-montreal/hydrant/10007612","properties":{"lab":{"objectClass":"hydrant","label":"HYDRANT","sourceId":"10007612","provider":"Ville de Montréal","providerKey":"ville-montreal","dataset":"Bornes d'incendie","datasetId":"cb4de65e-138b-4936-9d5c-2d9a0bc9b4ce","identityField":"ID_BI","sourceName":"10-12 rue Notre-Dame Est","license":"CC-BY 4.0","retrievedAt":"2026-08-19T19:54:33.442Z","sourceUrl":"https://donnees.montreal.ca/dataset/geolocalisation-des-bornes-fontaines","updateDate":"2026-03-18","geometryType":"Point","legalNote":"Annual inventory. Not for engineering use without City validation."},"source":{"ADRESSE":"10-12 rue Notre-Dame Est","ADRESSE_R_M":"Cartographie géomatique ville","COORDONNEE_SPATIALE_X":300470.527,"COORDONNEE_SPATIALE_Y":5040722.113,"DATE_ABANDON_R_M":"Non applicable","DATE_INSTALLATION":"2016-09-02","DATE_INSTALLATION_R_M":"Plan balayé","ELEVATION_TERRAIN":25.369,"ID_BI":10007612,"ID_POINT":12228906,"JURIDICTION":"LOCALE","JURIDICTION_R_M":"Direction épuration eaux usées","PRECISION_DATE_INSTALL":"DATE INSTALLATION DANS L'ANNEE COURANTE","PRECISION_DATE_INSTALL_R_M":"Plan balayé","PROPRIETAIRE":"VILLE DE MONTREAL","PROPRIETAIRE_R_M":"Cartographie géomatique ville","PROVENANCE_DONNEE":"RELEVE TERRAIN INTERNE","STATUT_ACTIF":"EXISTANT","STATUT_ACTIF_R_M":"Visite terrain","LATITUDE":45.50641477310583,"LONGITUDE":-73.5554069121941,"ABANDONNE_R":"NON","ABANDONNE_R_M":"Non applicable"}},"geometry":{"type":"Point","coordinates":[-73.5554069121941,45.50641477310583]}},{"type":"Feature","id":"ville-montreal/hydrant/10007009","properties":{"lab":{"objectClass":"hydrant","label":"HYDRANT","sourceId":"10007009","provider":"Ville de Montréal","providerKey":"ville-montreal","dataset":"Bornes d'incendie","datasetId":"cb4de65e-138b-4936-9d5c-2d9a0bc9b4ce","identityField":"ID_BI","sourceName":"61-81 rue Saint-Antoine Ouest","license":"CC-BY 4.0","retrievedAt":"2026-08-19T19:54:33.442Z","sourceUrl":"https://donnees.montreal.ca/dataset/geolocalisation-des-bornes-fontaines","updateDate":"2026-03-18","geometryType":"Point","legalNote":"Annual inventory. Not for engineering use without City validation."},"source":{"ADRESSE":"61-81 rue Saint-Antoine Ouest","ADRESSE_R_M":"Cartographie géomatique ville","COORDONNEE_SPATIALE_X":300256.88,"COORDONNEE_SPATIALE_Y":5040678.502,"DATE_ABANDON_R_M":"Non applicable","DATE_INSTALLATION":"2014-06-04","DATE_INSTALLATION_R_M":"Plan balayé","ELEVATION_TERRAIN":15.999,"ID_BI":10007009,"ID_POINT":12222682,"JURIDICTION":"LOCALE","JURIDICTION_R_M":"Direction épuration eaux usées","PRECISION_DATE_INSTALL":"DATE INSTALLATION DANS L'ANNEE COURANTE","PRECISION_DATE_INSTALL_R_M":"Plan balayé","PROPRIETAIRE":"VILLE DE MONTREAL","PROPRIETAIRE_R_M":"Cartographie géomatique ville","PROVENANCE_DONNEE":"RELEVE TERRAIN INTERNE","STATUT_ACTIF":"EXISTANT","STATUT_ACTIF_R_M":"Plan balayé","LATITUDE":45.506021021040866,"LONGITUDE":-73.55814051172166,"ABANDONNE_R":"NON","ABANDONNE_R_M":"Non applicable"}},"geometry":{"type":"Point","coordinates":[-73.55814051172166,45.506021021040866]}},{"type":"Feature","id":"ville-montreal/hydrant/10008606","properties":{"lab":{"objectClass":"hydrant","label":"HYDRANT","sourceId":"10008606","provider":"Ville de Montréal","providerKey":"ville-montreal","dataset":"Bornes d'incendie","datasetId":"cb4de65e-138b-4936-9d5c-2d9a0bc9b4ce","identityField":"ID_BI","sourceName":"1015 rue Sherbrooke Ouest","license":"CC-BY 4.0","retrievedAt":"2026-08-19T19:54:33.442Z","sourceUrl":"https://donnees.montreal.ca/dataset/geolocalisation-des-bornes-fontaines","updateDate":"2026-03-18","geometryType":"Point","legalNote":"Annual inventory. Not for engineering use without City validation."},"source":{"ADRESSE":"1015 rue Sherbrooke Ouest","ADRESSE_R_M":"Cartographie géomatique ville","COORDONNEE_SPATIALE_X":298840.58,"COORDONNEE_SPATIALE_Y":5040265.321,"DATE_ABANDON_R_M":"Non applicable","DATE_INSTALLATION":"2017-05-15","DATE_INSTALLATION_R_M":"Plan profil","ELEVATION_TERRAIN":45.887,"ID_BI":10008606,"ID_POINT":12243590,"JURIDICTION":"LOCALE","JURIDICTION_R_M":"Direction production eau potable","PRECISION_DATE_INSTALL":"DATE INSTALLATION DANS L'ANNEE COURANTE","PRECISION_DATE_INSTALL_R_M":"Plan profil","PROPRIETAIRE":"VILLE DE MONTREAL","PROPRIETAIRE_R_M":"Cartographie géomatique ville","PROVENANCE_DONNEE":"RELEVE TERRAIN INTERNE","STATUT_ACTIF":"EXISTANT","STATUT_ACTIF_R_M":"Visite terrain","LATITUDE":45.50229250963754,"LONGITUDE":-73.57626038961799,"ABANDONNE_R":"NON","ABANDONNE_R_M":"Non applicable"}},"geometry":{"type":"Point","coordinates":[-73.57626038961799,45.50229250963754]}},{"type":"Feature","id":"ville-montreal/hydrant/10008429","properties":{"lab":{"objectClass":"hydrant","label":"HYDRANT","sourceId":"10008429","provider":"Ville de Montréal","providerKey":"ville-montreal","dataset":"Bornes d'incendie","datasetId":"cb4de65e-138b-4936-9d5c-2d9a0bc9b4ce","identityField":"ID_BI","sourceName":"985 boulevard Saint-Laurent","license":"CC-BY 4.0","retrievedAt":"2026-08-19T19:54:33.442Z","sourceUrl":"https://donnees.montreal.ca/dataset/geolocalisation-des-bornes-fontaines","updateDate":"2026-03-18","geometryType":"Point","legalNote":"Annual inventory. Not for engineering use without City validation."},"source":{"ADRESSE":"985 boulevard Saint-Laurent","ADRESSE_R_M":"Cartographie géomatique ville","COORDONNEE_SPATIALE_X":300226.197,"COORDONNEE_SPATIALE_Y":5040917.165,"DATE_ABANDON_R_M":"Non applicable","DATE_INSTALLATION":"2018-08-20","DATE_INSTALLATION_R_M":"Échange écrit/verbal arrondissement","ELEVATION_TERRAIN":16.67,"ID_BI":10008429,"ID_POINT":12238785,"JURIDICTION":"LOCALE","JURIDICTION_R_M":"Direction production eau potable","PRECISION_DATE_INSTALL":"DATE INSTALLATION DANS L'ANNEE COURANTE","PRECISION_DATE_INSTALL_R_M":"Échange écrit/verbal arrondissement","PROPRIETAIRE":"VILLE DE MONTREAL","PROPRIETAIRE_R_M":"Cartographie géomatique ville","PROVENANCE_DONNEE":"RELEVE TERRAIN INTERNE","STATUT_ACTIF":"EXISTANT","STATUT_ACTIF_R_M":"Visite terrain","LATITUDE":45.508168410765705,"LONGITUDE":-73.55853532291916,"ABANDONNE_R":"NON","ABANDONNE_R_M":"Non applicable"}},"geometry":{"type":"Point","coordinates":[-73.55853532291916,45.508168410765705]}},{"type":"Feature","id":"ville-montreal/hydrant/10009031","properties":{"lab":{"objectClass":"hydrant","label":"HYDRANT","sourceId":"10009031","provider":"Ville de Montréal","providerKey":"ville-montreal","dataset":"Bornes d'incendie","datasetId":"cb4de65e-138b-4936-9d5c-2d9a0bc9b4ce","identityField":"ID_BI","sourceName":"1250-1254 rue De Bleury","license":"CC-BY 4.0","retrievedAt":"2026-08-19T19:54:33.442Z","sourceUrl":"https://donnees.montreal.ca/dataset/geolocalisation-des-bornes-fontaines","updateDate":"2026-03-18","geometryType":"Point","legalNote":"Annual inventory. Not for engineering use without City validation."},"source":{"ADRESSE":"1250-1254 rue De Bleury","ADRESSE_R_M":"Cartographie géomatique ville","COORDONNEE_SPATIALE_X":299588.455,"COORDONNEE_SPATIALE_Y":5040643.584,"DATE_ABANDON_R_M":"Non applicable","DATE_INSTALLATION":"2015-09-04","DATE_INSTALLATION_R_M":"Plan profil","ELEVATION_TERRAIN":36.344,"ID_BI":10009031,"ID_POINT":12269288,"JURIDICTION":"LOCALE","JURIDICTION_R_M":"Direction production eau potable","PRECISION_DATE_INSTALL":"DATE INSTALLATION DANS L'ANNEE COURANTE","PRECISION_DATE_INSTALL_R_M":"Plan profil","PROPRIETAIRE":"VILLE DE MONTREAL","PROPRIETAIRE_R_M":"Cartographie géomatique ville","PROVENANCE_DONNEE":"RELEVE TERRAIN INTERNE","STATUT_ACTIF":"EXISTANT","STATUT_ACTIF_R_M":"Visite terrain","LATITUDE":45.50570216702322,"LONGITUDE":-73.56669413613038,"ABANDONNE_R":"NON","ABANDONNE_R_M":"Non applicable"}},"geometry":{"type":"Point","coordinates":[-73.56669413613038,45.50570216702322]}},{"type":"Feature","id":"ville-montreal/hydrant/5020578","properties":{"lab":{"objectClass":"hydrant","label":"HYDRANT","sourceId":"5020578","provider":"Ville de Montréal","providerKey":"ville-montreal","dataset":"Bornes d'incendie","datasetId":"cb4de65e-138b-4936-9d5c-2d9a0bc9b4ce","identityField":"ID_BI","sourceName":"224 place D'Youville","license":"CC-BY 4.0","retrievedAt":"2026-08-19T19:54:33.442Z","sourceUrl":"https://donnees.montreal.ca/dataset/geolocalisation-des-bornes-fontaines","updateDate":"2026-03-18","geometryType":"Point","legalNote":"Annual inventory. Not for engineering use without City validation."},"source":{"ADRESSE":"224 place D'Youville","ADRESSE_R_M":"Cartographie géomatique ville","COORDONNEE_SPATIALE_X":300522.54,"COORDONNEE_SPATIALE_Y":5040223.501,"DATE_ABANDON_R_M":"Non applicable","DATE_INSTALLATION":"1989-01-01","DATE_INSTALLATION_R_M":"Plan Atlas et inventaire","ELEVATION_TERRAIN":14.365,"ID_BI":5020578,"ID_POINT":5266982,"JURIDICTION":"LOCALE","JURIDICTION_R_M":"Direction épuration eaux usées","PRECISION_DATE_INSTALL":"DATE INSTALLATION DANS L'ANNEE COURANTE","PRECISION_DATE_INSTALL_R_M":"Plan Atlas et inventaire","PROPRIETAIRE":"VILLE DE MONTREAL","PROPRIETAIRE_R_M":"Cartographie géomatique ville","PROVENANCE_DONNEE":"RELEVE TERRAIN INTERNE","STATUT_ACTIF":"EXISTANT","STATUT_ACTIF_R_M":"Plan profil","LATITUDE":45.50192841308011,"LONGITUDE":-73.55473706664574,"ABANDONNE_R":"NON","ABANDONNE_R_M":"Non applicable"}},"geometry":{"type":"Point","coordinates":[-73.55473706664574,45.50192841308011]}},{"type":"Feature","id":"ville-montreal/hydrant/5020677","properties":{"lab":{"objectClass":"hydrant","label":"HYDRANT","sourceId":"5020677","provider":"Ville de Montréal","providerKey":"ville-montreal","dataset":"Bornes d'incendie","datasetId":"cb4de65e-138b-4936-9d5c-2d9a0bc9b4ce","identityField":"ID_BI","sourceName":"960 rue Saint-Urbain","license":"CC-BY 4.0","retrievedAt":"2026-08-19T19:54:33.442Z","sourceUrl":"https://donnees.montreal.ca/dataset/geolocalisation-des-bornes-fontaines","updateDate":"2026-03-18","geometryType":"Point","legalNote":"Annual inventory. Not for engineering use without City validation."},"source":{"ADRESSE":"960 rue Saint-Urbain","ADRESSE_R_M":"Cartographie géomatique ville","COORDONNEE_SPATIALE_X":300126.667,"COORDONNEE_SPATIALE_Y":5040706.872,"DATE_ABANDON_R_M":"Non applicable","DATE_INSTALLATION":"2003-03-26","DATE_INSTALLATION_R_M":"Plan profil","ELEVATION_TERRAIN":16.495,"ID_BI":5020677,"ID_POINT":5267081,"JURIDICTION":"LOCALE","JURIDICTION_R_M":"Direction épuration eaux usées","PRECISION_DATE_INSTALL":"DATE INSTALLATION DANS L'ANNEE COURANTE","PRECISION_DATE_INSTALL_R_M":"Plan profil","PROPRIETAIRE":"VILLE DE MONTREAL","PROPRIETAIRE_R_M":"Cartographie géomatique ville","PROVENANCE_DONNEE":"RELEVE TERRAIN INTERNE","STATUT_ACTIF":"EXISTANT","STATUT_ACTIF_R_M":"Plan profil","LATITUDE":45.50627544827756,"LONGITUDE":-73.55980713206542,"ABANDONNE_R":"NON","ABANDONNE_R_M":"Non applicable"}},"geometry":{"type":"Point","coordinates":[-73.55980713206542,45.50627544827756]}},{"type":"Feature","id":"ville-montreal/hydrant/5020404","properties":{"lab":{"objectClass":"hydrant","label":"HYDRANT","sourceId":"5020404","provider":"Ville de Montréal","providerKey":"ville-montreal","dataset":"Bornes d'incendie","datasetId":"cb4de65e-138b-4936-9d5c-2d9a0bc9b4ce","identityField":"ID_BI","sourceName":"7-21 rue Saint-Jacques","license":"CC-BY 4.0","retrievedAt":"2026-08-19T19:54:33.442Z","sourceUrl":"https://donnees.montreal.ca/dataset/geolocalisation-des-bornes-fontaines","updateDate":"2026-03-18","geometryType":"Point","legalNote":"Annual inventory. Not for engineering use without City validation."},"source":{"ADRESSE":"7-21 rue Saint-Jacques","ADRESSE_R_M":"Cartographie géomatique ville","COORDONNEE_SPATIALE_X":300372.324,"COORDONNEE_SPATIALE_Y":5040706.417,"DATE_ABANDON_R_M":"Non applicable","DATE_INSTALLATION":"1869-01-01","DATE_INSTALLATION_R_M":"Plan Atlas et inventaire","ELEVATION_TERRAIN":23.383,"ID_BI":5020404,"ID_POINT":5262924,"JURIDICTION":"LOCALE","JURIDICTION_R_M":"Direction épuration eaux usées","PRECISION_DATE_INSTALL":"DATE INSTALLATION DANS L'ANNEE COURANTE","PRECISION_DATE_INSTALL_R_M":"Plan Atlas et inventaire","PROPRIETAIRE":"VILLE DE MONTREAL","PROPRIETAIRE_R_M":"Cartographie géomatique ville","PROVENANCE_DONNEE":"RELEVE TERRAIN INTERNE","STATUT_ACTIF":"EXISTANT","STATUT_ACTIF_R_M":"Plan profil","LATITUDE":45.50627293292329,"LONGITUDE":-73.55666345968702,"ABANDONNE_R":"NON","ABANDONNE_R_M":"Non applicable"}},"geometry":{"type":"Point","coordinates":[-73.55666345968702,45.50627293292329]}},{"type":"Feature","id":"ville-montreal/hydrant/5020623","properties":{"lab":{"objectClass":"hydrant","label":"HYDRANT","sourceId":"5020623","provider":"Ville de Montréal","providerKey":"ville-montreal","dataset":"Bornes d'incendie","datasetId":"cb4de65e-138b-4936-9d5c-2d9a0bc9b4ce","identityField":"ID_BI","sourceName":"369 place D'Youville","license":"CC-BY 4.0","retrievedAt":"2026-08-19T19:54:33.442Z","sourceUrl":"https://donnees.montreal.ca/dataset/geolocalisation-des-bornes-fontaines","updateDate":"2026-03-18","geometryType":"Point","legalNote":"Annual inventory. Not for engineering use without City validation."},"source":{"ADRESSE":"369 place D'Youville","ADRESSE_R_M":"Cartographie géomatique ville","COORDONNEE_SPATIALE_X":300437.589,"COORDONNEE_SPATIALE_Y":5040035.487,"DATE_ABANDON_R_M":"Non applicable","DATE_INSTALLATION":"1989-01-01","DATE_INSTALLATION_R_M":"Plan Atlas et inventaire","ELEVATION_TERRAIN":14.724,"ID_BI":5020623,"ID_POINT":5267027,"JURIDICTION":"LOCALE","JURIDICTION_R_M":"Direction épuration eaux usées","PRECISION_DATE_INSTALL":"DATE INSTALLATION DANS L'ANNEE COURANTE","PRECISION_DATE_INSTALL_R_M":"Plan Atlas et inventaire","PROPRIETAIRE":"VILLE DE MONTREAL","PROPRIETAIRE_R_M":"Cartographie géomatique ville","PROVENANCE_DONNEE":"RELEVE TERRAIN INTERNE","STATUT_ACTIF":"EXISTANT","STATUT_ACTIF_R_M":"Plan profil","LATITUDE":45.50023612253643,"LONGITUDE":-73.55582237052928,"ABANDONNE_R":"NON","ABANDONNE_R_M":"Non applicable"}},"geometry":{"type":"Point","coordinates":[-73.55582237052928,45.50023612253643]}},{"type":"Feature","id":"ville-montreal/hydrant/5019700","properties":{"lab":{"objectClass":"hydrant","label":"HYDRANT","sourceId":"5019700","provider":"Ville de Montréal","providerKey":"ville-montreal","dataset":"Bornes d'incendie","datasetId":"cb4de65e-138b-4936-9d5c-2d9a0bc9b4ce","identityField":"ID_BI","sourceName":"1395 boulevard René-Lévesque Ouest","license":"CC-BY 4.0","retrievedAt":"2026-08-19T19:54:33.442Z","sourceUrl":"https://donnees.montreal.ca/dataset/geolocalisation-des-bornes-fontaines","updateDate":"2026-03-18","geometryType":"Point","legalNote":"Annual inventory. Not for engineering use without City validation."},"source":{"ADRESSE":"1395 boulevard René-Lévesque Ouest","ADRESSE_R_M":"Cartographie géomatique ville","COORDONNEE_SPATIALE_X":299024.31,"COORDONNEE_SPATIALE_Y":5039492.072,"DATE_ABANDON_R_M":"Non applicable","DATE_INSTALLATION":"1955-01-01","DATE_INSTALLATION_R_M":"Plan Atlas et inventaire","ELEVATION_TERRAIN":40.997,"ID_BI":5019700,"ID_POINT":5248140,"JURIDICTION":"LOCALE","JURIDICTION_R_M":"Direction épuration eaux usées","PRECISION_DATE_INSTALL":"DATE INSTALLATION DANS L'ANNEE COURANTE","PRECISION_DATE_INSTALL_R_M":"Plan Atlas et inventaire","PROPRIETAIRE":"VILLE DE MONTREAL","PROPRIETAIRE_R_M":"Cartographie géomatique ville","PROVENANCE_DONNEE":"RELEVE TERRAIN INTERNE","STATUT_ACTIF":"EXISTANT","STATUT_ACTIF_R_M":"Plan profil","LATITUDE":45.495336062846604,"LONGITUDE":-73.57390010385582,"ABANDONNE_R":"NON","ABANDONNE_R_M":"Non applicable"}},"geometry":{"type":"Point","coordinates":[-73.57390010385582,45.495336062846604]}},{"type":"Feature","id":"ville-montreal/hydrant/5019701","properties":{"lab":{"objectClass":"hydrant","label":"HYDRANT","sourceId":"5019701","provider":"Ville de Montréal","providerKey":"ville-montreal","dataset":"Bornes d'incendie","datasetId":"cb4de65e-138b-4936-9d5c-2d9a0bc9b4ce","identityField":"ID_BI","sourceName":"1170 rue Drummond","license":"CC-BY 4.0","retrievedAt":"2026-08-19T19:54:33.442Z","sourceUrl":"https://donnees.montreal.ca/dataset/geolocalisation-des-bornes-fontaines","updateDate":"2026-03-18","geometryType":"Point","legalNote":"Annual inventory. Not for engineering use without City validation."},"source":{"ADRESSE":"1170 rue Drummond","ADRESSE_R_M":"Cartographie géomatique ville","COORDONNEE_SPATIALE_X":299168.741,"COORDONNEE_SPATIALE_Y":5039733.354,"DATE_ABANDON_R_M":"Non applicable","DATE_INSTALLATION":"1980-01-01","DATE_INSTALLATION_R_M":"Plan Atlas et inventaire","ELEVATION_TERRAIN":36.698,"ID_BI":5019701,"ID_POINT":5248141,"JURIDICTION":"LOCALE","JURIDICTION_R_M":"Direction épuration eaux usées","PRECISION_DATE_INSTALL":"DATE INSTALLATION DANS L'ANNEE COURANTE","PRECISION_DATE_INSTALL_R_M":"Plan Atlas et inventaire","PROPRIETAIRE":"VILLE DE MONTREAL","PROPRIETAIRE_R_M":"Cartographie géomatique ville","PROVENANCE_DONNEE":"RELEVE TERRAIN INTERNE","STATUT_ACTIF":"EXISTANT","STATUT_ACTIF_R_M":"Plan profil","LATITUDE":45.49750839501098,"LONGITUDE":-73.57205489581435,"ABANDONNE_R":"NON","ABANDONNE_R_M":"Non applicable"}},"geometry":{"type":"Point","coordinates":[-73.57205489581435,45.49750839501098]}},{"type":"Feature","id":"ville-montreal/hydrant/5020611","properties":{"lab":{"objectClass":"hydrant","label":"HYDRANT","sourceId":"5020611","provider":"Ville de Montréal","providerKey":"ville-montreal","dataset":"Bornes d'incendie","datasetId":"cb4de65e-138b-4936-9d5c-2d9a0bc9b4ce","identityField":"ID_BI","sourceName":"235-239 rue Saint-Paul Ouest","license":"CC-BY 4.0","retrievedAt":"2026-08-19T19:54:33.442Z","sourceUrl":"https://donnees.montreal.ca/dataset/geolocalisation-des-bornes-fontaines","updateDate":"2026-03-18","geometryType":"Point","legalNote":"Annual inventory. Not for engineering use without City validation."},"source":{"ADRESSE":"235-239 rue Saint-Paul Ouest","ADRESSE_R_M":"Cartographie géomatique ville","COORDONNEE_SPATIALE_X":300439.294,"COORDONNEE_SPATIALE_Y":5040240.073,"DATE_ABANDON_R_M":"Non applicable","DATE_INSTALLATION":"1902-01-01","DATE_INSTALLATION_R_M":"Plan Atlas et inventaire","ELEVATION_TERRAIN":15.227,"ID_BI":5020611,"ID_POINT":5267015,"JURIDICTION":"LOCALE","JURIDICTION_R_M":"Direction épuration eaux usées","PRECISION_DATE_INSTALL":"DATE INSTALLATION DANS L'ANNEE COURANTE","PRECISION_DATE_INSTALL_R_M":"Plan Atlas et inventaire","PROPRIETAIRE":"VILLE DE MONTREAL","PROPRIETAIRE_R_M":"Cartographie géomatique ville","PROVENANCE_DONNEE":"RELEVE TERRAIN INTERNE","STATUT_ACTIF":"EXISTANT","STATUT_ACTIF_R_M":"Plan profil","LATITUDE":45.50207702067442,"LONGITUDE":-73.5558024232218,"ABANDONNE_R":"NON","ABANDONNE_R_M":"Non applicable"}},"geometry":{"type":"Point","coordinates":[-73.5558024232218,45.50207702067442]}},{"type":"Feature","id":"ville-montreal/hydrant/5020613","properties":{"lab":{"objectClass":"hydrant","label":"HYDRANT","sourceId":"5020613","provider":"Ville de Montréal","providerKey":"ville-montreal","dataset":"Bornes d'incendie","datasetId":"cb4de65e-138b-4936-9d5c-2d9a0bc9b4ce","identityField":"ID_BI","sourceName":"420 rue Saint-Pierre","license":"CC-BY 4.0","retrievedAt":"2026-08-19T19:54:33.442Z","sourceUrl":"https://donnees.montreal.ca/dataset/geolocalisation-des-bornes-fontaines","updateDate":"2026-03-18","geometryType":"Point","legalNote":"Annual inventory. Not for engineering use without City validation."},"source":{"ADRESSE":"420 rue Saint-Pierre","ADRESSE_R_M":"Cartographie géomatique ville","COORDONNEE_SPATIALE_X":300344.082,"COORDONNEE_SPATIALE_Y":5040181.43,"DATE_ABANDON_R_M":"Non applicable","DATE_INSTALLATION":"1990-01-01","DATE_INSTALLATION_R_M":"Plan Atlas et inventaire","ELEVATION_TERRAIN":15.389,"ID_BI":5020613,"ID_POINT":5267017,"JURIDICTION":"LOCALE","JURIDICTION_R_M":"Direction épuration eaux usées","PRECISION_DATE_INSTALL":"DATE INSTALLATION DANS L'ANNEE COURANTE","PRECISION_DATE_INSTALL_R_M":"Plan Atlas et inventaire","PROPRIETAIRE":"VILLE DE MONTREAL","PROPRIETAIRE_R_M":"Cartographie géomatique ville","PROVENANCE_DONNEE":"RELEVE TERRAIN INTERNE","STATUT_ACTIF":"EXISTANT","STATUT_ACTIF_R_M":"Plan profil","LATITUDE":45.50154874538412,"LONGITUDE":-73.55702020999267,"ABANDONNE_R":"NON","ABANDONNE_R_M":"Non applicable"}},"geometry":{"type":"Point","coordinates":[-73.55702020999267,45.50154874538412]}},{"type":"Feature","id":"ville-montreal/hydrant/5019702","properties":{"lab":{"objectClass":"hydrant","label":"HYDRANT","sourceId":"5019702","provider":"Ville de Montréal","providerKey":"ville-montreal","dataset":"Bornes d'incendie","datasetId":"cb4de65e-138b-4936-9d5c-2d9a0bc9b4ce","identityField":"ID_BI","sourceName":"1226-1228 rue Drummond","license":"CC-BY 4.0","retrievedAt":"2026-08-19T19:54:33.442Z","sourceUrl":"https://donnees.montreal.ca/dataset/geolocalisation-des-bornes-fontaines","updateDate":"2026-03-18","geometryType":"Point","legalNote":"Annual inventory. Not for engineering use without City validation."},"source":{"ADRESSE":"1226-1228 rue Drummond","ADRESSE_R_M":"Cartographie géomatique ville","COORDONNEE_SPATIALE_X":299070.662,"COORDONNEE_SPATIALE_Y":5039800.863,"DATE_ABANDON_R_M":"Non applicable","DATE_INSTALLATION":"1980-01-01","DATE_INSTALLATION_R_M":"Plan Atlas et inventaire","ELEVATION_TERRAIN":37.85,"ID_BI":5019702,"ID_POINT":5248142,"JURIDICTION":"LOCALE","JURIDICTION_R_M":"Direction épuration eaux usées","PRECISION_DATE_INSTALL":"DATE INSTALLATION DANS L'ANNEE COURANTE","PRECISION_DATE_INSTALL_R_M":"Plan Atlas et inventaire","PROPRIETAIRE":"VILLE DE MONTREAL","PROPRIETAIRE_R_M":"Cartographie géomatique ville","PROVENANCE_DONNEE":"RELEVE TERRAIN INTERNE","STATUT_ACTIF":"EXISTANT","STATUT_ACTIF_R_M":"Plan profil","LATITUDE":45.49811505124015,"LONGITUDE":-73.5733106529398,"ABANDONNE_R":"NON","ABANDONNE_R_M":"Non applicable"}},"geometry":{"type":"Point","coordinates":[-73.5733106529398,45.49811505124015]}},{"type":"Feature","id":"ville-montreal/hydrant/5019705","properties":{"lab":{"objectClass":"hydrant","label":"HYDRANT","sourceId":"5019705","provider":"Ville de Montréal","providerKey":"ville-montreal","dataset":"Bornes d'incendie","datasetId":"cb4de65e-138b-4936-9d5c-2d9a0bc9b4ce","identityField":"ID_BI","sourceName":"1234-1238 rue Stanley","license":"CC-BY 4.0","retrievedAt":"2026-08-19T19:54:33.442Z","sourceUrl":"https://donnees.montreal.ca/dataset/geolocalisation-des-bornes-fontaines","updateDate":"2026-03-18","geometryType":"Point","legalNote":"Annual inventory. Not for engineering use without City validation."},"source":{"ADRESSE":"1234-1238 rue Stanley","ADRESSE_R_M":"Cartographie géomatique ville","COORDONNEE_SPATIALE_X":299121.016,"COORDONNEE_SPATIALE_Y":5039880.319,"DATE_ABANDON_R_M":"Non applicable","DATE_INSTALLATION":"1909-01-01","DATE_INSTALLATION_R_M":"Plan Atlas et inventaire","ELEVATION_TERRAIN":37.615,"ID_BI":5019705,"ID_POINT":5248145,"JURIDICTION":"LOCALE","JURIDICTION_R_M":"Direction épuration eaux usées","PRECISION_DATE_INSTALL":"DATE INSTALLATION DANS L'ANNEE COURANTE","PRECISION_DATE_INSTALL_R_M":"Plan Atlas et inventaire","PROPRIETAIRE":"VILLE DE MONTREAL","PROPRIETAIRE_R_M":"Cartographie géomatique ville","PROVENANCE_DONNEE":"RELEVE TERRAIN INTERNE","STATUT_ACTIF":"EXISTANT","STATUT_ACTIF_R_M":"Plan profil","LATITUDE":45.498830431804826,"LONGITUDE":-73.57266727166962,"ABANDONNE_R":"NON","ABANDONNE_R_M":"Non applicable"}},"geometry":{"type":"Point","coordinates":[-73.57266727166962,45.498830431804826]}},{"type":"Feature","id":"ville-montreal/hydrant/5020672","properties":{"lab":{"objectClass":"hydrant","label":"HYDRANT","sourceId":"5020672","provider":"Ville de Montréal","providerKey":"ville-montreal","dataset":"Bornes d'incendie","datasetId":"cb4de65e-138b-4936-9d5c-2d9a0bc9b4ce","identityField":"ID_BI","sourceName":"131 rue de la Commune Ouest","license":"CC-BY 4.0","retrievedAt":"2026-08-19T19:54:33.442Z","sourceUrl":"https://donnees.montreal.ca/dataset/geolocalisation-des-bornes-fontaines","updateDate":"2026-03-18","geometryType":"Point","legalNote":"Annual inventory. Not for engineering use without City validation."},"source":{"ADRESSE":"131 rue de la Commune Ouest","ADRESSE_R_M":"Cartographie géomatique ville","COORDONNEE_SPATIALE_X":300573.379,"COORDONNEE_SPATIALE_Y":5040399.963,"DATE_ABANDON_R_M":"Non applicable","DATE_INSTALLATION":"1989-01-01","DATE_INSTALLATION_R_M":"Plan Atlas et inventaire","ELEVATION_TERRAIN":14.603,"ID_BI":5020672,"ID_POINT":5267076,"JURIDICTION":"LOCALE","JURIDICTION_R_M":"Direction épuration eaux usées","PRECISION_DATE_INSTALL":"DATE INSTALLATION DANS L'ANNEE COURANTE","PRECISION_DATE_INSTALL_R_M":"Plan Atlas et inventaire","PROPRIETAIRE":"VILLE DE MONTREAL","PROPRIETAIRE_R_M":"Cartographie géomatique ville","PROVENANCE_DONNEE":"RELEVE PHOTOGRAMMETRIQUE","STATUT_ACTIF":"EXISTANT","STATUT_ACTIF_R_M":"Plan profil","LATITUDE":45.503516518812226,"LONGITUDE":-73.55408815529425,"ABANDONNE_R":"NON","ABANDONNE_R_M":"Non applicable"}},"geometry":{"type":"Point","coordinates":[-73.55408815529425,45.503516518812226]}},{"type":"Feature","id":"ville-montreal/hydrant/5020465","properties":{"lab":{"objectClass":"hydrant","label":"HYDRANT","sourceId":"5020465","provider":"Ville de Montréal","providerKey":"ville-montreal","dataset":"Bornes d'incendie","datasetId":"cb4de65e-138b-4936-9d5c-2d9a0bc9b4ce","identityField":"ID_BI","sourceName":"985 boulevard Saint-Laurent","license":"CC-BY 4.0","retrievedAt":"2026-08-19T19:54:33.442Z","sourceUrl":"https://donnees.montreal.ca/dataset/geolocalisation-des-bornes-fontaines","updateDate":"2026-03-18","geometryType":"Point","legalNote":"Annual inventory. Not for engineering use without City validation."},"source":{"ADRESSE":"985 boulevard Saint-Laurent","ADRESSE_R_M":"Cartographie géomatique ville","COORDONNEE_SPATIALE_X":300218.235,"COORDONNEE_SPATIALE_Y":5040867.425,"DATE_ABANDON_R_M":"Non applicable","DATE_INSTALLATION":"1965-01-01","DATE_INSTALLATION_R_M":"Plan Atlas et inventaire","ELEVATION_TERRAIN":16.804,"ID_BI":5020465,"ID_POINT":5262985,"JURIDICTION":"LOCALE","JURIDICTION_R_M":"Direction épuration eaux usées","PRECISION_DATE_INSTALL":"DATE INSTALLATION DANS L'ANNEE COURANTE","PRECISION_DATE_INSTALL_R_M":"Plan Atlas et inventaire","PROPRIETAIRE":"VILLE DE MONTREAL","PROPRIETAIRE_R_M":"Cartographie géomatique ville","PROVENANCE_DONNEE":"RELEVE PHOTOGRAMMETRIQUE","STATUT_ACTIF":"EXISTANT","STATUT_ACTIF_R_M":"Plan profil","LATITUDE":45.50772077767845,"LONGITUDE":-73.55863676847017,"ABANDONNE_R":"NON","ABANDONNE_R_M":"Non applicable"}},"geometry":{"type":"Point","coordinates":[-73.55863676847017,45.50772077767845]}},{"type":"Feature","id":"ville-montreal/hydrant/5020614","properties":{"lab":{"objectClass":"hydrant","label":"HYDRANT","sourceId":"5020614","provider":"Ville de Montréal","providerKey":"ville-montreal","dataset":"Bornes d'incendie","datasetId":"cb4de65e-138b-4936-9d5c-2d9a0bc9b4ce","identityField":"ID_BI","sourceName":"439 rue Saint-Pierre","license":"CC-BY 4.0","retrievedAt":"2026-08-19T19:54:33.442Z","sourceUrl":"https://donnees.montreal.ca/dataset/geolocalisation-des-bornes-fontaines","updateDate":"2026-03-18","geometryType":"Point","legalNote":"Annual inventory. Not for engineering use without City validation."},"source":{"ADRESSE":"439 rue Saint-Pierre","ADRESSE_R_M":"Cartographie géomatique ville","COORDONNEE_SPATIALE_X":300308.616,"COORDONNEE_SPATIALE_Y":5040224.197,"DATE_ABANDON_R_M":"Non applicable","DATE_INSTALLATION":"1988-01-01","DATE_INSTALLATION_R_M":"Plan Atlas et inventaire","ELEVATION_TERRAIN":16.759,"ID_BI":5020614,"ID_POINT":5267018,"JURIDICTION":"LOCALE","JURIDICTION_R_M":"Direction épuration eaux usées","PRECISION_DATE_INSTALL":"DATE INSTALLATION DANS L'ANNEE COURANTE","PRECISION_DATE_INSTALL_R_M":"Plan Atlas et inventaire","PROPRIETAIRE":"VILLE DE MONTREAL","PROPRIETAIRE_R_M":"Cartographie géomatique ville","PROVENANCE_DONNEE":"RELEVE TERRAIN INTERNE","STATUT_ACTIF":"EXISTANT","STATUT_ACTIF_R_M":"Plan profil","LATITUDE":45.50193334765013,"LONGITUDE":-73.55747441694895,"ABANDONNE_R":"NON","ABANDONNE_R_M":"Non applicable"}},"geometry":{"type":"Point","coordinates":[-73.55747441694895,45.50193334765013]}},{"type":"Feature","id":"ville-montreal/hydrant/5020615","properties":{"lab":{"objectClass":"hydrant","label":"HYDRANT","sourceId":"5020615","provider":"Ville de Montréal","providerKey":"ville-montreal","dataset":"Bornes d'incendie","datasetId":"cb4de65e-138b-4936-9d5c-2d9a0bc9b4ce","identityField":"ID_BI","sourceName":"261 rue du Saint-Sacrement","license":"CC-BY 4.0","retrievedAt":"2026-08-19T19:54:33.442Z","sourceUrl":"https://donnees.montreal.ca/dataset/geolocalisation-des-bornes-fontaines","updateDate":"2026-03-18","geometryType":"Point","legalNote":"Annual inventory. Not for engineering use without City validation."},"source":{"ADRESSE":"261 rue du Saint-Sacrement","ADRESSE_R_M":"Cartographie géomatique ville","COORDONNEE_SPATIALE_X":300341.775,"COORDONNEE_SPATIALE_Y":5040266.572,"DATE_ABANDON_R_M":"Non applicable","DATE_INSTALLATION":"1988-01-01","DATE_INSTALLATION_R_M":"Plan Atlas et inventaire","ELEVATION_TERRAIN":17.306,"ID_BI":5020615,"ID_POINT":5267019,"JURIDICTION":"LOCALE","JURIDICTION_R_M":"Direction épuration eaux usées","PRECISION_DATE_INSTALL":"DATE INSTALLATION DANS L'ANNEE COURANTE","PRECISION_DATE_INSTALL_R_M":"Plan Atlas et inventaire","PROPRIETAIRE":"VILLE DE MONTREAL","PROPRIETAIRE_R_M":"Cartographie géomatique ville","PROVENANCE_DONNEE":"RELEVE TERRAIN INTERNE","STATUT_ACTIF":"EXISTANT","STATUT_ACTIF_R_M":"Plan profil","LATITUDE":45.502314857574895,"LONGITUDE":-73.55705050364568,"ABANDONNE_R":"NON","ABANDONNE_R_M":"Non applicable"}},"geometry":{"type":"Point","coordinates":[-73.55705050364568,45.502314857574895]}},{"type":"Feature","id":"ville-montreal/hydrant/5020616","properties":{"lab":{"objectClass":"hydrant","label":"HYDRANT","sourceId":"5020616","provider":"Ville de Montréal","providerKey":"ville-montreal","dataset":"Bornes d'incendie","datasetId":"cb4de65e-138b-4936-9d5c-2d9a0bc9b4ce","identityField":"ID_BI","sourceName":"60 rue Saint-Jacques","license":"CC-BY 4.0","retrievedAt":"2026-08-19T19:54:33.442Z","sourceUrl":"https://donnees.montreal.ca/dataset/geolocalisation-des-bornes-fontaines","updateDate":"2026-03-18","geometryType":"Point","legalNote":"Annual inventory. Not for engineering use without City validation."},"source":{"ADRESSE":"60 rue Saint-Jacques","ADRESSE_R_M":"Cartographie géomatique ville","COORDONNEE_SPATIALE_X":300339.799,"COORDONNEE_SPATIALE_Y":5040623.098,"DATE_ABANDON_R_M":"Non applicable","DATE_INSTALLATION":"1869-01-01","DATE_INSTALLATION_R_M":"Plan Atlas et inventaire","ELEVATION_TERRAIN":24.222,"ID_BI":5020616,"ID_POINT":5267020,"JURIDICTION":"LOCALE","JURIDICTION_R_M":"Direction épuration eaux usées","PRECISION_DATE_INSTALL":"DATE INSTALLATION DANS L'ANNEE COURANTE","PRECISION_DATE_INSTALL_R_M":"Plan Atlas et inventaire","PROPRIETAIRE":"VILLE DE MONTREAL","PROPRIETAIRE_R_M":"Cartographie géomatique ville","PROVENANCE_DONNEE":"RELEVE TERRAIN INTERNE","STATUT_ACTIF":"EXISTANT","STATUT_ACTIF_R_M":"Plan profil","LATITUDE":45.505522986514684,"LONGITUDE":-73.55707895521049,"ABANDONNE_R":"NON","ABANDONNE_R_M":"Non applicable"}},"geometry":{"type":"Point","coordinates":[-73.55707895521049,45.505522986514684]}},{"type":"Feature","id":"ville-montreal/hydrant/5020622","properties":{"lab":{"objectClass":"hydrant","label":"HYDRANT","sourceId":"5020622","provider":"Ville de Montréal","providerKey":"ville-montreal","dataset":"Bornes d'incendie","datasetId":"cb4de65e-138b-4936-9d5c-2d9a0bc9b4ce","identityField":"ID_BI","sourceName":"290-310 place D'Youville","license":"CC-BY 4.0","retrievedAt":"2026-08-19T19:54:33.442Z","sourceUrl":"https://donnees.montreal.ca/dataset/geolocalisation-des-bornes-fontaines","updateDate":"2026-03-18","geometryType":"Point","legalNote":"Annual inventory. Not for engineering use without City validation."},"source":{"ADRESSE":"290-310 place D'Youville","ADRESSE_R_M":"Cartographie géomatique ville","COORDONNEE_SPATIALE_X":300497.503,"COORDONNEE_SPATIALE_Y":5040160.881,"DATE_ABANDON_R_M":"Non applicable","DATE_INSTALLATION":"1989-01-01","DATE_INSTALLATION_R_M":"Plan Atlas et inventaire","ELEVATION_TERRAIN":14.438,"ID_BI":5020622,"ID_POINT":5267026,"JURIDICTION":"LOCALE","JURIDICTION_R_M":"Direction épuration eaux usées","PRECISION_DATE_INSTALL":"DATE INSTALLATION DANS L'ANNEE COURANTE","PRECISION_DATE_INSTALL_R_M":"Plan Atlas et inventaire","PROPRIETAIRE":"VILLE DE MONTREAL","PROPRIETAIRE_R_M":"Cartographie géomatique ville","PROVENANCE_DONNEE":"RELEVE TERRAIN INTERNE","STATUT_ACTIF":"EXISTANT","STATUT_ACTIF_R_M":"Plan profil","LATITUDE":45.5013648038081,"LONGITUDE":-73.5550568625174,"ABANDONNE_R":"NON","ABANDONNE_R_M":"Non applicable"}},"geometry":{"type":"Point","coordinates":[-73.5550568625174,45.5013648038081]}},{"type":"Feature","id":"ville-montreal/hydrant/5020673","properties":{"lab":{"objectClass":"hydrant","label":"HYDRANT","sourceId":"5020673","provider":"Ville de Montréal","providerKey":"ville-montreal","dataset":"Bornes d'incendie","datasetId":"cb4de65e-138b-4936-9d5c-2d9a0bc9b4ce","identityField":"ID_BI","sourceName":"221 rue du Saint-Sacrement","license":"CC-BY 4.0","retrievedAt":"2026-08-19T19:54:33.442Z","sourceUrl":"https://donnees.montreal.ca/dataset/geolocalisation-des-bornes-fontaines","updateDate":"2026-03-18","geometryType":"Point","legalNote":"Annual inventory. Not for engineering use without City validation."},"source":{"ADRESSE":"221 rue du Saint-Sacrement","ADRESSE_R_M":"Cartographie géomatique ville","COORDONNEE_SPATIALE_X":300391.745,"COORDONNEE_SPATIALE_Y":5040314.178,"DATE_ABANDON_R_M":"Non applicable","DATE_INSTALLATION":"1988-01-01","DATE_INSTALLATION_R_M":"Plan Atlas et inventaire","ELEVATION_TERRAIN":17.851,"ID_BI":5020673,"ID_POINT":5267077,"JURIDICTION":"LOCALE","JURIDICTION_R_M":"Direction épuration eaux usées","PRECISION_DATE_INSTALL":"DATE INSTALLATION DANS L'ANNEE COURANTE","PRECISION_DATE_INSTALL_R_M":"Plan Atlas et inventaire","PROPRIETAIRE":"VILLE DE MONTREAL","PROPRIETAIRE_R_M":"Cartographie géomatique ville","PROVENANCE_DONNEE":"RELEVE PHOTOGRAMMETRIQUE","STATUT_ACTIF":"EXISTANT","STATUT_ACTIF_R_M":"Plan profil","LATITUDE":45.50274353537339,"LONGITUDE":-73.55641152899493,"ABANDONNE_R":"NON","ABANDONNE_R_M":"Non applicable"}},"geometry":{"type":"Point","coordinates":[-73.55641152899493,45.50274353537339]}},{"type":"Feature","id":"ville-montreal/hydrant/5020675","properties":{"lab":{"objectClass":"hydrant","label":"HYDRANT","sourceId":"5020675","provider":"Ville de Montréal","providerKey":"ville-montreal","dataset":"Bornes d'incendie","datasetId":"cb4de65e-138b-4936-9d5c-2d9a0bc9b4ce","identityField":"ID_BI","sourceName":"386 rue Le Moyne","license":"CC-BY 4.0","retrievedAt":"2026-08-19T19:54:33.442Z","sourceUrl":"https://donnees.montreal.ca/dataset/geolocalisation-des-bornes-fontaines","updateDate":"2026-03-18","geometryType":"Point","legalNote":"Annual inventory. Not for engineering use without City validation."},"source":{"ADRESSE":"386 rue Le Moyne","ADRESSE_R_M":"Cartographie géomatique ville","COORDONNEE_SPATIALE_X":300318.071,"COORDONNEE_SPATIALE_Y":5040123.28,"DATE_ABANDON_R_M":"Non applicable","DATE_INSTALLATION":"1890-01-01","DATE_INSTALLATION_R_M":"Plan Atlas et inventaire","ELEVATION_TERRAIN":15.822,"ID_BI":5020675,"ID_POINT":5267079,"JURIDICTION":"LOCALE","JURIDICTION_R_M":"Direction épuration eaux usées","PRECISION_DATE_INSTALL":"DATE INSTALLATION DANS L'ANNEE COURANTE","PRECISION_DATE_INSTALL_R_M":"Plan Atlas et inventaire","PROPRIETAIRE":"VILLE DE MONTREAL","PROPRIETAIRE_R_M":"Cartographie géomatique ville","PROVENANCE_DONNEE":"RELEVE TERRAIN INTERNE","STATUT_ACTIF":"EXISTANT","STATUT_ACTIF_R_M":"Plan profil","LATITUDE":45.501025330940536,"LONGITUDE":-73.55735251648926,"ABANDONNE_R":"NON","ABANDONNE_R_M":"Non applicable"}},"geometry":{"type":"Point","coordinates":[-73.55735251648926,45.501025330940536]}},{"type":"Feature","id":"ville-montreal/hydrant/5019680","properties":{"lab":{"objectClass":"hydrant","label":"HYDRANT","sourceId":"5019680","provider":"Ville de Montréal","providerKey":"ville-montreal","dataset":"Bornes d'incendie","datasetId":"cb4de65e-138b-4936-9d5c-2d9a0bc9b4ce","identityField":"ID_BI","sourceName":"544 rue de l' Inspecteur","license":"CC-BY 4.0","retrievedAt":"2026-08-19T19:54:33.442Z","sourceUrl":"https://donnees.montreal.ca/dataset/geolocalisation-des-bornes-fontaines","updateDate":"2026-03-18","geometryType":"Point","legalNote":"Annual inventory. Not for engineering use without City validation."},"source":{"ADRESSE":"544 rue de l' Inspecteur","ADRESSE_R_M":"Cartographie géomatique ville","COORDONNEE_SPATIALE_X":299894.519,"COORDONNEE_SPATIALE_Y":5039723.464,"DATE_ABANDON_R_M":"Non applicable","DATE_INSTALLATION":"1914-01-01","DATE_INSTALLATION_R_M":"Plan Atlas et inventaire","ELEVATION_TERRAIN":14.784,"ID_BI":5019680,"ID_POINT":5248120,"JURIDICTION":"LOCALE","JURIDICTION_R_M":"Direction épuration eaux usées","PRECISION_DATE_INSTALL":"DATE INSTALLATION DANS L'ANNEE COURANTE","PRECISION_DATE_INSTALL_R_M":"Plan Atlas et inventaire","PROPRIETAIRE":"VILLE DE MONTREAL","PROPRIETAIRE_R_M":"Cartographie géomatique ville","PROVENANCE_DONNEE":"RELEVE TERRAIN INTERNE","STATUT_ACTIF":"EXISTANT","STATUT_ACTIF_R_M":"Plan profil","LATITUDE":45.49742474267711,"LONGITUDE":-73.56276834668029,"ABANDONNE_R":"NON","ABANDONNE_R_M":"Non applicable"}},"geometry":{"type":"Point","coordinates":[-73.56276834668029,45.49742474267711]}},{"type":"Feature","id":"ville-montreal/hydrant/5019686","properties":{"lab":{"objectClass":"hydrant","label":"HYDRANT","sourceId":"5019686","provider":"Ville de Montréal","providerKey":"ville-montreal","dataset":"Bornes d'incendie","datasetId":"cb4de65e-138b-4936-9d5c-2d9a0bc9b4ce","identityField":"ID_BI","sourceName":"1105 boulevard René-Lévesque Ouest","license":"CC-BY 4.0","retrievedAt":"2026-08-19T19:54:33.442Z","sourceUrl":"https://donnees.montreal.ca/dataset/geolocalisation-des-bornes-fontaines","updateDate":"2026-03-18","geometryType":"Point","legalNote":"Annual inventory. Not for engineering use without City validation."},"source":{"ADRESSE":"1105 boulevard René-Lévesque Ouest","ADRESSE_R_M":"Cartographie géomatique ville","COORDONNEE_SPATIALE_X":299330.887,"COORDONNEE_SPATIALE_Y":5039856.371,"DATE_ABANDON_R_M":"Non applicable","DATE_INSTALLATION":"1888-01-01","DATE_INSTALLATION_R_M":"Plan Atlas et inventaire","ELEVATION_TERRAIN":36.53,"ID_BI":5019686,"ID_POINT":5248126,"JURIDICTION":"LOCALE","JURIDICTION_R_M":"Direction épuration eaux usées","PRECISION_DATE_INSTALL":"DATE INSTALLATION DANS L'ANNEE COURANTE","PRECISION_DATE_INSTALL_R_M":"Plan Atlas et inventaire","PROPRIETAIRE":"VILLE DE MONTREAL","PROPRIETAIRE_R_M":"Cartographie géomatique ville","PROVENANCE_DONNEE":"RELEVE TERRAIN INTERNE","STATUT_ACTIF":"EXISTANT","STATUT_ACTIF_R_M":"Plan profil","LATITUDE":45.49861661401344,"LONGITUDE":-73.56998155828106,"ABANDONNE_R":"NON","ABANDONNE_R_M":"Non applicable"}},"geometry":{"type":"Point","coordinates":[-73.56998155828106,45.49861661401344]}},{"type":"Feature","id":"ville-montreal/hydrant/5019687","properties":{"lab":{"objectClass":"hydrant","label":"HYDRANT","sourceId":"5019687","provider":"Ville de Montréal","providerKey":"ville-montreal","dataset":"Bornes d'incendie","datasetId":"cb4de65e-138b-4936-9d5c-2d9a0bc9b4ce","identityField":"ID_BI","sourceName":"950 rue Peel","license":"CC-BY 4.0","retrievedAt":"2026-08-19T19:54:33.442Z","sourceUrl":"https://donnees.montreal.ca/dataset/geolocalisation-des-bornes-fontaines","updateDate":"2026-03-18","geometryType":"Point","legalNote":"Annual inventory. Not for engineering use without City validation."},"source":{"ADRESSE":"950 rue Peel","ADRESSE_R_M":"Cartographie géomatique ville","COORDONNEE_SPATIALE_X":299480.428,"COORDONNEE_SPATIALE_Y":5039767.1,"DATE_ABANDON_R_M":"Non applicable","DATE_INSTALLATION":"1966-01-01","DATE_INSTALLATION_R_M":"Plan Atlas et inventaire","ELEVATION_TERRAIN":30.885,"ID_BI":5019687,"ID_POINT":5248127,"JURIDICTION":"LOCALE","JURIDICTION_R_M":"Direction épuration eaux usées","PRECISION_DATE_INSTALL":"DATE INSTALLATION DANS L'ANNEE COURANTE","PRECISION_DATE_INSTALL_R_M":"Plan Atlas et inventaire","PROPRIETAIRE":"VILLE DE MONTREAL","PROPRIETAIRE_R_M":"Cartographie géomatique ville","PROVENANCE_DONNEE":"RELEVE TERRAIN INTERNE","STATUT_ACTIF":"EXISTANT","STATUT_ACTIF_R_M":"Plan profil","LATITUDE":45.49781446279431,"LONGITUDE":-73.56806712619132,"ABANDONNE_R":"NON","ABANDONNE_R_M":"Non applicable"}},"geometry":{"type":"Point","coordinates":[-73.56806712619132,45.49781446279431]}},{"type":"Feature","id":"ville-montreal/hydrant/10001062","properties":{"lab":{"objectClass":"hydrant","label":"HYDRANT","sourceId":"10001062","provider":"Ville de Montréal","providerKey":"ville-montreal","dataset":"Bornes d'incendie","datasetId":"cb4de65e-138b-4936-9d5c-2d9a0bc9b4ce","identityField":"ID_BI","sourceName":"550 rue Sherbrooke Ouest","license":"CC-BY 4.0","retrievedAt":"2026-08-19T19:54:33.442Z","sourceUrl":"https://donnees.montreal.ca/dataset/geolocalisation-des-bornes-fontaines","updateDate":"2026-03-18","geometryType":"Point","legalNote":"Annual inventory. Not for engineering use without City validation."},"source":{"ADRESSE":"550 rue Sherbrooke Ouest","ADRESSE_R_M":"Cartographie géomatique ville","COORDONNEE_SPATIALE_X":299152.354,"COORDONNEE_SPATIALE_Y":5040681.447,"DATE_ABANDON_R_M":"Non applicable","DATE_INSTALLATION":"2009-01-01","DATE_INSTALLATION_R_M":"BD des unités stratégiques de eau","ELEVATION_TERRAIN":43.388,"ID_BI":10001062,"ID_POINT":10021788,"JURIDICTION":"LOCALE","JURIDICTION_R_M":"Direction épuration eaux usées","PRECISION_DATE_INSTALL":"DATE INSTALLATION DANS L'ANNEE COURANTE","PRECISION_DATE_INSTALL_R_M":"BD des unités stratégiques de eau","PROPRIETAIRE":"VILLE DE MONTREAL","PROPRIETAIRE_R_M":"Cartographie géomatique ville","PROVENANCE_DONNEE":"RELEVE TERRAIN INTERNE","STATUT_ACTIF":"EXISTANT","STATUT_ACTIF_R_M":"Plan profil","LATITUDE":45.50603952360187,"LONGITUDE":-73.57227563529099,"ABANDONNE_R":"NON","ABANDONNE_R_M":"Non applicable"}},"geometry":{"type":"Point","coordinates":[-73.57227563529099,45.50603952360187]}},{"type":"Feature","id":"ville-montreal/hydrant/10002889","properties":{"lab":{"objectClass":"hydrant","label":"HYDRANT","sourceId":"10002889","provider":"Ville de Montréal","providerKey":"ville-montreal","dataset":"Bornes d'incendie","datasetId":"cb4de65e-138b-4936-9d5c-2d9a0bc9b4ce","identityField":"ID_BI","sourceName":"1600 rue Saint-Urbain","license":"CC-BY 4.0","retrievedAt":"2026-08-19T19:54:33.442Z","sourceUrl":"https://donnees.montreal.ca/dataset/geolocalisation-des-bornes-fontaines","updateDate":"2026-03-18","geometryType":"Point","legalNote":"Annual inventory. Not for engineering use without City validation."},"source":{"ADRESSE":"1600 rue Saint-Urbain","ADRESSE_R_M":"Cartographie géomatique ville","COORDONNEE_SPATIALE_X":299588.17,"COORDONNEE_SPATIALE_Y":5041088.581,"DATE_ABANDON_R_M":"Non applicable","DATE_INSTALLATION":"2012-03-28","DATE_INSTALLATION_R_M":"Plan profil","ELEVATION_TERRAIN":27.92,"ID_BI":10002889,"ID_POINT":10063701,"JURIDICTION":"LOCALE","JURIDICTION_R_M":"Direction production eau potable","PRECISION_DATE_INSTALL":"DATE INSTALLATION DANS L'ANNEE COURANTE","PRECISION_DATE_INSTALL_R_M":"Plan profil","PROPRIETAIRE":"VILLE DE MONTREAL","PROPRIETAIRE_R_M":"Cartographie géomatique ville","PROVENANCE_DONNEE":"RELEVE TERRAIN INTERNE","STATUT_ACTIF":"EXISTANT","STATUT_ACTIF_R_M":"Plan profil","LATITUDE":45.50970635568882,"LONGITUDE":-73.5667026350887,"ABANDONNE_R":"NON","ABANDONNE_R_M":"Non applicable"}},"geometry":{"type":"Point","coordinates":[-73.5667026350887,45.50970635568882]}},{"type":"Feature","id":"ville-montreal/hydrant/10001064","properties":{"lab":{"objectClass":"hydrant","label":"HYDRANT","sourceId":"10001064","provider":"Ville de Montréal","providerKey":"ville-montreal","dataset":"Bornes d'incendie","datasetId":"cb4de65e-138b-4936-9d5c-2d9a0bc9b4ce","identityField":"ID_BI","sourceName":"1180-1200 rue Saint-Alexandre","license":"CC-BY 4.0","retrievedAt":"2026-08-19T19:54:33.442Z","sourceUrl":"https://donnees.montreal.ca/dataset/geolocalisation-des-bornes-fontaines","updateDate":"2026-03-18","geometryType":"Point","legalNote":"Annual inventory. Not for engineering use without City validation."},"source":{"ADRESSE":"1180-1200 rue Saint-Alexandre","ADRESSE_R_M":"Cartographie géomatique ville","COORDONNEE_SPATIALE_X":299607.053,"COORDONNEE_SPATIALE_Y":5040533.062,"DATE_ABANDON_R_M":"Non applicable","DATE_INSTALLATION":"2009-01-01","DATE_INSTALLATION_R_M":"BD des unités stratégiques de eau","ELEVATION_TERRAIN":36.068,"ID_BI":10001064,"ID_POINT":10021793,"JURIDICTION":"LOCALE","JURIDICTION_R_M":"Direction épuration eaux usées","PRECISION_DATE_INSTALL":"DATE INSTALLATION DANS L'ANNEE COURANTE","PRECISION_DATE_INSTALL_R_M":"BD des unités stratégiques de eau","PROPRIETAIRE":"VILLE DE MONTREAL","PROPRIETAIRE_R_M":"Cartographie géomatique ville","PROVENANCE_DONNEE":"RELEVE TERRAIN INTERNE","STATUT_ACTIF":"EXISTANT","STATUT_ACTIF_R_M":"Plan profil","LATITUDE":45.504707800220565,"LONGITUDE":-73.56645493248602,"ABANDONNE_R":"NON","ABANDONNE_R_M":"Non applicable"}},"geometry":{"type":"Point","coordinates":[-73.56645493248602,45.504707800220565]}},{"type":"Feature","id":"ville-montreal/hydrant/10001065","properties":{"lab":{"objectClass":"hydrant","label":"HYDRANT","sourceId":"10001065","provider":"Ville de Montréal","providerKey":"ville-montreal","dataset":"Bornes d'incendie","datasetId":"cb4de65e-138b-4936-9d5c-2d9a0bc9b4ce","identityField":"ID_BI","sourceName":"990 boulevard De Maisonneuve Ouest","license":"CC-BY 4.0","retrievedAt":"2026-08-19T19:54:33.442Z","sourceUrl":"https://donnees.montreal.ca/dataset/geolocalisation-des-bornes-fontaines","updateDate":"2026-03-18","geometryType":"Point","legalNote":"Annual inventory. Not for engineering use without City validation."},"source":{"ADRESSE":"990 boulevard De Maisonneuve Ouest","ADRESSE_R_M":"Cartographie géomatique ville","COORDONNEE_SPATIALE_X":299050.256,"COORDONNEE_SPATIALE_Y":5040174.073,"DATE_ABANDON_R_M":"Non applicable","DATE_INSTALLATION":"2009-01-01","DATE_INSTALLATION_R_M":"BD des unités stratégiques de eau","ELEVATION_TERRAIN":70.7,"ID_BI":10001065,"ID_POINT":10021796,"JURIDICTION":"LOCALE","JURIDICTION_R_M":"Direction épuration eaux usées","PRECISION_DATE_INSTALL":"DATE INSTALLATION DANS L'ANNEE COURANTE","PRECISION_DATE_INSTALL_R_M":"BD des unités stratégiques de eau","PROPRIETAIRE":"VILLE DE MONTREAL","PROPRIETAIRE_R_M":"Cartographie géomatique ville","PROVENANCE_DONNEE":"RELEVE TERRAIN INTERNE","STATUT_ACTIF":"EXISTANT","STATUT_ACTIF_R_M":"Plan profil","LATITUDE":45.50147317009481,"LONGITUDE":-73.57357617105511,"ABANDONNE_R":"NON","ABANDONNE_R_M":"Non applicable"}},"geometry":{"type":"Point","coordinates":[-73.57357617105511,45.50147317009481]}},{"type":"Feature","id":"ville-montreal/hydrant/10001066","properties":{"lab":{"objectClass":"hydrant","label":"HYDRANT","sourceId":"10001066","provider":"Ville de Montréal","providerKey":"ville-montreal","dataset":"Bornes d'incendie","datasetId":"cb4de65e-138b-4936-9d5c-2d9a0bc9b4ce","identityField":"ID_BI","sourceName":"950 rue Sainte-Catherine Ouest","license":"CC-BY 4.0","retrievedAt":"2026-08-19T19:54:33.442Z","sourceUrl":"https://donnees.montreal.ca/dataset/geolocalisation-des-bornes-fontaines","updateDate":"2026-03-18","geometryType":"Point","legalNote":"Annual inventory. Not for engineering use without City validation."},"source":{"ADRESSE":"950 rue Sainte-Catherine Ouest","ADRESSE_R_M":"Cartographie géomatique ville","COORDONNEE_SPATIALE_X":299191.509,"COORDONNEE_SPATIALE_Y":5040156.274,"DATE_ABANDON_R_M":"Non applicable","DATE_INSTALLATION":"2009-01-01","DATE_INSTALLATION_R_M":"BD des unités stratégiques de eau","ELEVATION_TERRAIN":40.739,"ID_BI":10001066,"ID_POINT":10021798,"JURIDICTION":"LOCALE","JURIDICTION_R_M":"Direction épuration eaux usées","PRECISION_DATE_INSTALL":"DATE INSTALLATION DANS L'ANNEE COURANTE","PRECISION_DATE_INSTALL_R_M":"BD des unités stratégiques de eau","PROPRIETAIRE":"VILLE DE MONTREAL","PROPRIETAIRE_R_M":"Cartographie géomatique ville","PROVENANCE_DONNEE":"RELEVE TERRAIN INTERNE","STATUT_ACTIF":"EXISTANT","STATUT_ACTIF_R_M":"Plan profil","LATITUDE":45.50131414804303,"LONGITUDE":-73.57176844132988,"ABANDONNE_R":"NON","ABANDONNE_R_M":"Non applicable"}},"geometry":{"type":"Point","coordinates":[-73.57176844132988,45.50131414804303]}},{"type":"Feature","id":"ville-montreal/hydrant/10001069","properties":{"lab":{"objectClass":"hydrant","label":"HYDRANT","sourceId":"10001069","provider":"Ville de Montréal","providerKey":"ville-montreal","dataset":"Bornes d'incendie","datasetId":"cb4de65e-138b-4936-9d5c-2d9a0bc9b4ce","identityField":"ID_BI","sourceName":"389 rue Saint-Paul Ouest","license":"CC-BY 4.0","retrievedAt":"2026-08-19T19:54:33.442Z","sourceUrl":"https://donnees.montreal.ca/dataset/geolocalisation-des-bornes-fontaines","updateDate":"2026-03-18","geometryType":"Point","legalNote":"Annual inventory. Not for engineering use without City validation."},"source":{"ADRESSE":"389 rue Saint-Paul Ouest","ADRESSE_R_M":"Cartographie géomatique ville","COORDONNEE_SPATIALE_X":300338.641,"COORDONNEE_SPATIALE_Y":5040047.342,"DATE_ABANDON_R_M":"Non applicable","DATE_INSTALLATION":"2009-01-01","DATE_INSTALLATION_R_M":"BD des unités stratégiques de eau","ELEVATION_TERRAIN":14.75,"ID_BI":10001069,"ID_POINT":10021808,"JURIDICTION":"LOCALE","JURIDICTION_R_M":"Direction épuration eaux usées","PRECISION_DATE_INSTALL":"DATE INSTALLATION DANS L'ANNEE COURANTE","PRECISION_DATE_INSTALL_R_M":"BD des unités stratégiques de eau","PROPRIETAIRE":"VILLE DE MONTREAL","PROPRIETAIRE_R_M":"Cartographie géomatique ville","PROVENANCE_DONNEE":"RELEVE TERRAIN INTERNE","STATUT_ACTIF":"EXISTANT","STATUT_ACTIF_R_M":"Plan profil","LATITUDE":45.500342156071014,"LONGITUDE":-73.5570886144979,"ABANDONNE_R":"NON","ABANDONNE_R_M":"Non applicable"}},"geometry":{"type":"Point","coordinates":[-73.5570886144979,45.500342156071014]}},{"type":"Feature","id":"ville-montreal/hydrant/10002881","properties":{"lab":{"objectClass":"hydrant","label":"HYDRANT","sourceId":"10002881","provider":"Ville de Montréal","providerKey":"ville-montreal","dataset":"Bornes d'incendie","datasetId":"cb4de65e-138b-4936-9d5c-2d9a0bc9b4ce","identityField":"ID_BI","sourceName":"26-38 rue Sainte-Catherine Ouest","license":"CC-BY 4.0","retrievedAt":"2026-08-19T19:54:33.442Z","sourceUrl":"https://donnees.montreal.ca/dataset/geolocalisation-des-bornes-fontaines","updateDate":"2026-03-18","geometryType":"Point","legalNote":"Annual inventory. Not for engineering use without City validation."},"source":{"ADRESSE":"26-38 rue Sainte-Catherine Ouest","ADRESSE_R_M":"Cartographie géomatique ville","COORDONNEE_SPATIALE_X":299798.728,"COORDONNEE_SPATIALE_Y":5041070.843,"DATE_ABANDON_R_M":"Non applicable","DATE_INSTALLATION":"2012-03-29","DATE_INSTALLATION_R_M":"Plan profil","ELEVATION_TERRAIN":24.554,"ID_BI":10002881,"ID_POINT":10063483,"JURIDICTION":"LOCALE","JURIDICTION_R_M":"Direction production eau potable","PRECISION_DATE_INSTALL":"DATE INSTALLATION DANS L'ANNEE COURANTE","PRECISION_DATE_INSTALL_R_M":"Plan profil","PROPRIETAIRE":"VILLE DE MONTREAL","PROPRIETAIRE_R_M":"Cartographie géomatique ville","PROVENANCE_DONNEE":"RELEVE TERRAIN INTERNE","STATUT_ACTIF":"EXISTANT","STATUT_ACTIF_R_M":"Plan profil","LATITUDE":45.509548303246106,"LONGITUDE":-73.56400766413724,"ABANDONNE_R":"NON","ABANDONNE_R_M":"Non applicable"}},"geometry":{"type":"Point","coordinates":[-73.56400766413724,45.509548303246106]}},{"type":"Feature","id":"ville-montreal/hydrant/10002888","properties":{"lab":{"objectClass":"hydrant","label":"HYDRANT","sourceId":"10002888","provider":"Ville de Montréal","providerKey":"ville-montreal","dataset":"Bornes d'incendie","datasetId":"cb4de65e-138b-4936-9d5c-2d9a0bc9b4ce","identityField":"ID_BI","sourceName":"1411 rue Saint-Urbain","license":"CC-BY 4.0","retrievedAt":"2026-08-19T19:54:33.442Z","sourceUrl":"https://donnees.montreal.ca/dataset/geolocalisation-des-bornes-fontaines","updateDate":"2026-03-18","geometryType":"Point","legalNote":"Annual inventory. Not for engineering use without City validation."},"source":{"ADRESSE":"1411 rue Saint-Urbain","ADRESSE_R_M":"Cartographie géomatique ville","COORDONNEE_SPATIALE_X":299687.469,"COORDONNEE_SPATIALE_Y":5041002.302,"DATE_ABANDON_R_M":"Non applicable","DATE_INSTALLATION":"2012-03-28","DATE_INSTALLATION_R_M":"Plan profil","ELEVATION_TERRAIN":25.507,"ID_BI":10002888,"ID_POINT":10063683,"JURIDICTION":"LOCALE","JURIDICTION_R_M":"Direction production eau potable","PRECISION_DATE_INSTALL":"DATE INSTALLATION DANS L'ANNEE COURANTE","PRECISION_DATE_INSTALL_R_M":"Plan profil","PROPRIETAIRE":"VILLE DE MONTREAL","PROPRIETAIRE_R_M":"Cartographie géomatique ville","PROVENANCE_DONNEE":"RELEVE TERRAIN INTERNE","STATUT_ACTIF":"EXISTANT","STATUT_ACTIF_R_M":"Plan profil","LATITUDE":45.50893073741053,"LONGITUDE":-73.5654308551597,"ABANDONNE_R":"NON","ABANDONNE_R_M":"Non applicable"}},"geometry":{"type":"Point","coordinates":[-73.5654308551597,45.50893073741053]}},{"type":"Feature","id":"ville-montreal/hydrant/10001260","properties":{"lab":{"objectClass":"hydrant","label":"HYDRANT","sourceId":"10001260","provider":"Ville de Montréal","providerKey":"ville-montreal","dataset":"Bornes d'incendie","datasetId":"cb4de65e-138b-4936-9d5c-2d9a0bc9b4ce","identityField":"ID_BI","sourceName":"1501 rue De Bleury","license":"CC-BY 4.0","retrievedAt":"2026-08-19T19:54:33.442Z","sourceUrl":"https://donnees.montreal.ca/dataset/geolocalisation-des-bornes-fontaines","updateDate":"2026-03-18","geometryType":"Point","legalNote":"Annual inventory. Not for engineering use without City validation."},"source":{"ADRESSE":"1501 rue De Bleury","ADRESSE_R_M":"Cartographie géomatique ville","COORDONNEE_SPATIALE_X":299501.38,"COORDONNEE_SPATIALE_Y":5040826.965,"DATE_ABANDON_R_M":"Non applicable","DATE_INSTALLATION":"2009-05-29","DATE_INSTALLATION_R_M":"Plan balayé","ELEVATION_TERRAIN":33.642,"ID_BI":10001260,"ID_POINT":10025080,"JURIDICTION":"LOCALE","JURIDICTION_R_M":"Direction épuration eaux usées","PRECISION_DATE_INSTALL":"DATE INSTALLATION DANS L'ANNEE COURANTE","PRECISION_DATE_INSTALL_R_M":"Plan balayé","PROPRIETAIRE":"VILLE DE MONTREAL","PROPRIETAIRE_R_M":"Cartographie géomatique ville","PROVENANCE_DONNEE":"RELEVE TERRAIN INTERNE","STATUT_ACTIF":"EXISTANT","STATUT_ACTIF_R_M":"Plan balayé","LATITUDE":45.507351620852205,"LONGITUDE":-73.56781052985895,"ABANDONNE_R":"NON","ABANDONNE_R_M":"Non applicable"}},"geometry":{"type":"Point","coordinates":[-73.56781052985895,45.507351620852205]}},{"type":"Feature","id":"ville-montreal/hydrant/10001704","properties":{"lab":{"objectClass":"hydrant","label":"HYDRANT","sourceId":"10001704","provider":"Ville de Montréal","providerKey":"ville-montreal","dataset":"Bornes d'incendie","datasetId":"cb4de65e-138b-4936-9d5c-2d9a0bc9b4ce","identityField":"ID_BI","sourceName":"225 rue Saint-Jacques","license":"CC-BY 4.0","retrievedAt":"2026-08-19T19:54:33.442Z","sourceUrl":"https://donnees.montreal.ca/dataset/geolocalisation-des-bornes-fontaines","updateDate":"2026-03-18","geometryType":"Point","legalNote":"Annual inventory. Not for engineering use without City validation."},"source":{"ADRESSE":"225 rue Saint-Jacques","ADRESSE_R_M":"Cartographie géomatique ville","COORDONNEE_SPATIALE_X":300177.471,"COORDONNEE_SPATIALE_Y":5040443.063,"DATE_ABANDON_R_M":"Non applicable","DATE_INSTALLATION":"1900-01-01","DATE_INSTALLATION_R_M":"Non trouvé","ELEVATION_TERRAIN":15.939,"ID_BI":10001704,"ID_POINT":10037902,"JURIDICTION":"LOCALE","JURIDICTION_R_M":"Direction épuration eaux usées","PRECISION_DATE_INSTALL":"DATE INSTALLATION PRECISE 100 ANS MAXIMUM","PRECISION_DATE_INSTALL_R_M":"Plan Atlas et inventaire","PROPRIETAIRE":"VILLE DE MONTREAL","PROPRIETAIRE_R_M":"Cartographie géomatique ville","PROVENANCE_DONNEE":"RELEVE TERRAIN INTERNE","STATUT_ACTIF":"EXISTANT","STATUT_ACTIF_R_M":"Visite terrain","LATITUDE":45.50390192567487,"LONGITUDE":-73.5591545457361,"ABANDONNE_R":"NON","ABANDONNE_R_M":"Non applicable"}},"geometry":{"type":"Point","coordinates":[-73.5591545457361,45.50390192567487]}},{"type":"Feature","id":"ville-montreal/hydrant/10001705","properties":{"lab":{"objectClass":"hydrant","label":"HYDRANT","sourceId":"10001705","provider":"Ville de Montréal","providerKey":"ville-montreal","dataset":"Bornes d'incendie","datasetId":"cb4de65e-138b-4936-9d5c-2d9a0bc9b4ce","identityField":"ID_BI","sourceName":"701-709 rue Saint-Pierre","license":"CC-BY 4.0","retrievedAt":"2026-08-19T19:54:33.442Z","sourceUrl":"https://donnees.montreal.ca/dataset/geolocalisation-des-bornes-fontaines","updateDate":"2026-03-18","geometryType":"Point","legalNote":"Annual inventory. Not for engineering use without City validation."},"source":{"ADRESSE":"701-709 rue Saint-Pierre","ADRESSE_R_M":"Cartographie géomatique ville","COORDONNEE_SPATIALE_X":300132.476,"COORDONNEE_SPATIALE_Y":5040343.597,"DATE_ABANDON_R_M":"Non applicable","DATE_INSTALLATION":"1909-01-01","DATE_INSTALLATION_R_M":"Plan Atlas et inventaire","ELEVATION_TERRAIN":16.955,"ID_BI":10001705,"ID_POINT":10037923,"JURIDICTION":"LOCALE","JURIDICTION_R_M":"Direction épuration eaux usées","PRECISION_DATE_INSTALL":"DATE INSTALLATION DANS L'ANNEE COURANTE","PRECISION_DATE_INSTALL_R_M":"Plan Atlas et inventaire","PROPRIETAIRE":"VILLE DE MONTREAL","PROPRIETAIRE_R_M":"Cartographie géomatique ville","PROVENANCE_DONNEE":"RELEVE TERRAIN INTERNE","STATUT_ACTIF":"EXISTANT","STATUT_ACTIF_R_M":"Plan profil","LATITUDE":45.50300658545279,"LONGITUDE":-73.55972941265897,"ABANDONNE_R":"NON","ABANDONNE_R_M":"Non applicable"}},"geometry":{"type":"Point","coordinates":[-73.55972941265897,45.50300658545279]}},{"type":"Feature","id":"ville-montreal/hydrant/10001596","properties":{"lab":{"objectClass":"hydrant","label":"HYDRANT","sourceId":"10001596","provider":"Ville de Montréal","providerKey":"ville-montreal","dataset":"Bornes d'incendie","datasetId":"cb4de65e-138b-4936-9d5c-2d9a0bc9b4ce","identityField":"ID_BI","sourceName":"369 place D'Youville","license":"CC-BY 4.0","retrievedAt":"2026-08-19T19:54:33.442Z","sourceUrl":"https://donnees.montreal.ca/dataset/geolocalisation-des-bornes-fontaines","updateDate":"2026-03-18","geometryType":"Point","legalNote":"Annual inventory. Not for engineering use without City validation."},"source":{"ADRESSE":"369 place D'Youville","ADRESSE_R_M":"Cartographie géomatique ville","COORDONNEE_SPATIALE_X":300401.293,"COORDONNEE_SPATIALE_Y":5040043.105,"DATE_ABANDON_R_M":"Non applicable","DATE_INSTALLATION":"2009-01-01","DATE_INSTALLATION_R_M":"Plan Atlas et inventaire","ELEVATION_TERRAIN":14.723,"ID_BI":10001596,"ID_POINT":10034368,"JURIDICTION":"LOCALE","JURIDICTION_R_M":"Direction épuration eaux usées","PRECISION_DATE_INSTALL":"DATE INSTALLATION DANS L'ANNEE COURANTE","PRECISION_DATE_INSTALL_R_M":"Plan Atlas et inventaire","PROPRIETAIRE":"VILLE DE MONTREAL","PROPRIETAIRE_R_M":"Cartographie géomatique ville","PROVENANCE_DONNEE":"RELEVE TERRAIN INTERNE","STATUT_ACTIF":"EXISTANT","STATUT_ACTIF_R_M":"Plan profil","LATITUDE":45.50030443717618,"LONGITUDE":-73.55628688275759,"ABANDONNE_R":"NON","ABANDONNE_R_M":"Non applicable"}},"geometry":{"type":"Point","coordinates":[-73.55628688275759,45.50030443717618]}},{"type":"Feature","id":"ville-montreal/hydrant/10001597","properties":{"lab":{"objectClass":"hydrant","label":"HYDRANT","sourceId":"10001597","provider":"Ville de Montréal","providerKey":"ville-montreal","dataset":"Bornes d'incendie","datasetId":"cb4de65e-138b-4936-9d5c-2d9a0bc9b4ce","identityField":"ID_BI","sourceName":"1212 rue Mansfield","license":"CC-BY 4.0","retrievedAt":"2026-08-19T19:54:33.442Z","sourceUrl":"https://donnees.montreal.ca/dataset/geolocalisation-des-bornes-fontaines","updateDate":"2026-03-18","geometryType":"Point","legalNote":"Annual inventory. Not for engineering use without City validation."},"source":{"ADRESSE":"1212 rue Mansfield","ADRESSE_R_M":"Cartographie géomatique ville","COORDONNEE_SPATIALE_X":299270.086,"COORDONNEE_SPATIALE_Y":5040129.683,"DATE_ABANDON_R_M":"Non applicable","DATE_INSTALLATION":"1909-01-01","DATE_INSTALLATION_R_M":"Plan Atlas et inventaire","ELEVATION_TERRAIN":36.103,"ID_BI":10001597,"ID_POINT":10034416,"JURIDICTION":"LOCALE","JURIDICTION_R_M":"Direction épuration eaux usées","PRECISION_DATE_INSTALL":"DATE INSTALLATION DANS L'ANNEE COURANTE","PRECISION_DATE_INSTALL_R_M":"Plan Atlas et inventaire","PROPRIETAIRE":"VILLE DE MONTREAL","PROPRIETAIRE_R_M":"Cartographie géomatique ville","PROVENANCE_DONNEE":"RELEVE TERRAIN INTERNE","STATUT_ACTIF":"EXISTANT","STATUT_ACTIF_R_M":"Plan profil","LATITUDE":45.50107549256876,"LONGITUDE":-73.5707626435528,"ABANDONNE_R":"NON","ABANDONNE_R_M":"Non applicable"}},"geometry":{"type":"Point","coordinates":[-73.5707626435528,45.50107549256876]}},{"type":"Feature","id":"ville-montreal/hydrant/10008910","properties":{"lab":{"objectClass":"hydrant","label":"HYDRANT","sourceId":"10008910","provider":"Ville de Montréal","providerKey":"ville-montreal","dataset":"Bornes d'incendie","datasetId":"cb4de65e-138b-4936-9d5c-2d9a0bc9b4ce","identityField":"ID_BI","sourceName":"1210-1214 rue Sherbrooke Ouest","license":"CC-BY 4.0","retrievedAt":"2026-08-19T19:54:33.442Z","sourceUrl":"https://donnees.montreal.ca/dataset/geolocalisation-des-bornes-fontaines","updateDate":"2026-03-18","geometryType":"Point","legalNote":"Annual inventory. Not for engineering use without City validation."},"source":{"ADRESSE":"1210-1214 rue Sherbrooke Ouest","ADRESSE_R_M":"Cartographie géomatique ville","COORDONNEE_SPATIALE_X":298720.858,"COORDONNEE_SPATIALE_Y":5040062.569,"DATE_ABANDON_R_M":"Non applicable","DATE_INSTALLATION":"2019-07-25","DATE_INSTALLATION_R_M":"Échange écrit/verbal arrondissement","ELEVATION_TERRAIN":48.887,"ID_BI":10008910,"ID_POINT":12227882,"JURIDICTION":"LOCALE","JURIDICTION_R_M":"Direction épuration eaux usées","PRECISION_DATE_INSTALL":"DATE INSTALLATION PRECISE","PRECISION_DATE_INSTALL_R_M":"Échange écrit/verbal arrondissement","PROPRIETAIRE":"VILLE DE MONTREAL","PROPRIETAIRE_R_M":"Cartographie géomatique ville","PROVENANCE_DONNEE":"RELEVE TERRAIN INTERNE","STATUT_ACTIF":"EXISTANT","STATUT_ACTIF_R_M":"Visite terrain","LATITUDE":45.500467039158,"LONGITUDE":-73.57778983322741,"ABANDONNE_R":"NON","ABANDONNE_R_M":"Non applicable"}},"geometry":{"type":"Point","coordinates":[-73.57778983322741,45.500467039158]}},{"type":"Feature","id":"ville-montreal/hydrant/10008919","properties":{"lab":{"objectClass":"hydrant","label":"HYDRANT","sourceId":"10008919","provider":"Ville de Montréal","providerKey":"ville-montreal","dataset":"Bornes d'incendie","datasetId":"cb4de65e-138b-4936-9d5c-2d9a0bc9b4ce","identityField":"ID_BI","sourceName":"3495 rue University","license":"CC-BY 4.0","retrievedAt":"2026-08-19T19:54:33.442Z","sourceUrl":"https://donnees.montreal.ca/dataset/geolocalisation-des-bornes-fontaines","updateDate":"2026-03-18","geometryType":"Point","legalNote":"Annual inventory. Not for engineering use without City validation."},"source":{"ADRESSE":"3495 rue University","ADRESSE_R_M":"Cartographie géomatique ville","COORDONNEE_SPATIALE_X":298835.438,"COORDONNEE_SPATIALE_Y":5040709.989,"DATE_ABANDON_R_M":"Non applicable","DATE_INSTALLATION":"2019-08-04","DATE_INSTALLATION_R_M":"Échange écrit/verbal arrondissement","ELEVATION_TERRAIN":46.423,"ID_BI":10008919,"ID_POINT":12267846,"JURIDICTION":"LOCALE","JURIDICTION_R_M":"Direction épuration eaux usées","PRECISION_DATE_INSTALL":"DATE INSTALLATION PRECISE","PRECISION_DATE_INSTALL_R_M":"Échange écrit/verbal arrondissement","PROPRIETAIRE":"VILLE DE MONTREAL","PROPRIETAIRE_R_M":"Cartographie géomatique ville","PROVENANCE_DONNEE":"RELEVE TERRAIN INTERNE","STATUT_ACTIF":"EXISTANT","STATUT_ACTIF_R_M":"Visite terrain","LATITUDE":45.50629372330883,"LONGITUDE":-73.5763317469365,"ABANDONNE_R":"NON","ABANDONNE_R_M":"Non applicable"}},"geometry":{"type":"Point","coordinates":[-73.5763317469365,45.50629372330883]}},{"type":"Feature","id":"ville-montreal/hydrant/10008920","properties":{"lab":{"objectClass":"hydrant","label":"HYDRANT","sourceId":"10008920","provider":"Ville de Montréal","providerKey":"ville-montreal","dataset":"Bornes d'incendie","datasetId":"cb4de65e-138b-4936-9d5c-2d9a0bc9b4ce","identityField":"ID_BI","sourceName":"1085 côte du Beaver Hall","license":"CC-BY 4.0","retrievedAt":"2026-08-19T19:54:33.442Z","sourceUrl":"https://donnees.montreal.ca/dataset/geolocalisation-des-bornes-fontaines","updateDate":"2026-03-18","geometryType":"Point","legalNote":"Annual inventory. Not for engineering use without City validation."},"source":{"ADRESSE":"1085 côte du Beaver Hall","ADRESSE_R_M":"Cartographie géomatique ville","COORDONNEE_SPATIALE_X":299663.635,"COORDONNEE_SPATIALE_Y":5040329.319,"DATE_ABANDON_R_M":"Non applicable","DATE_INSTALLATION":"2019-07-21","DATE_INSTALLATION_R_M":"Échange écrit/verbal arrondissement","ELEVATION_TERRAIN":34.611,"ID_BI":10008920,"ID_POINT":12267849,"JURIDICTION":"LOCALE","JURIDICTION_R_M":"Direction production eau potable","PRECISION_DATE_INSTALL":"DATE INSTALLATION PRECISE","PRECISION_DATE_INSTALL_R_M":"Échange écrit/verbal arrondissement","PROPRIETAIRE":"VILLE DE MONTREAL","PROPRIETAIRE_R_M":"Cartographie géomatique ville","PROVENANCE_DONNEE":"RELEVE TERRAIN INTERNE","STATUT_ACTIF":"EXISTANT","STATUT_ACTIF_R_M":"Visite terrain","LATITUDE":45.50287484519733,"LONGITUDE":-73.56572874604379,"ABANDONNE_R":"NON","ABANDONNE_R_M":"Non applicable"}},"geometry":{"type":"Point","coordinates":[-73.56572874604379,45.50287484519733]}},{"type":"Feature","id":"ville-montreal/hydrant/10008601","properties":{"lab":{"objectClass":"hydrant","label":"HYDRANT","sourceId":"10008601","provider":"Ville de Montréal","providerKey":"ville-montreal","dataset":"Bornes d'incendie","datasetId":"cb4de65e-138b-4936-9d5c-2d9a0bc9b4ce","identityField":"ID_BI","sourceName":"680-688 rue Sherbrooke Ouest","license":"CC-BY 4.0","retrievedAt":"2026-08-19T19:54:33.442Z","sourceUrl":"https://donnees.montreal.ca/dataset/geolocalisation-des-bornes-fontaines","updateDate":"2026-03-18","geometryType":"Point","legalNote":"Annual inventory. Not for engineering use without City validation."},"source":{"ADRESSE":"680-688 rue Sherbrooke Ouest","ADRESSE_R_M":"Cartographie géomatique ville","COORDONNEE_SPATIALE_X":299043.166,"COORDONNEE_SPATIALE_Y":5040558.228,"DATE_ABANDON_R_M":"Non applicable","DATE_INSTALLATION":"2017-05-15","DATE_INSTALLATION_R_M":"Plan profil","ELEVATION_TERRAIN":43.941,"ID_BI":10008601,"ID_POINT":12243431,"JURIDICTION":"LOCALE","JURIDICTION_R_M":"Direction production eau potable","PRECISION_DATE_INSTALL":"DATE INSTALLATION DANS L'ANNEE COURANTE","PRECISION_DATE_INSTALL_R_M":"Plan profil","PROPRIETAIRE":"VILLE DE MONTREAL","PROPRIETAIRE_R_M":"Cartographie géomatique ville","PROVENANCE_DONNEE":"RELEVE TERRAIN INTERNE","STATUT_ACTIF":"EXISTANT","STATUT_ACTIF_R_M":"Plan profil","LATITUDE":45.504929907273116,"LONGITUDE":-73.57367147698628,"ABANDONNE_R":"NON","ABANDONNE_R_M":"Non applicable"}},"geometry":{"type":"Point","coordinates":[-73.57367147698628,45.504929907273116]}},{"type":"Feature","id":"ville-montreal/hydrant/10008147","properties":{"lab":{"objectClass":"hydrant","label":"HYDRANT","sourceId":"10008147","provider":"Ville de Montréal","providerKey":"ville-montreal","dataset":"Bornes d'incendie","datasetId":"cb4de65e-138b-4936-9d5c-2d9a0bc9b4ce","identityField":"ID_BI","sourceName":"890 rue William","license":"CC-BY 4.0","retrievedAt":"2026-08-19T19:54:33.442Z","sourceUrl":"https://donnees.montreal.ca/dataset/geolocalisation-des-bornes-fontaines","updateDate":"2026-03-18","geometryType":"Point","legalNote":"Annual inventory. Not for engineering use without City validation."},"source":{"ADRESSE":"890 rue William","ADRESSE_R_M":"Cartographie géomatique ville","COORDONNEE_SPATIALE_X":300208.989,"COORDONNEE_SPATIALE_Y":5039573.605,"DATE_ABANDON_R_M":"Non applicable","DATE_INSTALLATION":"2012-01-01","DATE_INSTALLATION_R_M":"Plan profil","ELEVATION_TERRAIN":14.637,"ID_BI":10008147,"ID_POINT":12236240,"JURIDICTION":"LOCALE","JURIDICTION_R_M":"Direction épuration eaux usées","PRECISION_DATE_INSTALL":"DATE INSTALLATION DANS L'ANNEE COURANTE","PRECISION_DATE_INSTALL_R_M":"Plan profil","PROPRIETAIRE":"VILLE DE MONTREAL","PROPRIETAIRE_R_M":"Cartographie géomatique ville","PROVENANCE_DONNEE":"RELEVE TERRAIN INTERNE","STATUT_ACTIF":"EXISTANT","STATUT_ACTIF_R_M":"Plan profil","LATITUDE":45.496078441666846,"LONGITUDE":-73.55874322175606,"ABANDONNE_R":"NON","ABANDONNE_R_M":"Non applicable"}},"geometry":{"type":"Point","coordinates":[-73.55874322175606,45.496078441666846]}},{"type":"Feature","id":"ville-montreal/hydrant/10008148","properties":{"lab":{"objectClass":"hydrant","label":"HYDRANT","sourceId":"10008148","provider":"Ville de Montréal","providerKey":"ville-montreal","dataset":"Bornes d'incendie","datasetId":"cb4de65e-138b-4936-9d5c-2d9a0bc9b4ce","identityField":"ID_BI","sourceName":"172-176 rue Dalhousie","license":"CC-BY 4.0","retrievedAt":"2026-08-19T19:54:33.442Z","sourceUrl":"https://donnees.montreal.ca/dataset/geolocalisation-des-bornes-fontaines","updateDate":"2026-03-18","geometryType":"Point","legalNote":"Annual inventory. Not for engineering use without City validation."},"source":{"ADRESSE":"172-176 rue Dalhousie","ADRESSE_R_M":"Cartographie géomatique ville","COORDONNEE_SPATIALE_X":300268.03,"COORDONNEE_SPATIALE_Y":5039542.95999906,"DATE_ABANDON_R_M":"Non applicable","DATE_INSTALLATION":"2012-01-01","DATE_INSTALLATION_R_M":"Plan profil","ELEVATION_TERRAIN":14.712,"ID_BI":10008148,"ID_POINT":12236248,"JURIDICTION":"LOCALE","JURIDICTION_R_M":"Direction production eau potable","PRECISION_DATE_INSTALL":"DATE INSTALLATION PRECISE 5 ANS MAXIMUM","PRECISION_DATE_INSTALL_R_M":"Plan profil","PROPRIETAIRE":"VILLE DE MONTREAL","PROPRIETAIRE_R_M":"Cartographie géomatique ville","PROVENANCE_DONNEE":"RELEVE TERRAIN INTERNE","STATUT_ACTIF":"EXISTANT","STATUT_ACTIF_R_M":"Plan profil","LATITUDE":45.49580308329416,"LONGITUDE":-73.5579875042708,"ABANDONNE_R":"NON","ABANDONNE_R_M":"Non applicable"}},"geometry":{"type":"Point","coordinates":[-73.5579875042708,45.49580308329416]}},{"type":"Feature","id":"ville-montreal/hydrant/10008602","properties":{"lab":{"objectClass":"hydrant","label":"HYDRANT","sourceId":"10008602","provider":"Ville de Montréal","providerKey":"ville-montreal","dataset":"Bornes d'incendie","datasetId":"cb4de65e-138b-4936-9d5c-2d9a0bc9b4ce","identityField":"ID_BI","sourceName":"677-961 rue Sherbrooke Ouest","license":"CC-BY 4.0","retrievedAt":"2026-08-19T19:54:33.442Z","sourceUrl":"https://donnees.montreal.ca/dataset/geolocalisation-des-bornes-fontaines","updateDate":"2026-03-18","geometryType":"Point","legalNote":"Annual inventory. Not for engineering use without City validation."},"source":{"ADRESSE":"677-961 rue Sherbrooke Ouest","ADRESSE_R_M":"Cartographie géomatique ville","COORDONNEE_SPATIALE_X":299008.551,"COORDONNEE_SPATIALE_Y":5040508.14,"DATE_ABANDON_R_M":"Non applicable","DATE_INSTALLATION":"2017-05-15","DATE_INSTALLATION_R_M":"Plan profil","ELEVATION_TERRAIN":43.745,"ID_BI":10008602,"ID_POINT":12243446,"JURIDICTION":"LOCALE","JURIDICTION_R_M":"Direction production eau potable","PRECISION_DATE_INSTALL":"DATE INSTALLATION DANS L'ANNEE COURANTE","PRECISION_DATE_INSTALL_R_M":"Plan profil","PROPRIETAIRE":"VILLE DE MONTREAL","PROPRIETAIRE_R_M":"Cartographie géomatique ville","PROVENANCE_DONNEE":"RELEVE TERRAIN INTERNE","STATUT_ACTIF":"EXISTANT","STATUT_ACTIF_R_M":"Visite terrain","LATITUDE":45.504478927638594,"LONGITUDE":-73.57411384429224,"ABANDONNE_R":"NON","ABANDONNE_R_M":"Non applicable"}},"geometry":{"type":"Point","coordinates":[-73.57411384429224,45.504478927638594]}},{"type":"Feature","id":"ville-montreal/hydrant/10008603","properties":{"lab":{"objectClass":"hydrant","label":"HYDRANT","sourceId":"10008603","provider":"Ville de Montréal","providerKey":"ville-montreal","dataset":"Bornes d'incendie","datasetId":"cb4de65e-138b-4936-9d5c-2d9a0bc9b4ce","identityField":"ID_BI","sourceName":"2095 avenue McGill College","license":"CC-BY 4.0","retrievedAt":"2026-08-19T19:54:33.442Z","sourceUrl":"https://donnees.montreal.ca/dataset/geolocalisation-des-bornes-fontaines","updateDate":"2026-03-18","geometryType":"Point","legalNote":"Annual inventory. Not for engineering use without City validation."},"source":{"ADRESSE":"2095 avenue McGill College","ADRESSE_R_M":"Cartographie géomatique ville","COORDONNEE_SPATIALE_X":298969.57,"COORDONNEE_SPATIALE_Y":5040451.619,"DATE_ABANDON_R_M":"Non applicable","DATE_INSTALLATION":"2017-05-15","DATE_INSTALLATION_R_M":"Plan profil","ELEVATION_TERRAIN":44.17,"ID_BI":10008603,"ID_POINT":12243461,"JURIDICTION":"LOCALE","JURIDICTION_R_M":"Direction production eau potable","PRECISION_DATE_INSTALL":"DATE INSTALLATION DANS L'ANNEE COURANTE","PRECISION_DATE_INSTALL_R_M":"Plan profil","PROPRIETAIRE":"VILLE DE MONTREAL","PROPRIETAIRE_R_M":"Cartographie géomatique ville","PROVENANCE_DONNEE":"RELEVE TERRAIN INTERNE","STATUT_ACTIF":"EXISTANT","STATUT_ACTIF_R_M":"Visite terrain","LATITUDE":45.5039700158734,"LONGITUDE":-73.57461200251021,"ABANDONNE_R":"NON","ABANDONNE_R_M":"Non applicable"}},"geometry":{"type":"Point","coordinates":[-73.57461200251021,45.5039700158734]}},{"type":"Feature","id":"ville-montreal/hydrant/10008604","properties":{"lab":{"objectClass":"hydrant","label":"HYDRANT","sourceId":"10008604","provider":"Ville de Montréal","providerKey":"ville-montreal","dataset":"Bornes d'incendie","datasetId":"cb4de65e-138b-4936-9d5c-2d9a0bc9b4ce","identityField":"ID_BI","sourceName":"904 rue Sherbrooke Ouest","license":"CC-BY 4.0","retrievedAt":"2026-08-19T19:54:33.442Z","sourceUrl":"https://donnees.montreal.ca/dataset/geolocalisation-des-bornes-fontaines","updateDate":"2026-03-18","geometryType":"Point","legalNote":"Annual inventory. Not for engineering use without City validation."},"source":{"ADRESSE":"904 rue Sherbrooke Ouest","ADRESSE_R_M":"Cartographie géomatique ville","COORDONNEE_SPATIALE_X":298928.206,"COORDONNEE_SPATIALE_Y":5040392.174,"DATE_ABANDON_R_M":"Non applicable","DATE_INSTALLATION":"2017-05-15","DATE_INSTALLATION_R_M":"Plan profil","ELEVATION_TERRAIN":44.697,"ID_BI":10008604,"ID_POINT":12243487,"JURIDICTION":"LOCALE","JURIDICTION_R_M":"Direction production eau potable","PRECISION_DATE_INSTALL":"DATE INSTALLATION DANS L'ANNEE COURANTE","PRECISION_DATE_INSTALL_R_M":"Plan profil","PROPRIETAIRE":"VILLE DE MONTREAL","PROPRIETAIRE_R_M":"Cartographie géomatique ville","PROVENANCE_DONNEE":"RELEVE TERRAIN INTERNE","STATUT_ACTIF":"EXISTANT","STATUT_ACTIF_R_M":"Visite terrain","LATITUDE":45.503434751704525,"LONGITUDE":-73.57514061769926,"ABANDONNE_R":"NON","ABANDONNE_R_M":"Non applicable"}},"geometry":{"type":"Point","coordinates":[-73.57514061769926,45.503434751704525]}},{"type":"Feature","id":"ville-montreal/hydrant/10008605","properties":{"lab":{"objectClass":"hydrant","label":"HYDRANT","sourceId":"10008605","provider":"Ville de Montréal","providerKey":"ville-montreal","dataset":"Bornes d'incendie","datasetId":"cb4de65e-138b-4936-9d5c-2d9a0bc9b4ce","identityField":"ID_BI","sourceName":"914-1002 rue Sherbrooke Ouest","license":"CC-BY 4.0","retrievedAt":"2026-08-19T19:54:33.442Z","sourceUrl":"https://donnees.montreal.ca/dataset/geolocalisation-des-bornes-fontaines","updateDate":"2026-03-18","geometryType":"Point","legalNote":"Annual inventory. Not for engineering use without City validation."},"source":{"ADRESSE":"914-1002 rue Sherbrooke Ouest","ADRESSE_R_M":"Cartographie géomatique ville","COORDONNEE_SPATIALE_X":298886.055,"COORDONNEE_SPATIALE_Y":5040331.56,"DATE_ABANDON_R_M":"Non applicable","DATE_INSTALLATION":"2017-05-15","DATE_INSTALLATION_R_M":"Plan profil","ELEVATION_TERRAIN":45.237,"ID_BI":10008605,"ID_POINT":12243502,"JURIDICTION":"LOCALE","JURIDICTION_R_M":"Direction production eau potable","PRECISION_DATE_INSTALL":"DATE INSTALLATION DANS L'ANNEE COURANTE","PRECISION_DATE_INSTALL_R_M":"Plan profil","PROPRIETAIRE":"VILLE DE MONTREAL","PROPRIETAIRE_R_M":"Cartographie géomatique ville","PROVENANCE_DONNEE":"RELEVE TERRAIN INTERNE","STATUT_ACTIF":"EXISTANT","STATUT_ACTIF_R_M":"Visite terrain","LATITUDE":45.50288895171069,"LONGITUDE":-73.57567927822288,"ABANDONNE_R":"NON","ABANDONNE_R_M":"Non applicable"}},"geometry":{"type":"Point","coordinates":[-73.57567927822288,45.50288895171069]}},{"type":"Feature","id":"ville-montreal/hydrant/5019724","properties":{"lab":{"objectClass":"hydrant","label":"HYDRANT","sourceId":"5019724","provider":"Ville de Montréal","providerKey":"ville-montreal","dataset":"Bornes d'incendie","datasetId":"cb4de65e-138b-4936-9d5c-2d9a0bc9b4ce","identityField":"ID_BI","sourceName":"777 boulevard Robert-Bourassa","license":"CC-BY 4.0","retrievedAt":"2026-08-19T19:54:33.442Z","sourceUrl":"https://donnees.montreal.ca/dataset/geolocalisation-des-bornes-fontaines","updateDate":"2026-03-18","geometryType":"Point","legalNote":"Annual inventory. Not for engineering use without City validation."},"source":{"ADRESSE":"777 boulevard Robert-Bourassa","ADRESSE_R_M":"Cartographie géomatique ville","COORDONNEE_SPATIALE_X":299853.463,"COORDONNEE_SPATIALE_Y":5039998.864,"DATE_ABANDON_R_M":"Non applicable","DATE_INSTALLATION":"1967-01-01","DATE_INSTALLATION_R_M":"Plan Atlas et inventaire","ELEVATION_TERRAIN":15.316,"ID_BI":5019724,"ID_POINT":5248164,"JURIDICTION":"LOCALE","JURIDICTION_R_M":"Direction épuration eaux usées","PRECISION_DATE_INSTALL":"DATE INSTALLATION DANS L'ANNEE COURANTE","PRECISION_DATE_INSTALL_R_M":"Plan Atlas et inventaire","PROPRIETAIRE":"VILLE DE MONTREAL","PROPRIETAIRE_R_M":"Cartographie géomatique ville","PROVENANCE_DONNEE":"RELEVE PHOTOGRAMMETRIQUE","STATUT_ACTIF":"EXISTANT","STATUT_ACTIF_R_M":"Plan profil","LATITUDE":45.499902539007934,"LONGITUDE":-73.56329645724726,"ABANDONNE_R":"NON","ABANDONNE_R_M":"Non applicable"}},"geometry":{"type":"Point","coordinates":[-73.56329645724726,45.499902539007934]}},{"type":"Feature","id":"ville-montreal/hydrant/5019726","properties":{"lab":{"objectClass":"hydrant","label":"HYDRANT","sourceId":"5019726","provider":"Ville de Montréal","providerKey":"ville-montreal","dataset":"Bornes d'incendie","datasetId":"cb4de65e-138b-4936-9d5c-2d9a0bc9b4ce","identityField":"ID_BI","sourceName":"975-977 rue Saint-Jacques","license":"CC-BY 4.0","retrievedAt":"2026-08-19T19:54:33.442Z","sourceUrl":"https://donnees.montreal.ca/dataset/geolocalisation-des-bornes-fontaines","updateDate":"2026-03-18","geometryType":"Point","legalNote":"Annual inventory. Not for engineering use without City validation."},"source":{"ADRESSE":"975-977 rue Saint-Jacques","ADRESSE_R_M":"Cartographie géomatique ville","COORDONNEE_SPATIALE_X":299799.703,"COORDONNEE_SPATIALE_Y":5039729.904,"DATE_ABANDON_R_M":"Non applicable","DATE_INSTALLATION":"1974-01-01","DATE_INSTALLATION_R_M":"Plan Atlas et inventaire","ELEVATION_TERRAIN":14.708,"ID_BI":5019726,"ID_POINT":5248166,"JURIDICTION":"LOCALE","JURIDICTION_R_M":"Direction épuration eaux usées","PRECISION_DATE_INSTALL":"DATE INSTALLATION DANS L'ANNEE COURANTE","PRECISION_DATE_INSTALL_R_M":"Plan Atlas et inventaire","PROPRIETAIRE":"VILLE DE MONTREAL","PROPRIETAIRE_R_M":"Cartographie géomatique ville","PROVENANCE_DONNEE":"RELEVE PHOTOGRAMMETRIQUE","STATUT_ACTIF":"EXISTANT","STATUT_ACTIF_R_M":"Plan profil","LATITUDE":45.49748204433737,"LONGITUDE":-73.56398157864774,"ABANDONNE_R":"NON","ABANDONNE_R_M":"Non applicable"}},"geometry":{"type":"Point","coordinates":[-73.56398157864774,45.49748204433737]}},{"type":"Feature","id":"ville-montreal/hydrant/5019731","properties":{"lab":{"objectClass":"hydrant","label":"HYDRANT","sourceId":"5019731","provider":"Ville de Montréal","providerKey":"ville-montreal","dataset":"Bornes d'incendie","datasetId":"cb4de65e-138b-4936-9d5c-2d9a0bc9b4ce","identityField":"ID_BI","sourceName":"1500 rue Stanley","license":"CC-BY 4.0","retrievedAt":"2026-08-19T19:54:33.442Z","sourceUrl":"https://donnees.montreal.ca/dataset/geolocalisation-des-bornes-fontaines","updateDate":"2026-03-18","geometryType":"Point","legalNote":"Annual inventory. Not for engineering use without City validation."},"source":{"ADRESSE":"1500 rue Stanley","ADRESSE_R_M":"Cartographie géomatique ville","COORDONNEE_SPATIALE_X":298941.4,"COORDONNEE_SPATIALE_Y":5040004.079,"DATE_ABANDON_R_M":"Non applicable","DATE_INSTALLATION":"1911-01-01","DATE_INSTALLATION_R_M":"Plan Atlas et inventaire","ELEVATION_TERRAIN":43.294,"ID_BI":5019731,"ID_POINT":5248171,"JURIDICTION":"LOCALE","JURIDICTION_R_M":"Direction épuration eaux usées","PRECISION_DATE_INSTALL":"DATE INSTALLATION DANS L'ANNEE COURANTE","PRECISION_DATE_INSTALL_R_M":"Plan Atlas et inventaire","PROPRIETAIRE":"VILLE DE MONTREAL","PROPRIETAIRE_R_M":"Cartographie géomatique ville","PROVENANCE_DONNEE":"RELEVE TERRAIN INTERNE","STATUT_ACTIF":"EXISTANT","STATUT_ACTIF_R_M":"Plan profil","LATITUDE":45.49994257122006,"LONGITUDE":-73.57496707323259,"ABANDONNE_R":"NON","ABANDONNE_R_M":"Non applicable"}},"geometry":{"type":"Point","coordinates":[-73.57496707323259,45.49994257122006]}},{"type":"Feature","id":"ville-montreal/hydrant/5019733","properties":{"lab":{"objectClass":"hydrant","label":"HYDRANT","sourceId":"5019733","provider":"Ville de Montréal","providerKey":"ville-montreal","dataset":"Bornes d'incendie","datasetId":"cb4de65e-138b-4936-9d5c-2d9a0bc9b4ce","identityField":"ID_BI","sourceName":"1300-1304 rue Saint-Antoine Ouest","license":"CC-BY 4.0","retrievedAt":"2026-08-19T19:54:33.442Z","sourceUrl":"https://donnees.montreal.ca/dataset/geolocalisation-des-bornes-fontaines","updateDate":"2026-03-18","geometryType":"Point","legalNote":"Annual inventory. Not for engineering use without City validation."},"source":{"ADRESSE":"1300-1304 rue Saint-Antoine Ouest","ADRESSE_R_M":"Cartographie géomatique ville","COORDONNEE_SPATIALE_X":299373.253,"COORDONNEE_SPATIALE_Y":5039469.792,"DATE_ABANDON_R_M":"Non applicable","DATE_INSTALLATION":"1972-01-01","DATE_INSTALLATION_R_M":"Plan Atlas et inventaire","ELEVATION_TERRAIN":25.096,"ID_BI":5019733,"ID_POINT":5248173,"JURIDICTION":"LOCALE","JURIDICTION_R_M":"Direction épuration eaux usées","PRECISION_DATE_INSTALL":"DATE INSTALLATION DANS L'ANNEE COURANTE","PRECISION_DATE_INSTALL_R_M":"Plan Atlas et inventaire","PROPRIETAIRE":"VILLE DE MONTREAL","PROPRIETAIRE_R_M":"Cartographie géomatique ville","PROVENANCE_DONNEE":"RELEVE TERRAIN INTERNE","STATUT_ACTIF":"EXISTANT","STATUT_ACTIF_R_M":"Plan profil","LATITUDE":45.49513839698797,"LONGITUDE":-73.56943517463995,"ABANDONNE_R":"NON","ABANDONNE_R_M":"Non applicable"}},"geometry":{"type":"Point","coordinates":[-73.56943517463995,45.49513839698797]}},{"type":"Feature","id":"ville-montreal/hydrant/5019734","properties":{"lab":{"objectClass":"hydrant","label":"HYDRANT","sourceId":"5019734","provider":"Ville de Montréal","providerKey":"ville-montreal","dataset":"Bornes d'incendie","datasetId":"cb4de65e-138b-4936-9d5c-2d9a0bc9b4ce","identityField":"ID_BI","sourceName":"1307 rue Sainte-Catherine Ouest","license":"CC-BY 4.0","retrievedAt":"2026-08-19T19:54:33.442Z","sourceUrl":"https://donnees.montreal.ca/dataset/geolocalisation-des-bornes-fontaines","updateDate":"2026-03-18","geometryType":"Point","legalNote":"Annual inventory. Not for engineering use without City validation."},"source":{"ADRESSE":"1307 rue Sainte-Catherine Ouest","ADRESSE_R_M":"Cartographie géomatique ville","COORDONNEE_SPATIALE_X":298922.787,"COORDONNEE_SPATIALE_Y":5039770.06,"DATE_ABANDON_R_M":"Non applicable","DATE_INSTALLATION":"1890-01-01","DATE_INSTALLATION_R_M":"Plan Atlas et inventaire","ELEVATION_TERRAIN":41.707,"ID_BI":5019734,"ID_POINT":5248174,"JURIDICTION":"LOCALE","JURIDICTION_R_M":"Direction épuration eaux usées","PRECISION_DATE_INSTALL":"DATE INSTALLATION DANS L'ANNEE COURANTE","PRECISION_DATE_INSTALL_R_M":"Plan Atlas et inventaire","PROPRIETAIRE":"VILLE DE MONTREAL","PROPRIETAIRE_R_M":"Cartographie géomatique ville","PROVENANCE_DONNEE":"RELEVE TERRAIN INTERNE","STATUT_ACTIF":"EXISTANT","STATUT_ACTIF_R_M":"Plan profil","LATITUDE":45.49783663698535,"LONGITUDE":-73.57520242425534,"ABANDONNE_R":"NON","ABANDONNE_R_M":"Non applicable"}},"geometry":{"type":"Point","coordinates":[-73.57520242425534,45.49783663698535]}},{"type":"Feature","id":"ville-montreal/hydrant/10006424","properties":{"lab":{"objectClass":"hydrant","label":"HYDRANT","sourceId":"10006424","provider":"Ville de Montréal","providerKey":"ville-montreal","dataset":"Bornes d'incendie","datasetId":"cb4de65e-138b-4936-9d5c-2d9a0bc9b4ce","identityField":"ID_BI","sourceName":"3435-3465 rue University","license":"CC-BY 4.0","retrievedAt":"2026-08-19T19:54:33.442Z","sourceUrl":"https://donnees.montreal.ca/dataset/geolocalisation-des-bornes-fontaines","updateDate":"2026-03-18","geometryType":"Point","legalNote":"Annual inventory. Not for engineering use without City validation."},"source":{"ADRESSE":"3435-3465 rue University","ADRESSE_R_M":"Cartographie géomatique ville","COORDONNEE_SPATIALE_X":298961.62,"COORDONNEE_SPATIALE_Y":5040636.906,"DATE_ABANDON_R_M":"Non applicable","DATE_INSTALLATION":"2016-08-12","DATE_INSTALLATION_R_M":"Échange écrit/verbal arrondissement","ELEVATION_TERRAIN":50.751,"ID_BI":10006424,"ID_POINT":12220559,"JURIDICTION":"LOCALE","JURIDICTION_R_M":"Direction épuration eaux usées","PRECISION_DATE_INSTALL":"DATE INSTALLATION DANS L'ANNEE COURANTE","PRECISION_DATE_INSTALL_R_M":"Échange écrit/verbal arrondissement","PROPRIETAIRE":"VILLE DE MONTREAL","PROPRIETAIRE_R_M":"Cartographie géomatique ville","PROVENANCE_DONNEE":"RELEVE TERRAIN INTERNE","STATUT_ACTIF":"EXISTANT","STATUT_ACTIF_R_M":"Visite terrain","LATITUDE":45.50563719603019,"LONGITUDE":-73.5747160071377,"ABANDONNE_R":"NON","ABANDONNE_R_M":"Non applicable"}},"geometry":{"type":"Point","coordinates":[-73.5747160071377,45.50563719603019]}},{"type":"Feature","id":"ville-montreal/hydrant/20007990","properties":{"lab":{"objectClass":"hydrant","label":"HYDRANT","sourceId":"20007990","provider":"Ville de Montréal","providerKey":"ville-montreal","dataset":"Bornes d'incendie","datasetId":"cb4de65e-138b-4936-9d5c-2d9a0bc9b4ce","identityField":"ID_BI","sourceName":"777 rue Gosford","license":"CC-BY 4.0","retrievedAt":"2026-08-19T19:54:33.442Z","sourceUrl":"https://donnees.montreal.ca/dataset/geolocalisation-des-bornes-fontaines","updateDate":"2026-03-18","geometryType":"Point","legalNote":"Annual inventory. Not for engineering use without City validation."},"source":{"ADRESSE":"777 rue Gosford","ADRESSE_R_M":"Cartographie géomatique ville","COORDONNEE_SPATIALE_X":300510.315,"COORDONNEE_SPATIALE_Y":5041116.995,"DATE_ABANDON_R_M":"Non applicable","DATE_INSTALLATION":"2020-01-01","DATE_INSTALLATION_R_M":"Visite terrain","ELEVATION_TERRAIN":15.998,"ID_BI":20007990,"ID_POINT":20135265,"JURIDICTION":"LOCALE","JURIDICTION_R_M":"Direction production eau potable","PRECISION_DATE_INSTALL":"DATE INSTALLATION PRECISE 6 MOIS MAXIMUM","PRECISION_DATE_INSTALL_R_M":"Visite terrain","PROPRIETAIRE":"VILLE DE MONTREAL","PROPRIETAIRE_R_M":"Cartographie géomatique ville","PROVENANCE_DONNEE":"RELEVE TERRAIN INTERNE","STATUT_ACTIF":"EXISTANT","STATUT_ACTIF_R_M":"Visite terrain","LATITUDE":45.50996832470214,"LONGITUDE":-73.55490101362659,"ABANDONNE_R":"NON","ABANDONNE_R_M":"Non applicable"}},"geometry":{"type":"Point","coordinates":[-73.55490101362659,45.50996832470214]}},{"type":"Feature","id":"ville-montreal/hydrant/10008615","properties":{"lab":{"objectClass":"hydrant","label":"HYDRANT","sourceId":"10008615","provider":"Ville de Montréal","providerKey":"ville-montreal","dataset":"Bornes d'incendie","datasetId":"cb4de65e-138b-4936-9d5c-2d9a0bc9b4ce","identityField":"ID_BI","sourceName":"1006 rue Sherbrooke Ouest","license":"CC-BY 4.0","retrievedAt":"2026-08-19T19:54:33.442Z","sourceUrl":"https://donnees.montreal.ca/dataset/geolocalisation-des-bornes-fontaines","updateDate":"2026-03-18","geometryType":"Point","legalNote":"Annual inventory. Not for engineering use without City validation."},"source":{"ADRESSE":"1006 rue Sherbrooke Ouest","ADRESSE_R_M":"Cartographie géomatique ville","COORDONNEE_SPATIALE_X":298876.921,"COORDONNEE_SPATIALE_Y":5040276.96,"DATE_ABANDON_R_M":"Non applicable","DATE_INSTALLATION":"2017-05-15","DATE_INSTALLATION_R_M":"Plan profil","ELEVATION_TERRAIN":44.837,"ID_BI":10008615,"ID_POINT":12243818,"JURIDICTION":"LOCALE","JURIDICTION_R_M":"Direction production eau potable","PRECISION_DATE_INSTALL":"DATE INSTALLATION DANS L'ANNEE COURANTE","PRECISION_DATE_INSTALL_R_M":"Plan profil","PROPRIETAIRE":"VILLE DE MONTREAL","PROPRIETAIRE_R_M":"Cartographie géomatique ville","PROVENANCE_DONNEE":"RELEVE TERRAIN INTERNE","STATUT_ACTIF":"EXISTANT","STATUT_ACTIF_R_M":"Visite terrain","LATITUDE":45.50239755531909,"LONGITUDE":-73.57579549206352,"ABANDONNE_R":"NON","ABANDONNE_R_M":"Non applicable"}},"geometry":{"type":"Point","coordinates":[-73.57579549206352,45.50239755531909]}},{"type":"Feature","id":"ville-montreal/hydrant/10008902","properties":{"lab":{"objectClass":"hydrant","label":"HYDRANT","sourceId":"10008902","provider":"Ville de Montréal","providerKey":"ville-montreal","dataset":"Bornes d'incendie","datasetId":"cb4de65e-138b-4936-9d5c-2d9a0bc9b4ce","identityField":"ID_BI","sourceName":"57 rue De Brésoles","license":"CC-BY 4.0","retrievedAt":"2026-08-19T19:54:33.442Z","sourceUrl":"https://donnees.montreal.ca/dataset/geolocalisation-des-bornes-fontaines","updateDate":"2026-03-18","geometryType":"Point","legalNote":"Annual inventory. Not for engineering use without City validation."},"source":{"ADRESSE":"57 rue De Brésoles","ADRESSE_R_M":"Cartographie géomatique ville","COORDONNEE_SPATIALE_X":300472.85,"COORDONNEE_SPATIALE_Y":5040620.224,"DATE_ABANDON_R_M":"Non applicable","DATE_INSTALLATION":"2019-05-23","DATE_INSTALLATION_R_M":"Échange écrit/verbal arrondissement","ELEVATION_TERRAIN":19.8,"ID_BI":10008902,"ID_POINT":12265880,"JURIDICTION":"LOCALE","JURIDICTION_R_M":"Direction épuration eaux usées","PRECISION_DATE_INSTALL":"DATE INSTALLATION PRECISE","PRECISION_DATE_INSTALL_R_M":"Échange écrit/verbal arrondissement","PROPRIETAIRE":"VILLE DE MONTREAL","PROPRIETAIRE_R_M":"Cartographie géomatique ville","PROVENANCE_DONNEE":"RELEVE TERRAIN INTERNE","STATUT_ACTIF":"EXISTANT","STATUT_ACTIF_R_M":"Visite terrain","LATITUDE":45.505497928912405,"LONGITUDE":-73.55537636455965,"ABANDONNE_R":"NON","ABANDONNE_R_M":"Non applicable"}},"geometry":{"type":"Point","coordinates":[-73.55537636455965,45.505497928912405]}},{"type":"Feature","id":"ville-montreal/hydrant/10008903","properties":{"lab":{"objectClass":"hydrant","label":"HYDRANT","sourceId":"10008903","provider":"Ville de Montréal","providerKey":"ville-montreal","dataset":"Bornes d'incendie","datasetId":"cb4de65e-138b-4936-9d5c-2d9a0bc9b4ce","identityField":"ID_BI","sourceName":"2200 rue Mansfield","license":"CC-BY 4.0","retrievedAt":"2026-08-19T19:54:33.442Z","sourceUrl":"https://donnees.montreal.ca/dataset/geolocalisation-des-bornes-fontaines","updateDate":"2026-03-18","geometryType":"Point","legalNote":"Annual inventory. Not for engineering use without City validation."},"source":{"ADRESSE":"2200 rue Mansfield","ADRESSE_R_M":"Cartographie géomatique ville","COORDONNEE_SPATIALE_X":298941.973,"COORDONNEE_SPATIALE_Y":5040349.942,"DATE_ABANDON_R_M":"Non applicable","DATE_INSTALLATION":"2019-05-12","DATE_INSTALLATION_R_M":"Échange écrit/verbal arrondissement","ELEVATION_TERRAIN":44.419,"ID_BI":10008903,"ID_POINT":12265889,"JURIDICTION":"LOCALE","JURIDICTION_R_M":"Direction épuration eaux usées","PRECISION_DATE_INSTALL":"DATE INSTALLATION PRECISE","PRECISION_DATE_INSTALL_R_M":"Échange écrit/verbal arrondissement","PROPRIETAIRE":"VILLE DE MONTREAL","PROPRIETAIRE_R_M":"Cartographie géomatique ville","PROVENANCE_DONNEE":"RELEVE TERRAIN INTERNE","STATUT_ACTIF":"EXISTANT","STATUT_ACTIF_R_M":"Visite terrain","LATITUDE":45.503054842427176,"LONGITUDE":-73.57496393039834,"ABANDONNE_R":"NON","ABANDONNE_R_M":"Non applicable"}},"geometry":{"type":"Point","coordinates":[-73.57496393039834,45.503054842427176]}},{"type":"Feature","id":"ville-montreal/hydrant/10009200","properties":{"lab":{"objectClass":"hydrant","label":"HYDRANT","sourceId":"10009200","provider":"Ville de Montréal","providerKey":"ville-montreal","dataset":"Bornes d'incendie","datasetId":"cb4de65e-138b-4936-9d5c-2d9a0bc9b4ce","identityField":"ID_BI","sourceName":"1011 rue Saint-Urbain","license":"CC-BY 4.0","retrievedAt":"2026-08-19T19:54:33.442Z","sourceUrl":"https://donnees.montreal.ca/dataset/geolocalisation-des-bornes-fontaines","updateDate":"2026-03-18","geometryType":"Point","legalNote":"Annual inventory. Not for engineering use without City validation."},"source":{"ADRESSE":"1011 rue Saint-Urbain","ADRESSE_R_M":"Cartographie géomatique ville","COORDONNEE_SPATIALE_X":300061.464,"COORDONNEE_SPATIALE_Y":5040774.422,"DATE_ABANDON_R_M":"Non applicable","DATE_INSTALLATION":"2019-12-08","DATE_INSTALLATION_R_M":"Échange écrit/verbal arrondissement","ELEVATION_TERRAIN":18.903,"ID_BI":10009200,"ID_POINT":12273545,"JURIDICTION":"LOCALE","JURIDICTION_R_M":"Direction épuration eaux usées","PRECISION_DATE_INSTALL":"DATE INSTALLATION PRECISE","PRECISION_DATE_INSTALL_R_M":"Échange écrit/verbal arrondissement","PROPRIETAIRE":"VILLE DE MONTREAL","PROPRIETAIRE_R_M":"Cartographie géomatique ville","PROVENANCE_DONNEE":"RELEVE TERRAIN INTERNE","STATUT_ACTIF":"EXISTANT","STATUT_ACTIF_R_M":"Visite terrain","LATITUDE":45.506882850373536,"LONGITUDE":-73.56064220572296,"ABANDONNE_R":"NON","ABANDONNE_R_M":"Non applicable"}},"geometry":{"type":"Point","coordinates":[-73.56064220572296,45.506882850373536]}},{"type":"Feature","id":"ville-montreal/hydrant/10009203","properties":{"lab":{"objectClass":"hydrant","label":"HYDRANT","sourceId":"10009203","provider":"Ville de Montréal","providerKey":"ville-montreal","dataset":"Bornes d'incendie","datasetId":"cb4de65e-138b-4936-9d5c-2d9a0bc9b4ce","identityField":"ID_BI","sourceName":"273 rue Milton","license":"CC-BY 4.0","retrievedAt":"2026-08-19T19:54:33.442Z","sourceUrl":"https://donnees.montreal.ca/dataset/geolocalisation-des-bornes-fontaines","updateDate":"2026-03-18","geometryType":"Point","legalNote":"Annual inventory. Not for engineering use without City validation."},"source":{"ADRESSE":"273 rue Milton","ADRESSE_R_M":"Cartographie géomatique ville","COORDONNEE_SPATIALE_X":299046.653,"COORDONNEE_SPATIALE_Y":5041081.333,"DATE_ABANDON_R_M":"Non applicable","DATE_INSTALLATION":"2019-03-01","DATE_INSTALLATION_R_M":"Visite terrain","ELEVATION_TERRAIN":46.978,"ID_BI":10009203,"ID_POINT":12273564,"JURIDICTION":"LOCALE","JURIDICTION_R_M":"Direction production eau potable","PRECISION_DATE_INSTALL":"DATE INSTALLATION PRECISE 6 MOIS MAXIMUM","PRECISION_DATE_INSTALL_R_M":"Visite terrain","PROPRIETAIRE":"VILLE DE MONTREAL","PROPRIETAIRE_R_M":"Cartographie géomatique ville","PROVENANCE_DONNEE":"RELEVE TERRAIN INTERNE","STATUT_ACTIF":"EXISTANT","STATUT_ACTIF_R_M":"Visite terrain","LATITUDE":45.50963692458589,"LONGITUDE":-73.5736331500657,"ABANDONNE_R":"NON","ABANDONNE_R_M":"Non applicable"}},"geometry":{"type":"Point","coordinates":[-73.5736331500657,45.50963692458589]}},{"type":"Feature","id":"ville-montreal/hydrant/10009018","properties":{"lab":{"objectClass":"hydrant","label":"HYDRANT","sourceId":"10009018","provider":"Ville de Montréal","providerKey":"ville-montreal","dataset":"Bornes d'incendie","datasetId":"cb4de65e-138b-4936-9d5c-2d9a0bc9b4ce","identityField":"ID_BI","sourceName":"979 rue Côté","license":"CC-BY 4.0","retrievedAt":"2026-08-19T19:54:33.442Z","sourceUrl":"https://donnees.montreal.ca/dataset/geolocalisation-des-bornes-fontaines","updateDate":"2026-03-18","geometryType":"Point","legalNote":"Annual inventory. Not for engineering use without City validation."},"source":{"ADRESSE":"979 rue Côté","ADRESSE_R_M":"Cartographie géomatique ville","COORDONNEE_SPATIALE_X":300072.268,"COORDONNEE_SPATIALE_Y":5040668.01599906,"DATE_ABANDON_R_M":"Non applicable","DATE_INSTALLATION":"2019-09-15","DATE_INSTALLATION_R_M":"Échange écrit/verbal arrondissement","ELEVATION_TERRAIN":16.362,"ID_BI":10009018,"ID_POINT":12268859,"JURIDICTION":"LOCALE","JURIDICTION_R_M":"Direction épuration eaux usées","PRECISION_DATE_INSTALL":"DATE INSTALLATION PRECISE","PRECISION_DATE_INSTALL_R_M":"Échange écrit/verbal arrondissement","PROPRIETAIRE":"VILLE DE MONTREAL","PROPRIETAIRE_R_M":"Cartographie géomatique ville","PROVENANCE_DONNEE":"RELEVE TERRAIN INTERNE","STATUT_ACTIF":"EXISTANT","STATUT_ACTIF_R_M":"Visite terrain","LATITUDE":45.50592543931731,"LONGITUDE":-73.56050291974354,"ABANDONNE_R":"NON","ABANDONNE_R_M":"Non applicable"}},"geometry":{"type":"Point","coordinates":[-73.56050291974354,45.50592543931731]}},{"type":"Feature","id":"ville-montreal/hydrant/5020587","properties":{"lab":{"objectClass":"hydrant","label":"HYDRANT","sourceId":"5020587","provider":"Ville de Montréal","providerKey":"ville-montreal","dataset":"Bornes d'incendie","datasetId":"cb4de65e-138b-4936-9d5c-2d9a0bc9b4ce","identityField":"ID_BI","sourceName":"250-300 rue Saint-Antoine Ouest","license":"CC-BY 4.0","retrievedAt":"2026-08-19T19:54:33.442Z","sourceUrl":"https://donnees.montreal.ca/dataset/geolocalisation-des-bornes-fontaines","updateDate":"2026-03-18","geometryType":"Point","legalNote":"Annual inventory. Not for engineering use without City validation."},"source":{"ADRESSE":"250-300 rue Saint-Antoine Ouest","ADRESSE_R_M":"Cartographie géomatique ville","COORDONNEE_SPATIALE_X":300138.688,"COORDONNEE_SPATIALE_Y":5040445.726,"DATE_ABANDON_R_M":"Non applicable","DATE_INSTALLATION":"2002-01-01","DATE_INSTALLATION_R_M":"Plan Atlas et inventaire","ELEVATION_TERRAIN":15.578,"ID_BI":5020587,"ID_POINT":5266991,"JURIDICTION":"LOCALE","JURIDICTION_R_M":"Direction épuration eaux usées","PRECISION_DATE_INSTALL":"DATE INSTALLATION DANS L'ANNEE COURANTE","PRECISION_DATE_INSTALL_R_M":"Plan Atlas et inventaire","PROPRIETAIRE":"VILLE DE MONTREAL","PROPRIETAIRE_R_M":"Cartographie géomatique ville","PROVENANCE_DONNEE":"RELEVE TERRAIN INTERNE","STATUT_ACTIF":"EXISTANT","STATUT_ACTIF_R_M":"Plan profil","LATITUDE":45.50392562931199,"LONGITUDE":-73.55965085541683,"ABANDONNE_R":"NON","ABANDONNE_R_M":"Non applicable"}},"geometry":{"type":"Point","coordinates":[-73.55965085541683,45.50392562931199]}},{"type":"Feature","id":"ville-montreal/hydrant/5020588","properties":{"lab":{"objectClass":"hydrant","label":"HYDRANT","sourceId":"5020588","provider":"Ville de Montréal","providerKey":"ville-montreal","dataset":"Bornes d'incendie","datasetId":"cb4de65e-138b-4936-9d5c-2d9a0bc9b4ce","identityField":"ID_BI","sourceName":"405-435 rue Saint-Antoine Ouest","license":"CC-BY 4.0","retrievedAt":"2026-08-19T19:54:33.442Z","sourceUrl":"https://donnees.montreal.ca/dataset/geolocalisation-des-bornes-fontaines","updateDate":"2026-03-18","geometryType":"Point","legalNote":"Annual inventory. Not for engineering use without City validation."},"source":{"ADRESSE":"405-435 rue Saint-Antoine Ouest","ADRESSE_R_M":"Cartographie géomatique ville","COORDONNEE_SPATIALE_X":300016.676,"COORDONNEE_SPATIALE_Y":5040272.212,"DATE_ABANDON_R_M":"Non applicable","DATE_INSTALLATION":"2002-01-01","DATE_INSTALLATION_R_M":"Plan Atlas et inventaire","ELEVATION_TERRAIN":15.165,"ID_BI":5020588,"ID_POINT":5266992,"JURIDICTION":"LOCALE","JURIDICTION_R_M":"Direction épuration eaux usées","PRECISION_DATE_INSTALL":"DATE INSTALLATION DANS L'ANNEE COURANTE","PRECISION_DATE_INSTALL_R_M":"Plan Atlas et inventaire","PROPRIETAIRE":"VILLE DE MONTREAL","PROPRIETAIRE_R_M":"Cartographie géomatique ville","PROVENANCE_DONNEE":"RELEVE TERRAIN INTERNE","STATUT_ACTIF":"EXISTANT","STATUT_ACTIF_R_M":"Plan profil","LATITUDE":45.50236342503416,"LONGITUDE":-73.56121056851623,"ABANDONNE_R":"NON","ABANDONNE_R_M":"Non applicable"}},"geometry":{"type":"Point","coordinates":[-73.56121056851623,45.50236342503416]}},{"type":"Feature","id":"ville-montreal/hydrant/5020589","properties":{"lab":{"objectClass":"hydrant","label":"HYDRANT","sourceId":"5020589","provider":"Ville de Montréal","providerKey":"ville-montreal","dataset":"Bornes d'incendie","datasetId":"cb4de65e-138b-4936-9d5c-2d9a0bc9b4ce","identityField":"ID_BI","sourceName":"360 rue Saint-Antoine Ouest","license":"CC-BY 4.0","retrievedAt":"2026-08-19T19:54:33.442Z","sourceUrl":"https://donnees.montreal.ca/dataset/geolocalisation-des-bornes-fontaines","updateDate":"2026-03-18","geometryType":"Point","legalNote":"Annual inventory. Not for engineering use without City validation."},"source":{"ADRESSE":"360 rue Saint-Antoine Ouest","ADRESSE_R_M":"Cartographie géomatique ville","COORDONNEE_SPATIALE_X":300044.154,"COORDONNEE_SPATIALE_Y":5040318.722,"DATE_ABANDON_R_M":"Non applicable","DATE_INSTALLATION":"2002-01-01","DATE_INSTALLATION_R_M":"Plan Atlas et inventaire","ELEVATION_TERRAIN":15.798,"ID_BI":5020589,"ID_POINT":5266993,"JURIDICTION":"LOCALE","JURIDICTION_R_M":"Direction épuration eaux usées","PRECISION_DATE_INSTALL":"DATE INSTALLATION DANS L'ANNEE COURANTE","PRECISION_DATE_INSTALL_R_M":"Plan Atlas et inventaire","PROPRIETAIRE":"VILLE DE MONTREAL","PROPRIETAIRE_R_M":"Cartographie géomatique ville","PROVENANCE_DONNEE":"RELEVE TERRAIN INTERNE","STATUT_ACTIF":"EXISTANT","STATUT_ACTIF_R_M":"Plan profil","LATITUDE":45.5027821396889,"LONGITUDE":-73.5608593824379,"ABANDONNE_R":"NON","ABANDONNE_R_M":"Non applicable"}},"geometry":{"type":"Point","coordinates":[-73.5608593824379,45.5027821396889]}},{"type":"Feature","id":"ville-montreal/hydrant/5020416","properties":{"lab":{"objectClass":"hydrant","label":"HYDRANT","sourceId":"5020416","provider":"Ville de Montréal","providerKey":"ville-montreal","dataset":"Bornes d'incendie","datasetId":"cb4de65e-138b-4936-9d5c-2d9a0bc9b4ce","identityField":"ID_BI","sourceName":"99 avenue Viger Ouest","license":"CC-BY 4.0","retrievedAt":"2026-08-19T19:54:33.442Z","sourceUrl":"https://donnees.montreal.ca/dataset/geolocalisation-des-bornes-fontaines","updateDate":"2026-03-18","geometryType":"Point","legalNote":"Annual inventory. Not for engineering use without City validation."},"source":{"ADRESSE":"99 avenue Viger Ouest","ADRESSE_R_M":"Cartographie géomatique ville","COORDONNEE_SPATIALE_X":300149.191,"COORDONNEE_SPATIALE_Y":5040765.59,"DATE_ABANDON_R_M":"Non applicable","DATE_INSTALLATION":"1965-01-01","DATE_INSTALLATION_R_M":"Plan Atlas et inventaire","ELEVATION_TERRAIN":16.965,"ID_BI":5020416,"ID_POINT":5262936,"JURIDICTION":"LOCALE","JURIDICTION_R_M":"Direction épuration eaux usées","PRECISION_DATE_INSTALL":"DATE INSTALLATION DANS L'ANNEE COURANTE","PRECISION_DATE_INSTALL_R_M":"Plan Atlas et inventaire","PROPRIETAIRE":"VILLE DE MONTREAL","PROPRIETAIRE_R_M":"Cartographie géomatique ville","PROVENANCE_DONNEE":"RELEVE TERRAIN INTERNE","STATUT_ACTIF":"EXISTANT","STATUT_ACTIF_R_M":"Plan profil","LATITUDE":45.5068039674377,"LONGITUDE":-73.55951943355223,"ABANDONNE_R":"NON","ABANDONNE_R_M":"Non applicable"}},"geometry":{"type":"Point","coordinates":[-73.55951943355223,45.5068039674377]}},{"type":"Feature","id":"ville-montreal/hydrant/5020420","properties":{"lab":{"objectClass":"hydrant","label":"HYDRANT","sourceId":"5020420","provider":"Ville de Montréal","providerKey":"ville-montreal","dataset":"Bornes d'incendie","datasetId":"cb4de65e-138b-4936-9d5c-2d9a0bc9b4ce","identityField":"ID_BI","sourceName":"750 boulevard Saint-Laurent","license":"CC-BY 4.0","retrievedAt":"2026-08-19T19:54:33.442Z","sourceUrl":"https://donnees.montreal.ca/dataset/geolocalisation-des-bornes-fontaines","updateDate":"2026-03-18","geometryType":"Point","legalNote":"Annual inventory. Not for engineering use without City validation."},"source":{"ADRESSE":"750 boulevard Saint-Laurent","ADRESSE_R_M":"Cartographie géomatique ville","COORDONNEE_SPATIALE_X":300344.82,"COORDONNEE_SPATIALE_Y":5040753.037,"DATE_ABANDON_R_M":"Non applicable","DATE_INSTALLATION":"1889-01-01","DATE_INSTALLATION_R_M":"Plan Atlas et inventaire","ELEVATION_TERRAIN":18.586,"ID_BI":5020420,"ID_POINT":5262940,"JURIDICTION":"LOCALE","JURIDICTION_R_M":"Direction épuration eaux usées","PRECISION_DATE_INSTALL":"DATE INSTALLATION DANS L'ANNEE COURANTE","PRECISION_DATE_INSTALL_R_M":"Plan Atlas et inventaire","PROPRIETAIRE":"VILLE DE MONTREAL","PROPRIETAIRE_R_M":"Cartographie géomatique ville","PROVENANCE_DONNEE":"RELEVE TERRAIN INTERNE","STATUT_ACTIF":"EXISTANT","STATUT_ACTIF_R_M":"Plan profil","LATITUDE":45.50669227267326,"LONGITUDE":-73.55701582031062,"ABANDONNE_R":"NON","ABANDONNE_R_M":"Non applicable"}},"geometry":{"type":"Point","coordinates":[-73.55701582031062,45.50669227267326]}},{"type":"Feature","id":"ville-montreal/hydrant/5020421","properties":{"lab":{"objectClass":"hydrant","label":"HYDRANT","sourceId":"5020421","provider":"Ville de Montréal","providerKey":"ville-montreal","dataset":"Bornes d'incendie","datasetId":"cb4de65e-138b-4936-9d5c-2d9a0bc9b4ce","identityField":"ID_BI","sourceName":"540 boulevard Saint-Laurent","license":"CC-BY 4.0","retrievedAt":"2026-08-19T19:54:33.442Z","sourceUrl":"https://donnees.montreal.ca/dataset/geolocalisation-des-bornes-fontaines","updateDate":"2026-03-18","geometryType":"Point","legalNote":"Annual inventory. Not for engineering use without City validation."},"source":{"ADRESSE":"540 boulevard Saint-Laurent","ADRESSE_R_M":"Cartographie géomatique ville","COORDONNEE_SPATIALE_X":300389.625,"COORDONNEE_SPATIALE_Y":5040747.068,"DATE_ABANDON_R_M":"Non applicable","DATE_INSTALLATION":"1889-01-01","DATE_INSTALLATION_R_M":"Plan Atlas et inventaire","ELEVATION_TERRAIN":22.596,"ID_BI":5020421,"ID_POINT":5262941,"JURIDICTION":"LOCALE","JURIDICTION_R_M":"Direction épuration eaux usées","PRECISION_DATE_INSTALL":"DATE INSTALLATION DANS L'ANNEE COURANTE","PRECISION_DATE_INSTALL_R_M":"Plan Atlas et inventaire","PROPRIETAIRE":"VILLE DE MONTREAL","PROPRIETAIRE_R_M":"Cartographie géomatique ville","PROVENANCE_DONNEE":"RELEVE TERRAIN INTERNE","STATUT_ACTIF":"EXISTANT","STATUT_ACTIF_R_M":"Plan profil","LATITUDE":45.50663883856312,"LONGITUDE":-73.5564424055074,"ABANDONNE_R":"NON","ABANDONNE_R_M":"Non applicable"}},"geometry":{"type":"Point","coordinates":[-73.5564424055074,45.50663883856312]}},{"type":"Feature","id":"ville-montreal/hydrant/5020422","properties":{"lab":{"objectClass":"hydrant","label":"HYDRANT","sourceId":"5020422","provider":"Ville de Montréal","providerKey":"ville-montreal","dataset":"Bornes d'incendie","datasetId":"cb4de65e-138b-4936-9d5c-2d9a0bc9b4ce","identityField":"ID_BI","sourceName":"10 rue Saint-Antoine Est","license":"CC-BY 4.0","retrievedAt":"2026-08-19T19:54:33.442Z","sourceUrl":"https://donnees.montreal.ca/dataset/geolocalisation-des-bornes-fontaines","updateDate":"2026-03-18","geometryType":"Point","legalNote":"Annual inventory. Not for engineering use without City validation."},"source":{"ADRESSE":"10 rue Saint-Antoine Est","ADRESSE_R_M":"Cartographie géomatique ville","COORDONNEE_SPATIALE_X":300404.88,"COORDONNEE_SPATIALE_Y":5040911.36,"DATE_ABANDON_R_M":"Non applicable","DATE_INSTALLATION":"1975-01-01","DATE_INSTALLATION_R_M":"Plan Atlas et inventaire","ELEVATION_TERRAIN":17.035,"ID_BI":5020422,"ID_POINT":5262942,"JURIDICTION":"LOCALE","JURIDICTION_R_M":"Direction épuration eaux usées","PRECISION_DATE_INSTALL":"DATE INSTALLATION DANS L'ANNEE COURANTE","PRECISION_DATE_INSTALL_R_M":"Plan Atlas et inventaire","PROPRIETAIRE":"VILLE DE MONTREAL","PROPRIETAIRE_R_M":"Cartographie géomatique ville","PROVENANCE_DONNEE":"RELEVE TERRAIN INTERNE","STATUT_ACTIF":"EXISTANT","STATUT_ACTIF_R_M":"Plan profil","LATITUDE":45.50811732080168,"LONGITUDE":-73.55624855916535,"ABANDONNE_R":"NON","ABANDONNE_R_M":"Non applicable"}},"geometry":{"type":"Point","coordinates":[-73.55624855916535,45.50811732080168]}},{"type":"Feature","id":"ville-montreal/hydrant/5020637","properties":{"lab":{"objectClass":"hydrant","label":"HYDRANT","sourceId":"5020637","provider":"Ville de Montréal","providerKey":"ville-montreal","dataset":"Bornes d'incendie","datasetId":"cb4de65e-138b-4936-9d5c-2d9a0bc9b4ce","identityField":"ID_BI","sourceName":"415-419 rue des Récollets","license":"CC-BY 4.0","retrievedAt":"2026-08-19T19:54:33.442Z","sourceUrl":"https://donnees.montreal.ca/dataset/geolocalisation-des-bornes-fontaines","updateDate":"2026-03-18","geometryType":"Point","legalNote":"Annual inventory. Not for engineering use without City validation."},"source":{"ADRESSE":"415-419 rue des Récollets","ADRESSE_R_M":"Cartographie géomatique ville","COORDONNEE_SPATIALE_X":300199.454,"COORDONNEE_SPATIALE_Y":5040133.625,"DATE_ABANDON_R_M":"Non applicable","DATE_INSTALLATION":"1882-01-01","DATE_INSTALLATION_R_M":"Plan Atlas et inventaire","ELEVATION_TERRAIN":17.555,"ID_BI":5020637,"ID_POINT":5267041,"JURIDICTION":"LOCALE","JURIDICTION_R_M":"Direction épuration eaux usées","PRECISION_DATE_INSTALL":"DATE INSTALLATION DANS L'ANNEE COURANTE","PRECISION_DATE_INSTALL_R_M":"Plan Atlas et inventaire","PROPRIETAIRE":"VILLE DE MONTREAL","PROPRIETAIRE_R_M":"Cartographie géomatique ville","PROVENANCE_DONNEE":"RELEVE TERRAIN INTERNE","STATUT_ACTIF":"EXISTANT","STATUT_ACTIF_R_M":"Plan profil","LATITUDE":45.50111762992155,"LONGITUDE":-73.55887043272482,"ABANDONNE_R":"NON","ABANDONNE_R_M":"Non applicable"}},"geometry":{"type":"Point","coordinates":[-73.55887043272482,45.50111762992155]}},{"type":"Feature","id":"ville-montreal/hydrant/5020638","properties":{"lab":{"objectClass":"hydrant","label":"HYDRANT","sourceId":"5020638","provider":"Ville de Montréal","providerKey":"ville-montreal","dataset":"Bornes d'incendie","datasetId":"cb4de65e-138b-4936-9d5c-2d9a0bc9b4ce","identityField":"ID_BI","sourceName":"480 boulevard Saint-Laurent","license":"CC-BY 4.0","retrievedAt":"2026-08-19T19:54:33.442Z","sourceUrl":"https://donnees.montreal.ca/dataset/geolocalisation-des-bornes-fontaines","updateDate":"2026-03-18","geometryType":"Point","legalNote":"Annual inventory. Not for engineering use without City validation."},"source":{"ADRESSE":"480 boulevard Saint-Laurent","ADRESSE_R_M":"Cartographie géomatique ville","COORDONNEE_SPATIALE_X":300456.151,"COORDONNEE_SPATIALE_Y":5040687.598,"DATE_ABANDON_R_M":"Non applicable","DATE_INSTALLATION":"1913-01-01","DATE_INSTALLATION_R_M":"Plan Atlas et inventaire","ELEVATION_TERRAIN":25.162,"ID_BI":5020638,"ID_POINT":5267042,"JURIDICTION":"LOCALE","JURIDICTION_R_M":"Direction épuration eaux usées","PRECISION_DATE_INSTALL":"DATE INSTALLATION DANS L'ANNEE COURANTE","PRECISION_DATE_INSTALL_R_M":"Plan Atlas et inventaire","PROPRIETAIRE":"VILLE DE MONTREAL","PROPRIETAIRE_R_M":"Cartographie géomatique ville","PROVENANCE_DONNEE":"RELEVE TERRAIN INTERNE","STATUT_ACTIF":"EXISTANT","STATUT_ACTIF_R_M":"Plan profil","LATITUDE":45.50610410006947,"LONGITUDE":-73.55559059803046,"ABANDONNE_R":"NON","ABANDONNE_R_M":"Non applicable"}},"geometry":{"type":"Point","coordinates":[-73.55559059803046,45.50610410006947]}},{"type":"Feature","id":"ville-montreal/hydrant/5020640","properties":{"lab":{"objectClass":"hydrant","label":"HYDRANT","sourceId":"5020640","provider":"Ville de Montréal","providerKey":"ville-montreal","dataset":"Bornes d'incendie","datasetId":"cb4de65e-138b-4936-9d5c-2d9a0bc9b4ce","identityField":"ID_BI","sourceName":"34 rue Saint-Paul Ouest","license":"CC-BY 4.0","retrievedAt":"2026-08-19T19:54:33.442Z","sourceUrl":"https://donnees.montreal.ca/dataset/geolocalisation-des-bornes-fontaines","updateDate":"2026-03-18","geometryType":"Point","legalNote":"Annual inventory. Not for engineering use without City validation."},"source":{"ADRESSE":"34 rue Saint-Paul Ouest","ADRESSE_R_M":"Cartographie géomatique ville","COORDONNEE_SPATIALE_X":300577.51,"COORDONNEE_SPATIALE_Y":5040577.062,"DATE_ABANDON_R_M":"Non applicable","DATE_INSTALLATION":"1886-01-01","DATE_INSTALLATION_R_M":"Plan Atlas et inventaire","ELEVATION_TERRAIN":18.398,"ID_BI":5020640,"ID_POINT":5267044,"JURIDICTION":"LOCALE","JURIDICTION_R_M":"Direction épuration eaux usées","PRECISION_DATE_INSTALL":"DATE INSTALLATION DANS L'ANNEE COURANTE","PRECISION_DATE_INSTALL_R_M":"Plan Atlas et inventaire","PROPRIETAIRE":"VILLE DE MONTREAL","PROPRIETAIRE_R_M":"Cartographie géomatique ville","PROVENANCE_DONNEE":"RELEVE TERRAIN INTERNE","STATUT_ACTIF":"EXISTANT","STATUT_ACTIF_R_M":"Plan profil","LATITUDE":45.50511014908953,"LONGITUDE":-73.55403675699142,"ABANDONNE_R":"NON","ABANDONNE_R_M":"Non applicable"}},"geometry":{"type":"Point","coordinates":[-73.55403675699142,45.50511014908953]}},{"type":"Feature","id":"ville-montreal/hydrant/5020590","properties":{"lab":{"objectClass":"hydrant","label":"HYDRANT","sourceId":"5020590","provider":"Ville de Montréal","providerKey":"ville-montreal","dataset":"Bornes d'incendie","datasetId":"cb4de65e-138b-4936-9d5c-2d9a0bc9b4ce","identityField":"ID_BI","sourceName":"1001 place Jean-Paul-Riopelle","license":"CC-BY 4.0","retrievedAt":"2026-08-19T19:54:33.442Z","sourceUrl":"https://donnees.montreal.ca/dataset/geolocalisation-des-bornes-fontaines","updateDate":"2026-03-18","geometryType":"Point","legalNote":"Annual inventory. Not for engineering use without City validation."},"source":{"ADRESSE":"1001 place Jean-Paul-Riopelle","ADRESSE_R_M":"Cartographie géomatique ville","COORDONNEE_SPATIALE_X":300034.975,"COORDONNEE_SPATIALE_Y":5040408.571,"DATE_ABANDON_R_M":"Non applicable","DATE_INSTALLATION":"2002-01-01","DATE_INSTALLATION_R_M":"Plan Atlas et inventaire","ELEVATION_TERRAIN":16.324,"ID_BI":5020590,"ID_POINT":5266994,"JURIDICTION":"LOCALE","JURIDICTION_R_M":"Direction production eau potable","PRECISION_DATE_INSTALL":"DATE INSTALLATION DANS L'ANNEE COURANTE","PRECISION_DATE_INSTALL_R_M":"Plan Atlas et inventaire","PROPRIETAIRE":"VILLE DE MONTREAL","PROPRIETAIRE_R_M":"Cartographie géomatique ville","PROVENANCE_DONNEE":"RELEVE TERRAIN INTERNE","STATUT_ACTIF":"EXISTANT","STATUT_ACTIF_R_M":"Plan profil","LATITUDE":45.50359058521518,"LONGITUDE":-73.56097767162483,"ABANDONNE_R":"NON","ABANDONNE_R_M":"Non applicable"}},"geometry":{"type":"Point","coordinates":[-73.56097767162483,45.50359058521518]}},{"type":"Feature","id":"ville-montreal/hydrant/5020591","properties":{"lab":{"objectClass":"hydrant","label":"HYDRANT","sourceId":"5020591","provider":"Ville de Montréal","providerKey":"ville-montreal","dataset":"Bornes d'incendie","datasetId":"cb4de65e-138b-4936-9d5c-2d9a0bc9b4ce","identityField":"ID_BI","sourceName":"905-915 rue Saint-Alexandre","license":"CC-BY 4.0","retrievedAt":"2026-08-19T19:54:33.442Z","sourceUrl":"https://donnees.montreal.ca/dataset/geolocalisation-des-bornes-fontaines","updateDate":"2026-03-18","geometryType":"Point","legalNote":"Annual inventory. Not for engineering use without City validation."},"source":{"ADRESSE":"905-915 rue Saint-Alexandre","ADRESSE_R_M":"Cartographie géomatique ville","COORDONNEE_SPATIALE_X":299980.728,"COORDONNEE_SPATIALE_Y":5040285.898,"DATE_ABANDON_R_M":"Non applicable","DATE_INSTALLATION":"2002-01-01","DATE_INSTALLATION_R_M":"Plan Atlas et inventaire","ELEVATION_TERRAIN":15.377,"ID_BI":5020591,"ID_POINT":5266995,"JURIDICTION":"LOCALE","JURIDICTION_R_M":"Direction épuration eaux usées","PRECISION_DATE_INSTALL":"DATE INSTALLATION DANS L'ANNEE COURANTE","PRECISION_DATE_INSTALL_R_M":"Plan Atlas et inventaire","PROPRIETAIRE":"VILLE DE MONTREAL","PROPRIETAIRE_R_M":"Cartographie géomatique ville","PROVENANCE_DONNEE":"RELEVE TERRAIN INTERNE","STATUT_ACTIF":"EXISTANT","STATUT_ACTIF_R_M":"Plan profil","LATITUDE":45.50248632548002,"LONGITUDE":-73.56167069659847,"ABANDONNE_R":"NON","ABANDONNE_R_M":"Non applicable"}},"geometry":{"type":"Point","coordinates":[-73.56167069659847,45.50248632548002]}},{"type":"Feature","id":"ville-montreal/hydrant/5020592","properties":{"lab":{"objectClass":"hydrant","label":"HYDRANT","sourceId":"5020592","provider":"Ville de Montréal","providerKey":"ville-montreal","dataset":"Bornes d'incendie","datasetId":"cb4de65e-138b-4936-9d5c-2d9a0bc9b4ce","identityField":"ID_BI","sourceName":"751-759 rue du Square-Victoria","license":"CC-BY 4.0","retrievedAt":"2026-08-19T19:54:33.442Z","sourceUrl":"https://donnees.montreal.ca/dataset/geolocalisation-des-bornes-fontaines","updateDate":"2026-03-18","geometryType":"Point","legalNote":"Annual inventory. Not for engineering use without City validation."},"source":{"ADRESSE":"751-759 rue du Square-Victoria","ADRESSE_R_M":"Cartographie géomatique ville","COORDONNEE_SPATIALE_X":300002.934,"COORDONNEE_SPATIALE_Y":5040217.628,"DATE_ABANDON_R_M":"Non applicable","DATE_INSTALLATION":"2002-01-01","DATE_INSTALLATION_R_M":"Plan Atlas et inventaire","ELEVATION_TERRAIN":15.353,"ID_BI":5020592,"ID_POINT":5266996,"JURIDICTION":"LOCALE","JURIDICTION_R_M":"Direction épuration eaux usées","PRECISION_DATE_INSTALL":"DATE INSTALLATION DANS L'ANNEE COURANTE","PRECISION_DATE_INSTALL_R_M":"Plan Atlas et inventaire","PROPRIETAIRE":"VILLE DE MONTREAL","PROPRIETAIRE_R_M":"Cartographie géomatique ville","PROVENANCE_DONNEE":"RELEVE TERRAIN INTERNE","STATUT_ACTIF":"EXISTANT","STATUT_ACTIF_R_M":"Plan profil","LATITUDE":45.5018721502275,"LONGITUDE":-73.56138590780641,"ABANDONNE_R":"NON","ABANDONNE_R_M":"Non applicable"}},"geometry":{"type":"Point","coordinates":[-73.56138590780641,45.5018721502275]}},{"type":"Feature","id":"ville-montreal/hydrant/5020595","properties":{"lab":{"objectClass":"hydrant","label":"HYDRANT","sourceId":"5020595","provider":"Ville de Montréal","providerKey":"ville-montreal","dataset":"Bornes d'incendie","datasetId":"cb4de65e-138b-4936-9d5c-2d9a0bc9b4ce","identityField":"ID_BI","sourceName":"960 rue Saint-Urbain","license":"CC-BY 4.0","retrievedAt":"2026-08-19T19:54:33.442Z","sourceUrl":"https://donnees.montreal.ca/dataset/geolocalisation-des-bornes-fontaines","updateDate":"2026-03-18","geometryType":"Point","legalNote":"Annual inventory. Not for engineering use without City validation."},"source":{"ADRESSE":"960 rue Saint-Urbain","ADRESSE_R_M":"Cartographie géomatique ville","COORDONNEE_SPATIALE_X":300207.716,"COORDONNEE_SPATIALE_Y":5040686.726,"DATE_ABANDON_R_M":"Non applicable","DATE_INSTALLATION":"2004-01-01","DATE_INSTALLATION_R_M":"Plan balayé","ELEVATION_TERRAIN":16.104,"ID_BI":5020595,"ID_POINT":5266999,"JURIDICTION":"LOCALE","JURIDICTION_R_M":"Direction épuration eaux usées","PRECISION_DATE_INSTALL":"DATE INSTALLATION DANS L'ANNEE COURANTE","PRECISION_DATE_INSTALL_R_M":"Plan balayé","PROPRIETAIRE":"VILLE DE MONTREAL","PROPRIETAIRE_R_M":"Cartographie géomatique ville","PROVENANCE_DONNEE":"RELEVE TERRAIN INTERNE","STATUT_ACTIF":"EXISTANT","STATUT_ACTIF_R_M":"Plan profil","LATITUDE":45.50609470502806,"LONGITUDE":-73.55876973925182,"ABANDONNE_R":"NON","ABANDONNE_R_M":"Non applicable"}},"geometry":{"type":"Point","coordinates":[-73.55876973925182,45.50609470502806]}},{"type":"Feature","id":"ville-montreal/hydrant/5020596","properties":{"lab":{"objectClass":"hydrant","label":"HYDRANT","sourceId":"5020596","provider":"Ville de Montréal","providerKey":"ville-montreal","dataset":"Bornes d'incendie","datasetId":"cb4de65e-138b-4936-9d5c-2d9a0bc9b4ce","identityField":"ID_BI","sourceName":"425 avenue Viger Ouest","license":"CC-BY 4.0","retrievedAt":"2026-08-19T19:54:33.442Z","sourceUrl":"https://donnees.montreal.ca/dataset/geolocalisation-des-bornes-fontaines","updateDate":"2026-03-18","geometryType":"Point","legalNote":"Annual inventory. Not for engineering use without City validation."},"source":{"ADRESSE":"425 avenue Viger Ouest","ADRESSE_R_M":"Cartographie géomatique ville","COORDONNEE_SPATIALE_X":299932.238,"COORDONNEE_SPATIALE_Y":5040337.524,"DATE_ABANDON_R_M":"Non applicable","DATE_INSTALLATION":"1967-01-01","DATE_INSTALLATION_R_M":"Plan Atlas et inventaire","ELEVATION_TERRAIN":16.303,"ID_BI":5020596,"ID_POINT":5267000,"JURIDICTION":"LOCALE","JURIDICTION_R_M":"Direction épuration eaux usées","PRECISION_DATE_INSTALL":"DATE INSTALLATION DANS L'ANNEE COURANTE","PRECISION_DATE_INSTALL_R_M":"Plan Atlas et inventaire","PROPRIETAIRE":"VILLE DE MONTREAL","PROPRIETAIRE_R_M":"Plan profil","PROVENANCE_DONNEE":"RELEVE TERRAIN INTERNE","STATUT_ACTIF":"EXISTANT","STATUT_ACTIF_R_M":"Plan profil","LATITUDE":45.50295054367923,"LONGITUDE":-73.56229167251526,"ABANDONNE_R":"NON","ABANDONNE_R_M":"Non applicable"}},"geometry":{"type":"Point","coordinates":[-73.56229167251526,45.50295054367923]}},{"type":"Feature","id":"ville-montreal/hydrant/5020597","properties":{"lab":{"objectClass":"hydrant","label":"HYDRANT","sourceId":"5020597","provider":"Ville de Montréal","providerKey":"ville-montreal","dataset":"Bornes d'incendie","datasetId":"cb4de65e-138b-4936-9d5c-2d9a0bc9b4ce","identityField":"ID_BI","sourceName":"375-385 avenue Viger Ouest","license":"CC-BY 4.0","retrievedAt":"2026-08-19T19:54:33.442Z","sourceUrl":"https://donnees.montreal.ca/dataset/geolocalisation-des-bornes-fontaines","updateDate":"2026-03-18","geometryType":"Point","legalNote":"Annual inventory. Not for engineering use without City validation."},"source":{"ADRESSE":"375-385 avenue Viger Ouest","ADRESSE_R_M":"Cartographie géomatique ville","COORDONNEE_SPATIALE_X":299960.199,"COORDONNEE_SPATIALE_Y":5040424.946,"DATE_ABANDON_R_M":"Non applicable","DATE_INSTALLATION":"2002-01-01","DATE_INSTALLATION_R_M":"Plan Atlas et inventaire","ELEVATION_TERRAIN":16.424,"ID_BI":5020597,"ID_POINT":5267001,"JURIDICTION":"LOCALE","JURIDICTION_R_M":"Direction épuration eaux usées","PRECISION_DATE_INSTALL":"DATE INSTALLATION DANS L'ANNEE COURANTE","PRECISION_DATE_INSTALL_R_M":"Plan Atlas et inventaire","PROPRIETAIRE":"VILLE DE MONTREAL","PROPRIETAIRE_R_M":"Cartographie géomatique ville","PROVENANCE_DONNEE":"RELEVE TERRAIN INTERNE","STATUT_ACTIF":"EXISTANT","STATUT_ACTIF_R_M":"Plan profil","LATITUDE":45.50373741798691,"LONGITUDE":-73.5619346902042,"ABANDONNE_R":"NON","ABANDONNE_R_M":"Non applicable"}},"geometry":{"type":"Point","coordinates":[-73.5619346902042,45.50373741798691]}},{"type":"Feature","id":"ville-montreal/hydrant/5020598","properties":{"lab":{"objectClass":"hydrant","label":"HYDRANT","sourceId":"5020598","provider":"Ville de Montréal","providerKey":"ville-montreal","dataset":"Bornes d'incendie","datasetId":"cb4de65e-138b-4936-9d5c-2d9a0bc9b4ce","identityField":"ID_BI","sourceName":"901 rue du Square-Victoria","license":"CC-BY 4.0","retrievedAt":"2026-08-19T19:54:33.442Z","sourceUrl":"https://donnees.montreal.ca/dataset/geolocalisation-des-bornes-fontaines","updateDate":"2026-03-18","geometryType":"Point","legalNote":"Annual inventory. Not for engineering use without City validation."},"source":{"ADRESSE":"901 rue du Square-Victoria","ADRESSE_R_M":"Cartographie géomatique ville","COORDONNEE_SPATIALE_X":299944.816,"COORDONNEE_SPATIALE_Y":5040232.115,"DATE_ABANDON_R_M":"Non applicable","DATE_INSTALLATION":"2002-01-01","DATE_INSTALLATION_R_M":"Plan Atlas et inventaire","ELEVATION_TERRAIN":16.01,"ID_BI":5020598,"ID_POINT":5267002,"JURIDICTION":"LOCALE","JURIDICTION_R_M":"Direction épuration eaux usées","PRECISION_DATE_INSTALL":"DATE INSTALLATION DANS L'ANNEE COURANTE","PRECISION_DATE_INSTALL_R_M":"Plan Atlas et inventaire","PROPRIETAIRE":"VILLE DE MONTREAL","PROPRIETAIRE_R_M":"Cartographie géomatique ville","PROVENANCE_DONNEE":"RELEVE TERRAIN INTERNE","STATUT_ACTIF":"EXISTANT","STATUT_ACTIF_R_M":"Plan profil","LATITUDE":45.50200209720314,"LONGITUDE":-73.56212973390302,"ABANDONNE_R":"NON","ABANDONNE_R_M":"Non applicable"}},"geometry":{"type":"Point","coordinates":[-73.56212973390302,45.50200209720314]}},{"type":"Feature","id":"ville-montreal/hydrant/5020469","properties":{"lab":{"objectClass":"hydrant","label":"HYDRANT","sourceId":"5020469","provider":"Ville de Montréal","providerKey":"ville-montreal","dataset":"Bornes d'incendie","datasetId":"cb4de65e-138b-4936-9d5c-2d9a0bc9b4ce","identityField":"ID_BI","sourceName":"189 avenue Viger Est","license":"CC-BY 4.0","retrievedAt":"2026-08-19T19:54:33.442Z","sourceUrl":"https://donnees.montreal.ca/dataset/geolocalisation-des-bornes-fontaines","updateDate":"2026-03-18","geometryType":"Point","legalNote":"Annual inventory. Not for engineering use without City validation."},"source":{"ADRESSE":"189 avenue Viger Est","ADRESSE_R_M":"Cartographie géomatique ville","COORDONNEE_SPATIALE_X":300309.885,"COORDONNEE_SPATIALE_Y":5041056.537,"DATE_ABANDON_R_M":"Non applicable","DATE_INSTALLATION":"1965-01-01","DATE_INSTALLATION_R_M":"Plan Atlas et inventaire","ELEVATION_TERRAIN":15.652,"ID_BI":5020469,"ID_POINT":5262989,"JURIDICTION":"LOCALE","JURIDICTION_R_M":"Direction épuration eaux usées","PRECISION_DATE_INSTALL":"DATE INSTALLATION DANS L'ANNEE COURANTE","PRECISION_DATE_INSTALL_R_M":"Plan Atlas et inventaire","PROPRIETAIRE":"VILLE DE MONTREAL","PROPRIETAIRE_R_M":"Cartographie géomatique ville","PROVENANCE_DONNEE":"RELEVE PHOTOGRAMMETRIQUE","STATUT_ACTIF":"EXISTANT","STATUT_ACTIF_R_M":"Plan profil","LATITUDE":45.50942306255933,"LONGITUDE":-73.55746559127175,"ABANDONNE_R":"NON","ABANDONNE_R_M":"Non applicable"}},"geometry":{"type":"Point","coordinates":[-73.55746559127175,45.50942306255933]}},{"type":"Feature","id":"ville-montreal/hydrant/5020476","properties":{"lab":{"objectClass":"hydrant","label":"HYDRANT","sourceId":"5020476","provider":"Ville de Montréal","providerKey":"ville-montreal","dataset":"Bornes d'incendie","datasetId":"cb4de65e-138b-4936-9d5c-2d9a0bc9b4ce","identityField":"ID_BI","sourceName":"88 boulevard René-Lévesque Ouest","license":"CC-BY 4.0","retrievedAt":"2026-08-19T19:54:33.442Z","sourceUrl":"https://donnees.montreal.ca/dataset/geolocalisation-des-bornes-fontaines","updateDate":"2026-03-18","geometryType":"Point","legalNote":"Annual inventory. Not for engineering use without City validation."},"source":{"ADRESSE":"88 boulevard René-Lévesque Ouest","ADRESSE_R_M":"Cartographie géomatique ville","COORDONNEE_SPATIALE_X":299926.983,"COORDONNEE_SPATIALE_Y":5040845.13,"DATE_ABANDON_R_M":"Non applicable","DATE_INSTALLATION":"1983-01-01","DATE_INSTALLATION_R_M":"Plan Atlas et inventaire","ELEVATION_TERRAIN":23.224,"ID_BI":5020476,"ID_POINT":5262996,"JURIDICTION":"LOCALE","JURIDICTION_R_M":"Direction épuration eaux usées","PRECISION_DATE_INSTALL":"DATE INSTALLATION DANS L'ANNEE COURANTE","PRECISION_DATE_INSTALL_R_M":"Plan Atlas et inventaire","PROPRIETAIRE":"VILLE DE MONTREAL","PROPRIETAIRE_R_M":"Cartographie géomatique ville","PROVENANCE_DONNEE":"RELEVE TERRAIN INTERNE","STATUT_ACTIF":"EXISTANT","STATUT_ACTIF_R_M":"Plan profil","LATITUDE":45.50751818200093,"LONGITUDE":-73.56236394579373,"ABANDONNE_R":"NON","ABANDONNE_R_M":"Non applicable"}},"geometry":{"type":"Point","coordinates":[-73.56236394579373,45.50751818200093]}},{"type":"Feature","id":"ville-montreal/hydrant/5020477","properties":{"lab":{"objectClass":"hydrant","label":"HYDRANT","sourceId":"5020477","provider":"Ville de Montréal","providerKey":"ville-montreal","dataset":"Bornes d'incendie","datasetId":"cb4de65e-138b-4936-9d5c-2d9a0bc9b4ce","identityField":"ID_BI","sourceName":"7 boulevard René-Lévesque Ouest","license":"CC-BY 4.0","retrievedAt":"2026-08-19T19:54:33.442Z","sourceUrl":"https://donnees.montreal.ca/dataset/geolocalisation-des-bornes-fontaines","updateDate":"2026-03-18","geometryType":"Point","legalNote":"Annual inventory. Not for engineering use without City validation."},"source":{"ADRESSE":"7 boulevard René-Lévesque Ouest","ADRESSE_R_M":"Cartographie géomatique ville","COORDONNEE_SPATIALE_X":299979.9,"COORDONNEE_SPATIALE_Y":5040977.088,"DATE_ABANDON_R_M":"Non applicable","DATE_INSTALLATION":"1954-01-01","DATE_INSTALLATION_R_M":"Plan Atlas et inventaire","ELEVATION_TERRAIN":24.602,"ID_BI":5020477,"ID_POINT":5262997,"JURIDICTION":"LOCALE","JURIDICTION_R_M":"Direction épuration eaux usées","PRECISION_DATE_INSTALL":"DATE INSTALLATION DANS L'ANNEE COURANTE","PRECISION_DATE_INSTALL_R_M":"Plan Atlas et inventaire","PROPRIETAIRE":"VILLE DE MONTREAL","PROPRIETAIRE_R_M":"Cartographie géomatique ville","PROVENANCE_DONNEE":"RELEVE TERRAIN INTERNE","STATUT_ACTIF":"EXISTANT","STATUT_ACTIF_R_M":"Plan profil","LATITUDE":45.508705956136076,"LONGITUDE":-73.56168803626788,"ABANDONNE_R":"NON","ABANDONNE_R_M":"Non applicable"}},"geometry":{"type":"Point","coordinates":[-73.56168803626788,45.508705956136076]}},{"type":"Feature","id":"ville-montreal/hydrant/5020478","properties":{"lab":{"objectClass":"hydrant","label":"HYDRANT","sourceId":"5020478","provider":"Ville de Montréal","providerKey":"ville-montreal","dataset":"Bornes d'incendie","datasetId":"cb4de65e-138b-4936-9d5c-2d9a0bc9b4ce","identityField":"ID_BI","sourceName":"50 boulevard René-Lévesque Ouest","license":"CC-BY 4.0","retrievedAt":"2026-08-19T19:54:33.442Z","sourceUrl":"https://donnees.montreal.ca/dataset/geolocalisation-des-bornes-fontaines","updateDate":"2026-03-18","geometryType":"Point","legalNote":"Annual inventory. Not for engineering use without City validation."},"source":{"ADRESSE":"50 boulevard René-Lévesque Ouest","ADRESSE_R_M":"Cartographie géomatique ville","COORDONNEE_SPATIALE_X":299957.95,"COORDONNEE_SPATIALE_Y":5040940.554,"DATE_ABANDON_R_M":"Non applicable","DATE_INSTALLATION":"1893-01-01","DATE_INSTALLATION_R_M":"Plan Atlas et inventaire","ELEVATION_TERRAIN":24.251,"ID_BI":5020478,"ID_POINT":5262998,"JURIDICTION":"LOCALE","JURIDICTION_R_M":"Direction épuration eaux usées","PRECISION_DATE_INSTALL":"DATE INSTALLATION DANS L'ANNEE COURANTE","PRECISION_DATE_INSTALL_R_M":"Plan Atlas et inventaire","PROPRIETAIRE":"VILLE DE MONTREAL","PROPRIETAIRE_R_M":"Cartographie géomatique ville","PROVENANCE_DONNEE":"RELEVE TERRAIN INTERNE","STATUT_ACTIF":"EXISTANT","STATUT_ACTIF_R_M":"Plan profil","LATITUDE":45.50837706087167,"LONGITUDE":-73.56196859068652,"ABANDONNE_R":"NON","ABANDONNE_R_M":"Non applicable"}},"geometry":{"type":"Point","coordinates":[-73.56196859068652,45.50837706087167]}},{"type":"Feature","id":"ville-montreal/hydrant/5020414","properties":{"lab":{"objectClass":"hydrant","label":"HYDRANT","sourceId":"5020414","provider":"Ville de Montréal","providerKey":"ville-montreal","dataset":"Bornes d'incendie","datasetId":"cb4de65e-138b-4936-9d5c-2d9a0bc9b4ce","identityField":"ID_BI","sourceName":"988 rue Clark","license":"CC-BY 4.0","retrievedAt":"2026-08-19T19:54:33.442Z","sourceUrl":"https://donnees.montreal.ca/dataset/geolocalisation-des-bornes-fontaines","updateDate":"2026-03-18","geometryType":"Point","legalNote":"Annual inventory. Not for engineering use without City validation."},"source":{"ADRESSE":"988 rue Clark","ADRESSE_R_M":"Cartographie géomatique ville","COORDONNEE_SPATIALE_X":300142.165,"COORDONNEE_SPATIALE_Y":5040835.658,"DATE_ABANDON_R_M":"Non applicable","DATE_INSTALLATION":"1983-01-01","DATE_INSTALLATION_R_M":"Plan Atlas et inventaire","ELEVATION_TERRAIN":18.186,"ID_BI":5020414,"ID_POINT":5262934,"JURIDICTION":"LOCALE","JURIDICTION_R_M":"Direction épuration eaux usées","PRECISION_DATE_INSTALL":"DATE INSTALLATION DANS L'ANNEE COURANTE","PRECISION_DATE_INSTALL_R_M":"Plan Atlas et inventaire","PROPRIETAIRE":"VILLE DE MONTREAL","PROPRIETAIRE_R_M":"Cartographie géomatique ville","PROVENANCE_DONNEE":"RELEVE TERRAIN INTERNE","STATUT_ACTIF":"EXISTANT","STATUT_ACTIF_R_M":"Plan profil","LATITUDE":45.50743442087113,"LONGITUDE":-73.55961000452048,"ABANDONNE_R":"NON","ABANDONNE_R_M":"Non applicable"}},"geometry":{"type":"Point","coordinates":[-73.55961000452048,45.50743442087113]}},{"type":"Feature","id":"ville-montreal/hydrant/5020415","properties":{"lab":{"objectClass":"hydrant","label":"HYDRANT","sourceId":"5020415","provider":"Ville de Montréal","providerKey":"ville-montreal","dataset":"Bornes d'incendie","datasetId":"cb4de65e-138b-4936-9d5c-2d9a0bc9b4ce","identityField":"ID_BI","sourceName":"1083-1087 rue Clark","license":"CC-BY 4.0","retrievedAt":"2026-08-19T19:54:33.442Z","sourceUrl":"https://donnees.montreal.ca/dataset/geolocalisation-des-bornes-fontaines","updateDate":"2026-03-18","geometryType":"Point","legalNote":"Annual inventory. Not for engineering use without City validation."},"source":{"ADRESSE":"1083-1087 rue Clark","ADRESSE_R_M":"Cartographie géomatique ville","COORDONNEE_SPATIALE_X":300036.708,"COORDONNEE_SPATIALE_Y":5040904.631,"DATE_ABANDON_R_M":"Non applicable","DATE_INSTALLATION":"1983-01-01","DATE_INSTALLATION_R_M":"Plan Atlas et inventaire","ELEVATION_TERRAIN":21.369,"ID_BI":5020415,"ID_POINT":5262935,"JURIDICTION":"LOCALE","JURIDICTION_R_M":"Direction épuration eaux usées","PRECISION_DATE_INSTALL":"DATE INSTALLATION DANS L'ANNEE COURANTE","PRECISION_DATE_INSTALL_R_M":"Plan Atlas et inventaire","PROPRIETAIRE":"VILLE DE MONTREAL","PROPRIETAIRE_R_M":"Cartographie géomatique ville","PROVENANCE_DONNEE":"RELEVE TERRAIN INTERNE","STATUT_ACTIF":"EXISTANT","STATUT_ACTIF_R_M":"Plan profil","LATITUDE":45.50805435478119,"LONGITUDE":-73.56096028755896,"ABANDONNE_R":"NON","ABANDONNE_R_M":"Non applicable"}},"geometry":{"type":"Point","coordinates":[-73.56096028755896,45.50805435478119]}},{"type":"Feature","id":"ville-montreal/hydrant/5020579","properties":{"lab":{"objectClass":"hydrant","label":"HYDRANT","sourceId":"5020579","provider":"Ville de Montréal","providerKey":"ville-montreal","dataset":"Bornes d'incendie","datasetId":"cb4de65e-138b-4936-9d5c-2d9a0bc9b4ce","identityField":"ID_BI","sourceName":"221 rue Saint-Paul Ouest","license":"CC-BY 4.0","retrievedAt":"2026-08-19T19:54:33.442Z","sourceUrl":"https://donnees.montreal.ca/dataset/geolocalisation-des-bornes-fontaines","updateDate":"2026-03-18","geometryType":"Point","legalNote":"Annual inventory. Not for engineering use without City validation."},"source":{"ADRESSE":"221 rue Saint-Paul Ouest","ADRESSE_R_M":"Cartographie géomatique ville","COORDONNEE_SPATIALE_X":300459.754,"COORDONNEE_SPATIALE_Y":5040277.062,"DATE_ABANDON_R_M":"Non applicable","DATE_INSTALLATION":"1886-01-01","DATE_INSTALLATION_R_M":"Plan Atlas et inventaire","ELEVATION_TERRAIN":15.15,"ID_BI":5020579,"ID_POINT":5266983,"JURIDICTION":"LOCALE","JURIDICTION_R_M":"Direction épuration eaux usées","PRECISION_DATE_INSTALL":"DATE INSTALLATION DANS L'ANNEE COURANTE","PRECISION_DATE_INSTALL_R_M":"Plan Atlas et inventaire","PROPRIETAIRE":"VILLE DE MONTREAL","PROPRIETAIRE_R_M":"Cartographie géomatique ville","PROVENANCE_DONNEE":"RELEVE TERRAIN INTERNE","STATUT_ACTIF":"EXISTANT","STATUT_ACTIF_R_M":"Plan profil","LATITUDE":45.50240997641568,"LONGITUDE":-73.55554095837253,"ABANDONNE_R":"NON","ABANDONNE_R_M":"Non applicable"}},"geometry":{"type":"Point","coordinates":[-73.55554095837253,45.50240997641568]}},{"type":"Feature","id":"ville-montreal/hydrant/5020581","properties":{"lab":{"objectClass":"hydrant","label":"HYDRANT","sourceId":"5020581","provider":"Ville de Montréal","providerKey":"ville-montreal","dataset":"Bornes d'incendie","datasetId":"cb4de65e-138b-4936-9d5c-2d9a0bc9b4ce","identityField":"ID_BI","sourceName":"275 rue Saint-Jacques","license":"CC-BY 4.0","retrievedAt":"2026-08-19T19:54:33.442Z","sourceUrl":"https://donnees.montreal.ca/dataset/geolocalisation-des-bornes-fontaines","updateDate":"2026-03-18","geometryType":"Point","legalNote":"Annual inventory. Not for engineering use without City validation."},"source":{"ADRESSE":"275 rue Saint-Jacques","ADRESSE_R_M":"Cartographie géomatique ville","COORDONNEE_SPATIALE_X":300164.382,"COORDONNEE_SPATIALE_Y":5040323.52,"DATE_ABANDON_R_M":"Non applicable","DATE_INSTALLATION":"1871-01-01","DATE_INSTALLATION_R_M":"Plan Atlas et inventaire","ELEVATION_TERRAIN":20.729,"ID_BI":5020581,"ID_POINT":5266985,"JURIDICTION":"LOCALE","JURIDICTION_R_M":"Direction épuration eaux usées","PRECISION_DATE_INSTALL":"DATE INSTALLATION DANS L'ANNEE COURANTE","PRECISION_DATE_INSTALL_R_M":"Plan Atlas et inventaire","PROPRIETAIRE":"VILLE DE MONTREAL","PROPRIETAIRE_R_M":"Cartographie géomatique ville","PROVENANCE_DONNEE":"RELEVE TERRAIN INTERNE","STATUT_ACTIF":"EXISTANT","STATUT_ACTIF_R_M":"Plan profil","LATITUDE":45.502826140922686,"LONGITUDE":-73.55932094912416,"ABANDONNE_R":"NON","ABANDONNE_R_M":"Non applicable"}},"geometry":{"type":"Point","coordinates":[-73.55932094912416,45.502826140922686]}},{"type":"Feature","id":"ville-montreal/hydrant/5020582","properties":{"lab":{"objectClass":"hydrant","label":"HYDRANT","sourceId":"5020582","provider":"Ville de Montréal","providerKey":"ville-montreal","dataset":"Bornes d'incendie","datasetId":"cb4de65e-138b-4936-9d5c-2d9a0bc9b4ce","identityField":"ID_BI","sourceName":"444 rue Saint-François-Xavier","license":"CC-BY 4.0","retrievedAt":"2026-08-19T19:54:33.442Z","sourceUrl":"https://donnees.montreal.ca/dataset/geolocalisation-des-bornes-fontaines","updateDate":"2026-03-18","geometryType":"Point","legalNote":"Annual inventory. Not for engineering use without City validation."},"source":{"ADRESSE":"444 rue Saint-François-Xavier","ADRESSE_R_M":"Cartographie géomatique ville","COORDONNEE_SPATIALE_X":300373.254,"COORDONNEE_SPATIALE_Y":5040387.226,"DATE_ABANDON_R_M":"Non applicable","DATE_INSTALLATION":"1886-01-01","DATE_INSTALLATION_R_M":"Plan Atlas et inventaire","ELEVATION_TERRAIN":20.451,"ID_BI":5020582,"ID_POINT":5266986,"JURIDICTION":"LOCALE","JURIDICTION_R_M":"Direction épuration eaux usées","PRECISION_DATE_INSTALL":"DATE INSTALLATION DANS L'ANNEE COURANTE","PRECISION_DATE_INSTALL_R_M":"Plan Atlas et inventaire","PROPRIETAIRE":"VILLE DE MONTREAL","PROPRIETAIRE_R_M":"Cartographie géomatique ville","PROVENANCE_DONNEE":"RELEVE TERRAIN INTERNE","STATUT_ACTIF":"EXISTANT","STATUT_ACTIF_R_M":"Plan profil","LATITUDE":45.50340072116535,"LONGITUDE":-73.55664880145484,"ABANDONNE_R":"NON","ABANDONNE_R_M":"Non applicable"}},"geometry":{"type":"Point","coordinates":[-73.55664880145484,45.50340072116535]}},{"type":"Feature","id":"ville-montreal/hydrant/5020584","properties":{"lab":{"objectClass":"hydrant","label":"HYDRANT","sourceId":"5020584","provider":"Ville de Montréal","providerKey":"ville-montreal","dataset":"Bornes d'incendie","datasetId":"cb4de65e-138b-4936-9d5c-2d9a0bc9b4ce","identityField":"ID_BI","sourceName":"102 rue Saint-Antoine Ouest","license":"CC-BY 4.0","retrievedAt":"2026-08-19T19:54:33.442Z","sourceUrl":"https://donnees.montreal.ca/dataset/geolocalisation-des-bornes-fontaines","updateDate":"2026-03-18","geometryType":"Point","legalNote":"Annual inventory. Not for engineering use without City validation."},"source":{"ADRESSE":"102 rue Saint-Antoine Ouest","ADRESSE_R_M":"Cartographie géomatique ville","COORDONNEE_SPATIALE_X":300217.022,"COORDONNEE_SPATIALE_Y":5040608.478,"DATE_ABANDON_R_M":"Non applicable","DATE_INSTALLATION":"2002-01-01","DATE_INSTALLATION_R_M":"Plan Atlas et inventaire","ELEVATION_TERRAIN":15.682,"ID_BI":5020584,"ID_POINT":5266988,"JURIDICTION":"LOCALE","JURIDICTION_R_M":"Direction épuration eaux usées","PRECISION_DATE_INSTALL":"DATE INSTALLATION DANS L'ANNEE COURANTE","PRECISION_DATE_INSTALL_R_M":"Plan Atlas et inventaire","PROPRIETAIRE":"VILLE DE MONTREAL","PROPRIETAIRE_R_M":"Cartographie géomatique ville","PROVENANCE_DONNEE":"RELEVE TERRAIN INTERNE","STATUT_ACTIF":"EXISTANT","STATUT_ACTIF_R_M":"Plan profil","LATITUDE":45.50539065865998,"LONGITUDE":-73.55864993628234,"ABANDONNE_R":"NON","ABANDONNE_R_M":"Non applicable"}},"geometry":{"type":"Point","coordinates":[-73.55864993628234,45.50539065865998]}},{"type":"Feature","id":"ville-montreal/hydrant/5020585","properties":{"lab":{"objectClass":"hydrant","label":"HYDRANT","sourceId":"5020585","provider":"Ville de Montréal","providerKey":"ville-montreal","dataset":"Bornes d'incendie","datasetId":"cb4de65e-138b-4936-9d5c-2d9a0bc9b4ce","identityField":"ID_BI","sourceName":"208 rue Saint-Antoine Ouest","license":"CC-BY 4.0","retrievedAt":"2026-08-19T19:54:33.442Z","sourceUrl":"https://donnees.montreal.ca/dataset/geolocalisation-des-bornes-fontaines","updateDate":"2026-03-18","geometryType":"Point","legalNote":"Annual inventory. Not for engineering use without City validation."},"source":{"ADRESSE":"208 rue Saint-Antoine Ouest","ADRESSE_R_M":"Cartographie géomatique ville","COORDONNEE_SPATIALE_X":300163.182,"COORDONNEE_SPATIALE_Y":5040518.318,"DATE_ABANDON_R_M":"Non applicable","DATE_INSTALLATION":"2002-01-01","DATE_INSTALLATION_R_M":"Plan Atlas et inventaire","ELEVATION_TERRAIN":15.446,"ID_BI":5020585,"ID_POINT":5266989,"JURIDICTION":"LOCALE","JURIDICTION_R_M":"Direction épuration eaux usées","PRECISION_DATE_INSTALL":"DATE INSTALLATION DANS L'ANNEE COURANTE","PRECISION_DATE_INSTALL_R_M":"Plan Atlas et inventaire","PROPRIETAIRE":"VILLE DE MONTREAL","PROPRIETAIRE_R_M":"Cartographie géomatique ville","PROVENANCE_DONNEE":"RELEVE TERRAIN INTERNE","STATUT_ACTIF":"EXISTANT","STATUT_ACTIF_R_M":"Plan profil","LATITUDE":45.50457900598977,"LONGITUDE":-73.55933808795335,"ABANDONNE_R":"NON","ABANDONNE_R_M":"Non applicable"}},"geometry":{"type":"Point","coordinates":[-73.55933808795335,45.50457900598977]}},{"type":"Feature","id":"ville-montreal/hydrant/5020586","properties":{"lab":{"objectClass":"hydrant","label":"HYDRANT","sourceId":"5020586","provider":"Ville de Montréal","providerKey":"ville-montreal","dataset":"Bornes d'incendie","datasetId":"cb4de65e-138b-4936-9d5c-2d9a0bc9b4ce","identityField":"ID_BI","sourceName":"750 rue Saint-Pierre","license":"CC-BY 4.0","retrievedAt":"2026-08-19T19:54:33.442Z","sourceUrl":"https://donnees.montreal.ca/dataset/geolocalisation-des-bornes-fontaines","updateDate":"2026-03-18","geometryType":"Point","legalNote":"Annual inventory. Not for engineering use without City validation."},"source":{"ADRESSE":"750 rue Saint-Pierre","ADRESSE_R_M":"Cartographie géomatique ville","COORDONNEE_SPATIALE_X":300095.924,"COORDONNEE_SPATIALE_Y":5040373.515,"DATE_ABANDON_R_M":"Non applicable","DATE_INSTALLATION":"2002-01-01","DATE_INSTALLATION_R_M":"Plan Atlas et inventaire","ELEVATION_TERRAIN":15.55,"ID_BI":5020586,"ID_POINT":5266990,"JURIDICTION":"LOCALE","JURIDICTION_R_M":"Direction épuration eaux usées","PRECISION_DATE_INSTALL":"DATE INSTALLATION DANS L'ANNEE COURANTE","PRECISION_DATE_INSTALL_R_M":"Plan Atlas et inventaire","PROPRIETAIRE":"VILLE DE MONTREAL","PROPRIETAIRE_R_M":"Cartographie géomatique ville","PROVENANCE_DONNEE":"RELEVE TERRAIN INTERNE","STATUT_ACTIF":"EXISTANT","STATUT_ACTIF_R_M":"Plan profil","LATITUDE":45.50327555195673,"LONGITUDE":-73.56019742000777,"ABANDONNE_R":"NON","ABANDONNE_R_M":"Non applicable"}},"geometry":{"type":"Point","coordinates":[-73.56019742000777,45.50327555195673]}},{"type":"Feature","id":"ville-montreal/hydrant/5020628","properties":{"lab":{"objectClass":"hydrant","label":"HYDRANT","sourceId":"5020628","provider":"Ville de Montréal","providerKey":"ville-montreal","dataset":"Bornes d'incendie","datasetId":"cb4de65e-138b-4936-9d5c-2d9a0bc9b4ce","identityField":"ID_BI","sourceName":"450 rue Sainte-Hélène","license":"CC-BY 4.0","retrievedAt":"2026-08-19T19:54:33.442Z","sourceUrl":"https://donnees.montreal.ca/dataset/geolocalisation-des-bornes-fontaines","updateDate":"2026-03-18","geometryType":"Point","legalNote":"Annual inventory. Not for engineering use without City validation."},"source":{"ADRESSE":"450 rue Sainte-Hélène","ADRESSE_R_M":"Cartographie géomatique ville","COORDONNEE_SPATIALE_X":300223.705,"COORDONNEE_SPATIALE_Y":5040180.081,"DATE_ABANDON_R_M":"Non applicable","DATE_INSTALLATION":"1990-01-01","DATE_INSTALLATION_R_M":"Plan Atlas et inventaire","ELEVATION_TERRAIN":19.166,"ID_BI":5020628,"ID_POINT":5267032,"JURIDICTION":"LOCALE","JURIDICTION_R_M":"Direction épuration eaux usées","PRECISION_DATE_INSTALL":"DATE INSTALLATION DANS L'ANNEE COURANTE","PRECISION_DATE_INSTALL_R_M":"Plan Atlas et inventaire","PROPRIETAIRE":"VILLE DE MONTREAL","PROPRIETAIRE_R_M":"Cartographie géomatique ville","PROVENANCE_DONNEE":"RELEVE TERRAIN INTERNE","STATUT_ACTIF":"EXISTANT","STATUT_ACTIF_R_M":"Plan profil","LATITUDE":45.50153582509005,"LONGITUDE":-73.55856053422914,"ABANDONNE_R":"NON","ABANDONNE_R_M":"Non applicable"}},"geometry":{"type":"Point","coordinates":[-73.55856053422914,45.50153582509005]}},{"type":"Feature","id":"ville-montreal/hydrant/5020629","properties":{"lab":{"objectClass":"hydrant","label":"HYDRANT","sourceId":"5020629","provider":"Ville de Montréal","providerKey":"ville-montreal","dataset":"Bornes d'incendie","datasetId":"cb4de65e-138b-4936-9d5c-2d9a0bc9b4ce","identityField":"ID_BI","sourceName":"465 rue McGill","license":"CC-BY 4.0","retrievedAt":"2026-08-19T19:54:33.442Z","sourceUrl":"https://donnees.montreal.ca/dataset/geolocalisation-des-bornes-fontaines","updateDate":"2026-03-18","geometryType":"Point","legalNote":"Annual inventory. Not for engineering use without City validation."},"source":{"ADRESSE":"465 rue McGill","ADRESSE_R_M":"Cartographie géomatique ville","COORDONNEE_SPATIALE_X":300225.892,"COORDONNEE_SPATIALE_Y":5040092.301,"DATE_ABANDON_R_M":"Non applicable","DATE_INSTALLATION":"2007-02-20","DATE_INSTALLATION_R_M":"Plan profil","ELEVATION_TERRAIN":16.233,"ID_BI":5020629,"ID_POINT":5267033,"JURIDICTION":"LOCALE","JURIDICTION_R_M":"Direction production eau potable","PRECISION_DATE_INSTALL":"DATE INSTALLATION DANS L'ANNEE COURANTE","PRECISION_DATE_INSTALL_R_M":"Plan profil","PROPRIETAIRE":"VILLE DE MONTREAL","PROPRIETAIRE_R_M":"Cartographie géomatique ville","PROVENANCE_DONNEE":"RELEVE TERRAIN INTERNE","STATUT_ACTIF":"EXISTANT","STATUT_ACTIF_R_M":"Visite terrain","LATITUDE":45.50074596395852,"LONGITUDE":-73.55853175493438,"ABANDONNE_R":"NON","ABANDONNE_R_M":"Non applicable"}},"geometry":{"type":"Point","coordinates":[-73.55853175493438,45.50074596395852]}},{"type":"Feature","id":"ville-montreal/hydrant/5020630","properties":{"lab":{"objectClass":"hydrant","label":"HYDRANT","sourceId":"5020630","provider":"Ville de Montréal","providerKey":"ville-montreal","dataset":"Bornes d'incendie","datasetId":"cb4de65e-138b-4936-9d5c-2d9a0bc9b4ce","identityField":"ID_BI","sourceName":"485 rue McGill","license":"CC-BY 4.0","retrievedAt":"2026-08-19T19:54:33.442Z","sourceUrl":"https://donnees.montreal.ca/dataset/geolocalisation-des-bornes-fontaines","updateDate":"2026-03-18","geometryType":"Point","legalNote":"Annual inventory. Not for engineering use without City validation."},"source":{"ADRESSE":"485 rue McGill","ADRESSE_R_M":"Cartographie géomatique ville","COORDONNEE_SPATIALE_X":300167.582,"COORDONNEE_SPATIALE_Y":5040120.197,"DATE_ABANDON_R_M":"Non applicable","DATE_INSTALLATION":"2007-02-20","DATE_INSTALLATION_R_M":"Plan profil","ELEVATION_TERRAIN":17.246,"ID_BI":5020630,"ID_POINT":5267034,"JURIDICTION":"LOCALE","JURIDICTION_R_M":"Direction production eau potable","PRECISION_DATE_INSTALL":"DATE INSTALLATION DANS L'ANNEE COURANTE","PRECISION_DATE_INSTALL_R_M":"Plan profil","PROPRIETAIRE":"VILLE DE MONTREAL","PROPRIETAIRE_R_M":"Cartographie géomatique ville","PROVENANCE_DONNEE":"RELEVE TERRAIN INTERNE","STATUT_ACTIF":"EXISTANT","STATUT_ACTIF_R_M":"Plan profil","LATITUDE":45.50099657810487,"LONGITUDE":-73.5592781485186,"ABANDONNE_R":"NON","ABANDONNE_R_M":"Non applicable"}},"geometry":{"type":"Point","coordinates":[-73.5592781485186,45.50099657810487]}},{"type":"Feature","id":"ville-montreal/hydrant/5020631","properties":{"lab":{"objectClass":"hydrant","label":"HYDRANT","sourceId":"5020631","provider":"Ville de Montréal","providerKey":"ville-montreal","dataset":"Bornes d'incendie","datasetId":"cb4de65e-138b-4936-9d5c-2d9a0bc9b4ce","identityField":"ID_BI","sourceName":"401-409 rue McGill","license":"CC-BY 4.0","retrievedAt":"2026-08-19T19:54:33.442Z","sourceUrl":"https://donnees.montreal.ca/dataset/geolocalisation-des-bornes-fontaines","updateDate":"2026-03-18","geometryType":"Point","legalNote":"Annual inventory. Not for engineering use without City validation."},"source":{"ADRESSE":"401-409 rue McGill","ADRESSE_R_M":"Cartographie géomatique ville","COORDONNEE_SPATIALE_X":300294.274,"COORDONNEE_SPATIALE_Y":5040059.165,"DATE_ABANDON_R_M":"Non applicable","DATE_INSTALLATION":"2007-02-20","DATE_INSTALLATION_R_M":"Plan profil","ELEVATION_TERRAIN":14.995,"ID_BI":5020631,"ID_POINT":5267035,"JURIDICTION":"LOCALE","JURIDICTION_R_M":"Direction production eau potable","PRECISION_DATE_INSTALL":"DATE INSTALLATION DANS L'ANNEE COURANTE","PRECISION_DATE_INSTALL_R_M":"Plan profil","PROPRIETAIRE":"VILLE DE MONTREAL","PROPRIETAIRE_R_M":"Cartographie géomatique ville","PROVENANCE_DONNEE":"RELEVE TERRAIN INTERNE","STATUT_ACTIF":"EXISTANT","STATUT_ACTIF_R_M":"Visite terrain","LATITUDE":45.50044825165885,"LONGITUDE":-73.55765644039076,"ABANDONNE_R":"NON","ABANDONNE_R_M":"Non applicable"}},"geometry":{"type":"Point","coordinates":[-73.55765644039076,45.50044825165885]}},{"type":"Feature","id":"ville-montreal/hydrant/5020632","properties":{"lab":{"objectClass":"hydrant","label":"HYDRANT","sourceId":"5020632","provider":"Ville de Montréal","providerKey":"ville-montreal","dataset":"Bornes d'incendie","datasetId":"cb4de65e-138b-4936-9d5c-2d9a0bc9b4ce","identityField":"ID_BI","sourceName":"295-315 rue Notre-Dame Ouest","license":"CC-BY 4.0","retrievedAt":"2026-08-19T19:54:33.442Z","sourceUrl":"https://donnees.montreal.ca/dataset/geolocalisation-des-bornes-fontaines","updateDate":"2026-03-18","geometryType":"Point","legalNote":"Annual inventory. Not for engineering use without City validation."},"source":{"ADRESSE":"295-315 rue Notre-Dame Ouest","ADRESSE_R_M":"Cartographie géomatique ville","COORDONNEE_SPATIALE_X":300206.553,"COORDONNEE_SPATIALE_Y":5040274.866,"DATE_ABANDON_R_M":"Non applicable","DATE_INSTALLATION":"1995-01-01","DATE_INSTALLATION_R_M":"Plan Atlas et inventaire","ELEVATION_TERRAIN":19.731,"ID_BI":5020632,"ID_POINT":5267036,"JURIDICTION":"LOCALE","JURIDICTION_R_M":"Direction épuration eaux usées","PRECISION_DATE_INSTALL":"DATE INSTALLATION DANS L'ANNEE COURANTE","PRECISION_DATE_INSTALL_R_M":"Plan Atlas et inventaire","PROPRIETAIRE":"VILLE DE MONTREAL","PROPRIETAIRE_R_M":"Cartographie géomatique ville","PROVENANCE_DONNEE":"RELEVE TERRAIN INTERNE","STATUT_ACTIF":"EXISTANT","STATUT_ACTIF_R_M":"Plan profil","LATITUDE":45.5023886188309,"LONGITUDE":-73.5587808737201,"ABANDONNE_R":"NON","ABANDONNE_R_M":"Non applicable"}},"geometry":{"type":"Point","coordinates":[-73.5587808737201,45.5023886188309]}},{"type":"Feature","id":"ville-montreal/hydrant/5020633","properties":{"lab":{"objectClass":"hydrant","label":"HYDRANT","sourceId":"5020633","provider":"Ville de Montréal","providerKey":"ville-montreal","dataset":"Bornes d'incendie","datasetId":"cb4de65e-138b-4936-9d5c-2d9a0bc9b4ce","identityField":"ID_BI","sourceName":"378-384 rue Saint-Paul Ouest","license":"CC-BY 4.0","retrievedAt":"2026-08-19T19:54:33.442Z","sourceUrl":"https://donnees.montreal.ca/dataset/geolocalisation-des-bornes-fontaines","updateDate":"2026-03-18","geometryType":"Point","legalNote":"Annual inventory. Not for engineering use without City validation."},"source":{"ADRESSE":"378-384 rue Saint-Paul Ouest","ADRESSE_R_M":"Cartographie géomatique ville","COORDONNEE_SPATIALE_X":300376.854,"COORDONNEE_SPATIALE_Y":5040095.448,"DATE_ABANDON_R_M":"Non applicable","DATE_INSTALLATION":"1886-01-01","DATE_INSTALLATION_R_M":"Plan Atlas et inventaire","ELEVATION_TERRAIN":14.374,"ID_BI":5020633,"ID_POINT":5267037,"JURIDICTION":"LOCALE","JURIDICTION_R_M":"Direction épuration eaux usées","PRECISION_DATE_INSTALL":"DATE INSTALLATION DANS L'ANNEE COURANTE","PRECISION_DATE_INSTALL_R_M":"Plan Atlas et inventaire","PROPRIETAIRE":"VILLE DE MONTREAL","PROPRIETAIRE_R_M":"Cartographie géomatique ville","PROVENANCE_DONNEE":"RELEVE TERRAIN INTERNE","STATUT_ACTIF":"EXISTANT","STATUT_ACTIF_R_M":"Plan profil","LATITUDE":45.50077527123432,"LONGITUDE":-73.55660008008763,"ABANDONNE_R":"NON","ABANDONNE_R_M":"Non applicable"}},"geometry":{"type":"Point","coordinates":[-73.55660008008763,45.50077527123432]}},{"type":"Feature","id":"ville-montreal/hydrant/5020636","properties":{"lab":{"objectClass":"hydrant","label":"HYDRANT","sourceId":"5020636","provider":"Ville de Montréal","providerKey":"ville-montreal","dataset":"Bornes d'incendie","datasetId":"cb4de65e-138b-4936-9d5c-2d9a0bc9b4ce","identityField":"ID_BI","sourceName":"355 rue Sainte-Hélène","license":"CC-BY 4.0","retrievedAt":"2026-08-19T19:54:33.442Z","sourceUrl":"https://donnees.montreal.ca/dataset/geolocalisation-des-bornes-fontaines","updateDate":"2026-03-18","geometryType":"Point","legalNote":"Annual inventory. Not for engineering use without City validation."},"source":{"ADRESSE":"355 rue Sainte-Hélène","ADRESSE_R_M":"Cartographie géomatique ville","COORDONNEE_SPATIALE_X":300261.901,"COORDONNEE_SPATIALE_Y":5040232.454,"DATE_ABANDON_R_M":"Non applicable","DATE_INSTALLATION":"1882-01-01","DATE_INSTALLATION_R_M":"Plan Atlas et inventaire","ELEVATION_TERRAIN":18.472,"ID_BI":5020636,"ID_POINT":5267040,"JURIDICTION":"LOCALE","JURIDICTION_R_M":"Direction épuration eaux usées","PRECISION_DATE_INSTALL":"DATE INSTALLATION DANS L'ANNEE COURANTE","PRECISION_DATE_INSTALL_R_M":"Plan Atlas et inventaire","PROPRIETAIRE":"VILLE DE MONTREAL","PROPRIETAIRE_R_M":"Cartographie géomatique ville","PROVENANCE_DONNEE":"RELEVE TERRAIN INTERNE","STATUT_ACTIF":"EXISTANT","STATUT_ACTIF_R_M":"Plan profil","LATITUDE":45.50200734803743,"LONGITUDE":-73.55807225070618,"ABANDONNE_R":"NON","ABANDONNE_R_M":"Non applicable"}},"geometry":{"type":"Point","coordinates":[-73.55807225070618,45.50200734803743]}},{"type":"Feature","id":"ville-montreal/hydrant/5007670","properties":{"lab":{"objectClass":"hydrant","label":"HYDRANT","sourceId":"5007670","provider":"Ville de Montréal","providerKey":"ville-montreal","dataset":"Bornes d'incendie","datasetId":"cb4de65e-138b-4936-9d5c-2d9a0bc9b4ce","identityField":"ID_BI","sourceName":"488-490 rue Prince-Arthur Ouest","license":"CC-BY 4.0","retrievedAt":"2026-08-19T19:54:33.442Z","sourceUrl":"https://donnees.montreal.ca/dataset/geolocalisation-des-bornes-fontaines","updateDate":"2026-03-18","geometryType":"Point","legalNote":"Annual inventory. Not for engineering use without City validation."},"source":{"ADRESSE":"488-490 rue Prince-Arthur Ouest","ADRESSE_R_M":"Cartographie géomatique ville","COORDONNEE_SPATIALE_X":298761.247,"COORDONNEE_SPATIALE_Y":5040975.659,"DATE_ABANDON_R_M":"Non applicable","DATE_INSTALLATION":"1891-01-01","DATE_INSTALLATION_R_M":"Plan Atlas et inventaire","ELEVATION_TERRAIN":47.837,"ID_BI":5007670,"ID_POINT":5093076,"JURIDICTION":"LOCALE","JURIDICTION_R_M":"Direction épuration eaux usées","PRECISION_DATE_INSTALL":"DATE INSTALLATION DANS L'ANNEE COURANTE","PRECISION_DATE_INSTALL_R_M":"Plan Atlas et inventaire","PROPRIETAIRE":"VILLE DE MONTREAL","PROPRIETAIRE_R_M":"Cartographie géomatique ville","PROVENANCE_DONNEE":"RELEVE TERRAIN INTERNE","STATUT_ACTIF":"EXISTANT","STATUT_ACTIF_R_M":"Plan profil","LATITUDE":45.50868363409689,"LONGITUDE":-73.57728459222717,"ABANDONNE_R":"NON","ABANDONNE_R_M":"Non applicable"}},"geometry":{"type":"Point","coordinates":[-73.57728459222717,45.50868363409689]}},{"type":"Feature","id":"ville-montreal/hydrant/5007674","properties":{"lab":{"objectClass":"hydrant","label":"HYDRANT","sourceId":"5007674","provider":"Ville de Montréal","providerKey":"ville-montreal","dataset":"Bornes d'incendie","datasetId":"cb4de65e-138b-4936-9d5c-2d9a0bc9b4ce","identityField":"ID_BI","sourceName":"3505 avenue Lorne","license":"CC-BY 4.0","retrievedAt":"2026-08-19T19:54:33.442Z","sourceUrl":"https://donnees.montreal.ca/dataset/geolocalisation-des-bornes-fontaines","updateDate":"2026-03-18","geometryType":"Point","legalNote":"Annual inventory. Not for engineering use without City validation."},"source":{"ADRESSE":"3505 avenue Lorne","ADRESSE_R_M":"Cartographie géomatique ville","COORDONNEE_SPATIALE_X":298862.38,"COORDONNEE_SPATIALE_Y":5040803.032,"DATE_ABANDON_R_M":"Non applicable","DATE_INSTALLATION":"1913-01-01","DATE_INSTALLATION_R_M":"Plan Atlas et inventaire","ELEVATION_TERRAIN":46.635,"ID_BI":5007674,"ID_POINT":5093080,"JURIDICTION":"LOCALE","JURIDICTION_R_M":"Direction épuration eaux usées","PRECISION_DATE_INSTALL":"DATE INSTALLATION DANS L'ANNEE COURANTE","PRECISION_DATE_INSTALL_R_M":"Plan Atlas et inventaire","PROPRIETAIRE":"VILLE DE MONTREAL","PROPRIETAIRE_R_M":"Cartographie géomatique ville","PROVENANCE_DONNEE":"RELEVE TERRAIN INTERNE","STATUT_ACTIF":"EXISTANT","STATUT_ACTIF_R_M":"Plan profil","LATITUDE":45.50713117410472,"LONGITUDE":-73.57598811185913,"ABANDONNE_R":"NON","ABANDONNE_R_M":"Non applicable"}},"geometry":{"type":"Point","coordinates":[-73.57598811185913,45.50713117410472]}},{"type":"Feature","id":"ville-montreal/hydrant/5007689","properties":{"lab":{"objectClass":"hydrant","label":"HYDRANT","sourceId":"5007689","provider":"Ville de Montréal","providerKey":"ville-montreal","dataset":"Bornes d'incendie","datasetId":"cb4de65e-138b-4936-9d5c-2d9a0bc9b4ce","identityField":"ID_BI","sourceName":"405 rue Prince-Arthur Ouest","license":"CC-BY 4.0","retrievedAt":"2026-08-19T19:54:33.442Z","sourceUrl":"https://donnees.montreal.ca/dataset/geolocalisation-des-bornes-fontaines","updateDate":"2026-03-18","geometryType":"Point","legalNote":"Annual inventory. Not for engineering use without City validation."},"source":{"ADRESSE":"405 rue Prince-Arthur Ouest","ADRESSE_R_M":"Cartographie géomatique ville","COORDONNEE_SPATIALE_X":298840.547,"COORDONNEE_SPATIALE_Y":5041115.835,"DATE_ABANDON_R_M":"Non applicable","DATE_INSTALLATION":"1892-01-01","DATE_INSTALLATION_R_M":"Plan Atlas et inventaire","ELEVATION_TERRAIN":47.355,"ID_BI":5007689,"ID_POINT":5093095,"JURIDICTION":"LOCALE","JURIDICTION_R_M":"Direction épuration eaux usées","PRECISION_DATE_INSTALL":"DATE INSTALLATION DANS L'ANNEE COURANTE","PRECISION_DATE_INSTALL_R_M":"Plan Atlas et inventaire","PROPRIETAIRE":"VILLE DE MONTREAL","PROPRIETAIRE_R_M":"Cartographie géomatique ville","PROVENANCE_DONNEE":"RELEVE PHOTOGRAMMETRIQUE","STATUT_ACTIF":"EXISTANT","STATUT_ACTIF_R_M":"Plan profil","LATITUDE":45.509945672947985,"LONGITUDE":-73.57627139516576,"ABANDONNE_R":"NON","ABANDONNE_R_M":"Non applicable"}},"geometry":{"type":"Point","coordinates":[-73.57627139516576,45.509945672947985]}},{"type":"Feature","id":"ville-montreal/hydrant/5008372","properties":{"lab":{"objectClass":"hydrant","label":"HYDRANT","sourceId":"5008372","provider":"Ville de Montréal","providerKey":"ville-montreal","dataset":"Bornes d'incendie","datasetId":"cb4de65e-138b-4936-9d5c-2d9a0bc9b4ce","identityField":"ID_BI","sourceName":"410 rue Sherbrooke Ouest","license":"CC-BY 4.0","retrievedAt":"2026-08-19T19:54:33.442Z","sourceUrl":"https://donnees.montreal.ca/dataset/geolocalisation-des-bornes-fontaines","updateDate":"2026-03-18","geometryType":"Point","legalNote":"Annual inventory. Not for engineering use without City validation."},"source":{"ADRESSE":"410 rue Sherbrooke Ouest","ADRESSE_R_M":"Cartographie géomatique ville","COORDONNEE_SPATIALE_X":299195.279,"COORDONNEE_SPATIALE_Y":5040832.447,"DATE_ABANDON_R_M":"Non applicable","DATE_INSTALLATION":"1891-01-01","DATE_INSTALLATION_R_M":"Plan Atlas et inventaire","ELEVATION_TERRAIN":44.281,"ID_BI":5008372,"ID_POINT":5103992,"JURIDICTION":"LOCALE","JURIDICTION_R_M":"Direction épuration eaux usées","PRECISION_DATE_INSTALL":"DATE INSTALLATION DANS L'ANNEE COURANTE","PRECISION_DATE_INSTALL_R_M":"Plan Atlas et inventaire","PROPRIETAIRE":"VILLE DE MONTREAL","PROPRIETAIRE_R_M":"Cartographie géomatique ville","PROVENANCE_DONNEE":"RELEVE TERRAIN INTERNE","STATUT_ACTIF":"EXISTANT","STATUT_ACTIF_R_M":"Plan profil","LATITUDE":45.507398579640075,"LONGITUDE":-73.57172808555919,"ABANDONNE_R":"NON","ABANDONNE_R_M":"Non applicable"}},"geometry":{"type":"Point","coordinates":[-73.57172808555919,45.507398579640075]}},{"type":"Feature","id":"ville-montreal/hydrant/5008373","properties":{"lab":{"objectClass":"hydrant","label":"HYDRANT","sourceId":"5008373","provider":"Ville de Montréal","providerKey":"ville-montreal","dataset":"Bornes d'incendie","datasetId":"cb4de65e-138b-4936-9d5c-2d9a0bc9b4ce","identityField":"ID_BI","sourceName":"500 rue Sherbrooke Ouest","license":"CC-BY 4.0","retrievedAt":"2026-08-19T19:54:33.442Z","sourceUrl":"https://donnees.montreal.ca/dataset/geolocalisation-des-bornes-fontaines","updateDate":"2026-03-18","geometryType":"Point","legalNote":"Annual inventory. Not for engineering use without City validation."},"source":{"ADRESSE":"500 rue Sherbrooke Ouest","ADRESSE_R_M":"Cartographie géomatique ville","COORDONNEE_SPATIALE_X":299153.55,"COORDONNEE_SPATIALE_Y":5040733.211,"DATE_ABANDON_R_M":"Non applicable","DATE_INSTALLATION":"1891-01-01","DATE_INSTALLATION_R_M":"Plan Atlas et inventaire","ELEVATION_TERRAIN":44.241,"ID_BI":5008373,"ID_POINT":5103993,"JURIDICTION":"LOCALE","JURIDICTION_R_M":"Direction épuration eaux usées","PRECISION_DATE_INSTALL":"DATE INSTALLATION DANS L'ANNEE COURANTE","PRECISION_DATE_INSTALL_R_M":"Plan Atlas et inventaire","PROPRIETAIRE":"VILLE DE MONTREAL","PROPRIETAIRE_R_M":"Cartographie géomatique ville","PROVENANCE_DONNEE":"RELEVE TERRAIN INTERNE","STATUT_ACTIF":"EXISTANT","STATUT_ACTIF_R_M":"Plan profil","LATITUDE":45.5065053118834,"LONGITUDE":-73.57226094492081,"ABANDONNE_R":"NON","ABANDONNE_R_M":"Non applicable"}},"geometry":{"type":"Point","coordinates":[-73.57226094492081,45.5065053118834]}},{"type":"Feature","id":"ville-montreal/hydrant/5007679","properties":{"lab":{"objectClass":"hydrant","label":"HYDRANT","sourceId":"5007679","provider":"Ville de Montréal","providerKey":"ville-montreal","dataset":"Bornes d'incendie","datasetId":"cb4de65e-138b-4936-9d5c-2d9a0bc9b4ce","identityField":"ID_BI","sourceName":"3493-3499 rue Aylmer","license":"CC-BY 4.0","retrievedAt":"2026-08-19T19:54:33.442Z","sourceUrl":"https://donnees.montreal.ca/dataset/geolocalisation-des-bornes-fontaines","updateDate":"2026-03-18","geometryType":"Point","legalNote":"Annual inventory. Not for engineering use without City validation."},"source":{"ADRESSE":"3493-3499 rue Aylmer","ADRESSE_R_M":"Cartographie géomatique ville","COORDONNEE_SPATIALE_X":298924.491,"COORDONNEE_SPATIALE_Y":5040861.323,"DATE_ABANDON_R_M":"Non applicable","DATE_INSTALLATION":"1909-01-01","DATE_INSTALLATION_R_M":"Plan Atlas et inventaire","ELEVATION_TERRAIN":47.183,"ID_BI":5007679,"ID_POINT":5093085,"JURIDICTION":"LOCALE","JURIDICTION_R_M":"Direction épuration eaux usées","PRECISION_DATE_INSTALL":"DATE INSTALLATION DANS L'ANNEE COURANTE","PRECISION_DATE_INSTALL_R_M":"Plan Atlas et inventaire","PROPRIETAIRE":"VILLE DE MONTREAL","PROPRIETAIRE_R_M":"Cartographie géomatique ville","PROVENANCE_DONNEE":"RELEVE TERRAIN INTERNE","STATUT_ACTIF":"EXISTANT","STATUT_ACTIF_R_M":"Plan profil","LATITUDE":45.50765621816065,"LONGITUDE":-73.57519393560683,"ABANDONNE_R":"NON","ABANDONNE_R_M":"Non applicable"}},"geometry":{"type":"Point","coordinates":[-73.57519393560683,45.50765621816065]}},{"type":"Feature","id":"ville-montreal/hydrant/5007680","properties":{"lab":{"objectClass":"hydrant","label":"HYDRANT","sourceId":"5007680","provider":"Ville de Montréal","providerKey":"ville-montreal","dataset":"Bornes d'incendie","datasetId":"cb4de65e-138b-4936-9d5c-2d9a0bc9b4ce","identityField":"ID_BI","sourceName":"3536 rue Durocher","license":"CC-BY 4.0","retrievedAt":"2026-08-19T19:54:33.442Z","sourceUrl":"https://donnees.montreal.ca/dataset/geolocalisation-des-bornes-fontaines","updateDate":"2026-03-18","geometryType":"Point","legalNote":"Annual inventory. Not for engineering use without City validation."},"source":{"ADRESSE":"3536 rue Durocher","ADRESSE_R_M":"Cartographie géomatique ville","COORDONNEE_SPATIALE_X":298884.667,"COORDONNEE_SPATIALE_Y":5040969.761,"DATE_ABANDON_R_M":"Non applicable","DATE_INSTALLATION":"1892-01-01","DATE_INSTALLATION_R_M":"Plan Atlas et inventaire","ELEVATION_TERRAIN":46.556,"ID_BI":5007680,"ID_POINT":5093086,"JURIDICTION":"LOCALE","JURIDICTION_R_M":"Direction production eau potable","PRECISION_DATE_INSTALL":"DATE INSTALLATION DANS L'ANNEE COURANTE","PRECISION_DATE_INSTALL_R_M":"Plan Atlas et inventaire","PROPRIETAIRE":"VILLE DE MONTREAL","PROPRIETAIRE_R_M":"Cartographie géomatique ville","PROVENANCE_DONNEE":"RELEVE TERRAIN INTERNE","STATUT_ACTIF":"EXISTANT","STATUT_ACTIF_R_M":"Plan profil","LATITUDE":45.50863162503108,"LONGITUDE":-73.57570494855699,"ABANDONNE_R":"NON","ABANDONNE_R_M":"Non applicable"}},"geometry":{"type":"Point","coordinates":[-73.57570494855699,45.50863162503108]}},{"type":"Feature","id":"ville-montreal/hydrant/5007681","properties":{"lab":{"objectClass":"hydrant","label":"HYDRANT","sourceId":"5007681","provider":"Ville de Montréal","providerKey":"ville-montreal","dataset":"Bornes d'incendie","datasetId":"cb4de65e-138b-4936-9d5c-2d9a0bc9b4ce","identityField":"ID_BI","sourceName":"3534 rue Aylmer","license":"CC-BY 4.0","retrievedAt":"2026-08-19T19:54:33.442Z","sourceUrl":"https://donnees.montreal.ca/dataset/geolocalisation-des-bornes-fontaines","updateDate":"2026-03-18","geometryType":"Point","legalNote":"Annual inventory. Not for engineering use without City validation."},"source":{"ADRESSE":"3534 rue Aylmer","ADRESSE_R_M":"Cartographie géomatique ville","COORDONNEE_SPATIALE_X":298850.568,"COORDONNEE_SPATIALE_Y":5040891.254,"DATE_ABANDON_R_M":"Non applicable","DATE_INSTALLATION":"1872-01-01","DATE_INSTALLATION_R_M":"Plan Atlas et inventaire","ELEVATION_TERRAIN":46.897,"ID_BI":5007681,"ID_POINT":5093087,"JURIDICTION":"LOCALE","JURIDICTION_R_M":"Direction épuration eaux usées","PRECISION_DATE_INSTALL":"DATE INSTALLATION DANS L'ANNEE COURANTE","PRECISION_DATE_INSTALL_R_M":"Plan Atlas et inventaire","PROPRIETAIRE":"VILLE DE MONTREAL","PROPRIETAIRE_R_M":"Cartographie géomatique ville","PROVENANCE_DONNEE":"RELEVE TERRAIN INTERNE","STATUT_ACTIF":"EXISTANT","STATUT_ACTIF_R_M":"Plan profil","LATITUDE":45.50792490835435,"LONGITUDE":-73.57614038641555,"ABANDONNE_R":"NON","ABANDONNE_R_M":"Non applicable"}},"geometry":{"type":"Point","coordinates":[-73.57614038641555,45.50792490835435]}},{"type":"Feature","id":"ville-montreal/hydrant/5008408","properties":{"lab":{"objectClass":"hydrant","label":"HYDRANT","sourceId":"5008408","provider":"Ville de Montréal","providerKey":"ville-montreal","dataset":"Bornes d'incendie","datasetId":"cb4de65e-138b-4936-9d5c-2d9a0bc9b4ce","identityField":"ID_BI","sourceName":"3492 rue Durocher","license":"CC-BY 4.0","retrievedAt":"2026-08-19T19:54:33.442Z","sourceUrl":"https://donnees.montreal.ca/dataset/geolocalisation-des-bornes-fontaines","updateDate":"2026-03-18","geometryType":"Point","legalNote":"Annual inventory. Not for engineering use without City validation."},"source":{"ADRESSE":"3492 rue Durocher","ADRESSE_R_M":"Cartographie géomatique ville","COORDONNEE_SPATIALE_X":298969.599,"COORDONNEE_SPATIALE_Y":5040912.541,"DATE_ABANDON_R_M":"Non applicable","DATE_INSTALLATION":"1892-01-01","DATE_INSTALLATION_R_M":"Plan Atlas et inventaire","ELEVATION_TERRAIN":46.906,"ID_BI":5008408,"ID_POINT":5104028,"JURIDICTION":"LOCALE","JURIDICTION_R_M":"Direction production eau potable","PRECISION_DATE_INSTALL":"DATE INSTALLATION DANS L'ANNEE COURANTE","PRECISION_DATE_INSTALL_R_M":"Plan Atlas et inventaire","PROPRIETAIRE":"VILLE DE MONTREAL","PROPRIETAIRE_R_M":"Cartographie géomatique ville","PROVENANCE_DONNEE":"RELEVE TERRAIN INTERNE","STATUT_ACTIF":"EXISTANT","STATUT_ACTIF_R_M":"Plan profil","LATITUDE":45.50811745943244,"LONGITUDE":-73.57461727345803,"ABANDONNE_R":"NON","ABANDONNE_R_M":"Non applicable"}},"geometry":{"type":"Point","coordinates":[-73.57461727345803,45.50811745943244]}},{"type":"Feature","id":"ville-montreal/hydrant/5008412","properties":{"lab":{"objectClass":"hydrant","label":"HYDRANT","sourceId":"5008412","provider":"Ville de Montréal","providerKey":"ville-montreal","dataset":"Bornes d'incendie","datasetId":"cb4de65e-138b-4936-9d5c-2d9a0bc9b4ce","identityField":"ID_BI","sourceName":"1238 rue Jeanne-Mance","license":"CC-BY 4.0","retrievedAt":"2026-08-19T19:54:33.442Z","sourceUrl":"https://donnees.montreal.ca/dataset/geolocalisation-des-bornes-fontaines","updateDate":"2026-03-18","geometryType":"Point","legalNote":"Annual inventory. Not for engineering use without City validation."},"source":{"ADRESSE":"1238 rue Jeanne-Mance","ADRESSE_R_M":"Cartographie géomatique ville","COORDONNEE_SPATIALE_X":299699.006,"COORDONNEE_SPATIALE_Y":5040747.725,"DATE_ABANDON_R_M":"Non applicable","DATE_INSTALLATION":"1912-01-01","DATE_INSTALLATION_R_M":"Plan Atlas et inventaire","ELEVATION_TERRAIN":26.832,"ID_BI":5008412,"ID_POINT":5104032,"JURIDICTION":"LOCALE","JURIDICTION_R_M":"Direction épuration eaux usées","PRECISION_DATE_INSTALL":"DATE INSTALLATION DANS L'ANNEE COURANTE","PRECISION_DATE_INSTALL_R_M":"Plan Atlas et inventaire","PROPRIETAIRE":"VILLE DE MONTREAL","PROPRIETAIRE_R_M":"Cartographie géomatique ville","PROVENANCE_DONNEE":"RELEVE TERRAIN INTERNE","STATUT_ACTIF":"EXISTANT","STATUT_ACTIF_R_M":"Plan profil","LATITUDE":45.50664006698038,"LONGITUDE":-73.56528049484038,"ABANDONNE_R":"NON","ABANDONNE_R_M":"Non applicable"}},"geometry":{"type":"Point","coordinates":[-73.56528049484038,45.50664006698038]}},{"type":"Feature","id":"ville-montreal/hydrant/5008414","properties":{"lab":{"objectClass":"hydrant","label":"HYDRANT","sourceId":"5008414","provider":"Ville de Montréal","providerKey":"ville-montreal","dataset":"Bornes d'incendie","datasetId":"cb4de65e-138b-4936-9d5c-2d9a0bc9b4ce","identityField":"ID_BI","sourceName":"439-447 avenue du Président-Kennedy","license":"CC-BY 4.0","retrievedAt":"2026-08-19T19:54:33.442Z","sourceUrl":"https://donnees.montreal.ca/dataset/geolocalisation-des-bornes-fontaines","updateDate":"2026-03-18","geometryType":"Point","legalNote":"Annual inventory. Not for engineering use without City validation."},"source":{"ADRESSE":"439-447 avenue du Président-Kennedy","ADRESSE_R_M":"Cartographie géomatique ville","COORDONNEE_SPATIALE_X":299286.075,"COORDONNEE_SPATIALE_Y":5040736.813,"DATE_ABANDON_R_M":"Non applicable","DATE_INSTALLATION":"1964-01-01","DATE_INSTALLATION_R_M":"Plan Atlas et inventaire","ELEVATION_TERRAIN":37.471,"ID_BI":5008414,"ID_POINT":5104034,"JURIDICTION":"LOCALE","JURIDICTION_R_M":"Direction épuration eaux usées","PRECISION_DATE_INSTALL":"DATE INSTALLATION DANS L'ANNEE COURANTE","PRECISION_DATE_INSTALL_R_M":"Plan Atlas et inventaire","PROPRIETAIRE":"VILLE DE MONTREAL","PROPRIETAIRE_R_M":"Cartographie géomatique ville","PROVENANCE_DONNEE":"RELEVE TERRAIN INTERNE","STATUT_ACTIF":"EXISTANT","STATUT_ACTIF_R_M":"Plan profil","LATITUDE":45.506538764834346,"LONGITUDE":-73.57056497869596,"ABANDONNE_R":"NON","ABANDONNE_R_M":"Non applicable"}},"geometry":{"type":"Point","coordinates":[-73.57056497869596,45.506538764834346]}},{"type":"Feature","id":"ville-montreal/hydrant/5008417","properties":{"lab":{"objectClass":"hydrant","label":"HYDRANT","sourceId":"5008417","provider":"Ville de Montréal","providerKey":"ville-montreal","dataset":"Bornes d'incendie","datasetId":"cb4de65e-138b-4936-9d5c-2d9a0bc9b4ce","identityField":"ID_BI","sourceName":"3470 rue Hutchison","license":"CC-BY 4.0","retrievedAt":"2026-08-19T19:54:33.442Z","sourceUrl":"https://donnees.montreal.ca/dataset/geolocalisation-des-bornes-fontaines","updateDate":"2026-03-18","geometryType":"Point","legalNote":"Annual inventory. Not for engineering use without City validation."},"source":{"ADRESSE":"3470 rue Hutchison","ADRESSE_R_M":"Cartographie géomatique ville","COORDONNEE_SPATIALE_X":299066.099,"COORDONNEE_SPATIALE_Y":5040945.343,"DATE_ABANDON_R_M":"Non applicable","DATE_INSTALLATION":"1890-01-01","DATE_INSTALLATION_R_M":"Plan Atlas et inventaire","ELEVATION_TERRAIN":47.061,"ID_BI":5008417,"ID_POINT":5104037,"JURIDICTION":"LOCALE","JURIDICTION_R_M":"Direction épuration eaux usées","PRECISION_DATE_INSTALL":"DATE INSTALLATION DANS L'ANNEE COURANTE","PRECISION_DATE_INSTALL_R_M":"Plan Atlas et inventaire","PROPRIETAIRE":"VILLE DE MONTREAL","PROPRIETAIRE_R_M":"Cartographie géomatique ville","PROVENANCE_DONNEE":"RELEVE TERRAIN INTERNE","STATUT_ACTIF":"EXISTANT","STATUT_ACTIF_R_M":"Plan profil","LATITUDE":45.50841340247538,"LONGITUDE":-73.5733826648155,"ABANDONNE_R":"NON","ABANDONNE_R_M":"Non applicable"}},"geometry":{"type":"Point","coordinates":[-73.5733826648155,45.50841340247538]}},{"type":"Feature","id":"ville-montreal/hydrant/5008358","properties":{"lab":{"objectClass":"hydrant","label":"HYDRANT","sourceId":"5008358","provider":"Ville de Montréal","providerKey":"ville-montreal","dataset":"Bornes d'incendie","datasetId":"cb4de65e-138b-4936-9d5c-2d9a0bc9b4ce","identityField":"ID_BI","sourceName":"100-200 rue Sherbrooke Ouest","license":"CC-BY 4.0","retrievedAt":"2026-08-19T19:54:33.442Z","sourceUrl":"https://donnees.montreal.ca/dataset/geolocalisation-des-bornes-fontaines","updateDate":"2026-03-18","geometryType":"Point","legalNote":"Annual inventory. Not for engineering use without City validation."},"source":{"ADRESSE":"100-200 rue Sherbrooke Ouest","ADRESSE_R_M":"Cartographie géomatique ville","COORDONNEE_SPATIALE_X":299298.972,"COORDONNEE_SPATIALE_Y":5041119.249,"DATE_ABANDON_R_M":"Non applicable","DATE_INSTALLATION":"1893-01-01","DATE_INSTALLATION_R_M":"Plan Atlas et inventaire","ELEVATION_TERRAIN":45.358,"ID_BI":5008358,"ID_POINT":5103978,"JURIDICTION":"LOCALE","JURIDICTION_R_M":"Direction épuration eaux usées","PRECISION_DATE_INSTALL":"DATE INSTALLATION DANS L'ANNEE COURANTE","PRECISION_DATE_INSTALL_R_M":"Plan Atlas et inventaire","PROPRIETAIRE":"VILLE DE MONTREAL","PROPRIETAIRE_R_M":"Cartographie géomatique ville","PROVENANCE_DONNEE":"RELEVE TERRAIN INTERNE","STATUT_ACTIF":"EXISTANT","STATUT_ACTIF_R_M":"Plan profil","LATITUDE":45.5099801018771,"LONGITUDE":-73.57040431117349,"ABANDONNE_R":"NON","ABANDONNE_R_M":"Non applicable"}},"geometry":{"type":"Point","coordinates":[-73.57040431117349,45.5099801018771]}},{"type":"Feature","id":"ville-montreal/hydrant/5008359","properties":{"lab":{"objectClass":"hydrant","label":"HYDRANT","sourceId":"5008359","provider":"Ville de Montréal","providerKey":"ville-montreal","dataset":"Bornes d'incendie","datasetId":"cb4de65e-138b-4936-9d5c-2d9a0bc9b4ce","identityField":"ID_BI","sourceName":"269-305 rue Sherbrooke Ouest","license":"CC-BY 4.0","retrievedAt":"2026-08-19T19:54:33.442Z","sourceUrl":"https://donnees.montreal.ca/dataset/geolocalisation-des-bornes-fontaines","updateDate":"2026-03-18","geometryType":"Point","legalNote":"Annual inventory. Not for engineering use without City validation."},"source":{"ADRESSE":"269-305 rue Sherbrooke Ouest","ADRESSE_R_M":"Cartographie géomatique ville","COORDONNEE_SPATIALE_X":299229.159,"COORDONNEE_SPATIALE_Y":5040963.13,"DATE_ABANDON_R_M":"Non applicable","DATE_INSTALLATION":"1993-01-01","DATE_INSTALLATION_R_M":"Plan Atlas et inventaire","ELEVATION_TERRAIN":44.254,"ID_BI":5008359,"ID_POINT":5103979,"JURIDICTION":"LOCALE","JURIDICTION_R_M":"Direction épuration eaux usées","PRECISION_DATE_INSTALL":"DATE INSTALLATION DANS L'ANNEE COURANTE","PRECISION_DATE_INSTALL_R_M":"Plan Atlas et inventaire","PROPRIETAIRE":"VILLE DE MONTREAL","PROPRIETAIRE_R_M":"Cartographie géomatique ville","PROVENANCE_DONNEE":"RELEVE TERRAIN INTERNE","STATUT_ACTIF":"EXISTANT","STATUT_ACTIF_R_M":"Plan profil","LATITUDE":45.50857475139506,"LONGITUDE":-73.57129602358678,"ABANDONNE_R":"NON","ABANDONNE_R_M":"Non applicable"}},"geometry":{"type":"Point","coordinates":[-73.57129602358678,45.50857475139506]}},{"type":"Feature","id":"ville-montreal/hydrant/5008360","properties":{"lab":{"objectClass":"hydrant","label":"HYDRANT","sourceId":"5008360","provider":"Ville de Montréal","providerKey":"ville-montreal","dataset":"Bornes d'incendie","datasetId":"cb4de65e-138b-4936-9d5c-2d9a0bc9b4ce","identityField":"ID_BI","sourceName":"205-245 rue Sherbrooke Ouest","license":"CC-BY 4.0","retrievedAt":"2026-08-19T19:54:33.442Z","sourceUrl":"https://donnees.montreal.ca/dataset/geolocalisation-des-bornes-fontaines","updateDate":"2026-03-18","geometryType":"Point","legalNote":"Annual inventory. Not for engineering use without City validation."},"source":{"ADRESSE":"205-245 rue Sherbrooke Ouest","ADRESSE_R_M":"Cartographie géomatique ville","COORDONNEE_SPATIALE_X":299266.585,"COORDONNEE_SPATIALE_Y":5041078.443,"DATE_ABANDON_R_M":"Non applicable","DATE_INSTALLATION":"1890-01-01","DATE_INSTALLATION_R_M":"Plan Atlas et inventaire","ELEVATION_TERRAIN":45.261,"ID_BI":5008360,"ID_POINT":5103980,"JURIDICTION":"LOCALE","JURIDICTION_R_M":"Direction épuration eaux usées","PRECISION_DATE_INSTALL":"DATE INSTALLATION DANS L'ANNEE COURANTE","PRECISION_DATE_INSTALL_R_M":"Plan Atlas et inventaire","PROPRIETAIRE":"VILLE DE MONTREAL","PROPRIETAIRE_R_M":"Cartographie géomatique ville","PROVENANCE_DONNEE":"RELEVE TERRAIN INTERNE","STATUT_ACTIF":"EXISTANT","STATUT_ACTIF_R_M":"Plan profil","LATITUDE":45.50961266273814,"LONGITUDE":-73.57081835604556,"ABANDONNE_R":"NON","ABANDONNE_R_M":"Non applicable"}},"geometry":{"type":"Point","coordinates":[-73.57081835604556,45.50961266273814]}},{"type":"Feature","id":"ville-montreal/hydrant/5008391","properties":{"lab":{"objectClass":"hydrant","label":"HYDRANT","sourceId":"5008391","provider":"Ville de Montréal","providerKey":"ville-montreal","dataset":"Bornes d'incendie","datasetId":"cb4de65e-138b-4936-9d5c-2d9a0bc9b4ce","identityField":"ID_BI","sourceName":"1501 rue De Bleury","license":"CC-BY 4.0","retrievedAt":"2026-08-19T19:54:33.442Z","sourceUrl":"https://donnees.montreal.ca/dataset/geolocalisation-des-bornes-fontaines","updateDate":"2026-03-18","geometryType":"Point","legalNote":"Annual inventory. Not for engineering use without City validation."},"source":{"ADRESSE":"1501 rue De Bleury","ADRESSE_R_M":"Cartographie géomatique ville","COORDONNEE_SPATIALE_X":299435.158,"COORDONNEE_SPATIALE_Y":5040824.975,"DATE_ABANDON_R_M":"Non applicable","DATE_INSTALLATION":"1966-01-01","DATE_INSTALLATION_R_M":"Plan Atlas et inventaire","ELEVATION_TERRAIN":34.069,"ID_BI":5008391,"ID_POINT":5104011,"JURIDICTION":"LOCALE","JURIDICTION_R_M":"Direction épuration eaux usées","PRECISION_DATE_INSTALL":"DATE INSTALLATION DANS L'ANNEE COURANTE","PRECISION_DATE_INSTALL_R_M":"Plan Atlas et inventaire","PROPRIETAIRE":"VILLE DE MONTREAL","PROPRIETAIRE_R_M":"Cartographie géomatique ville","PROVENANCE_DONNEE":"RELEVE TERRAIN INTERNE","STATUT_ACTIF":"EXISTANT","STATUT_ACTIF_R_M":"Plan profil","LATITUDE":45.50733321192317,"LONGITUDE":-73.56865802372258,"ABANDONNE_R":"NON","ABANDONNE_R_M":"Non applicable"}},"geometry":{"type":"Point","coordinates":[-73.56865802372258,45.50733321192317]}},{"type":"Feature","id":"ville-montreal/hydrant/5008402","properties":{"lab":{"objectClass":"hydrant","label":"HYDRANT","sourceId":"5008402","provider":"Ville de Montréal","providerKey":"ville-montreal","dataset":"Bornes d'incendie","datasetId":"cb4de65e-138b-4936-9d5c-2d9a0bc9b4ce","identityField":"ID_BI","sourceName":"1130 rue Jeanne-Mance","license":"CC-BY 4.0","retrievedAt":"2026-08-19T19:54:33.442Z","sourceUrl":"https://donnees.montreal.ca/dataset/geolocalisation-des-bornes-fontaines","updateDate":"2026-03-18","geometryType":"Point","legalNote":"Annual inventory. Not for engineering use without City validation."},"source":{"ADRESSE":"1130 rue Jeanne-Mance","ADRESSE_R_M":"Cartographie géomatique ville","COORDONNEE_SPATIALE_X":299824.153,"COORDONNEE_SPATIALE_Y":5040729.726,"DATE_ABANDON_R_M":"Non applicable","DATE_INSTALLATION":"1954-01-01","DATE_INSTALLATION_R_M":"Plan Atlas et inventaire","ELEVATION_TERRAIN":25.44,"ID_BI":5008402,"ID_POINT":5104022,"JURIDICTION":"LOCALE","JURIDICTION_R_M":"Direction épuration eaux usées","PRECISION_DATE_INSTALL":"DATE INSTALLATION DANS L'ANNEE COURANTE","PRECISION_DATE_INSTALL_R_M":"Plan Atlas et inventaire","PROPRIETAIRE":"VILLE DE MONTREAL","PROPRIETAIRE_R_M":"Cartographie géomatique ville","PROVENANCE_DONNEE":"RELEVE TERRAIN INTERNE","STATUT_ACTIF":"EXISTANT","STATUT_ACTIF_R_M":"Plan profil","LATITUDE":45.50647900704187,"LONGITUDE":-73.56367874101466,"ABANDONNE_R":"NON","ABANDONNE_R_M":"Non applicable"}},"geometry":{"type":"Point","coordinates":[-73.56367874101466,45.50647900704187]}},{"type":"Feature","id":"ville-montreal/hydrant/5008403","properties":{"lab":{"objectClass":"hydrant","label":"HYDRANT","sourceId":"5008403","provider":"Ville de Montréal","providerKey":"ville-montreal","dataset":"Bornes d'incendie","datasetId":"cb4de65e-138b-4936-9d5c-2d9a0bc9b4ce","identityField":"ID_BI","sourceName":"200 boulevard René-Lévesque Ouest","license":"CC-BY 4.0","retrievedAt":"2026-08-19T19:54:33.442Z","sourceUrl":"https://donnees.montreal.ca/dataset/geolocalisation-des-bornes-fontaines","updateDate":"2026-03-18","geometryType":"Point","legalNote":"Annual inventory. Not for engineering use without City validation."},"source":{"ADRESSE":"200 boulevard René-Lévesque Ouest","ADRESSE_R_M":"Cartographie géomatique ville","COORDONNEE_SPATIALE_X":299870.336,"COORDONNEE_SPATIALE_Y":5040803.163,"DATE_ABANDON_R_M":"Non applicable","DATE_INSTALLATION":"1995-01-01","DATE_INSTALLATION_R_M":"Plan Atlas et inventaire","ELEVATION_TERRAIN":24.408,"ID_BI":5008403,"ID_POINT":5104023,"JURIDICTION":"LOCALE","JURIDICTION_R_M":"Direction épuration eaux usées","PRECISION_DATE_INSTALL":"DATE INSTALLATION DANS L'ANNEE COURANTE","PRECISION_DATE_INSTALL_R_M":"Plan Atlas et inventaire","PROPRIETAIRE":"VILLE DE MONTREAL","PROPRIETAIRE_R_M":"Cartographie géomatique ville","PROVENANCE_DONNEE":"RELEVE TERRAIN INTERNE","STATUT_ACTIF":"EXISTANT","STATUT_ACTIF_R_M":"Plan profil","LATITUDE":45.507140147548334,"LONGITUDE":-73.56308846878505,"ABANDONNE_R":"NON","ABANDONNE_R_M":"Non applicable"}},"geometry":{"type":"Point","coordinates":[-73.56308846878505,45.507140147548334]}},{"type":"Feature","id":"ville-montreal/hydrant/5008407","properties":{"lab":{"objectClass":"hydrant","label":"HYDRANT","sourceId":"5008407","provider":"Ville de Montréal","providerKey":"ville-montreal","dataset":"Bornes d'incendie","datasetId":"cb4de65e-138b-4936-9d5c-2d9a0bc9b4ce","identityField":"ID_BI","sourceName":"3422 rue Durocher","license":"CC-BY 4.0","retrievedAt":"2026-08-19T19:54:33.442Z","sourceUrl":"https://donnees.montreal.ca/dataset/geolocalisation-des-bornes-fontaines","updateDate":"2026-03-18","geometryType":"Point","legalNote":"Annual inventory. Not for engineering use without City validation."},"source":{"ADRESSE":"3422 rue Durocher","ADRESSE_R_M":"Cartographie géomatique ville","COORDONNEE_SPATIALE_X":299080.285,"COORDONNEE_SPATIALE_Y":5040838.821,"DATE_ABANDON_R_M":"Non applicable","DATE_INSTALLATION":"1892-01-01","DATE_INSTALLATION_R_M":"Plan Atlas et inventaire","ELEVATION_TERRAIN":46.127,"ID_BI":5008407,"ID_POINT":5104027,"JURIDICTION":"LOCALE","JURIDICTION_R_M":"Direction production eau potable","PRECISION_DATE_INSTALL":"DATE INSTALLATION DANS L'ANNEE COURANTE","PRECISION_DATE_INSTALL_R_M":"Plan Atlas et inventaire","PROPRIETAIRE":"VILLE DE MONTREAL","PROPRIETAIRE_R_M":"Cartographie géomatique ville","PROVENANCE_DONNEE":"RELEVE TERRAIN INTERNE","STATUT_ACTIF":"EXISTANT","STATUT_ACTIF_R_M":"Plan profil","LATITUDE":45.50745501754711,"LONGITUDE":-73.57319983205478,"ABANDONNE_R":"NON","ABANDONNE_R_M":"Non applicable"}},"geometry":{"type":"Point","coordinates":[-73.57319983205478,45.50745501754711]}},{"type":"Feature","id":"ville-montreal/hydrant/5008346","properties":{"lab":{"objectClass":"hydrant","label":"HYDRANT","sourceId":"5008346","provider":"Ville de Montréal","providerKey":"ville-montreal","dataset":"Bornes d'incendie","datasetId":"cb4de65e-138b-4936-9d5c-2d9a0bc9b4ce","identityField":"ID_BI","sourceName":"137 avenue du Président-Kennedy","license":"CC-BY 4.0","retrievedAt":"2026-08-19T19:54:33.442Z","sourceUrl":"https://donnees.montreal.ca/dataset/geolocalisation-des-bornes-fontaines","updateDate":"2026-03-18","geometryType":"Point","legalNote":"Annual inventory. Not for engineering use without City validation."},"source":{"ADRESSE":"137 avenue du Président-Kennedy","ADRESSE_R_M":"Cartographie géomatique ville","COORDONNEE_SPATIALE_X":299480.92,"COORDONNEE_SPATIALE_Y":5041049.643,"DATE_ABANDON_R_M":"Non applicable","DATE_INSTALLATION":"1891-01-01","DATE_INSTALLATION_R_M":"Plan Atlas et inventaire","ELEVATION_TERRAIN":31.924,"ID_BI":5008346,"ID_POINT":5103966,"JURIDICTION":"LOCALE","JURIDICTION_R_M":"Direction épuration eaux usées","PRECISION_DATE_INSTALL":"DATE INSTALLATION DANS L'ANNEE COURANTE","PRECISION_DATE_INSTALL_R_M":"Plan Atlas et inventaire","PROPRIETAIRE":"VILLE DE MONTREAL","PROPRIETAIRE_R_M":"Cartographie géomatique ville","PROVENANCE_DONNEE":"RELEVE TERRAIN INTERNE","STATUT_ACTIF":"EXISTANT","STATUT_ACTIF_R_M":"Plan profil","LATITUDE":45.50935517442579,"LONGITUDE":-73.56807485351047,"ABANDONNE_R":"NON","ABANDONNE_R_M":"Non applicable"}},"geometry":{"type":"Point","coordinates":[-73.56807485351047,45.50935517442579]}},{"type":"Feature","id":"ville-montreal/hydrant/5008348","properties":{"lab":{"objectClass":"hydrant","label":"HYDRANT","sourceId":"5008348","provider":"Ville de Montréal","providerKey":"ville-montreal","dataset":"Bornes d'incendie","datasetId":"cb4de65e-138b-4936-9d5c-2d9a0bc9b4ce","identityField":"ID_BI","sourceName":"2020-2026 rue Jeanne-Mance","license":"CC-BY 4.0","retrievedAt":"2026-08-19T19:54:33.442Z","sourceUrl":"https://donnees.montreal.ca/dataset/geolocalisation-des-bornes-fontaines","updateDate":"2026-03-18","geometryType":"Point","legalNote":"Annual inventory. Not for engineering use without City validation."},"source":{"ADRESSE":"2020-2026 rue Jeanne-Mance","ADRESSE_R_M":"Cartographie géomatique ville","COORDONNEE_SPATIALE_X":299415.669,"COORDONNEE_SPATIALE_Y":5040931.899,"DATE_ABANDON_R_M":"Non applicable","DATE_INSTALLATION":"1964-01-01","DATE_INSTALLATION_R_M":"Plan Atlas et inventaire","ELEVATION_TERRAIN":34.357,"ID_BI":5008348,"ID_POINT":5103968,"JURIDICTION":"LOCALE","JURIDICTION_R_M":"Direction épuration eaux usées","PRECISION_DATE_INSTALL":"DATE INSTALLATION DANS L'ANNEE COURANTE","PRECISION_DATE_INSTALL_R_M":"Plan Atlas et inventaire","PROPRIETAIRE":"VILLE DE MONTREAL","PROPRIETAIRE_R_M":"Cartographie géomatique ville","PROVENANCE_DONNEE":"RELEVE TERRAIN INTERNE","STATUT_ACTIF":"EXISTANT","STATUT_ACTIF_R_M":"Plan profil","LATITUDE":45.50829518322735,"LONGITUDE":-73.56890865542094,"ABANDONNE_R":"NON","ABANDONNE_R_M":"Non applicable"}},"geometry":{"type":"Point","coordinates":[-73.56890865542094,45.50829518322735]}},{"type":"Feature","id":"ville-montreal/hydrant/5008349","properties":{"lab":{"objectClass":"hydrant","label":"HYDRANT","sourceId":"5008349","provider":"Ville de Montréal","providerKey":"ville-montreal","dataset":"Bornes d'incendie","datasetId":"cb4de65e-138b-4936-9d5c-2d9a0bc9b4ce","identityField":"ID_BI","sourceName":"2066-2068 rue Jeanne-Mance","license":"CC-BY 4.0","retrievedAt":"2026-08-19T19:54:33.442Z","sourceUrl":"https://donnees.montreal.ca/dataset/geolocalisation-des-bornes-fontaines","updateDate":"2026-03-18","geometryType":"Point","legalNote":"Annual inventory. Not for engineering use without City validation."},"source":{"ADRESSE":"2066-2068 rue Jeanne-Mance","ADRESSE_R_M":"Cartographie géomatique ville","COORDONNEE_SPATIALE_X":299368.293,"COORDONNEE_SPATIALE_Y":5040993.843,"DATE_ABANDON_R_M":"Non applicable","DATE_INSTALLATION":"1912-01-01","DATE_INSTALLATION_R_M":"Plan Atlas et inventaire","ELEVATION_TERRAIN":36.253,"ID_BI":5008349,"ID_POINT":5103969,"JURIDICTION":"LOCALE","JURIDICTION_R_M":"Direction épuration eaux usées","PRECISION_DATE_INSTALL":"DATE INSTALLATION DANS L'ANNEE COURANTE","PRECISION_DATE_INSTALL_R_M":"Plan Atlas et inventaire","PROPRIETAIRE":"VILLE DE MONTREAL","PROPRIETAIRE_R_M":"Cartographie géomatique ville","PROVENANCE_DONNEE":"RELEVE TERRAIN INTERNE","STATUT_ACTIF":"EXISTANT","STATUT_ACTIF_R_M":"Plan profil","LATITUDE":45.508852205379846,"LONGITUDE":-73.56951568742902,"ABANDONNE_R":"NON","ABANDONNE_R_M":"Non applicable"}},"geometry":{"type":"Point","coordinates":[-73.56951568742902,45.508852205379846]}},{"type":"Feature","id":"ville-montreal/hydrant/5020096","properties":{"lab":{"objectClass":"hydrant","label":"HYDRANT","sourceId":"5020096","provider":"Ville de Montréal","providerKey":"ville-montreal","dataset":"Bornes d'incendie","datasetId":"cb4de65e-138b-4936-9d5c-2d9a0bc9b4ce","identityField":"ID_BI","sourceName":"1494-1512 rue Sainte-Catherine Ouest","license":"CC-BY 4.0","retrievedAt":"2026-08-19T19:54:33.442Z","sourceUrl":"https://donnees.montreal.ca/dataset/geolocalisation-des-bornes-fontaines","updateDate":"2026-03-18","geometryType":"Point","legalNote":"Annual inventory. Not for engineering use without City validation."},"source":{"ADRESSE":"1494-1512 rue Sainte-Catherine Ouest","ADRESSE_R_M":"Cartographie géomatique ville","COORDONNEE_SPATIALE_X":298737.77,"COORDONNEE_SPATIALE_Y":5039477.848,"DATE_ABANDON_R_M":"Non applicable","DATE_INSTALLATION":"1882-01-01","DATE_INSTALLATION_R_M":"Plan Atlas et inventaire","ELEVATION_TERRAIN":45.922,"ID_BI":5020096,"ID_POINT":5253830,"JURIDICTION":"LOCALE","JURIDICTION_R_M":"Direction épuration eaux usées","PRECISION_DATE_INSTALL":"DATE INSTALLATION DANS L'ANNEE COURANTE","PRECISION_DATE_INSTALL_R_M":"Plan Atlas et inventaire","PROPRIETAIRE":"VILLE DE MONTREAL","PROPRIETAIRE_R_M":"Cartographie géomatique ville","PROVENANCE_DONNEE":"RELEVE TERRAIN INTERNE","STATUT_ACTIF":"EXISTANT","STATUT_ACTIF_R_M":"Plan profil","LATITUDE":45.49520560388953,"LONGITUDE":-73.5775661819279,"ABANDONNE_R":"NON","ABANDONNE_R_M":"Non applicable"}},"geometry":{"type":"Point","coordinates":[-73.5775661819279,45.49520560388953]}},{"type":"Feature","id":"ville-montreal/hydrant/5020098","properties":{"lab":{"objectClass":"hydrant","label":"HYDRANT","sourceId":"5020098","provider":"Ville de Montréal","providerKey":"ville-montreal","dataset":"Bornes d'incendie","datasetId":"cb4de65e-138b-4936-9d5c-2d9a0bc9b4ce","identityField":"ID_BI","sourceName":"1425 rue Mackay","license":"CC-BY 4.0","retrievedAt":"2026-08-19T19:54:33.442Z","sourceUrl":"https://donnees.montreal.ca/dataset/geolocalisation-des-bornes-fontaines","updateDate":"2026-03-18","geometryType":"Point","legalNote":"Annual inventory. Not for engineering use without City validation."},"source":{"ADRESSE":"1425 rue Mackay","ADRESSE_R_M":"Cartographie géomatique ville","COORDONNEE_SPATIALE_X":298735.281,"COORDONNEE_SPATIALE_Y":5039571.165,"DATE_ABANDON_R_M":"Non applicable","DATE_INSTALLATION":"2003-01-03","DATE_INSTALLATION_R_M":"Plan Atlas et inventaire","ELEVATION_TERRAIN":45.593,"ID_BI":5020098,"ID_POINT":5253832,"JURIDICTION":"LOCALE","JURIDICTION_R_M":"Direction production eau potable","PRECISION_DATE_INSTALL":"DATE INSTALLATION DANS L'ANNEE COURANTE","PRECISION_DATE_INSTALL_R_M":"Plan Atlas et inventaire","PROPRIETAIRE":"VILLE DE MONTREAL","PROPRIETAIRE_R_M":"Cartographie géomatique ville","PROVENANCE_DONNEE":"RELEVE TERRAIN INTERNE","STATUT_ACTIF":"EXISTANT","STATUT_ACTIF_R_M":"Visite terrain","LATITUDE":45.49604529505342,"LONGITUDE":-73.57759917627763,"ABANDONNE_R":"NON","ABANDONNE_R_M":"Non applicable"}},"geometry":{"type":"Point","coordinates":[-73.57759917627763,45.49604529505342]}},{"type":"Feature","id":"ville-montreal/hydrant/5020654","properties":{"lab":{"objectClass":"hydrant","label":"HYDRANT","sourceId":"5020654","provider":"Ville de Montréal","providerKey":"ville-montreal","dataset":"Bornes d'incendie","datasetId":"cb4de65e-138b-4936-9d5c-2d9a0bc9b4ce","identityField":"ID_BI","sourceName":"500 rue Saint-Jacques","license":"CC-BY 4.0","retrievedAt":"2026-08-19T19:54:33.442Z","sourceUrl":"https://donnees.montreal.ca/dataset/geolocalisation-des-bornes-fontaines","updateDate":"2026-03-18","geometryType":"Point","legalNote":"Annual inventory. Not for engineering use without City validation."},"source":{"ADRESSE":"500 rue Saint-Jacques","ADRESSE_R_M":"Cartographie géomatique ville","COORDONNEE_SPATIALE_X":300097.224,"COORDONNEE_SPATIALE_Y":5040163.802,"DATE_ABANDON_R_M":"Non applicable","DATE_INSTALLATION":"2002-01-01","DATE_INSTALLATION_R_M":"Plan balayé","ELEVATION_TERRAIN":17.547,"ID_BI":5020654,"ID_POINT":5267058,"JURIDICTION":"LOCALE","JURIDICTION_R_M":"Direction production eau potable","PRECISION_DATE_INSTALL":"DATE INSTALLATION DANS L'ANNEE COURANTE","PRECISION_DATE_INSTALL_R_M":"Plan balayé","PROPRIETAIRE":"VILLE DE MONTREAL","PROPRIETAIRE_R_M":"Cartographie géomatique ville","PROVENANCE_DONNEE":"RELEVE TERRAIN INTERNE","STATUT_ACTIF":"EXISTANT","STATUT_ACTIF_R_M":"Plan profil","LATITUDE":45.501388462745716,"LONGITUDE":-73.56017885790745,"ABANDONNE_R":"NON","ABANDONNE_R_M":"Non applicable"}},"geometry":{"type":"Point","coordinates":[-73.56017885790745,45.501388462745716]}},{"type":"Feature","id":"ville-montreal/hydrant/5020655","properties":{"lab":{"objectClass":"hydrant","label":"HYDRANT","sourceId":"5020655","provider":"Ville de Montréal","providerKey":"ville-montreal","dataset":"Bornes d'incendie","datasetId":"cb4de65e-138b-4936-9d5c-2d9a0bc9b4ce","identityField":"ID_BI","sourceName":"437 rue Saint-Jacques","license":"CC-BY 4.0","retrievedAt":"2026-08-19T19:54:33.442Z","sourceUrl":"https://donnees.montreal.ca/dataset/geolocalisation-des-bornes-fontaines","updateDate":"2026-03-18","geometryType":"Point","legalNote":"Annual inventory. Not for engineering use without City validation."},"source":{"ADRESSE":"437 rue Saint-Jacques","ADRESSE_R_M":"Cartographie géomatique ville","COORDONNEE_SPATIALE_X":300085.223,"COORDONNEE_SPATIALE_Y":5040168.864,"DATE_ABANDON_R_M":"Non applicable","DATE_INSTALLATION":"1871-01-01","DATE_INSTALLATION_R_M":"Plan Atlas et inventaire","ELEVATION_TERRAIN":17.397,"ID_BI":5020655,"ID_POINT":5267059,"JURIDICTION":"LOCALE","JURIDICTION_R_M":"Direction épuration eaux usées","PRECISION_DATE_INSTALL":"DATE INSTALLATION DANS L'ANNEE COURANTE","PRECISION_DATE_INSTALL_R_M":"Plan Atlas et inventaire","PROPRIETAIRE":"VILLE DE MONTREAL","PROPRIETAIRE_R_M":"Cartographie géomatique ville","PROVENANCE_DONNEE":"RELEVE TERRAIN INTERNE","STATUT_ACTIF":"EXISTANT","STATUT_ACTIF_R_M":"Plan profil","LATITUDE":45.50143392861061,"LONGITUDE":-73.56033247118195,"ABANDONNE_R":"NON","ABANDONNE_R_M":"Non applicable"}},"geometry":{"type":"Point","coordinates":[-73.56033247118195,45.50143392861061]}},{"type":"Feature","id":"ville-montreal/hydrant/5020437","properties":{"lab":{"objectClass":"hydrant","label":"HYDRANT","sourceId":"5020437","provider":"Ville de Montréal","providerKey":"ville-montreal","dataset":"Bornes d'incendie","datasetId":"cb4de65e-138b-4936-9d5c-2d9a0bc9b4ce","identityField":"ID_BI","sourceName":"2 rue De La Gauchetière Ouest","license":"CC-BY 4.0","retrievedAt":"2026-08-19T19:54:33.442Z","sourceUrl":"https://donnees.montreal.ca/dataset/geolocalisation-des-bornes-fontaines","updateDate":"2026-03-18","geometryType":"Point","legalNote":"Annual inventory. Not for engineering use without City validation."},"source":{"ADRESSE":"2 rue De La Gauchetière Ouest","ADRESSE_R_M":"Cartographie géomatique ville","COORDONNEE_SPATIALE_X":300116.67,"COORDONNEE_SPATIALE_Y":5040899.835,"DATE_ABANDON_R_M":"Non applicable","DATE_INSTALLATION":"1889-01-01","DATE_INSTALLATION_R_M":"Plan Atlas et inventaire","ELEVATION_TERRAIN":18.91,"ID_BI":5020437,"ID_POINT":5262957,"JURIDICTION":"LOCALE","JURIDICTION_R_M":"Direction épuration eaux usées","PRECISION_DATE_INSTALL":"DATE INSTALLATION DANS L'ANNEE COURANTE","PRECISION_DATE_INSTALL_R_M":"Plan Atlas et inventaire","PROPRIETAIRE":"VILLE DE MONTREAL","PROPRIETAIRE_R_M":"Cartographie géomatique ville","PROVENANCE_DONNEE":"RELEVE TERRAIN INTERNE","STATUT_ACTIF":"EXISTANT","STATUT_ACTIF_R_M":"Plan profil","LATITUDE":45.50801174061516,"LONGITUDE":-73.55993688941989,"ABANDONNE_R":"NON","ABANDONNE_R_M":"Non applicable"}},"geometry":{"type":"Point","coordinates":[-73.55993688941989,45.50801174061516]}},{"type":"Feature","id":"ville-montreal/hydrant/5020386","properties":{"lab":{"objectClass":"hydrant","label":"HYDRANT","sourceId":"5020386","provider":"Ville de Montréal","providerKey":"ville-montreal","dataset":"Bornes d'incendie","datasetId":"cb4de65e-138b-4936-9d5c-2d9a0bc9b4ce","identityField":"ID_BI","sourceName":"1050 rue Anderson","license":"CC-BY 4.0","retrievedAt":"2026-08-19T19:54:33.442Z","sourceUrl":"https://donnees.montreal.ca/dataset/geolocalisation-des-bornes-fontaines","updateDate":"2026-03-18","geometryType":"Point","legalNote":"Annual inventory. Not for engineering use without City validation."},"source":{"ADRESSE":"1050 rue Anderson","ADRESSE_R_M":"Cartographie géomatique ville","COORDONNEE_SPATIALE_X":299919.719,"COORDONNEE_SPATIALE_Y":5040536.744,"DATE_ABANDON_R_M":"Non applicable","DATE_INSTALLATION":"1992-01-01","DATE_INSTALLATION_R_M":"Plan Atlas et inventaire","ELEVATION_TERRAIN":19.524,"ID_BI":5020386,"ID_POINT":5260858,"JURIDICTION":"LOCALE","JURIDICTION_R_M":"Direction épuration eaux usées","PRECISION_DATE_INSTALL":"DATE INSTALLATION DANS L'ANNEE COURANTE","PRECISION_DATE_INSTALL_R_M":"Plan Atlas et inventaire","PROPRIETAIRE":"VILLE DE MONTREAL","PROPRIETAIRE_R_M":"Cartographie géomatique ville","PROVENANCE_DONNEE":"RELEVE TERRAIN INTERNE","STATUT_ACTIF":"EXISTANT","STATUT_ACTIF_R_M":"Plan profil","LATITUDE":45.50474314944889,"LONGITUDE":-73.56245378616457,"ABANDONNE_R":"NON","ABANDONNE_R_M":"Non applicable"}},"geometry":{"type":"Point","coordinates":[-73.56245378616457,45.50474314944889]}},{"type":"Feature","id":"ville-montreal/hydrant/5020381","properties":{"lab":{"objectClass":"hydrant","label":"HYDRANT","sourceId":"5020381","provider":"Ville de Montréal","providerKey":"ville-montreal","dataset":"Bornes d'incendie","datasetId":"cb4de65e-138b-4936-9d5c-2d9a0bc9b4ce","identityField":"ID_BI","sourceName":"1155-1185 boulevard Robert-Bourassa","license":"CC-BY 4.0","retrievedAt":"2026-08-19T19:54:33.442Z","sourceUrl":"https://donnees.montreal.ca/dataset/geolocalisation-des-bornes-fontaines","updateDate":"2026-03-18","geometryType":"Point","legalNote":"Annual inventory. Not for engineering use without City validation."},"source":{"ADRESSE":"1155-1185 boulevard Robert-Bourassa","ADRESSE_R_M":"Cartographie géomatique ville","COORDONNEE_SPATIALE_X":299512.837,"COORDONNEE_SPATIALE_Y":5040239.957,"DATE_ABANDON_R_M":"Non applicable","DATE_INSTALLATION":"1890-01-01","DATE_INSTALLATION_R_M":"Plan Atlas et inventaire","ELEVATION_TERRAIN":37.534,"ID_BI":5020381,"ID_POINT":5260853,"JURIDICTION":"LOCALE","JURIDICTION_R_M":"Direction épuration eaux usées","PRECISION_DATE_INSTALL":"DATE INSTALLATION DANS L'ANNEE COURANTE","PRECISION_DATE_INSTALL_R_M":"Plan Atlas et inventaire","PROPRIETAIRE":"VILLE DE MONTREAL","PROPRIETAIRE_R_M":"Cartographie géomatique ville","PROVENANCE_DONNEE":"RELEVE TERRAIN INTERNE","STATUT_ACTIF":"EXISTANT","STATUT_ACTIF_R_M":"Plan profil","LATITUDE":45.502069630898326,"LONGITUDE":-73.56765750260932,"ABANDONNE_R":"NON","ABANDONNE_R_M":"Non applicable"}},"geometry":{"type":"Point","coordinates":[-73.56765750260932,45.502069630898326]}},{"type":"Feature","id":"ville-montreal/hydrant/5020382","properties":{"lab":{"objectClass":"hydrant","label":"HYDRANT","sourceId":"5020382","provider":"Ville de Montréal","providerKey":"ville-montreal","dataset":"Bornes d'incendie","datasetId":"cb4de65e-138b-4936-9d5c-2d9a0bc9b4ce","identityField":"ID_BI","sourceName":"620 boulevard René-Lévesque Ouest","license":"CC-BY 4.0","retrievedAt":"2026-08-19T19:54:33.442Z","sourceUrl":"https://donnees.montreal.ca/dataset/geolocalisation-des-bornes-fontaines","updateDate":"2026-03-18","geometryType":"Point","legalNote":"Annual inventory. Not for engineering use without City validation."},"source":{"ADRESSE":"620 boulevard René-Lévesque Ouest","ADRESSE_R_M":"Cartographie géomatique ville","COORDONNEE_SPATIALE_X":299593.07,"COORDONNEE_SPATIALE_Y":5040272.492,"DATE_ABANDON_R_M":"Non applicable","DATE_INSTALLATION":"1914-01-01","DATE_INSTALLATION_R_M":"Plan Atlas et inventaire","ELEVATION_TERRAIN":35.836,"ID_BI":5020382,"ID_POINT":5260854,"JURIDICTION":"LOCALE","JURIDICTION_R_M":"Direction épuration eaux usées","PRECISION_DATE_INSTALL":"DATE INSTALLATION DANS L'ANNEE COURANTE","PRECISION_DATE_INSTALL_R_M":"Plan Atlas et inventaire","PROPRIETAIRE":"VILLE DE MONTREAL","PROPRIETAIRE_R_M":"Cartographie géomatique ville","PROVENANCE_DONNEE":"RELEVE TERRAIN INTERNE","STATUT_ACTIF":"EXISTANT","STATUT_ACTIF_R_M":"Plan profil","LATITUDE":45.502362985133864,"LONGITUDE":-73.56663113247205,"ABANDONNE_R":"NON","ABANDONNE_R_M":"Non applicable"}},"geometry":{"type":"Point","coordinates":[-73.56663113247205,45.502362985133864]}},{"type":"Feature","id":"ville-montreal/hydrant/5019716","properties":{"lab":{"objectClass":"hydrant","label":"HYDRANT","sourceId":"5019716","provider":"Ville de Montréal","providerKey":"ville-montreal","dataset":"Bornes d'incendie","datasetId":"cb4de65e-138b-4936-9d5c-2d9a0bc9b4ce","identityField":"ID_BI","sourceName":"1405-1411 rue Stanley","license":"CC-BY 4.0","retrievedAt":"2026-08-19T19:54:33.442Z","sourceUrl":"https://donnees.montreal.ca/dataset/geolocalisation-des-bornes-fontaines","updateDate":"2026-03-18","geometryType":"Point","legalNote":"Annual inventory. Not for engineering use without City validation."},"source":{"ADRESSE":"1405-1411 rue Stanley","ADRESSE_R_M":"Cartographie géomatique ville","COORDONNEE_SPATIALE_X":299032.476,"COORDONNEE_SPATIALE_Y":5039953.403,"DATE_ABANDON_R_M":"Non applicable","DATE_INSTALLATION":"2003-01-01","DATE_INSTALLATION_R_M":"Plan Atlas et inventaire","ELEVATION_TERRAIN":39.951,"ID_BI":5019716,"ID_POINT":5248156,"JURIDICTION":"LOCALE","JURIDICTION_R_M":"Direction production eau potable","PRECISION_DATE_INSTALL":"DATE INSTALLATION DANS L'ANNEE COURANTE","PRECISION_DATE_INSTALL_R_M":"Plan Atlas et inventaire","PROPRIETAIRE":"VILLE DE MONTREAL","PROPRIETAIRE_R_M":"Cartographie géomatique ville","PROVENANCE_DONNEE":"RELEVE TERRAIN INTERNE","STATUT_ACTIF":"EXISTANT","STATUT_ACTIF_R_M":"Plan profil","LATITUDE":45.49948733248646,"LONGITUDE":-73.57380106920075,"ABANDONNE_R":"NON","ABANDONNE_R_M":"Non applicable"}},"geometry":{"type":"Point","coordinates":[-73.57380106920075,45.49948733248646]}},{"type":"Feature","id":"ville-montreal/hydrant/5019717","properties":{"lab":{"objectClass":"hydrant","label":"HYDRANT","sourceId":"5019717","provider":"Ville de Montréal","providerKey":"ville-montreal","dataset":"Bornes d'incendie","datasetId":"cb4de65e-138b-4936-9d5c-2d9a0bc9b4ce","identityField":"ID_BI","sourceName":"Sur rue Saint-Antoine Ouest  de rue Saint-Antoine Ouest  à rue de la Montagne","license":"CC-BY 4.0","retrievedAt":"2026-08-19T19:54:33.442Z","sourceUrl":"https://donnees.montreal.ca/dataset/geolocalisation-des-bornes-fontaines","updateDate":"2026-03-18","geometryType":"Point","legalNote":"Annual inventory. Not for engineering use without City validation."},"source":{"ADRESSE":"Sur rue Saint-Antoine Ouest  de rue Saint-Antoine Ouest  à rue de la Montagne ","ADRESSE_R_M":"Cartographie géomatique ville","COORDONNEE_SPATIALE_X":299452.804,"COORDONNEE_SPATIALE_Y":5039513.591,"DATE_ABANDON_R_M":"Non applicable","DATE_INSTALLATION":"1908-01-01","DATE_INSTALLATION_R_M":"Plan Atlas et inventaire","ELEVATION_TERRAIN":23.21,"ID_BI":5019717,"ID_POINT":5248157,"JURIDICTION":"LOCALE","JURIDICTION_R_M":"Direction épuration eaux usées","PRECISION_DATE_INSTALL":"DATE INSTALLATION DANS L'ANNEE COURANTE","PRECISION_DATE_INSTALL_R_M":"Plan Atlas et inventaire","PROPRIETAIRE":"VILLE DE MONTREAL","PROPRIETAIRE_R_M":"Cartographie géomatique ville","PROVENANCE_DONNEE":"RELEVE TERRAIN INTERNE","STATUT_ACTIF":"EXISTANT","STATUT_ACTIF_R_M":"Plan profil","LATITUDE":45.495533119017246,"LONGITUDE":-73.56841782022639,"ABANDONNE_R":"NON","ABANDONNE_R_M":"Non applicable"}},"geometry":{"type":"Point","coordinates":[-73.56841782022639,45.495533119017246]}},{"type":"Feature","id":"ville-montreal/hydrant/5020384","properties":{"lab":{"objectClass":"hydrant","label":"HYDRANT","sourceId":"5020384","provider":"Ville de Montréal","providerKey":"ville-montreal","dataset":"Bornes d'incendie","datasetId":"cb4de65e-138b-4936-9d5c-2d9a0bc9b4ce","identityField":"ID_BI","sourceName":"1101 rue Mansfield","license":"CC-BY 4.0","retrievedAt":"2026-08-19T19:54:33.442Z","sourceUrl":"https://donnees.montreal.ca/dataset/geolocalisation-des-bornes-fontaines","updateDate":"2026-03-18","geometryType":"Point","legalNote":"Annual inventory. Not for engineering use without City validation."},"source":{"ADRESSE":"1101 rue Mansfield","ADRESSE_R_M":"Cartographie géomatique ville","COORDONNEE_SPATIALE_X":299489.512,"COORDONNEE_SPATIALE_Y":5039972.446,"DATE_ABANDON_R_M":"Non applicable","DATE_INSTALLATION":"1957-01-01","DATE_INSTALLATION_R_M":"Plan Atlas et inventaire","ELEVATION_TERRAIN":35.597,"ID_BI":5020384,"ID_POINT":5260856,"JURIDICTION":"LOCALE","JURIDICTION_R_M":"Direction épuration eaux usées","PRECISION_DATE_INSTALL":"DATE INSTALLATION DANS L'ANNEE COURANTE","PRECISION_DATE_INSTALL_R_M":"Plan Atlas et inventaire","PROPRIETAIRE":"VILLE DE MONTREAL","PROPRIETAIRE_R_M":"Cartographie géomatique ville","PROVENANCE_DONNEE":"RELEVE TERRAIN INTERNE","STATUT_ACTIF":"EXISTANT","STATUT_ACTIF_R_M":"Plan profil","LATITUDE":45.49966228116118,"LONGITUDE":-73.56795311633854,"ABANDONNE_R":"NON","ABANDONNE_R_M":"Non applicable"}},"geometry":{"type":"Point","coordinates":[-73.56795311633854,45.49966228116118]}},{"type":"Feature","id":"ville-montreal/hydrant/5020385","properties":{"lab":{"objectClass":"hydrant","label":"HYDRANT","sourceId":"5020385","provider":"Ville de Montréal","providerKey":"ville-montreal","dataset":"Bornes d'incendie","datasetId":"cb4de65e-138b-4936-9d5c-2d9a0bc9b4ce","identityField":"ID_BI","sourceName":"1100-1108 rue Sainte-Catherine Ouest","license":"CC-BY 4.0","retrievedAt":"2026-08-19T19:54:33.442Z","sourceUrl":"https://donnees.montreal.ca/dataset/geolocalisation-des-bornes-fontaines","updateDate":"2026-03-18","geometryType":"Point","legalNote":"Annual inventory. Not for engineering use without City validation."},"source":{"ADRESSE":"1100-1108 rue Sainte-Catherine Ouest","ADRESSE_R_M":"Cartographie géomatique ville","COORDONNEE_SPATIALE_X":299100.235,"COORDONNEE_SPATIALE_Y":5039999.884,"DATE_ABANDON_R_M":"Non applicable","DATE_INSTALLATION":"1882-01-01","DATE_INSTALLATION_R_M":"Plan Atlas et inventaire","ELEVATION_TERRAIN":38.549,"ID_BI":5020385,"ID_POINT":5260857,"JURIDICTION":"LOCALE","JURIDICTION_R_M":"Direction épuration eaux usées","PRECISION_DATE_INSTALL":"DATE INSTALLATION DANS L'ANNEE COURANTE","PRECISION_DATE_INSTALL_R_M":"Plan Atlas et inventaire","PROPRIETAIRE":"VILLE DE MONTREAL","PROPRIETAIRE_R_M":"Cartographie géomatique ville","PROVENANCE_DONNEE":"RELEVE TERRAIN INTERNE","STATUT_ACTIF":"EXISTANT","STATUT_ACTIF_R_M":"Plan profil","LATITUDE":45.499906138399915,"LONGITUDE":-73.57293457859429,"ABANDONNE_R":"NON","ABANDONNE_R_M":"Non applicable"}},"geometry":{"type":"Point","coordinates":[-73.57293457859429,45.499906138399915]}},{"type":"Feature","id":"ville-montreal/hydrant/5019425","properties":{"lab":{"objectClass":"hydrant","label":"HYDRANT","sourceId":"5019425","provider":"Ville de Montréal","providerKey":"ville-montreal","dataset":"Bornes d'incendie","datasetId":"cb4de65e-138b-4936-9d5c-2d9a0bc9b4ce","identityField":"ID_BI","sourceName":"2035 rue Stanley","license":"CC-BY 4.0","retrievedAt":"2026-08-19T19:54:33.442Z","sourceUrl":"https://donnees.montreal.ca/dataset/geolocalisation-des-bornes-fontaines","updateDate":"2026-03-18","geometryType":"Point","legalNote":"Annual inventory. Not for engineering use without City validation."},"source":{"ADRESSE":"2035 rue Stanley","ADRESSE_R_M":"Cartographie géomatique ville","COORDONNEE_SPATIALE_X":298885.422,"COORDONNEE_SPATIALE_Y":5040055.591,"DATE_ABANDON_R_M":"Non applicable","DATE_INSTALLATION":"1891-01-01","DATE_INSTALLATION_R_M":"Hypothèse ingénierie","ELEVATION_TERRAIN":44.72,"ID_BI":5019425,"ID_POINT":5243525,"JURIDICTION":"LOCALE","JURIDICTION_R_M":"Direction épuration eaux usées","PRECISION_DATE_INSTALL":"DATE INSTALLATION DANS L'ANNEE COURANTE","PRECISION_DATE_INSTALL_R_M":"Hypothèse ingénierie","PROPRIETAIRE":"VILLE DE MONTREAL","PROPRIETAIRE_R_M":"Cartographie géomatique ville","PROVENANCE_DONNEE":"RELEVE PHOTOGRAMMETRIQUE","STATUT_ACTIF":"EXISTANT","STATUT_ACTIF_R_M":"Plan profil","LATITUDE":45.50040563892637,"LONGITUDE":-73.57568398927941,"ABANDONNE_R":"NON","ABANDONNE_R_M":"Non applicable"}},"geometry":{"type":"Point","coordinates":[-73.57568398927941,45.50040563892637]}},{"type":"Feature","id":"ville-montreal/hydrant/5020602","properties":{"lab":{"objectClass":"hydrant","label":"HYDRANT","sourceId":"5020602","provider":"Ville de Montréal","providerKey":"ville-montreal","dataset":"Bornes d'incendie","datasetId":"cb4de65e-138b-4936-9d5c-2d9a0bc9b4ce","identityField":"ID_BI","sourceName":"715-719 rue du Square-Victoria","license":"CC-BY 4.0","retrievedAt":"2026-08-19T19:54:33.442Z","sourceUrl":"https://donnees.montreal.ca/dataset/geolocalisation-des-bornes-fontaines","updateDate":"2026-03-18","geometryType":"Point","legalNote":"Annual inventory. Not for engineering use without City validation."},"source":{"ADRESSE":"715-719 rue du Square-Victoria","ADRESSE_R_M":"Cartographie géomatique ville","COORDONNEE_SPATIALE_X":300058.656,"COORDONNEE_SPATIALE_Y":5040172.952,"DATE_ABANDON_R_M":"Non applicable","DATE_INSTALLATION":"2002-01-01","DATE_INSTALLATION_R_M":"Plan Atlas et inventaire","ELEVATION_TERRAIN":16.673,"ID_BI":5020602,"ID_POINT":5267006,"JURIDICTION":"LOCALE","JURIDICTION_R_M":"Direction épuration eaux usées","PRECISION_DATE_INSTALL":"DATE INSTALLATION DANS L'ANNEE COURANTE","PRECISION_DATE_INSTALL_R_M":"Plan Atlas et inventaire","PROPRIETAIRE":"VILLE DE MONTREAL","PROPRIETAIRE_R_M":"Cartographie géomatique ville","PROVENANCE_DONNEE":"RELEVE TERRAIN INTERNE","STATUT_ACTIF":"EXISTANT","STATUT_ACTIF_R_M":"Plan profil","LATITUDE":45.50147052687519,"LONGITUDE":-73.56067246460864,"ABANDONNE_R":"NON","ABANDONNE_R_M":"Non applicable"}},"geometry":{"type":"Point","coordinates":[-73.56067246460864,45.50147052687519]}},{"type":"Feature","id":"ville-montreal/hydrant/5019690","properties":{"lab":{"objectClass":"hydrant","label":"HYDRANT","sourceId":"5019690","provider":"Ville de Montréal","providerKey":"ville-montreal","dataset":"Bornes d'incendie","datasetId":"cb4de65e-138b-4936-9d5c-2d9a0bc9b4ce","identityField":"ID_BI","sourceName":"Sur rue Jean-D'Estrées  de rue Saint-Jacques  à rue Jean-D'Estrées","license":"CC-BY 4.0","retrievedAt":"2026-08-19T19:54:33.442Z","sourceUrl":"https://donnees.montreal.ca/dataset/geolocalisation-des-bornes-fontaines","updateDate":"2026-03-18","geometryType":"Point","legalNote":"Annual inventory. Not for engineering use without City validation."},"source":{"ADRESSE":"Sur rue Jean-D'Estrées  de rue Saint-Jacques  à rue Jean-D'Estrées ","ADRESSE_R_M":"Cartographie géomatique ville","COORDONNEE_SPATIALE_X":299490.405,"COORDONNEE_SPATIALE_Y":5039556.585,"DATE_ABANDON_R_M":"Non applicable","DATE_INSTALLATION":"1908-01-01","DATE_INSTALLATION_R_M":"Plan Atlas et inventaire","ELEVATION_TERRAIN":22.891,"ID_BI":5019690,"ID_POINT":5248130,"JURIDICTION":"LOCALE","JURIDICTION_R_M":"Direction épuration eaux usées","PRECISION_DATE_INSTALL":"DATE INSTALLATION DANS L'ANNEE COURANTE","PRECISION_DATE_INSTALL_R_M":"Plan Atlas et inventaire","PROPRIETAIRE":"VILLE DE MONTREAL","PROPRIETAIRE_R_M":"Cartographie géomatique ville","PROVENANCE_DONNEE":"RELEVE TERRAIN INTERNE","STATUT_ACTIF":"EXISTANT","STATUT_ACTIF_R_M":"Plan profil","LATITUDE":45.49592027349578,"LONGITUDE":-73.56793718849285,"ABANDONNE_R":"NON","ABANDONNE_R_M":"Non applicable"}},"geometry":{"type":"Point","coordinates":[-73.56793718849285,45.49592027349578]}},{"type":"Feature","id":"ville-montreal/hydrant/5019693","properties":{"lab":{"objectClass":"hydrant","label":"HYDRANT","sourceId":"5019693","provider":"Ville de Montréal","providerKey":"ville-montreal","dataset":"Bornes d'incendie","datasetId":"cb4de65e-138b-4936-9d5c-2d9a0bc9b4ce","identityField":"ID_BI","sourceName":"1012 rue de la Montagne","license":"CC-BY 4.0","retrievedAt":"2026-08-19T19:54:33.442Z","sourceUrl":"https://donnees.montreal.ca/dataset/geolocalisation-des-bornes-fontaines","updateDate":"2026-03-18","geometryType":"Point","legalNote":"Annual inventory. Not for engineering use without City validation."},"source":{"ADRESSE":"1012 rue de la Montagne","ADRESSE_R_M":"Cartographie géomatique ville","COORDONNEE_SPATIALE_X":299273.772,"COORDONNEE_SPATIALE_Y":5039537.294,"DATE_ABANDON_R_M":"Non applicable","DATE_INSTALLATION":"2004-01-01","DATE_INSTALLATION_R_M":"Visite terrain","ELEVATION_TERRAIN":31.866,"ID_BI":5019693,"ID_POINT":5248133,"JURIDICTION":"LOCALE","JURIDICTION_R_M":"Direction épuration eaux usées","PRECISION_DATE_INSTALL":"DATE INSTALLATION DANS L'ANNEE COURANTE","PRECISION_DATE_INSTALL_R_M":"Visite terrain","PROPRIETAIRE":"VILLE DE MONTREAL","PROPRIETAIRE_R_M":"Plan profil","PROVENANCE_DONNEE":"RELEVE TERRAIN INTERNE","STATUT_ACTIF":"EXISTANT","STATUT_ACTIF_R_M":"Plan profil","LATITUDE":45.49574505123587,"LONGITUDE":-73.57070875501446,"ABANDONNE_R":"NON","ABANDONNE_R_M":"Non applicable"}},"geometry":{"type":"Point","coordinates":[-73.57070875501446,45.49574505123587]}},{"type":"Feature","id":"ville-montreal/hydrant/5019694","properties":{"lab":{"objectClass":"hydrant","label":"HYDRANT","sourceId":"5019694","provider":"Ville de Montréal","providerKey":"ville-montreal","dataset":"Bornes d'incendie","datasetId":"cb4de65e-138b-4936-9d5c-2d9a0bc9b4ce","identityField":"ID_BI","sourceName":"1350-1356 boulevard René-Lévesque Ouest","license":"CC-BY 4.0","retrievedAt":"2026-08-19T19:54:33.442Z","sourceUrl":"https://donnees.montreal.ca/dataset/geolocalisation-des-bornes-fontaines","updateDate":"2026-03-18","geometryType":"Point","legalNote":"Annual inventory. Not for engineering use without City validation."},"source":{"ADRESSE":"1350-1356 boulevard René-Lévesque Ouest","ADRESSE_R_M":"Cartographie géomatique ville","COORDONNEE_SPATIALE_X":299161.903,"COORDONNEE_SPATIALE_Y":5039614.432,"DATE_ABANDON_R_M":"Non applicable","DATE_INSTALLATION":"2004-01-01","DATE_INSTALLATION_R_M":"Visite terrain","ELEVATION_TERRAIN":37.475,"ID_BI":5019694,"ID_POINT":5248134,"JURIDICTION":"LOCALE","JURIDICTION_R_M":"Direction épuration eaux usées","PRECISION_DATE_INSTALL":"DATE INSTALLATION DANS L'ANNEE COURANTE","PRECISION_DATE_INSTALL_R_M":"À valider","PROPRIETAIRE":"VILLE DE MONTREAL","PROPRIETAIRE_R_M":"Cartographie géomatique ville","PROVENANCE_DONNEE":"RELEVE TERRAIN INTERNE","STATUT_ACTIF":"EXISTANT","STATUT_ACTIF_R_M":"Visite terrain","LATITUDE":45.496438250443084,"LONGITUDE":-73.57214101369301,"ABANDONNE_R":"NON","ABANDONNE_R_M":"Non applicable"}},"geometry":{"type":"Point","coordinates":[-73.57214101369301,45.496438250443084]}},{"type":"Feature","id":"ville-montreal/hydrant/5019696","properties":{"lab":{"objectClass":"hydrant","label":"HYDRANT","sourceId":"5019696","provider":"Ville de Montréal","providerKey":"ville-montreal","dataset":"Bornes d'incendie","datasetId":"cb4de65e-138b-4936-9d5c-2d9a0bc9b4ce","identityField":"ID_BI","sourceName":"1207 rue Crescent","license":"CC-BY 4.0","retrievedAt":"2026-08-19T19:54:33.442Z","sourceUrl":"https://donnees.montreal.ca/dataset/geolocalisation-des-bornes-fontaines","updateDate":"2026-03-18","geometryType":"Point","legalNote":"Annual inventory. Not for engineering use without City validation."},"source":{"ADRESSE":"1207 rue Crescent","ADRESSE_R_M":"Cartographie géomatique ville","COORDONNEE_SPATIALE_X":298997.562,"COORDONNEE_SPATIALE_Y":5039624.473,"DATE_ABANDON_R_M":"Non applicable","DATE_INSTALLATION":"1914-01-01","DATE_INSTALLATION_R_M":"Plan Atlas et inventaire","ELEVATION_TERRAIN":40.957,"ID_BI":5019696,"ID_POINT":5248136,"JURIDICTION":"LOCALE","JURIDICTION_R_M":"Direction épuration eaux usées","PRECISION_DATE_INSTALL":"DATE INSTALLATION DANS L'ANNEE COURANTE","PRECISION_DATE_INSTALL_R_M":"Plan Atlas et inventaire","PROPRIETAIRE":"VILLE DE MONTREAL","PROPRIETAIRE_R_M":"Cartographie géomatique ville","PROVENANCE_DONNEE":"RELEVE TERRAIN INTERNE","STATUT_ACTIF":"EXISTANT","STATUT_ACTIF_R_M":"Plan profil","LATITUDE":45.49652723122958,"LONGITUDE":-73.57424390985973,"ABANDONNE_R":"NON","ABANDONNE_R_M":"Non applicable"}},"geometry":{"type":"Point","coordinates":[-73.57424390985973,45.49652723122958]}},{"type":"Feature","id":"ville-montreal/hydrant/5020604","properties":{"lab":{"objectClass":"hydrant","label":"HYDRANT","sourceId":"5020604","provider":"Ville de Montréal","providerKey":"ville-montreal","dataset":"Bornes d'incendie","datasetId":"cb4de65e-138b-4936-9d5c-2d9a0bc9b4ce","identityField":"ID_BI","sourceName":"1009 rue Côté","license":"CC-BY 4.0","retrievedAt":"2026-08-19T19:54:33.442Z","sourceUrl":"https://donnees.montreal.ca/dataset/geolocalisation-des-bornes-fontaines","updateDate":"2026-03-18","geometryType":"Point","legalNote":"Annual inventory. Not for engineering use without City validation."},"source":{"ADRESSE":"1009 rue Côté","ADRESSE_R_M":"Cartographie géomatique ville","COORDONNEE_SPATIALE_X":300009.868,"COORDONNEE_SPATIALE_Y":5040697.583,"DATE_ABANDON_R_M":"Non applicable","DATE_INSTALLATION":"1983-01-01","DATE_INSTALLATION_R_M":"Plan Atlas et inventaire","ELEVATION_TERRAIN":19.003,"ID_BI":5020604,"ID_POINT":5267008,"JURIDICTION":"LOCALE","JURIDICTION_R_M":"Direction épuration eaux usées","PRECISION_DATE_INSTALL":"DATE INSTALLATION DANS L'ANNEE COURANTE","PRECISION_DATE_INSTALL_R_M":"Plan Atlas et inventaire","PROPRIETAIRE":"VILLE DE MONTREAL","PROPRIETAIRE_R_M":"Cartographie géomatique ville","PROVENANCE_DONNEE":"RELEVE TERRAIN INTERNE","STATUT_ACTIF":"EXISTANT","STATUT_ACTIF_R_M":"Plan profil","LATITUDE":45.50619106919809,"LONGITUDE":-73.56130175339692,"ABANDONNE_R":"NON","ABANDONNE_R_M":"Non applicable"}},"geometry":{"type":"Point","coordinates":[-73.56130175339692,45.50619106919809]}},{"type":"Feature","id":"ville-montreal/hydrant/5020605","properties":{"lab":{"objectClass":"hydrant","label":"HYDRANT","sourceId":"5020605","provider":"Ville de Montréal","providerKey":"ville-montreal","dataset":"Bornes d'incendie","datasetId":"cb4de65e-138b-4936-9d5c-2d9a0bc9b4ce","identityField":"ID_BI","sourceName":"1030 rue Chenneville","license":"CC-BY 4.0","retrievedAt":"2026-08-19T19:54:33.442Z","sourceUrl":"https://donnees.montreal.ca/dataset/geolocalisation-des-bornes-fontaines","updateDate":"2026-03-18","geometryType":"Point","legalNote":"Annual inventory. Not for engineering use without City validation."},"source":{"ADRESSE":"1030 rue Chenneville","ADRESSE_R_M":"Cartographie géomatique ville","COORDONNEE_SPATIALE_X":299984.579,"COORDONNEE_SPATIALE_Y":5040618.733,"DATE_ABANDON_R_M":"Non applicable","DATE_INSTALLATION":"1983-01-01","DATE_INSTALLATION_R_M":"Plan Atlas et inventaire","ELEVATION_TERRAIN":18.544,"ID_BI":5020605,"ID_POINT":5267009,"JURIDICTION":"LOCALE","JURIDICTION_R_M":"Direction épuration eaux usées","PRECISION_DATE_INSTALL":"DATE INSTALLATION DANS L'ANNEE COURANTE","PRECISION_DATE_INSTALL_R_M":"Plan Atlas et inventaire","PROPRIETAIRE":"VILLE DE MONTREAL","PROPRIETAIRE_R_M":"Cartographie géomatique ville","PROVENANCE_DONNEE":"RELEVE TERRAIN INTERNE","STATUT_ACTIF":"EXISTANT","STATUT_ACTIF_R_M":"Plan profil","LATITUDE":45.50548137068177,"LONGITUDE":-73.56162460289806,"ABANDONNE_R":"NON","ABANDONNE_R_M":"Non applicable"}},"geometry":{"type":"Point","coordinates":[-73.56162460289806,45.50548137068177]}},{"type":"Feature","id":"ville-montreal/hydrant/5020606","properties":{"lab":{"objectClass":"hydrant","label":"HYDRANT","sourceId":"5020606","provider":"Ville de Montréal","providerKey":"ville-montreal","dataset":"Bornes d'incendie","datasetId":"cb4de65e-138b-4936-9d5c-2d9a0bc9b4ce","identityField":"ID_BI","sourceName":"201 avenue Viger Ouest","license":"CC-BY 4.0","retrievedAt":"2026-08-19T19:54:33.442Z","sourceUrl":"https://donnees.montreal.ca/dataset/geolocalisation-des-bornes-fontaines","updateDate":"2026-03-18","geometryType":"Point","legalNote":"Annual inventory. Not for engineering use without City validation."},"source":{"ADRESSE":"201 avenue Viger Ouest","ADRESSE_R_M":"Cartographie géomatique ville","COORDONNEE_SPATIALE_X":300028.164,"COORDONNEE_SPATIALE_Y":5040575.376,"DATE_ABANDON_R_M":"Non applicable","DATE_INSTALLATION":"1965-01-01","DATE_INSTALLATION_R_M":"Plan Atlas et inventaire","ELEVATION_TERRAIN":15.894,"ID_BI":5020606,"ID_POINT":5267010,"JURIDICTION":"LOCALE","JURIDICTION_R_M":"Direction épuration eaux usées","PRECISION_DATE_INSTALL":"DATE INSTALLATION DANS L'ANNEE COURANTE","PRECISION_DATE_INSTALL_R_M":"Plan Atlas et inventaire","PROPRIETAIRE":"VILLE DE MONTREAL","PROPRIETAIRE_R_M":"Cartographie géomatique ville","PROVENANCE_DONNEE":"RELEVE TERRAIN INTERNE","STATUT_ACTIF":"EXISTANT","STATUT_ACTIF_R_M":"Plan profil","LATITUDE":45.505091526405636,"LONGITUDE":-73.5610664228847,"ABANDONNE_R":"NON","ABANDONNE_R_M":"Non applicable"}},"geometry":{"type":"Point","coordinates":[-73.5610664228847,45.505091526405636]}},{"type":"Feature","id":"ville-montreal/hydrant/5020608","properties":{"lab":{"objectClass":"hydrant","label":"HYDRANT","sourceId":"5020608","provider":"Ville de Montréal","providerKey":"ville-montreal","dataset":"Bornes d'incendie","datasetId":"cb4de65e-138b-4936-9d5c-2d9a0bc9b4ce","identityField":"ID_BI","sourceName":"165 rue De La Gauchetière Ouest","license":"CC-BY 4.0","retrievedAt":"2026-08-19T19:54:33.442Z","sourceUrl":"https://donnees.montreal.ca/dataset/geolocalisation-des-bornes-fontaines","updateDate":"2026-03-18","geometryType":"Point","legalNote":"Annual inventory. Not for engineering use without City validation."},"source":{"ADRESSE":"165 rue De La Gauchetière Ouest","ADRESSE_R_M":"Cartographie géomatique ville","COORDONNEE_SPATIALE_X":299963.615,"COORDONNEE_SPATIALE_Y":5040657.083,"DATE_ABANDON_R_M":"Non applicable","DATE_INSTALLATION":"1983-01-01","DATE_INSTALLATION_R_M":"Plan Atlas et inventaire","ELEVATION_TERRAIN":19.902,"ID_BI":5020608,"ID_POINT":5267012,"JURIDICTION":"LOCALE","JURIDICTION_R_M":"Direction épuration eaux usées","PRECISION_DATE_INSTALL":"DATE INSTALLATION DANS L'ANNEE COURANTE","PRECISION_DATE_INSTALL_R_M":"Plan Atlas et inventaire","PROPRIETAIRE":"VILLE DE MONTREAL","PROPRIETAIRE_R_M":"Cartographie géomatique ville","PROVENANCE_DONNEE":"RELEVE TERRAIN INTERNE","STATUT_ACTIF":"EXISTANT","STATUT_ACTIF_R_M":"Plan profil","LATITUDE":45.50582631441898,"LONGITUDE":-73.56189326170899,"ABANDONNE_R":"NON","ABANDONNE_R_M":"Non applicable"}},"geometry":{"type":"Point","coordinates":[-73.56189326170899,45.50582631441898]}},{"type":"Feature","id":"ville-montreal/hydrant/5020609","properties":{"lab":{"objectClass":"hydrant","label":"HYDRANT","sourceId":"5020609","provider":"Ville de Montréal","providerKey":"ville-montreal","dataset":"Bornes d'incendie","datasetId":"cb4de65e-138b-4936-9d5c-2d9a0bc9b4ce","identityField":"ID_BI","sourceName":"150 rue Saint-Paul Ouest","license":"CC-BY 4.0","retrievedAt":"2026-08-19T19:54:33.442Z","sourceUrl":"https://donnees.montreal.ca/dataset/geolocalisation-des-bornes-fontaines","updateDate":"2026-03-18","geometryType":"Point","legalNote":"Annual inventory. Not for engineering use without City validation."},"source":{"ADRESSE":"150 rue Saint-Paul Ouest","ADRESSE_R_M":"Cartographie géomatique ville","COORDONNEE_SPATIALE_X":300515.415,"COORDONNEE_SPATIALE_Y":5040377.526,"DATE_ABANDON_R_M":"Non applicable","DATE_INSTALLATION":"1992-01-01","DATE_INSTALLATION_R_M":"Plan Atlas et inventaire","ELEVATION_TERRAIN":15.416,"ID_BI":5020609,"ID_POINT":5267013,"JURIDICTION":"LOCALE","JURIDICTION_R_M":"Direction épuration eaux usées","PRECISION_DATE_INSTALL":"DATE INSTALLATION DANS L'ANNEE COURANTE","PRECISION_DATE_INSTALL_R_M":"Plan Atlas et inventaire","PROPRIETAIRE":"VILLE DE MONTREAL","PROPRIETAIRE_R_M":"Cartographie géomatique ville","PROVENANCE_DONNEE":"RELEVE TERRAIN INTERNE","STATUT_ACTIF":"EXISTANT","STATUT_ACTIF_R_M":"Plan profil","LATITUDE":45.50331428937743,"LONGITUDE":-73.55482965152802,"ABANDONNE_R":"NON","ABANDONNE_R_M":"Non applicable"}},"geometry":{"type":"Point","coordinates":[-73.55482965152802,45.50331428937743]}},{"type":"Feature","id":"ville-montreal/hydrant/5020610","properties":{"lab":{"objectClass":"hydrant","label":"HYDRANT","sourceId":"5020610","provider":"Ville de Montréal","providerKey":"ville-montreal","dataset":"Bornes d'incendie","datasetId":"cb4de65e-138b-4936-9d5c-2d9a0bc9b4ce","identityField":"ID_BI","sourceName":"100-126 rue Saint-Paul Ouest","license":"CC-BY 4.0","retrievedAt":"2026-08-19T19:54:33.442Z","sourceUrl":"https://donnees.montreal.ca/dataset/geolocalisation-des-bornes-fontaines","updateDate":"2026-03-18","geometryType":"Point","legalNote":"Annual inventory. Not for engineering use without City validation."},"source":{"ADRESSE":"100-126 rue Saint-Paul Ouest","ADRESSE_R_M":"Cartographie géomatique ville","COORDONNEE_SPATIALE_X":300529.444,"COORDONNEE_SPATIALE_Y":5040442.954,"DATE_ABANDON_R_M":"Non applicable","DATE_INSTALLATION":"1886-01-01","DATE_INSTALLATION_R_M":"Plan Atlas et inventaire","ELEVATION_TERRAIN":16.433,"ID_BI":5020610,"ID_POINT":5267014,"JURIDICTION":"LOCALE","JURIDICTION_R_M":"Direction épuration eaux usées","PRECISION_DATE_INSTALL":"DATE INSTALLATION DANS L'ANNEE COURANTE","PRECISION_DATE_INSTALL_R_M":"Plan Atlas et inventaire","PROPRIETAIRE":"VILLE DE MONTREAL","PROPRIETAIRE_R_M":"Cartographie géomatique ville","PROVENANCE_DONNEE":"RELEVE TERRAIN INTERNE","STATUT_ACTIF":"EXISTANT","STATUT_ACTIF_R_M":"Plan profil","LATITUDE":45.50390309277656,"LONGITUDE":-73.55465074075046,"ABANDONNE_R":"NON","ABANDONNE_R_M":"Non applicable"}},"geometry":{"type":"Point","coordinates":[-73.55465074075046,45.50390309277656]}},{"type":"Feature","id":"ville-montreal/hydrant/5020599","properties":{"lab":{"objectClass":"hydrant","label":"HYDRANT","sourceId":"5020599","provider":"Ville de Montréal","providerKey":"ville-montreal","dataset":"Bornes d'incendie","datasetId":"cb4de65e-138b-4936-9d5c-2d9a0bc9b4ce","identityField":"ID_BI","sourceName":"901 rue du Square-Victoria","license":"CC-BY 4.0","retrievedAt":"2026-08-19T19:54:33.442Z","sourceUrl":"https://donnees.montreal.ca/dataset/geolocalisation-des-bornes-fontaines","updateDate":"2026-03-18","geometryType":"Point","legalNote":"Annual inventory. Not for engineering use without City validation."},"source":{"ADRESSE":"901 rue du Square-Victoria","ADRESSE_R_M":"Cartographie géomatique ville","COORDONNEE_SPATIALE_X":299963.644,"COORDONNEE_SPATIALE_Y":5040183.02,"DATE_ABANDON_R_M":"Non applicable","DATE_INSTALLATION":"2002-01-01","DATE_INSTALLATION_R_M":"Plan Atlas et inventaire","ELEVATION_TERRAIN":15.499,"ID_BI":5020599,"ID_POINT":5267003,"JURIDICTION":"LOCALE","JURIDICTION_R_M":"Direction épuration eaux usées","PRECISION_DATE_INSTALL":"DATE INSTALLATION DANS L'ANNEE COURANTE","PRECISION_DATE_INSTALL_R_M":"Plan Atlas et inventaire","PROPRIETAIRE":"VILLE DE MONTREAL","PROPRIETAIRE_R_M":"Cartographie géomatique ville","PROVENANCE_DONNEE":"RELEVE TERRAIN INTERNE","STATUT_ACTIF":"EXISTANT","STATUT_ACTIF_R_M":"Plan profil","LATITUDE":45.501560445740076,"LONGITUDE":-73.56188834815079,"ABANDONNE_R":"NON","ABANDONNE_R_M":"Non applicable"}},"geometry":{"type":"Point","coordinates":[-73.56188834815079,45.501560445740076]}},{"type":"Feature","id":"ville-montreal/hydrant/5020601","properties":{"lab":{"objectClass":"hydrant","label":"HYDRANT","sourceId":"5020601","provider":"Ville de Montréal","providerKey":"ville-montreal","dataset":"Bornes d'incendie","datasetId":"cb4de65e-138b-4936-9d5c-2d9a0bc9b4ce","identityField":"ID_BI","sourceName":"605 rue Saint-Jacques","license":"CC-BY 4.0","retrievedAt":"2026-08-19T19:54:33.442Z","sourceUrl":"https://donnees.montreal.ca/dataset/geolocalisation-des-bornes-fontaines","updateDate":"2026-03-18","geometryType":"Point","legalNote":"Annual inventory. Not for engineering use without City validation."},"source":{"ADRESSE":"605 rue Saint-Jacques","ADRESSE_R_M":"Cartographie géomatique ville","COORDONNEE_SPATIALE_X":300007.329,"COORDONNEE_SPATIALE_Y":5040128.893,"DATE_ABANDON_R_M":"Non applicable","DATE_INSTALLATION":"2002-01-01","DATE_INSTALLATION_R_M":"Plan Atlas et inventaire","ELEVATION_TERRAIN":16.302,"ID_BI":5020601,"ID_POINT":5267005,"JURIDICTION":"LOCALE","JURIDICTION_R_M":"Direction épuration eaux usées","PRECISION_DATE_INSTALL":"DATE INSTALLATION DANS L'ANNEE COURANTE","PRECISION_DATE_INSTALL_R_M":"Plan Atlas et inventaire","PROPRIETAIRE":"VILLE DE MONTREAL","PROPRIETAIRE_R_M":"Cartographie géomatique ville","PROVENANCE_DONNEE":"RELEVE TERRAIN INTERNE","STATUT_ACTIF":"EXISTANT","STATUT_ACTIF_R_M":"Plan profil","LATITUDE":45.50107369384365,"LONGITUDE":-73.56132884441483,"ABANDONNE_R":"NON","ABANDONNE_R_M":"Non applicable"}},"geometry":{"type":"Point","coordinates":[-73.56132884441483,45.50107369384365]}},{"type":"Feature","id":"ville-montreal/hydrant/5020657","properties":{"lab":{"objectClass":"hydrant","label":"HYDRANT","sourceId":"5020657","provider":"Ville de Montréal","providerKey":"ville-montreal","dataset":"Bornes d'incendie","datasetId":"cb4de65e-138b-4936-9d5c-2d9a0bc9b4ce","identityField":"ID_BI","sourceName":"200 rue Saint-Jacques","license":"CC-BY 4.0","retrievedAt":"2026-08-19T19:54:33.442Z","sourceUrl":"https://donnees.montreal.ca/dataset/geolocalisation-des-bornes-fontaines","updateDate":"2026-03-18","geometryType":"Point","legalNote":"Annual inventory. Not for engineering use without City validation."},"source":{"ADRESSE":"200 rue Saint-Jacques","ADRESSE_R_M":"Cartographie géomatique ville","COORDONNEE_SPATIALE_X":300253.988,"COORDONNEE_SPATIALE_Y":5040470.42,"DATE_ABANDON_R_M":"Non applicable","DATE_INSTALLATION":"1871-01-01","DATE_INSTALLATION_R_M":"Plan Atlas et inventaire","ELEVATION_TERRAIN":22.27,"ID_BI":5020657,"ID_POINT":5267061,"JURIDICTION":"LOCALE","JURIDICTION_R_M":"Direction production eau potable","PRECISION_DATE_INSTALL":"DATE INSTALLATION DANS L'ANNEE COURANTE","PRECISION_DATE_INSTALL_R_M":"Plan Atlas et inventaire","PROPRIETAIRE":"VILLE DE MONTREAL","PROPRIETAIRE_R_M":"Cartographie géomatique ville","PROVENANCE_DONNEE":"RELEVE TERRAIN INTERNE","STATUT_ACTIF":"EXISTANT","STATUT_ACTIF_R_M":"Plan profil","LATITUDE":45.5041485934023,"LONGITUDE":-73.55817565467551,"ABANDONNE_R":"NON","ABANDONNE_R_M":"Non applicable"}},"geometry":{"type":"Point","coordinates":[-73.55817565467551,45.5041485934023]}},{"type":"Feature","id":"ville-montreal/hydrant/5020660","properties":{"lab":{"objectClass":"hydrant","label":"HYDRANT","sourceId":"5020660","provider":"Ville de Montréal","providerKey":"ville-montreal","dataset":"Bornes d'incendie","datasetId":"cb4de65e-138b-4936-9d5c-2d9a0bc9b4ce","identityField":"ID_BI","sourceName":"383 rue Saint-Jacques","license":"CC-BY 4.0","retrievedAt":"2026-08-19T19:54:33.442Z","sourceUrl":"https://donnees.montreal.ca/dataset/geolocalisation-des-bornes-fontaines","updateDate":"2026-03-18","geometryType":"Point","legalNote":"Annual inventory. Not for engineering use without City validation."},"source":{"ADRESSE":"383 rue Saint-Jacques","ADRESSE_R_M":"Cartographie géomatique ville","COORDONNEE_SPATIALE_X":300130.483,"COORDONNEE_SPATIALE_Y":5040256.871,"DATE_ABANDON_R_M":"Non applicable","DATE_INSTALLATION":"1989-01-01","DATE_INSTALLATION_R_M":"Plan Atlas et inventaire","ELEVATION_TERRAIN":19.378,"ID_BI":5020660,"ID_POINT":5267064,"JURIDICTION":"LOCALE","JURIDICTION_R_M":"Direction épuration eaux usées","PRECISION_DATE_INSTALL":"DATE INSTALLATION DANS L'ANNEE COURANTE","PRECISION_DATE_INSTALL_R_M":"Plan Atlas et inventaire","PROPRIETAIRE":"VILLE DE MONTREAL","PROPRIETAIRE_R_M":"Cartographie géomatique ville","PROVENANCE_DONNEE":"RELEVE TERRAIN INTERNE","STATUT_ACTIF":"EXISTANT","STATUT_ACTIF_R_M":"Plan profil","LATITUDE":45.50222617249029,"LONGITUDE":-73.55975412214009,"ABANDONNE_R":"NON","ABANDONNE_R_M":"Non applicable"}},"geometry":{"type":"Point","coordinates":[-73.55975412214009,45.50222617249029]}},{"type":"Feature","id":"ville-montreal/hydrant/5020664","properties":{"lab":{"objectClass":"hydrant","label":"HYDRANT","sourceId":"5020664","provider":"Ville de Montréal","providerKey":"ville-montreal","dataset":"Bornes d'incendie","datasetId":"cb4de65e-138b-4936-9d5c-2d9a0bc9b4ce","identityField":"ID_BI","sourceName":"425-445 rue Saint-Sulpice","license":"CC-BY 4.0","retrievedAt":"2026-08-19T19:54:33.442Z","sourceUrl":"https://donnees.montreal.ca/dataset/geolocalisation-des-bornes-fontaines","updateDate":"2026-03-18","geometryType":"Point","legalNote":"Annual inventory. Not for engineering use without City validation."},"source":{"ADRESSE":"425-445 rue Saint-Sulpice","ADRESSE_R_M":"Cartographie géomatique ville","COORDONNEE_SPATIALE_X":300483.132,"COORDONNEE_SPATIALE_Y":5040520.958,"DATE_ABANDON_R_M":"Non applicable","DATE_INSTALLATION":"2007-01-01","DATE_INSTALLATION_R_M":"Plan profil","ELEVATION_TERRAIN":19.393,"ID_BI":5020664,"ID_POINT":5267068,"JURIDICTION":"LOCALE","JURIDICTION_R_M":"Direction épuration eaux usées","PRECISION_DATE_INSTALL":"DATE INSTALLATION DANS L'ANNEE COURANTE","PRECISION_DATE_INSTALL_R_M":"Plan profil","PROPRIETAIRE":"VILLE DE MONTREAL","PROPRIETAIRE_R_M":"Cartographie géomatique ville","PROVENANCE_DONNEE":"RELEVE TERRAIN INTERNE","STATUT_ACTIF":"EXISTANT","STATUT_ACTIF_R_M":"Plan profil","LATITUDE":45.50460473412813,"LONGITUDE":-73.55524399725005,"ABANDONNE_R":"NON","ABANDONNE_R_M":"Non applicable"}},"geometry":{"type":"Point","coordinates":[-73.55524399725005,45.50460473412813]}},{"type":"Feature","id":"ville-montreal/hydrant/5020340","properties":{"lab":{"objectClass":"hydrant","label":"HYDRANT","sourceId":"5020340","provider":"Ville de Montréal","providerKey":"ville-montreal","dataset":"Bornes d'incendie","datasetId":"cb4de65e-138b-4936-9d5c-2d9a0bc9b4ce","identityField":"ID_BI","sourceName":"1116-1124 rue De Bleury","license":"CC-BY 4.0","retrievedAt":"2026-08-19T19:54:33.442Z","sourceUrl":"https://donnees.montreal.ca/dataset/geolocalisation-des-bornes-fontaines","updateDate":"2026-03-18","geometryType":"Point","legalNote":"Annual inventory. Not for engineering use without City validation."},"source":{"ADRESSE":"1116-1124 rue De Bleury","ADRESSE_R_M":"Cartographie géomatique ville","COORDONNEE_SPATIALE_X":299797.601,"COORDONNEE_SPATIALE_Y":5040563.78,"DATE_ABANDON_R_M":"Non applicable","DATE_INSTALLATION":"1990-01-01","DATE_INSTALLATION_R_M":"Plan Atlas et inventaire","ELEVATION_TERRAIN":24.891,"ID_BI":5020340,"ID_POINT":5260812,"JURIDICTION":"LOCALE","JURIDICTION_R_M":"Direction production eau potable","PRECISION_DATE_INSTALL":"DATE INSTALLATION DANS L'ANNEE COURANTE","PRECISION_DATE_INSTALL_R_M":"Plan Atlas et inventaire","PROPRIETAIRE":"VILLE DE MONTREAL","PROPRIETAIRE_R_M":"Cartographie géomatique ville","PROVENANCE_DONNEE":"RELEVE TERRAIN INTERNE","STATUT_ACTIF":"EXISTANT","STATUT_ACTIF_R_M":"Plan profil","LATITUDE":45.5049855788988,"LONGITUDE":-73.56401681092856,"ABANDONNE_R":"NON","ABANDONNE_R_M":"Non applicable"}},"geometry":{"type":"Point","coordinates":[-73.56401681092856,45.5049855788988]}},{"type":"Feature","id":"ville-montreal/hydrant/5020341","properties":{"lab":{"objectClass":"hydrant","label":"HYDRANT","sourceId":"5020341","provider":"Ville de Montréal","providerKey":"ville-montreal","dataset":"Bornes d'incendie","datasetId":"cb4de65e-138b-4936-9d5c-2d9a0bc9b4ce","identityField":"ID_BI","sourceName":"398 boulevard René-Lévesque Ouest","license":"CC-BY 4.0","retrievedAt":"2026-08-19T19:54:33.442Z","sourceUrl":"https://donnees.montreal.ca/dataset/geolocalisation-des-bornes-fontaines","updateDate":"2026-03-18","geometryType":"Point","legalNote":"Annual inventory. Not for engineering use without City validation."},"source":{"ADRESSE":"398 boulevard René-Lévesque Ouest","ADRESSE_R_M":"Cartographie géomatique ville","COORDONNEE_SPATIALE_X":299736.45,"COORDONNEE_SPATIALE_Y":5040577.564,"DATE_ABANDON_R_M":"Non applicable","DATE_INSTALLATION":"1995-01-01","DATE_INSTALLATION_R_M":"Plan Atlas et inventaire","ELEVATION_TERRAIN":27.829,"ID_BI":5020341,"ID_POINT":5260813,"JURIDICTION":"LOCALE","JURIDICTION_R_M":"Direction épuration eaux usées","PRECISION_DATE_INSTALL":"DATE INSTALLATION DANS L'ANNEE COURANTE","PRECISION_DATE_INSTALL_R_M":"Plan Atlas et inventaire","PROPRIETAIRE":"VILLE DE MONTREAL","PROPRIETAIRE_R_M":"Cartographie géomatique ville","PROVENANCE_DONNEE":"RELEVE TERRAIN INTERNE","STATUT_ACTIF":"EXISTANT","STATUT_ACTIF_R_M":"Plan profil","LATITUDE":45.50510917745919,"LONGITUDE":-73.56479950968486,"ABANDONNE_R":"NON","ABANDONNE_R_M":"Non applicable"}},"geometry":{"type":"Point","coordinates":[-73.56479950968486,45.50510917745919]}},{"type":"Feature","id":"ville-montreal/hydrant/5020440","properties":{"lab":{"objectClass":"hydrant","label":"HYDRANT","sourceId":"5020440","provider":"Ville de Montréal","providerKey":"ville-montreal","dataset":"Bornes d'incendie","datasetId":"cb4de65e-138b-4936-9d5c-2d9a0bc9b4ce","identityField":"ID_BI","sourceName":"9 rue De La Gauchetière Est","license":"CC-BY 4.0","retrievedAt":"2026-08-19T19:54:33.442Z","sourceUrl":"https://donnees.montreal.ca/dataset/geolocalisation-des-bornes-fontaines","updateDate":"2026-03-18","geometryType":"Point","legalNote":"Annual inventory. Not for engineering use without City validation."},"source":{"ADRESSE":"9 rue De La Gauchetière Est","ADRESSE_R_M":"Cartographie géomatique ville","COORDONNEE_SPATIALE_X":300117.076,"COORDONNEE_SPATIALE_Y":5040923.713,"DATE_ABANDON_R_M":"Non applicable","DATE_INSTALLATION":"1995-01-01","DATE_INSTALLATION_R_M":"Plan Atlas et inventaire","ELEVATION_TERRAIN":19.132,"ID_BI":5020440,"ID_POINT":5262960,"JURIDICTION":"LOCALE","JURIDICTION_R_M":"Direction épuration eaux usées","PRECISION_DATE_INSTALL":"DATE INSTALLATION DANS L'ANNEE COURANTE","PRECISION_DATE_INSTALL_R_M":"Plan Atlas et inventaire","PROPRIETAIRE":"VILLE DE MONTREAL","PROPRIETAIRE_R_M":"Cartographie géomatique ville","PROVENANCE_DONNEE":"RELEVE TERRAIN INTERNE","STATUT_ACTIF":"EXISTANT","STATUT_ACTIF_R_M":"Plan profil","LATITUDE":45.50822660724885,"LONGITUDE":-73.55993191897285,"ABANDONNE_R":"NON","ABANDONNE_R_M":"Non applicable"}},"geometry":{"type":"Point","coordinates":[-73.55993191897285,45.50822660724885]}},{"type":"Feature","id":"ville-montreal/hydrant/5020441","properties":{"lab":{"objectClass":"hydrant","label":"HYDRANT","sourceId":"5020441","provider":"Ville de Montréal","providerKey":"ville-montreal","dataset":"Bornes d'incendie","datasetId":"cb4de65e-138b-4936-9d5c-2d9a0bc9b4ce","identityField":"ID_BI","sourceName":"1001 rue Saint-Dominique","license":"CC-BY 4.0","retrievedAt":"2026-08-19T19:54:33.442Z","sourceUrl":"https://donnees.montreal.ca/dataset/geolocalisation-des-bornes-fontaines","updateDate":"2026-03-18","geometryType":"Point","legalNote":"Annual inventory. Not for engineering use without City validation."},"source":{"ADRESSE":"1001 rue Saint-Dominique","ADRESSE_R_M":"Cartographie géomatique ville","COORDONNEE_SPATIALE_X":300144.772,"COORDONNEE_SPATIALE_Y":5040978.26,"DATE_ABANDON_R_M":"Non applicable","DATE_INSTALLATION":"1995-01-01","DATE_INSTALLATION_R_M":"Plan Atlas et inventaire","ELEVATION_TERRAIN":18.527,"ID_BI":5020441,"ID_POINT":5262961,"JURIDICTION":"LOCALE","JURIDICTION_R_M":"Direction épuration eaux usées","PRECISION_DATE_INSTALL":"DATE INSTALLATION DANS L'ANNEE COURANTE","PRECISION_DATE_INSTALL_R_M":"Plan Atlas et inventaire","PROPRIETAIRE":"VILLE DE MONTREAL","PROPRIETAIRE_R_M":"Cartographie géomatique ville","PROVENANCE_DONNEE":"RELEVE TERRAIN INTERNE","STATUT_ACTIF":"EXISTANT","STATUT_ACTIF_R_M":"Plan profil","LATITUDE":45.50871762378487,"LONGITUDE":-73.559577985899,"ABANDONNE_R":"NON","ABANDONNE_R_M":"Non applicable"}},"geometry":{"type":"Point","coordinates":[-73.559577985899,45.50871762378487]}},{"type":"Feature","id":"ville-montreal/hydrant/5020442","properties":{"lab":{"objectClass":"hydrant","label":"HYDRANT","sourceId":"5020442","provider":"Ville de Montréal","providerKey":"ville-montreal","dataset":"Bornes d'incendie","datasetId":"cb4de65e-138b-4936-9d5c-2d9a0bc9b4ce","identityField":"ID_BI","sourceName":"100 rue De La Gauchetière Est","license":"CC-BY 4.0","retrievedAt":"2026-08-19T19:54:33.442Z","sourceUrl":"https://donnees.montreal.ca/dataset/geolocalisation-des-bornes-fontaines","updateDate":"2026-03-18","geometryType":"Point","legalNote":"Annual inventory. Not for engineering use without City validation."},"source":{"ADRESSE":"100 rue De La Gauchetière Est","ADRESSE_R_M":"Cartographie géomatique ville","COORDONNEE_SPATIALE_X":300181.044,"COORDONNEE_SPATIALE_Y":5041049.425,"DATE_ABANDON_R_M":"Non applicable","DATE_INSTALLATION":"1995-01-01","DATE_INSTALLATION_R_M":"Plan Atlas et inventaire","ELEVATION_TERRAIN":18.278,"ID_BI":5020442,"ID_POINT":5262962,"JURIDICTION":"LOCALE","JURIDICTION_R_M":"Direction épuration eaux usées","PRECISION_DATE_INSTALL":"DATE INSTALLATION DANS L'ANNEE COURANTE","PRECISION_DATE_INSTALL_R_M":"Plan Atlas et inventaire","PROPRIETAIRE":"VILLE DE MONTREAL","PROPRIETAIRE_R_M":"Cartographie géomatique ville","PROVENANCE_DONNEE":"RELEVE TERRAIN INTERNE","STATUT_ACTIF":"EXISTANT","STATUT_ACTIF_R_M":"Plan profil","LATITUDE":45.50935822815547,"LONGITUDE":-73.55911445064538,"ABANDONNE_R":"NON","ABANDONNE_R_M":"Non applicable"}},"geometry":{"type":"Point","coordinates":[-73.55911445064538,45.50935822815547]}},{"type":"Feature","id":"ville-montreal/hydrant/5020667","properties":{"lab":{"objectClass":"hydrant","label":"HYDRANT","sourceId":"5020667","provider":"Ville de Montréal","providerKey":"ville-montreal","dataset":"Bornes d'incendie","datasetId":"cb4de65e-138b-4936-9d5c-2d9a0bc9b4ce","identityField":"ID_BI","sourceName":"140 rue Notre-Dame Ouest","license":"CC-BY 4.0","retrievedAt":"2026-08-19T19:54:33.442Z","sourceUrl":"https://donnees.montreal.ca/dataset/geolocalisation-des-bornes-fontaines","updateDate":"2026-03-18","geometryType":"Point","legalNote":"Annual inventory. Not for engineering use without City validation."},"source":{"ADRESSE":"140 rue Notre-Dame Ouest","ADRESSE_R_M":"Cartographie géomatique ville","COORDONNEE_SPATIALE_X":300322.347,"COORDONNEE_SPATIALE_Y":5040473.514,"DATE_ABANDON_R_M":"Non applicable","DATE_INSTALLATION":"1866-01-01","DATE_INSTALLATION_R_M":"Plan Atlas et inventaire","ELEVATION_TERRAIN":22.36,"ID_BI":5020667,"ID_POINT":5267071,"JURIDICTION":"LOCALE","JURIDICTION_R_M":"Direction épuration eaux usées","PRECISION_DATE_INSTALL":"DATE INSTALLATION DANS L'ANNEE COURANTE","PRECISION_DATE_INSTALL_R_M":"Plan Atlas et inventaire","PROPRIETAIRE":"VILLE DE MONTREAL","PROPRIETAIRE_R_M":"Cartographie géomatique ville","PROVENANCE_DONNEE":"RELEVE TERRAIN INTERNE","STATUT_ACTIF":"EXISTANT","STATUT_ACTIF_R_M":"Plan profil","LATITUDE":45.50417685077311,"LONGITUDE":-73.55730097913906,"ABANDONNE_R":"NON","ABANDONNE_R_M":"Non applicable"}},"geometry":{"type":"Point","coordinates":[-73.55730097913906,45.50417685077311]}},{"type":"Feature","id":"ville-montreal/hydrant/5019671","properties":{"lab":{"objectClass":"hydrant","label":"HYDRANT","sourceId":"5019671","provider":"Ville de Montréal","providerKey":"ville-montreal","dataset":"Bornes d'incendie","datasetId":"cb4de65e-138b-4936-9d5c-2d9a0bc9b4ce","identityField":"ID_BI","sourceName":"1288 rue Saint-Antoine Ouest","license":"CC-BY 4.0","retrievedAt":"2026-08-19T19:54:33.442Z","sourceUrl":"https://donnees.montreal.ca/dataset/geolocalisation-des-bornes-fontaines","updateDate":"2026-03-18","geometryType":"Point","legalNote":"Annual inventory. Not for engineering use without City validation."},"source":{"ADRESSE":"1288 rue Saint-Antoine Ouest","ADRESSE_R_M":"Cartographie géomatique ville","COORDONNEE_SPATIALE_X":299485.718,"COORDONNEE_SPATIALE_Y":5039476.256,"DATE_ABANDON_R_M":"Non applicable","DATE_INSTALLATION":"1914-01-01","DATE_INSTALLATION_R_M":"Plan Atlas et inventaire","ELEVATION_TERRAIN":19.084,"ID_BI":5019671,"ID_POINT":5248111,"JURIDICTION":"LOCALE","JURIDICTION_R_M":"Direction épuration eaux usées","PRECISION_DATE_INSTALL":"DATE INSTALLATION DANS L'ANNEE COURANTE","PRECISION_DATE_INSTALL_R_M":"Plan Atlas et inventaire","PROPRIETAIRE":"VILLE DE MONTREAL","PROPRIETAIRE_R_M":"Cartographie géomatique ville","PROVENANCE_DONNEE":"RELEVE TERRAIN INTERNE","STATUT_ACTIF":"EXISTANT","STATUT_ACTIF_R_M":"Plan profil","LATITUDE":45.49519740980937,"LONGITUDE":-73.56799629094718,"ABANDONNE_R":"NON","ABANDONNE_R_M":"Non applicable"}},"geometry":{"type":"Point","coordinates":[-73.56799629094718,45.49519740980937]}},{"type":"Feature","id":"ville-montreal/hydrant/5019679","properties":{"lab":{"objectClass":"hydrant","label":"HYDRANT","sourceId":"5019679","provider":"Ville de Montréal","providerKey":"ville-montreal","dataset":"Bornes d'incendie","datasetId":"cb4de65e-138b-4936-9d5c-2d9a0bc9b4ce","identityField":"ID_BI","sourceName":"999-1001 rue Saint-Antoine Ouest","license":"CC-BY 4.0","retrievedAt":"2026-08-19T19:54:33.442Z","sourceUrl":"https://donnees.montreal.ca/dataset/geolocalisation-des-bornes-fontaines","updateDate":"2026-03-18","geometryType":"Point","legalNote":"Annual inventory. Not for engineering use without City validation."},"source":{"ADRESSE":"999-1001 rue Saint-Antoine Ouest","ADRESSE_R_M":"Cartographie géomatique ville","COORDONNEE_SPATIALE_X":299618.033,"COORDONNEE_SPATIALE_Y":5039740.812,"DATE_ABANDON_R_M":"Non applicable","DATE_INSTALLATION":"1990-01-01","DATE_INSTALLATION_R_M":"Plan Atlas et inventaire","ELEVATION_TERRAIN":21.584,"ID_BI":5019679,"ID_POINT":5248119,"JURIDICTION":"LOCALE","JURIDICTION_R_M":"Direction épuration eaux usées","PRECISION_DATE_INSTALL":"DATE INSTALLATION DANS L'ANNEE COURANTE","PRECISION_DATE_INSTALL_R_M":"Plan Atlas et inventaire","PROPRIETAIRE":"VILLE DE MONTREAL","PROPRIETAIRE_R_M":"Cartographie géomatique ville","PROVENANCE_DONNEE":"RELEVE TERRAIN INTERNE","STATUT_ACTIF":"EXISTANT","STATUT_ACTIF_R_M":"Plan profil","LATITUDE":45.4975789234555,"LONGITUDE":-73.56630615372842,"ABANDONNE_R":"NON","ABANDONNE_R_M":"Non applicable"}},"geometry":{"type":"Point","coordinates":[-73.56630615372842,45.4975789234555]}},{"type":"Feature","id":"ville-montreal/hydrant/5020350","properties":{"lab":{"objectClass":"hydrant","label":"HYDRANT","sourceId":"5020350","provider":"Ville de Montréal","providerKey":"ville-montreal","dataset":"Bornes d'incendie","datasetId":"cb4de65e-138b-4936-9d5c-2d9a0bc9b4ce","identityField":"ID_BI","sourceName":"594 rue Sherbrooke Ouest","license":"CC-BY 4.0","retrievedAt":"2026-08-19T19:54:33.442Z","sourceUrl":"https://donnees.montreal.ca/dataset/geolocalisation-des-bornes-fontaines","updateDate":"2026-03-18","geometryType":"Point","legalNote":"Annual inventory. Not for engineering use without City validation."},"source":{"ADRESSE":"594 rue Sherbrooke Ouest","ADRESSE_R_M":"Cartographie géomatique ville","COORDONNEE_SPATIALE_X":299089.248,"COORDONNEE_SPATIALE_Y":5040631.768,"DATE_ABANDON_R_M":"Non applicable","DATE_INSTALLATION":"1986-01-01","DATE_INSTALLATION_R_M":"Plan Atlas et inventaire","ELEVATION_TERRAIN":44.865,"ID_BI":5020350,"ID_POINT":5260822,"JURIDICTION":"LOCALE","JURIDICTION_R_M":"Direction épuration eaux usées","PRECISION_DATE_INSTALL":"DATE INSTALLATION DANS L'ANNEE COURANTE","PRECISION_DATE_INSTALL_R_M":"Plan Atlas et inventaire","PROPRIETAIRE":"VILLE DE MONTREAL","PROPRIETAIRE_R_M":"Cartographie géomatique ville","PROVENANCE_DONNEE":"RELEVE TERRAIN INTERNE","STATUT_ACTIF":"EXISTANT","STATUT_ACTIF_R_M":"Plan profil","LATITUDE":45.505592001391214,"LONGITUDE":-73.57308263737825,"ABANDONNE_R":"NON","ABANDONNE_R_M":"Non applicable"}},"geometry":{"type":"Point","coordinates":[-73.57308263737825,45.505592001391214]}},{"type":"Feature","id":"ville-montreal/hydrant/5020351","properties":{"lab":{"objectClass":"hydrant","label":"HYDRANT","sourceId":"5020351","provider":"Ville de Montréal","providerKey":"ville-montreal","dataset":"Bornes d'incendie","datasetId":"cb4de65e-138b-4936-9d5c-2d9a0bc9b4ce","identityField":"ID_BI","sourceName":"2001 boulevard Robert-Bourassa","license":"CC-BY 4.0","retrievedAt":"2026-08-19T19:54:33.442Z","sourceUrl":"https://donnees.montreal.ca/dataset/geolocalisation-des-bornes-fontaines","updateDate":"2026-03-18","geometryType":"Point","legalNote":"Annual inventory. Not for engineering use without City validation."},"source":{"ADRESSE":"2001 boulevard Robert-Bourassa","ADRESSE_R_M":"Cartographie géomatique ville","COORDONNEE_SPATIALE_X":299179.984,"COORDONNEE_SPATIALE_Y":5040487.202,"DATE_ABANDON_R_M":"Non applicable","DATE_INSTALLATION":"1997-01-01","DATE_INSTALLATION_R_M":"Plan Atlas et inventaire","ELEVATION_TERRAIN":38.606,"ID_BI":5020351,"ID_POINT":5260823,"JURIDICTION":"LOCALE","JURIDICTION_R_M":"Direction épuration eaux usées","PRECISION_DATE_INSTALL":"DATE INSTALLATION DANS L'ANNEE COURANTE","PRECISION_DATE_INSTALL_R_M":"Plan Atlas et inventaire","PROPRIETAIRE":"VILLE DE MONTREAL","PROPRIETAIRE_R_M":"Cartographie géomatique ville","PROVENANCE_DONNEE":"RELEVE TERRAIN INTERNE","STATUT_ACTIF":"EXISTANT","STATUT_ACTIF_R_M":"Plan profil","LATITUDE":45.50429190223688,"LONGITUDE":-73.57191974114787,"ABANDONNE_R":"NON","ABANDONNE_R_M":"Non applicable"}},"geometry":{"type":"Point","coordinates":[-73.57191974114787,45.50429190223688]}},{"type":"Feature","id":"ville-montreal/hydrant/5020358","properties":{"lab":{"objectClass":"hydrant","label":"HYDRANT","sourceId":"5020358","provider":"Ville de Montréal","providerKey":"ville-montreal","dataset":"Bornes d'incendie","datasetId":"cb4de65e-138b-4936-9d5c-2d9a0bc9b4ce","identityField":"ID_BI","sourceName":"905-925 boulevard De Maisonneuve Ouest","license":"CC-BY 4.0","retrievedAt":"2026-08-19T19:54:33.442Z","sourceUrl":"https://donnees.montreal.ca/dataset/geolocalisation-des-bornes-fontaines","updateDate":"2026-03-18","geometryType":"Point","legalNote":"Annual inventory. Not for engineering use without City validation."},"source":{"ADRESSE":"905-925 boulevard De Maisonneuve Ouest","ADRESSE_R_M":"Cartographie géomatique ville","COORDONNEE_SPATIALE_X":299047.8,"COORDONNEE_SPATIALE_Y":5040276.556,"DATE_ABANDON_R_M":"Non applicable","DATE_INSTALLATION":"1914-01-01","DATE_INSTALLATION_R_M":"Plan Atlas et inventaire","ELEVATION_TERRAIN":41.658,"ID_BI":5020358,"ID_POINT":5260830,"JURIDICTION":"LOCALE","JURIDICTION_R_M":"Direction épuration eaux usées","PRECISION_DATE_INSTALL":"DATE INSTALLATION DANS L'ANNEE COURANTE","PRECISION_DATE_INSTALL_R_M":"Plan Atlas et inventaire","PROPRIETAIRE":"VILLE DE MONTREAL","PROPRIETAIRE_R_M":"Cartographie géomatique ville","PROVENANCE_DONNEE":"RELEVE TERRAIN INTERNE","STATUT_ACTIF":"EXISTANT","STATUT_ACTIF_R_M":"Plan profil","LATITUDE":45.50239534593605,"LONGITUDE":-73.57360881420284,"ABANDONNE_R":"NON","ABANDONNE_R_M":"Non applicable"}},"geometry":{"type":"Point","coordinates":[-73.57360881420284,45.50239534593605]}},{"type":"Feature","id":"ville-montreal/hydrant/5020360","properties":{"lab":{"objectClass":"hydrant","label":"HYDRANT","sourceId":"5020360","provider":"Ville de Montréal","providerKey":"ville-montreal","dataset":"Bornes d'incendie","datasetId":"cb4de65e-138b-4936-9d5c-2d9a0bc9b4ce","identityField":"ID_BI","sourceName":"999 boulevard De Maisonneuve Ouest","license":"CC-BY 4.0","retrievedAt":"2026-08-19T19:54:33.442Z","sourceUrl":"https://donnees.montreal.ca/dataset/geolocalisation-des-bornes-fontaines","updateDate":"2026-03-18","geometryType":"Point","legalNote":"Annual inventory. Not for engineering use without City validation."},"source":{"ADRESSE":"999 boulevard De Maisonneuve Ouest","ADRESSE_R_M":"Cartographie géomatique ville","COORDONNEE_SPATIALE_X":299008.15,"COORDONNEE_SPATIALE_Y":5040201.338,"DATE_ABANDON_R_M":"Non applicable","DATE_INSTALLATION":"1966-01-01","DATE_INSTALLATION_R_M":"Plan Atlas et inventaire","ELEVATION_TERRAIN":41.525,"ID_BI":5020360,"ID_POINT":5260832,"JURIDICTION":"LOCALE","JURIDICTION_R_M":"Direction épuration eaux usées","PRECISION_DATE_INSTALL":"DATE INSTALLATION DANS L'ANNEE COURANTE","PRECISION_DATE_INSTALL_R_M":"Plan Atlas et inventaire","PROPRIETAIRE":"VILLE DE MONTREAL","PROPRIETAIRE_R_M":"Cartographie géomatique ville","PROVENANCE_DONNEE":"RELEVE TERRAIN INTERNE","STATUT_ACTIF":"EXISTANT","STATUT_ACTIF_R_M":"Plan profil","LATITUDE":45.501718169290925,"LONGITUDE":-73.57411530068602,"ABANDONNE_R":"NON","ABANDONNE_R_M":"Non applicable"}},"geometry":{"type":"Point","coordinates":[-73.57411530068602,45.501718169290925]}},{"type":"Feature","id":"ville-montreal/hydrant/5020369","properties":{"lab":{"objectClass":"hydrant","label":"HYDRANT","sourceId":"5020369","provider":"Ville de Montréal","providerKey":"ville-montreal","dataset":"Bornes d'incendie","datasetId":"cb4de65e-138b-4936-9d5c-2d9a0bc9b4ce","identityField":"ID_BI","sourceName":"888 rue Sherbrooke Ouest","license":"CC-BY 4.0","retrievedAt":"2026-08-19T19:54:33.442Z","sourceUrl":"https://donnees.montreal.ca/dataset/geolocalisation-des-bornes-fontaines","updateDate":"2026-03-18","geometryType":"Point","legalNote":"Annual inventory. Not for engineering use without City validation."},"source":{"ADRESSE":"888 rue Sherbrooke Ouest","ADRESSE_R_M":"Cartographie géomatique ville","COORDONNEE_SPATIALE_X":298973.206,"COORDONNEE_SPATIALE_Y":5040400.294,"DATE_ABANDON_R_M":"Non applicable","DATE_INSTALLATION":"1987-01-01","DATE_INSTALLATION_R_M":"Plan Atlas et inventaire","ELEVATION_TERRAIN":44.008,"ID_BI":5020369,"ID_POINT":5260841,"JURIDICTION":"LOCALE","JURIDICTION_R_M":"Direction épuration eaux usées","PRECISION_DATE_INSTALL":"DATE INSTALLATION DANS L'ANNEE COURANTE","PRECISION_DATE_INSTALL_R_M":"Plan Atlas et inventaire","PROPRIETAIRE":"VILLE DE MONTREAL","PROPRIETAIRE_R_M":"Cartographie géomatique ville","PROVENANCE_DONNEE":"RELEVE TERRAIN INTERNE","STATUT_ACTIF":"EXISTANT","STATUT_ACTIF_R_M":"Plan profil","LATITUDE":45.50350819542408,"LONGITUDE":-73.57456485450483,"ABANDONNE_R":"NON","ABANDONNE_R_M":"Non applicable"}},"geometry":{"type":"Point","coordinates":[-73.57456485450483,45.50350819542408]}},{"type":"Feature","id":"ville-montreal/hydrant/5020370","properties":{"lab":{"objectClass":"hydrant","label":"HYDRANT","sourceId":"5020370","provider":"Ville de Montréal","providerKey":"ville-montreal","dataset":"Bornes d'incendie","datasetId":"cb4de65e-138b-4936-9d5c-2d9a0bc9b4ce","identityField":"ID_BI","sourceName":"1980-2000 avenue McGill College","license":"CC-BY 4.0","retrievedAt":"2026-08-19T19:54:33.442Z","sourceUrl":"https://donnees.montreal.ca/dataset/geolocalisation-des-bornes-fontaines","updateDate":"2026-03-18","geometryType":"Point","legalNote":"Annual inventory. Not for engineering use without City validation."},"source":{"ADRESSE":"1980-2000 avenue McGill College","ADRESSE_R_M":"Cartographie géomatique ville","COORDONNEE_SPATIALE_X":299082.807,"COORDONNEE_SPATIALE_Y":5040323.843,"DATE_ABANDON_R_M":"Non applicable","DATE_INSTALLATION":"1987-01-01","DATE_INSTALLATION_R_M":"Plan Atlas et inventaire","ELEVATION_TERRAIN":40.46,"ID_BI":5020370,"ID_POINT":5260842,"JURIDICTION":"LOCALE","JURIDICTION_R_M":"Direction épuration eaux usées","PRECISION_DATE_INSTALL":"DATE INSTALLATION DANS L'ANNEE COURANTE","PRECISION_DATE_INSTALL_R_M":"Plan Atlas et inventaire","PROPRIETAIRE":"VILLE DE MONTREAL","PROPRIETAIRE_R_M":"Cartographie géomatique ville","PROVENANCE_DONNEE":"RELEVE TERRAIN INTERNE","STATUT_ACTIF":"EXISTANT","STATUT_ACTIF_R_M":"Plan profil","LATITUDE":45.50282114346853,"LONGITUDE":-73.57316139993506,"ABANDONNE_R":"NON","ABANDONNE_R_M":"Non applicable"}},"geometry":{"type":"Point","coordinates":[-73.57316139993506,45.50282114346853]}},{"type":"Feature","id":"ville-montreal/hydrant/5019707","properties":{"lab":{"objectClass":"hydrant","label":"HYDRANT","sourceId":"5019707","provider":"Ville de Montréal","providerKey":"ville-montreal","dataset":"Bornes d'incendie","datasetId":"cb4de65e-138b-4936-9d5c-2d9a0bc9b4ce","identityField":"ID_BI","sourceName":"1055 boulevard René-Lévesque Ouest","license":"CC-BY 4.0","retrievedAt":"2026-08-19T19:54:33.442Z","sourceUrl":"https://donnees.montreal.ca/dataset/geolocalisation-des-bornes-fontaines","updateDate":"2026-03-18","geometryType":"Point","legalNote":"Annual inventory. Not for engineering use without City validation."},"source":{"ADRESSE":"1055 boulevard René-Lévesque Ouest","ADRESSE_R_M":"Cartographie géomatique ville","COORDONNEE_SPATIALE_X":299410.098,"COORDONNEE_SPATIALE_Y":5040001.987,"DATE_ABANDON_R_M":"Non applicable","DATE_INSTALLATION":"1891-01-01","DATE_INSTALLATION_R_M":"Plan Atlas et inventaire","ELEVATION_TERRAIN":37.276,"ID_BI":5019707,"ID_POINT":5248147,"JURIDICTION":"LOCALE","JURIDICTION_R_M":"Direction épuration eaux usées","PRECISION_DATE_INSTALL":"DATE INSTALLATION DANS L'ANNEE COURANTE","PRECISION_DATE_INSTALL_R_M":"Plan Atlas et inventaire","PROPRIETAIRE":"VILLE DE MONTREAL","PROPRIETAIRE_R_M":"Cartographie géomatique ville","PROVENANCE_DONNEE":"RELEVE TERRAIN INTERNE","STATUT_ACTIF":"EXISTANT","STATUT_ACTIF_R_M":"Plan profil","LATITUDE":45.49992750114312,"LONGITUDE":-73.56896961296529,"ABANDONNE_R":"NON","ABANDONNE_R_M":"Non applicable"}},"geometry":{"type":"Point","coordinates":[-73.56896961296529,45.49992750114312]}},{"type":"Feature","id":"ville-montreal/hydrant/5019708","properties":{"lab":{"objectClass":"hydrant","label":"HYDRANT","sourceId":"5019708","provider":"Ville de Montréal","providerKey":"ville-montreal","dataset":"Bornes d'incendie","datasetId":"cb4de65e-138b-4936-9d5c-2d9a0bc9b4ce","identityField":"ID_BI","sourceName":"1194 rue Peel","license":"CC-BY 4.0","retrievedAt":"2026-08-19T19:54:33.442Z","sourceUrl":"https://donnees.montreal.ca/dataset/geolocalisation-des-bornes-fontaines","updateDate":"2026-03-18","geometryType":"Point","legalNote":"Annual inventory. Not for engineering use without City validation."},"source":{"ADRESSE":"1194 rue Peel","ADRESSE_R_M":"Cartographie géomatique ville","COORDONNEE_SPATIALE_X":299190.511,"COORDONNEE_SPATIALE_Y":5039943.477,"DATE_ABANDON_R_M":"Non applicable","DATE_INSTALLATION":"1888-01-01","DATE_INSTALLATION_R_M":"Plan Atlas et inventaire","ELEVATION_TERRAIN":36.924,"ID_BI":5019708,"ID_POINT":5248148,"JURIDICTION":"LOCALE","JURIDICTION_R_M":"Direction épuration eaux usées","PRECISION_DATE_INSTALL":"DATE INSTALLATION DANS L'ANNEE COURANTE","PRECISION_DATE_INSTALL_R_M":"Plan Atlas et inventaire","PROPRIETAIRE":"VILLE DE MONTREAL","PROPRIETAIRE_R_M":"Cartographie géomatique ville","PROVENANCE_DONNEE":"RELEVE TERRAIN INTERNE","STATUT_ACTIF":"EXISTANT","STATUT_ACTIF_R_M":"Plan profil","LATITUDE":45.49939930688682,"LONGITUDE":-73.57177876135351,"ABANDONNE_R":"NON","ABANDONNE_R_M":"Non applicable"}},"geometry":{"type":"Point","coordinates":[-73.57177876135351,45.49939930688682]}},{"type":"Feature","id":"ville-montreal/hydrant/5019709","properties":{"lab":{"objectClass":"hydrant","label":"HYDRANT","sourceId":"5019709","provider":"Ville de Montréal","providerKey":"ville-montreal","dataset":"Bornes d'incendie","datasetId":"cb4de65e-138b-4936-9d5c-2d9a0bc9b4ce","identityField":"ID_BI","sourceName":"1194 rue Peel","license":"CC-BY 4.0","retrievedAt":"2026-08-19T19:54:33.442Z","sourceUrl":"https://donnees.montreal.ca/dataset/geolocalisation-des-bornes-fontaines","updateDate":"2026-03-18","geometryType":"Point","legalNote":"Annual inventory. Not for engineering use without City validation."},"source":{"ADRESSE":"1194 rue Peel","ADRESSE_R_M":"Cartographie géomatique ville","COORDONNEE_SPATIALE_X":299204.674,"COORDONNEE_SPATIALE_Y":5039933.867,"DATE_ABANDON_R_M":"Non applicable","DATE_INSTALLATION":"1926-01-01","DATE_INSTALLATION_R_M":"Plan Atlas et inventaire","ELEVATION_TERRAIN":36.92,"ID_BI":5019709,"ID_POINT":5248149,"JURIDICTION":"LOCALE","JURIDICTION_R_M":"Direction épuration eaux usées","PRECISION_DATE_INSTALL":"DATE INSTALLATION DANS L'ANNEE COURANTE","PRECISION_DATE_INSTALL_R_M":"Plan Atlas et inventaire","PROPRIETAIRE":"VILLE DE MONTREAL","PROPRIETAIRE_R_M":"Cartographie géomatique ville","PROVENANCE_DONNEE":"RELEVE TERRAIN INTERNE","STATUT_ACTIF":"EXISTANT","STATUT_ACTIF_R_M":"Plan profil","LATITUDE":45.49931294797982,"LONGITUDE":-73.57159742336134,"ABANDONNE_R":"NON","ABANDONNE_R_M":"Non applicable"}},"geometry":{"type":"Point","coordinates":[-73.57159742336134,45.49931294797982]}},{"type":"Feature","id":"ville-montreal/hydrant/5020371","properties":{"lab":{"objectClass":"hydrant","label":"HYDRANT","sourceId":"5020371","provider":"Ville de Montréal","providerKey":"ville-montreal","dataset":"Bornes d'incendie","datasetId":"cb4de65e-138b-4936-9d5c-2d9a0bc9b4ce","identityField":"ID_BI","sourceName":"1981 avenue McGill College","license":"CC-BY 4.0","retrievedAt":"2026-08-19T19:54:33.442Z","sourceUrl":"https://donnees.montreal.ca/dataset/geolocalisation-des-bornes-fontaines","updateDate":"2026-03-18","geometryType":"Point","legalNote":"Annual inventory. Not for engineering use without City validation."},"source":{"ADRESSE":"1981 avenue McGill College","ADRESSE_R_M":"Cartographie géomatique ville","COORDONNEE_SPATIALE_X":299066.421,"COORDONNEE_SPATIALE_Y":5040363.273,"DATE_ABANDON_R_M":"Non applicable","DATE_INSTALLATION":"1987-01-01","DATE_INSTALLATION_R_M":"Plan Atlas et inventaire","ELEVATION_TERRAIN":41.93,"ID_BI":5020371,"ID_POINT":5260843,"JURIDICTION":"LOCALE","JURIDICTION_R_M":"Direction épuration eaux usées","PRECISION_DATE_INSTALL":"DATE INSTALLATION DANS L'ANNEE COURANTE","PRECISION_DATE_INSTALL_R_M":"Plan Atlas et inventaire","PROPRIETAIRE":"VILLE DE MONTREAL","PROPRIETAIRE_R_M":"Cartographie géomatique ville","PROVENANCE_DONNEE":"RELEVE TERRAIN INTERNE","STATUT_ACTIF":"EXISTANT","STATUT_ACTIF_R_M":"Plan profil","LATITUDE":45.50317582222904,"LONGITUDE":-73.57337155293308,"ABANDONNE_R":"NON","ABANDONNE_R_M":"Non applicable"}},"geometry":{"type":"Point","coordinates":[-73.57337155293308,45.50317582222904]}},{"type":"Feature","id":"ville-montreal/hydrant/5019712","properties":{"lab":{"objectClass":"hydrant","label":"HYDRANT","sourceId":"5019712","provider":"Ville de Montréal","providerKey":"ville-montreal","dataset":"Bornes d'incendie","datasetId":"cb4de65e-138b-4936-9d5c-2d9a0bc9b4ce","identityField":"ID_BI","sourceName":"1199 rue Sainte-Catherine Ouest","license":"CC-BY 4.0","retrievedAt":"2026-08-19T19:54:33.442Z","sourceUrl":"https://donnees.montreal.ca/dataset/geolocalisation-des-bornes-fontaines","updateDate":"2026-03-18","geometryType":"Point","legalNote":"Annual inventory. Not for engineering use without City validation."},"source":{"ADRESSE":"1199 rue Sainte-Catherine Ouest","ADRESSE_R_M":"Cartographie géomatique ville","COORDONNEE_SPATIALE_X":299009.445,"COORDONNEE_SPATIALE_Y":5039891.283,"DATE_ABANDON_R_M":"Non applicable","DATE_INSTALLATION":"1890-01-01","DATE_INSTALLATION_R_M":"Plan Atlas et inventaire","ELEVATION_TERRAIN":40.036,"ID_BI":5019712,"ID_POINT":5248152,"JURIDICTION":"LOCALE","JURIDICTION_R_M":"Direction épuration eaux usées","PRECISION_DATE_INSTALL":"DATE INSTALLATION DANS L'ANNEE COURANTE","PRECISION_DATE_INSTALL_R_M":"Plan Atlas et inventaire","PROPRIETAIRE":"VILLE DE MONTREAL","PROPRIETAIRE_R_M":"Cartographie géomatique ville","PROVENANCE_DONNEE":"RELEVE TERRAIN INTERNE","STATUT_ACTIF":"EXISTANT","STATUT_ACTIF_R_M":"Plan profil","LATITUDE":45.49892816730275,"LONGITUDE":-73.5740950328134,"ABANDONNE_R":"NON","ABANDONNE_R_M":"Non applicable"}},"geometry":{"type":"Point","coordinates":[-73.5740950328134,45.49892816730275]}},{"type":"Feature","id":"ville-montreal/hydrant/5019714","properties":{"lab":{"objectClass":"hydrant","label":"HYDRANT","sourceId":"5019714","provider":"Ville de Montréal","providerKey":"ville-montreal","dataset":"Bornes d'incendie","datasetId":"cb4de65e-138b-4936-9d5c-2d9a0bc9b4ce","identityField":"ID_BI","sourceName":"1125-1155 rue de la Montagne","license":"CC-BY 4.0","retrievedAt":"2026-08-19T19:54:33.442Z","sourceUrl":"https://donnees.montreal.ca/dataset/geolocalisation-des-bornes-fontaines","updateDate":"2026-03-18","geometryType":"Point","legalNote":"Annual inventory. Not for engineering use without City validation."},"source":{"ADRESSE":"1125-1155 rue de la Montagne","ADRESSE_R_M":"Cartographie géomatique ville","COORDONNEE_SPATIALE_X":299132.952,"COORDONNEE_SPATIALE_Y":5039647.646,"DATE_ABANDON_R_M":"Non applicable","DATE_INSTALLATION":"1862-01-01","DATE_INSTALLATION_R_M":"Plan Atlas et inventaire","ELEVATION_TERRAIN":37.642,"ID_BI":5019714,"ID_POINT":5248154,"JURIDICTION":"LOCALE","JURIDICTION_R_M":"Direction épuration eaux usées","PRECISION_DATE_INSTALL":"DATE INSTALLATION DANS L'ANNEE COURANTE","PRECISION_DATE_INSTALL_R_M":"Plan Atlas et inventaire","PROPRIETAIRE":"VILLE DE MONTREAL","PROPRIETAIRE_R_M":"Cartographie géomatique ville","PROVENANCE_DONNEE":"RELEVE TERRAIN INTERNE","STATUT_ACTIF":"EXISTANT","STATUT_ACTIF_R_M":"Plan profil","LATITUDE":45.496736879623974,"LONGITUDE":-73.57251183418339,"ABANDONNE_R":"NON","ABANDONNE_R_M":"Non applicable"}},"geometry":{"type":"Point","coordinates":[-73.57251183418339,45.496736879623974]}},{"type":"Feature","id":"ville-montreal/hydrant/5019715","properties":{"lab":{"objectClass":"hydrant","label":"HYDRANT","sourceId":"5019715","provider":"Ville de Montréal","providerKey":"ville-montreal","dataset":"Bornes d'incendie","datasetId":"cb4de65e-138b-4936-9d5c-2d9a0bc9b4ce","identityField":"ID_BI","sourceName":"1166-1172 rue Sainte-Catherine Ouest","license":"CC-BY 4.0","retrievedAt":"2026-08-19T19:54:33.442Z","sourceUrl":"https://donnees.montreal.ca/dataset/geolocalisation-des-bornes-fontaines","updateDate":"2026-03-18","geometryType":"Point","legalNote":"Annual inventory. Not for engineering use without City validation."},"source":{"ADRESSE":"1166-1172 rue Sainte-Catherine Ouest","ADRESSE_R_M":"Cartographie géomatique ville","COORDONNEE_SPATIALE_X":299046.88,"COORDONNEE_SPATIALE_Y":5039923.527,"DATE_ABANDON_R_M":"Non applicable","DATE_INSTALLATION":"1882-01-01","DATE_INSTALLATION_R_M":"Plan Atlas et inventaire","ELEVATION_TERRAIN":39.171,"ID_BI":5019715,"ID_POINT":5248155,"JURIDICTION":"LOCALE","JURIDICTION_R_M":"Direction épuration eaux usées","PRECISION_DATE_INSTALL":"DATE INSTALLATION DANS L'ANNEE COURANTE","PRECISION_DATE_INSTALL_R_M":"Plan Atlas et inventaire","PROPRIETAIRE":"VILLE DE MONTREAL","PROPRIETAIRE_R_M":"Cartographie géomatique ville","PROVENANCE_DONNEE":"RELEVE TERRAIN INTERNE","STATUT_ACTIF":"EXISTANT","STATUT_ACTIF_R_M":"Plan profil","LATITUDE":45.49921861899317,"LONGITUDE":-73.57361640499158,"ABANDONNE_R":"NON","ABANDONNE_R_M":"Non applicable"}},"geometry":{"type":"Point","coordinates":[-73.57361640499158,45.49921861899317]}},{"type":"Feature","id":"ville-montreal/hydrant/5020372","properties":{"lab":{"objectClass":"hydrant","label":"HYDRANT","sourceId":"5020372","provider":"Ville de Montréal","providerKey":"ville-montreal","dataset":"Bornes d'incendie","datasetId":"cb4de65e-138b-4936-9d5c-2d9a0bc9b4ce","identityField":"ID_BI","sourceName":"360-380 boulevard René-Lévesque Ouest","license":"CC-BY 4.0","retrievedAt":"2026-08-19T19:54:33.442Z","sourceUrl":"https://donnees.montreal.ca/dataset/geolocalisation-des-bornes-fontaines","updateDate":"2026-03-18","geometryType":"Point","legalNote":"Annual inventory. Not for engineering use without City validation."},"source":{"ADRESSE":"360-380 boulevard René-Lévesque Ouest","ADRESSE_R_M":"Cartographie géomatique ville","COORDONNEE_SPATIALE_X":299752.332,"COORDONNEE_SPATIALE_Y":5040606.882,"DATE_ABANDON_R_M":"Non applicable","DATE_INSTALLATION":"1954-01-01","DATE_INSTALLATION_R_M":"Plan Atlas et inventaire","ELEVATION_TERRAIN":27.078,"ID_BI":5020372,"ID_POINT":5260844,"JURIDICTION":"LOCALE","JURIDICTION_R_M":"Direction épuration eaux usées","PRECISION_DATE_INSTALL":"DATE INSTALLATION DANS L'ANNEE COURANTE","PRECISION_DATE_INSTALL_R_M":"Plan Atlas et inventaire","PROPRIETAIRE":"VILLE DE MONTREAL","PROPRIETAIRE_R_M":"Cartographie géomatique ville","PROVENANCE_DONNEE":"RELEVE PHOTOGRAMMETRIQUE","STATUT_ACTIF":"EXISTANT","STATUT_ACTIF_R_M":"Plan profil","LATITUDE":45.505373103604015,"LONGITUDE":-73.56459657454793,"ABANDONNE_R":"NON","ABANDONNE_R_M":"Non applicable"}},"geometry":{"type":"Point","coordinates":[-73.56459657454793,45.505373103604015]}},{"type":"Feature","id":"ville-montreal/hydrant/5020374","properties":{"lab":{"objectClass":"hydrant","label":"HYDRANT","sourceId":"5020374","provider":"Ville de Montréal","providerKey":"ville-montreal","dataset":"Bornes d'incendie","datasetId":"cb4de65e-138b-4936-9d5c-2d9a0bc9b4ce","identityField":"ID_BI","sourceName":"481 avenue Viger Ouest","license":"CC-BY 4.0","retrievedAt":"2026-08-19T19:54:33.442Z","sourceUrl":"https://donnees.montreal.ca/dataset/geolocalisation-des-bornes-fontaines","updateDate":"2026-03-18","geometryType":"Point","legalNote":"Annual inventory. Not for engineering use without City validation."},"source":{"ADRESSE":"481 avenue Viger Ouest","ADRESSE_R_M":"Cartographie géomatique ville","COORDONNEE_SPATIALE_X":299898.47,"COORDONNEE_SPATIALE_Y":5040272.085,"DATE_ABANDON_R_M":"Non applicable","DATE_INSTALLATION":"1967-01-01","DATE_INSTALLATION_R_M":"Plan Atlas et inventaire","ELEVATION_TERRAIN":16.693,"ID_BI":5020374,"ID_POINT":5260846,"JURIDICTION":"LOCALE","JURIDICTION_R_M":"Direction épuration eaux usées","PRECISION_DATE_INSTALL":"DATE INSTALLATION DANS L'ANNEE COURANTE","PRECISION_DATE_INSTALL_R_M":"Plan Atlas et inventaire","PROPRIETAIRE":"VILLE DE MONTREAL","PROPRIETAIRE_R_M":"Cartographie géomatique ville","PROVENANCE_DONNEE":"RELEVE PHOTOGRAMMETRIQUE","STATUT_ACTIF":"EXISTANT","STATUT_ACTIF_R_M":"Plan profil","LATITUDE":45.502361447522745,"LONGITUDE":-73.5627231630945,"ABANDONNE_R":"NON","ABANDONNE_R_M":"Non applicable"}},"geometry":{"type":"Point","coordinates":[-73.5627231630945,45.502361447522745]}},{"type":"Feature","id":"ville-montreal/hydrant/5020375","properties":{"lab":{"objectClass":"hydrant","label":"HYDRANT","sourceId":"5020375","provider":"Ville de Montréal","providerKey":"ville-montreal","dataset":"Bornes d'incendie","datasetId":"cb4de65e-138b-4936-9d5c-2d9a0bc9b4ce","identityField":"ID_BI","sourceName":"315 rue De La Gauchetière Ouest","license":"CC-BY 4.0","retrievedAt":"2026-08-19T19:54:33.442Z","sourceUrl":"https://donnees.montreal.ca/dataset/geolocalisation-des-bornes-fontaines","updateDate":"2026-03-18","geometryType":"Point","legalNote":"Annual inventory. Not for engineering use without City validation."},"source":{"ADRESSE":"315 rue De La Gauchetière Ouest","ADRESSE_R_M":"Cartographie géomatique ville","COORDONNEE_SPATIALE_X":299892.262,"COORDONNEE_SPATIALE_Y":5040499.061,"DATE_ABANDON_R_M":"Non applicable","DATE_INSTALLATION":"1876-01-01","DATE_INSTALLATION_R_M":"Plan Atlas et inventaire","ELEVATION_TERRAIN":19.165,"ID_BI":5020375,"ID_POINT":5260847,"JURIDICTION":"LOCALE","JURIDICTION_R_M":"Direction production eau potable","PRECISION_DATE_INSTALL":"DATE INSTALLATION DANS L'ANNEE COURANTE","PRECISION_DATE_INSTALL_R_M":"Plan Atlas et inventaire","PROPRIETAIRE":"VILLE DE MONTREAL","PROPRIETAIRE_R_M":"Cartographie géomatique ville","PROVENANCE_DONNEE":"RELEVE PHOTOGRAMMETRIQUE","STATUT_ACTIF":"EXISTANT","STATUT_ACTIF_R_M":"Plan profil","LATITUDE":45.50440387339413,"LONGITUDE":-73.56280476830482,"ABANDONNE_R":"NON","ABANDONNE_R_M":"Non applicable"}},"geometry":{"type":"Point","coordinates":[-73.56280476830482,45.50440387339413]}},{"type":"Feature","id":"ville-montreal/hydrant/5020376","properties":{"lab":{"objectClass":"hydrant","label":"HYDRANT","sourceId":"5020376","provider":"Ville de Montréal","providerKey":"ville-montreal","dataset":"Bornes d'incendie","datasetId":"cb4de65e-138b-4936-9d5c-2d9a0bc9b4ce","identityField":"ID_BI","sourceName":"900 boulevard De Maisonneuve Ouest","license":"CC-BY 4.0","retrievedAt":"2026-08-19T19:54:33.442Z","sourceUrl":"https://donnees.montreal.ca/dataset/geolocalisation-des-bornes-fontaines","updateDate":"2026-03-18","geometryType":"Point","legalNote":"Annual inventory. Not for engineering use without City validation."},"source":{"ADRESSE":"900 boulevard De Maisonneuve Ouest","ADRESSE_R_M":"Cartographie géomatique ville","COORDONNEE_SPATIALE_X":299074.774,"COORDONNEE_SPATIALE_Y":5040243.51,"DATE_ABANDON_R_M":"Non applicable","DATE_INSTALLATION":"1985-01-01","DATE_INSTALLATION_R_M":"Plan Atlas et inventaire","ELEVATION_TERRAIN":40.894,"ID_BI":5020376,"ID_POINT":5260848,"JURIDICTION":"LOCALE","JURIDICTION_R_M":"Direction épuration eaux usées","PRECISION_DATE_INSTALL":"DATE INSTALLATION DANS L'ANNEE COURANTE","PRECISION_DATE_INSTALL_R_M":"Plan Atlas et inventaire","PROPRIETAIRE":"VILLE DE MONTREAL","PROPRIETAIRE_R_M":"Cartographie géomatique ville","PROVENANCE_DONNEE":"RELEVE PHOTOGRAMMETRIQUE","STATUT_ACTIF":"EXISTANT","STATUT_ACTIF_R_M":"Plan profil","LATITUDE":45.50209820049158,"LONGITUDE":-73.57326324865748,"ABANDONNE_R":"NON","ABANDONNE_R_M":"Non applicable"}},"geometry":{"type":"Point","coordinates":[-73.57326324865748,45.50209820049158]}},{"type":"Feature","id":"ville-montreal/hydrant/5020095","properties":{"lab":{"objectClass":"hydrant","label":"HYDRANT","sourceId":"5020095","provider":"Ville de Montréal","providerKey":"ville-montreal","dataset":"Bornes d'incendie","datasetId":"cb4de65e-138b-4936-9d5c-2d9a0bc9b4ce","identityField":"ID_BI","sourceName":"1515 rue Sainte-Catherine Ouest","license":"CC-BY 4.0","retrievedAt":"2026-08-19T19:54:33.442Z","sourceUrl":"https://donnees.montreal.ca/dataset/geolocalisation-des-bornes-fontaines","updateDate":"2026-03-18","geometryType":"Point","legalNote":"Annual inventory. Not for engineering use without City validation."},"source":{"ADRESSE":"1515 rue Sainte-Catherine Ouest","ADRESSE_R_M":"Cartographie géomatique ville","COORDONNEE_SPATIALE_X":298729.452,"COORDONNEE_SPATIALE_Y":5039492.092,"DATE_ABANDON_R_M":"Non applicable","DATE_INSTALLATION":"1890-01-01","DATE_INSTALLATION_R_M":"Plan Atlas et inventaire","ELEVATION_TERRAIN":45.685,"ID_BI":5020095,"ID_POINT":5253829,"JURIDICTION":"LOCALE","JURIDICTION_R_M":"Direction épuration eaux usées","PRECISION_DATE_INSTALL":"DATE INSTALLATION DANS L'ANNEE COURANTE","PRECISION_DATE_INSTALL_R_M":"Plan Atlas et inventaire","PROPRIETAIRE":"VILLE DE MONTREAL","PROPRIETAIRE_R_M":"Cartographie géomatique ville","PROVENANCE_DONNEE":"RELEVE TERRAIN INTERNE","STATUT_ACTIF":"EXISTANT","STATUT_ACTIF_R_M":"Plan profil","LATITUDE":45.49533370561873,"LONGITUDE":-73.57767278458849,"ABANDONNE_R":"NON","ABANDONNE_R_M":"Non applicable"}},"geometry":{"type":"Point","coordinates":[-73.57767278458849,45.49533370561873]}},{"type":"Feature","id":"ville-montreal/hydrant/5020380","properties":{"lab":{"objectClass":"hydrant","label":"HYDRANT","sourceId":"5020380","provider":"Ville de Montréal","providerKey":"ville-montreal","dataset":"Bornes d'incendie","datasetId":"cb4de65e-138b-4936-9d5c-2d9a0bc9b4ce","identityField":"ID_BI","sourceName":"625 rue Sainte-Catherine Ouest","license":"CC-BY 4.0","retrievedAt":"2026-08-19T19:54:33.442Z","sourceUrl":"https://donnees.montreal.ca/dataset/geolocalisation-des-bornes-fontaines","updateDate":"2026-03-18","geometryType":"Point","legalNote":"Annual inventory. Not for engineering use without City validation."},"source":{"ADRESSE":"625 rue Sainte-Catherine Ouest","ADRESSE_R_M":"Cartographie géomatique ville","COORDONNEE_SPATIALE_X":299368.477,"COORDONNEE_SPATIALE_Y":5040436.103,"DATE_ABANDON_R_M":"Non applicable","DATE_INSTALLATION":"1988-01-01","DATE_INSTALLATION_R_M":"Plan Atlas et inventaire","ELEVATION_TERRAIN":35.661,"ID_BI":5020380,"ID_POINT":5260852,"JURIDICTION":"LOCALE","JURIDICTION_R_M":"Direction épuration eaux usées","PRECISION_DATE_INSTALL":"DATE INSTALLATION DANS L'ANNEE COURANTE","PRECISION_DATE_INSTALL_R_M":"Plan Atlas et inventaire","PROPRIETAIRE":"VILLE DE MONTREAL","PROPRIETAIRE_R_M":"Cartographie géomatique ville","PROVENANCE_DONNEE":"RELEVE TERRAIN INTERNE","STATUT_ACTIF":"EXISTANT","STATUT_ACTIF_R_M":"Plan profil","LATITUDE":45.50383355688786,"LONGITUDE":-73.56950698637601,"ABANDONNE_R":"NON","ABANDONNE_R_M":"Non applicable"}},"geometry":{"type":"Point","coordinates":[-73.56950698637601,45.50383355688786]}},{"type":"Feature","id":"ville-montreal/hydrant/5020131","properties":{"lab":{"objectClass":"hydrant","label":"HYDRANT","sourceId":"5020131","provider":"Ville de Montréal","providerKey":"ville-montreal","dataset":"Bornes d'incendie","datasetId":"cb4de65e-138b-4936-9d5c-2d9a0bc9b4ce","identityField":"ID_BI","sourceName":"1370-1386 rue Sainte-Catherine Ouest","license":"CC-BY 4.0","retrievedAt":"2026-08-19T19:54:33.442Z","sourceUrl":"https://donnees.montreal.ca/dataset/geolocalisation-des-bornes-fontaines","updateDate":"2026-03-18","geometryType":"Point","legalNote":"Annual inventory. Not for engineering use without City validation."},"source":{"ADRESSE":"1370-1386 rue Sainte-Catherine Ouest","ADRESSE_R_M":"Cartographie géomatique ville","COORDONNEE_SPATIALE_X":298885.102,"COORDONNEE_SPATIALE_Y":5039684.581,"DATE_ABANDON_R_M":"Non applicable","DATE_INSTALLATION":"1882-01-01","DATE_INSTALLATION_R_M":"Plan Atlas et inventaire","ELEVATION_TERRAIN":42.194,"ID_BI":5020131,"ID_POINT":5253865,"JURIDICTION":"LOCALE","JURIDICTION_R_M":"Direction épuration eaux usées","PRECISION_DATE_INSTALL":"DATE INSTALLATION DANS L'ANNEE COURANTE","PRECISION_DATE_INSTALL_R_M":"Plan Atlas et inventaire","PROPRIETAIRE":"VILLE DE MONTREAL","PROPRIETAIRE_R_M":"Cartographie géomatique ville","PROVENANCE_DONNEE":"RELEVE TERRAIN INTERNE","STATUT_ACTIF":"EXISTANT","STATUT_ACTIF_R_M":"Plan profil","LATITUDE":45.49706714979241,"LONGITUDE":-73.57568358382274,"ABANDONNE_R":"NON","ABANDONNE_R_M":"Non applicable"}},"geometry":{"type":"Point","coordinates":[-73.57568358382274,45.49706714979241]}},{"type":"Feature","id":"ville-montreal/hydrant/5020302","properties":{"lab":{"objectClass":"hydrant","label":"HYDRANT","sourceId":"5020302","provider":"Ville de Montréal","providerKey":"ville-montreal","dataset":"Bornes d'incendie","datasetId":"cb4de65e-138b-4936-9d5c-2d9a0bc9b4ce","identityField":"ID_BI","sourceName":"454-460 boulevard René-Lévesque Ouest","license":"CC-BY 4.0","retrievedAt":"2026-08-19T19:54:33.442Z","sourceUrl":"https://donnees.montreal.ca/dataset/geolocalisation-des-bornes-fontaines","updateDate":"2026-03-18","geometryType":"Point","legalNote":"Annual inventory. Not for engineering use without City validation."},"source":{"ADRESSE":"454-460 boulevard René-Lévesque Ouest","ADRESSE_R_M":"Cartographie géomatique ville","COORDONNEE_SPATIALE_X":299666.94,"COORDONNEE_SPATIALE_Y":5040423.747,"DATE_ABANDON_R_M":"Non applicable","DATE_INSTALLATION":"1883-01-01","DATE_INSTALLATION_R_M":"Plan Atlas et inventaire","ELEVATION_TERRAIN":33.914,"ID_BI":5020302,"ID_POINT":5260774,"JURIDICTION":"LOCALE","JURIDICTION_R_M":"Direction épuration eaux usées","PRECISION_DATE_INSTALL":"DATE INSTALLATION DANS L'ANNEE COURANTE","PRECISION_DATE_INSTALL_R_M":"Plan Atlas et inventaire","PROPRIETAIRE":"VILLE DE MONTREAL","PROPRIETAIRE_R_M":"Cartographie géomatique ville","PROVENANCE_DONNEE":"RELEVE TERRAIN INTERNE","STATUT_ACTIF":"EXISTANT","STATUT_ACTIF_R_M":"Plan profil","LATITUDE":45.50372457826519,"LONGITUDE":-73.56568741473174,"ABANDONNE_R":"NON","ABANDONNE_R_M":"Non applicable"}},"geometry":{"type":"Point","coordinates":[-73.56568741473174,45.50372457826519]}},{"type":"Feature","id":"ville-montreal/hydrant/5020318","properties":{"lab":{"objectClass":"hydrant","label":"HYDRANT","sourceId":"5020318","provider":"Ville de Montréal","providerKey":"ville-montreal","dataset":"Bornes d'incendie","datasetId":"cb4de65e-138b-4936-9d5c-2d9a0bc9b4ce","identityField":"ID_BI","sourceName":"1248 rue Metcalfe","license":"CC-BY 4.0","retrievedAt":"2026-08-19T19:54:33.442Z","sourceUrl":"https://donnees.montreal.ca/dataset/geolocalisation-des-bornes-fontaines","updateDate":"2026-03-18","geometryType":"Point","legalNote":"Annual inventory. Not for engineering use without City validation."},"source":{"ADRESSE":"1248 rue Metcalfe","ADRESSE_R_M":"Cartographie géomatique ville","COORDONNEE_SPATIALE_X":299155.936,"COORDONNEE_SPATIALE_Y":5040075.593,"DATE_ABANDON_R_M":"Non applicable","DATE_INSTALLATION":"1882-01-01","DATE_INSTALLATION_R_M":"Plan Atlas et inventaire","ELEVATION_TERRAIN":37.231,"ID_BI":5020318,"ID_POINT":5260790,"JURIDICTION":"LOCALE","JURIDICTION_R_M":"Direction épuration eaux usées","PRECISION_DATE_INSTALL":"DATE INSTALLATION DANS L'ANNEE COURANTE","PRECISION_DATE_INSTALL_R_M":"Plan Atlas et inventaire","PROPRIETAIRE":"VILLE DE MONTREAL","PROPRIETAIRE_R_M":"Cartographie géomatique ville","PROVENANCE_DONNEE":"RELEVE TERRAIN INTERNE","STATUT_ACTIF":"EXISTANT","STATUT_ACTIF_R_M":"Plan profil","LATITUDE":45.500587855302506,"LONGITUDE":-73.57222270935095,"ABANDONNE_R":"NON","ABANDONNE_R_M":"Non applicable"}},"geometry":{"type":"Point","coordinates":[-73.57222270935095,45.500587855302506]}},{"type":"Feature","id":"ville-montreal/hydrant/5020319","properties":{"lab":{"objectClass":"hydrant","label":"HYDRANT","sourceId":"5020319","provider":"Ville de Montréal","providerKey":"ville-montreal","dataset":"Bornes d'incendie","datasetId":"cb4de65e-138b-4936-9d5c-2d9a0bc9b4ce","identityField":"ID_BI","sourceName":"1001 rue Sainte-Catherine Ouest","license":"CC-BY 4.0","retrievedAt":"2026-08-19T19:54:33.442Z","sourceUrl":"https://donnees.montreal.ca/dataset/geolocalisation-des-bornes-fontaines","updateDate":"2026-03-18","geometryType":"Point","legalNote":"Annual inventory. Not for engineering use without City validation."},"source":{"ADRESSE":"1001 rue Sainte-Catherine Ouest","ADRESSE_R_M":"Cartographie géomatique ville","COORDONNEE_SPATIALE_X":299142.758,"COORDONNEE_SPATIALE_Y":5040083.965,"DATE_ABANDON_R_M":"Non applicable","DATE_INSTALLATION":"1869-01-01","DATE_INSTALLATION_R_M":"Plan Atlas et inventaire","ELEVATION_TERRAIN":37.778,"ID_BI":5020319,"ID_POINT":5260791,"JURIDICTION":"LOCALE","JURIDICTION_R_M":"Direction épuration eaux usées","PRECISION_DATE_INSTALL":"DATE INSTALLATION DANS L'ANNEE COURANTE","PRECISION_DATE_INSTALL_R_M":"Plan Atlas et inventaire","PROPRIETAIRE":"VILLE DE MONTREAL","PROPRIETAIRE_R_M":"Cartographie géomatique ville","PROVENANCE_DONNEE":"RELEVE TERRAIN INTERNE","STATUT_ACTIF":"EXISTANT","STATUT_ACTIF_R_M":"Plan profil","LATITUDE":45.50066308436647,"LONGITUDE":-73.57239143403902,"ABANDONNE_R":"NON","ABANDONNE_R_M":"Non applicable"}},"geometry":{"type":"Point","coordinates":[-73.57239143403902,45.50066308436647]}},{"type":"Feature","id":"ville-montreal/hydrant/5020322","properties":{"lab":{"objectClass":"hydrant","label":"HYDRANT","sourceId":"5020322","provider":"Ville de Montréal","providerKey":"ville-montreal","dataset":"Bornes d'incendie","datasetId":"cb4de65e-138b-4936-9d5c-2d9a0bc9b4ce","identityField":"ID_BI","sourceName":"999 boulevard Robert-Bourassa","license":"CC-BY 4.0","retrievedAt":"2026-08-19T19:54:33.442Z","sourceUrl":"https://donnees.montreal.ca/dataset/geolocalisation-des-bornes-fontaines","updateDate":"2026-03-18","geometryType":"Point","legalNote":"Annual inventory. Not for engineering use without City validation."},"source":{"ADRESSE":"999 boulevard Robert-Bourassa","ADRESSE_R_M":"Cartographie géomatique ville","COORDONNEE_SPATIALE_X":299795.497,"COORDONNEE_SPATIALE_Y":5040038.838,"DATE_ABANDON_R_M":"Non applicable","DATE_INSTALLATION":"1951-01-01","DATE_INSTALLATION_R_M":"Plan Atlas et inventaire","ELEVATION_TERRAIN":17.487,"ID_BI":5020322,"ID_POINT":5260794,"JURIDICTION":"LOCALE","JURIDICTION_R_M":"Direction épuration eaux usées","PRECISION_DATE_INSTALL":"DATE INSTALLATION DANS L'ANNEE COURANTE","PRECISION_DATE_INSTALL_R_M":"Plan Atlas et inventaire","PROPRIETAIRE":"VILLE DE MONTREAL","PROPRIETAIRE_R_M":"Cartographie géomatique ville","PROVENANCE_DONNEE":"RELEVE TERRAIN INTERNE","STATUT_ACTIF":"EXISTANT","STATUT_ACTIF_R_M":"Plan profil","LATITUDE":45.50026185521034,"LONGITUDE":-73.56403855010065,"ABANDONNE_R":"NON","ABANDONNE_R_M":"Non applicable"}},"geometry":{"type":"Point","coordinates":[-73.56403855010065,45.50026185521034]}},{"type":"Feature","id":"ville-montreal/hydrant/5020323","properties":{"lab":{"objectClass":"hydrant","label":"HYDRANT","sourceId":"5020323","provider":"Ville de Montréal","providerKey":"ville-montreal","dataset":"Bornes d'incendie","datasetId":"cb4de65e-138b-4936-9d5c-2d9a0bc9b4ce","identityField":"ID_BI","sourceName":"950-1000 boulevard Robert-Bourassa","license":"CC-BY 4.0","retrievedAt":"2026-08-19T19:54:33.442Z","sourceUrl":"https://donnees.montreal.ca/dataset/geolocalisation-des-bornes-fontaines","updateDate":"2026-03-18","geometryType":"Point","legalNote":"Annual inventory. Not for engineering use without City validation."},"source":{"ADRESSE":"950-1000 boulevard Robert-Bourassa","ADRESSE_R_M":"Cartographie géomatique ville","COORDONNEE_SPATIALE_X":299748.912,"COORDONNEE_SPATIALE_Y":5040038.297,"DATE_ABANDON_R_M":"Non applicable","DATE_INSTALLATION":"1951-01-01","DATE_INSTALLATION_R_M":"Plan Atlas et inventaire","ELEVATION_TERRAIN":18.674,"ID_BI":5020323,"ID_POINT":5260795,"JURIDICTION":"LOCALE","JURIDICTION_R_M":"Direction épuration eaux usées","PRECISION_DATE_INSTALL":"DATE INSTALLATION DANS L'ANNEE COURANTE","PRECISION_DATE_INSTALL_R_M":"Plan Atlas et inventaire","PROPRIETAIRE":"VILLE DE MONTREAL","PROPRIETAIRE_R_M":"Cartographie géomatique ville","PROVENANCE_DONNEE":"RELEVE TERRAIN INTERNE","STATUT_ACTIF":"EXISTANT","STATUT_ACTIF_R_M":"Plan profil","LATITUDE":45.50025667148427,"LONGITUDE":-73.56463462222712,"ABANDONNE_R":"NON","ABANDONNE_R_M":"Non applicable"}},"geometry":{"type":"Point","coordinates":[-73.56463462222712,45.50025667148427]}},{"type":"Feature","id":"ville-montreal/hydrant/5020324","properties":{"lab":{"objectClass":"hydrant","label":"HYDRANT","sourceId":"5020324","provider":"Ville de Montréal","providerKey":"ville-montreal","dataset":"Bornes d'incendie","datasetId":"cb4de65e-138b-4936-9d5c-2d9a0bc9b4ce","identityField":"ID_BI","sourceName":"1055 boulevard René-Lévesque Ouest","license":"CC-BY 4.0","retrievedAt":"2026-08-19T19:54:33.442Z","sourceUrl":"https://donnees.montreal.ca/dataset/geolocalisation-des-bornes-fontaines","updateDate":"2026-03-18","geometryType":"Point","legalNote":"Annual inventory. Not for engineering use without City validation."},"source":{"ADRESSE":"1055 boulevard René-Lévesque Ouest","ADRESSE_R_M":"Cartographie géomatique ville","COORDONNEE_SPATIALE_X":299381.504,"COORDONNEE_SPATIALE_Y":5040049.073,"DATE_ABANDON_R_M":"Non applicable","DATE_INSTALLATION":"1893-01-01","DATE_INSTALLATION_R_M":"Plan Atlas et inventaire","ELEVATION_TERRAIN":36.817,"ID_BI":5020324,"ID_POINT":5260796,"JURIDICTION":"LOCALE","JURIDICTION_R_M":"Direction épuration eaux usées","PRECISION_DATE_INSTALL":"DATE INSTALLATION DANS L'ANNEE COURANTE","PRECISION_DATE_INSTALL_R_M":"Plan Atlas et inventaire","PROPRIETAIRE":"VILLE DE MONTREAL","PROPRIETAIRE_R_M":"Cartographie géomatique ville","PROVENANCE_DONNEE":"RELEVE TERRAIN INTERNE","STATUT_ACTIF":"EXISTANT","STATUT_ACTIF_R_M":"Plan profil","LATITUDE":45.50035098331486,"LONGITUDE":-73.56933601896436,"ABANDONNE_R":"NON","ABANDONNE_R_M":"Non applicable"}},"geometry":{"type":"Point","coordinates":[-73.56933601896436,45.50035098331486]}},{"type":"Feature","id":"ville-montreal/hydrant/5020325","properties":{"lab":{"objectClass":"hydrant","label":"HYDRANT","sourceId":"5020325","provider":"Ville de Montréal","providerKey":"ville-montreal","dataset":"Bornes d'incendie","datasetId":"cb4de65e-138b-4936-9d5c-2d9a0bc9b4ce","identityField":"ID_BI","sourceName":"629 rue Saint-Antoine Ouest","license":"CC-BY 4.0","retrievedAt":"2026-08-19T19:54:33.442Z","sourceUrl":"https://donnees.montreal.ca/dataset/geolocalisation-des-bornes-fontaines","updateDate":"2026-03-18","geometryType":"Point","legalNote":"Annual inventory. Not for engineering use without City validation."},"source":{"ADRESSE":"629 rue Saint-Antoine Ouest","ADRESSE_R_M":"Cartographie géomatique ville","COORDONNEE_SPATIALE_X":299910.538,"COORDONNEE_SPATIALE_Y":5040096.316,"DATE_ABANDON_R_M":"Non applicable","DATE_INSTALLATION":"1995-01-01","DATE_INSTALLATION_R_M":"Plan Atlas et inventaire","ELEVATION_TERRAIN":15.104,"ID_BI":5020325,"ID_POINT":5260797,"JURIDICTION":"LOCALE","JURIDICTION_R_M":"Direction épuration eaux usées","PRECISION_DATE_INSTALL":"DATE INSTALLATION DANS L'ANNEE COURANTE","PRECISION_DATE_INSTALL_R_M":"Plan Atlas et inventaire","PROPRIETAIRE":"VILLE DE MONTREAL","PROPRIETAIRE_R_M":"Cartographie géomatique ville","PROVENANCE_DONNEE":"RELEVE TERRAIN INTERNE","STATUT_ACTIF":"EXISTANT","STATUT_ACTIF_R_M":"Plan profil","LATITUDE":45.50077984542203,"LONGITUDE":-73.56256708552623,"ABANDONNE_R":"NON","ABANDONNE_R_M":"Non applicable"}},"geometry":{"type":"Point","coordinates":[-73.56256708552623,45.50077984542203]}},{"type":"Feature","id":"ville-montreal/hydrant/5020329","properties":{"lab":{"objectClass":"hydrant","label":"HYDRANT","sourceId":"5020329","provider":"Ville de Montréal","providerKey":"ville-montreal","dataset":"Bornes d'incendie","datasetId":"cb4de65e-138b-4936-9d5c-2d9a0bc9b4ce","identityField":"ID_BI","sourceName":"2055 boulevard Robert-Bourassa","license":"CC-BY 4.0","retrievedAt":"2026-08-19T19:54:33.442Z","sourceUrl":"https://donnees.montreal.ca/dataset/geolocalisation-des-bornes-fontaines","updateDate":"2026-03-18","geometryType":"Point","legalNote":"Annual inventory. Not for engineering use without City validation."},"source":{"ADRESSE":"2055 boulevard Robert-Bourassa","ADRESSE_R_M":"Cartographie géomatique ville","COORDONNEE_SPATIALE_X":299152.546,"COORDONNEE_SPATIALE_Y":5040518.066,"DATE_ABANDON_R_M":"Non applicable","DATE_INSTALLATION":"1964-01-01","DATE_INSTALLATION_R_M":"Plan Atlas et inventaire","ELEVATION_TERRAIN":40.091,"ID_BI":5020329,"ID_POINT":5260801,"JURIDICTION":"LOCALE","JURIDICTION_R_M":"Direction épuration eaux usées","PRECISION_DATE_INSTALL":"DATE INSTALLATION DANS L'ANNEE COURANTE","PRECISION_DATE_INSTALL_R_M":"Plan Atlas et inventaire","PROPRIETAIRE":"VILLE DE MONTREAL","PROPRIETAIRE_R_M":"Cartographie géomatique ville","PROVENANCE_DONNEE":"RELEVE TERRAIN INTERNE","STATUT_ACTIF":"EXISTANT","STATUT_ACTIF_R_M":"Plan profil","LATITUDE":45.50456940273878,"LONGITUDE":-73.57227123545115,"ABANDONNE_R":"NON","ABANDONNE_R_M":"Non applicable"}},"geometry":{"type":"Point","coordinates":[-73.57227123545115,45.50456940273878]}},{"type":"Feature","id":"ville-montreal/hydrant/5020339","properties":{"lab":{"objectClass":"hydrant","label":"HYDRANT","sourceId":"5020339","provider":"Ville de Montréal","providerKey":"ville-montreal","dataset":"Bornes d'incendie","datasetId":"cb4de65e-138b-4936-9d5c-2d9a0bc9b4ce","identityField":"ID_BI","sourceName":"402 boulevard René-Lévesque Ouest","license":"CC-BY 4.0","retrievedAt":"2026-08-19T19:54:33.442Z","sourceUrl":"https://donnees.montreal.ca/dataset/geolocalisation-des-bornes-fontaines","updateDate":"2026-03-18","geometryType":"Point","legalNote":"Annual inventory. Not for engineering use without City validation."},"source":{"ADRESSE":"402 boulevard René-Lévesque Ouest","ADRESSE_R_M":"Cartographie géomatique ville","COORDONNEE_SPATIALE_X":299745.841,"COORDONNEE_SPATIALE_Y":5040519.069,"DATE_ABANDON_R_M":"Non applicable","DATE_INSTALLATION":"1914-01-01","DATE_INSTALLATION_R_M":"Plan Atlas et inventaire","ELEVATION_TERRAIN":28.043,"ID_BI":5020339,"ID_POINT":5260811,"JURIDICTION":"LOCALE","JURIDICTION_R_M":"Direction épuration eaux usées","PRECISION_DATE_INSTALL":"DATE INSTALLATION DANS L'ANNEE COURANTE","PRECISION_DATE_INSTALL_R_M":"Plan Atlas et inventaire","PROPRIETAIRE":"VILLE DE MONTREAL","PROPRIETAIRE_R_M":"Cartographie géomatique ville","PROVENANCE_DONNEE":"RELEVE TERRAIN INTERNE","STATUT_ACTIF":"EXISTANT","STATUT_ACTIF_R_M":"Plan profil","LATITUDE":45.504582887966656,"LONGITUDE":-73.56467871608501,"ABANDONNE_R":"NON","ABANDONNE_R_M":"Non applicable"}},"geometry":{"type":"Point","coordinates":[-73.56467871608501,45.504582887966656]}},{"type":"Feature","id":"ville-montreal/hydrant/5020099","properties":{"lab":{"objectClass":"hydrant","label":"HYDRANT","sourceId":"5020099","provider":"Ville de Montréal","providerKey":"ville-montreal","dataset":"Bornes d'incendie","datasetId":"cb4de65e-138b-4936-9d5c-2d9a0bc9b4ce","identityField":"ID_BI","sourceName":"1472-1478 rue Sainte-Catherine Ouest","license":"CC-BY 4.0","retrievedAt":"2026-08-19T19:54:33.442Z","sourceUrl":"https://donnees.montreal.ca/dataset/geolocalisation-des-bornes-fontaines","updateDate":"2026-03-18","geometryType":"Point","legalNote":"Annual inventory. Not for engineering use without City validation."},"source":{"ADRESSE":"1472-1478 rue Sainte-Catherine Ouest","ADRESSE_R_M":"Cartographie géomatique ville","COORDONNEE_SPATIALE_X":298794.452,"COORDONNEE_SPATIALE_Y":5039531.131,"DATE_ABANDON_R_M":"Non applicable","DATE_INSTALLATION":"1992-01-01","DATE_INSTALLATION_R_M":"Plan Atlas et inventaire","ELEVATION_TERRAIN":44.999,"ID_BI":5020099,"ID_POINT":5253833,"JURIDICTION":"LOCALE","JURIDICTION_R_M":"Direction épuration eaux usées","PRECISION_DATE_INSTALL":"DATE INSTALLATION DANS L'ANNEE COURANTE","PRECISION_DATE_INSTALL_R_M":"Plan Atlas et inventaire","PROPRIETAIRE":"VILLE DE MONTREAL","PROPRIETAIRE_R_M":"Cartographie géomatique ville","PROVENANCE_DONNEE":"RELEVE TERRAIN INTERNE","STATUT_ACTIF":"EXISTANT","STATUT_ACTIF_R_M":"Plan profil","LATITUDE":45.49568556704591,"LONGITUDE":-73.57684159169494,"ABANDONNE_R":"NON","ABANDONNE_R_M":"Non applicable"}},"geometry":{"type":"Point","coordinates":[-73.57684159169494,45.49568556704591]}},{"type":"Feature","id":"ville-montreal/hydrant/5020303","properties":{"lab":{"objectClass":"hydrant","label":"HYDRANT","sourceId":"5020303","provider":"Ville de Montréal","providerKey":"ville-montreal","dataset":"Bornes d'incendie","datasetId":"cb4de65e-138b-4936-9d5c-2d9a0bc9b4ce","identityField":"ID_BI","sourceName":"777 boulevard Robert-Bourassa","license":"CC-BY 4.0","retrievedAt":"2026-08-19T19:54:33.442Z","sourceUrl":"https://donnees.montreal.ca/dataset/geolocalisation-des-bornes-fontaines","updateDate":"2026-03-18","geometryType":"Point","legalNote":"Annual inventory. Not for engineering use without City validation."},"source":{"ADRESSE":"777 boulevard Robert-Bourassa","ADRESSE_R_M":"Cartographie géomatique ville","COORDONNEE_SPATIALE_X":299896.046,"COORDONNEE_SPATIALE_Y":5040034.96,"DATE_ABANDON_R_M":"Non applicable","DATE_INSTALLATION":"1960-01-01","DATE_INSTALLATION_R_M":"Plan Atlas et inventaire","ELEVATION_TERRAIN":15.136,"ID_BI":5020303,"ID_POINT":5260775,"JURIDICTION":"LOCALE","JURIDICTION_R_M":"Direction épuration eaux usées","PRECISION_DATE_INSTALL":"DATE INSTALLATION DANS L'ANNEE COURANTE","PRECISION_DATE_INSTALL_R_M":"Plan Atlas et inventaire","PROPRIETAIRE":"VILLE DE MONTREAL","PROPRIETAIRE_R_M":"Cartographie géomatique ville","PROVENANCE_DONNEE":"RELEVE TERRAIN INTERNE","STATUT_ACTIF":"EXISTANT","STATUT_ACTIF_R_M":"Plan profil","LATITUDE":45.50022762888468,"LONGITUDE":-73.56275194057825,"ABANDONNE_R":"NON","ABANDONNE_R_M":"Non applicable"}},"geometry":{"type":"Point","coordinates":[-73.56275194057825,45.50022762888468]}},{"type":"Feature","id":"ville-montreal/hydrant/5020306","properties":{"lab":{"objectClass":"hydrant","label":"HYDRANT","sourceId":"5020306","provider":"Ville de Montréal","providerKey":"ville-montreal","dataset":"Bornes d'incendie","datasetId":"cb4de65e-138b-4936-9d5c-2d9a0bc9b4ce","identityField":"ID_BI","sourceName":"625 rue Belmont","license":"CC-BY 4.0","retrievedAt":"2026-08-19T19:54:33.442Z","sourceUrl":"https://donnees.montreal.ca/dataset/geolocalisation-des-bornes-fontaines","updateDate":"2026-03-18","geometryType":"Point","legalNote":"Annual inventory. Not for engineering use without City validation."},"source":{"ADRESSE":"625 rue Belmont","ADRESSE_R_M":"Cartographie géomatique ville","COORDONNEE_SPATIALE_X":299632.146,"COORDONNEE_SPATIALE_Y":5040174.976,"DATE_ABANDON_R_M":"Non applicable","DATE_INSTALLATION":"1912-01-01","DATE_INSTALLATION_R_M":"Plan Atlas et inventaire","ELEVATION_TERRAIN":34.105,"ID_BI":5020306,"ID_POINT":5260778,"JURIDICTION":"LOCALE","JURIDICTION_R_M":"Direction épuration eaux usées","PRECISION_DATE_INSTALL":"DATE INSTALLATION DANS L'ANNEE COURANTE","PRECISION_DATE_INSTALL_R_M":"Plan Atlas et inventaire","PROPRIETAIRE":"VILLE DE MONTREAL","PROPRIETAIRE_R_M":"Cartographie géomatique ville","PROVENANCE_DONNEE":"RELEVE TERRAIN INTERNE","STATUT_ACTIF":"EXISTANT","STATUT_ACTIF_R_M":"Plan profil","LATITUDE":45.50148576944991,"LONGITUDE":-73.56613010458616,"ABANDONNE_R":"NON","ABANDONNE_R_M":"Non applicable"}},"geometry":{"type":"Point","coordinates":[-73.56613010458616,45.50148576944991]}},{"type":"Feature","id":"ville-montreal/hydrant/5020307","properties":{"lab":{"objectClass":"hydrant","label":"HYDRANT","sourceId":"5020307","provider":"Ville de Montréal","providerKey":"ville-montreal","dataset":"Bornes d'incendie","datasetId":"cb4de65e-138b-4936-9d5c-2d9a0bc9b4ce","identityField":"ID_BI","sourceName":"690-700 boulevard René-Lévesque Ouest","license":"CC-BY 4.0","retrievedAt":"2026-08-19T19:54:33.442Z","sourceUrl":"https://donnees.montreal.ca/dataset/geolocalisation-des-bornes-fontaines","updateDate":"2026-03-18","geometryType":"Point","legalNote":"Annual inventory. Not for engineering use without City validation."},"source":{"ADRESSE":"690-700 boulevard René-Lévesque Ouest","ADRESSE_R_M":"Cartographie géomatique ville","COORDONNEE_SPATIALE_X":299546.771,"COORDONNEE_SPATIALE_Y":5040187.636,"DATE_ABANDON_R_M":"Non applicable","DATE_INSTALLATION":"1951-01-01","DATE_INSTALLATION_R_M":"Plan Atlas et inventaire","ELEVATION_TERRAIN":37.296,"ID_BI":5020307,"ID_POINT":5260779,"JURIDICTION":"LOCALE","JURIDICTION_R_M":"Direction épuration eaux usées","PRECISION_DATE_INSTALL":"DATE INSTALLATION DANS L'ANNEE COURANTE","PRECISION_DATE_INSTALL_R_M":"Plan Atlas et inventaire","PROPRIETAIRE":"VILLE DE MONTREAL","PROPRIETAIRE_R_M":"Cartographie géomatique ville","PROVENANCE_DONNEE":"RELEVE TERRAIN INTERNE","STATUT_ACTIF":"EXISTANT","STATUT_ACTIF_R_M":"Plan profil","LATITUDE":45.50159907383195,"LONGITUDE":-73.56722271114374,"ABANDONNE_R":"NON","ABANDONNE_R_M":"Non applicable"}},"geometry":{"type":"Point","coordinates":[-73.56722271114374,45.50159907383195]}},{"type":"Feature","id":"ville-montreal/hydrant/5020309","properties":{"lab":{"objectClass":"hydrant","label":"HYDRANT","sourceId":"5020309","provider":"Ville de Montréal","providerKey":"ville-montreal","dataset":"Bornes d'incendie","datasetId":"cb4de65e-138b-4936-9d5c-2d9a0bc9b4ce","identityField":"ID_BI","sourceName":"2063 rue Victoria","license":"CC-BY 4.0","retrievedAt":"2026-08-19T19:54:33.442Z","sourceUrl":"https://donnees.montreal.ca/dataset/geolocalisation-des-bornes-fontaines","updateDate":"2026-03-18","geometryType":"Point","legalNote":"Annual inventory. Not for engineering use without City validation."},"source":{"ADRESSE":"2063 rue Victoria","ADRESSE_R_M":"Cartographie géomatique ville","COORDONNEE_SPATIALE_X":299076.443,"COORDONNEE_SPATIALE_Y":5040434.103,"DATE_ABANDON_R_M":"Non applicable","DATE_INSTALLATION":"1966-01-01","DATE_INSTALLATION_R_M":"Plan Atlas et inventaire","ELEVATION_TERRAIN":41.526,"ID_BI":5020309,"ID_POINT":5260781,"JURIDICTION":"LOCALE","JURIDICTION_R_M":"Direction épuration eaux usées","PRECISION_DATE_INSTALL":"DATE INSTALLATION DANS L'ANNEE COURANTE","PRECISION_DATE_INSTALL_R_M":"Plan Atlas et inventaire","PROPRIETAIRE":"VILLE DE MONTREAL","PROPRIETAIRE_R_M":"Cartographie géomatique ville","PROVENANCE_DONNEE":"RELEVE TERRAIN INTERNE","STATUT_ACTIF":"EXISTANT","STATUT_ACTIF_R_M":"Plan profil","LATITUDE":45.503813268252465,"LONGITUDE":-73.57324413825427,"ABANDONNE_R":"NON","ABANDONNE_R_M":"Non applicable"}},"geometry":{"type":"Point","coordinates":[-73.57324413825427,45.503813268252465]}},{"type":"Feature","id":"ville-montreal/hydrant/5020310","properties":{"lab":{"objectClass":"hydrant","label":"HYDRANT","sourceId":"5020310","provider":"Ville de Montréal","providerKey":"ville-montreal","dataset":"Bornes d'incendie","datasetId":"cb4de65e-138b-4936-9d5c-2d9a0bc9b4ce","identityField":"ID_BI","sourceName":"1179 rue De Bleury","license":"CC-BY 4.0","retrievedAt":"2026-08-19T19:54:33.442Z","sourceUrl":"https://donnees.montreal.ca/dataset/geolocalisation-des-bornes-fontaines","updateDate":"2026-03-18","geometryType":"Point","legalNote":"Annual inventory. Not for engineering use without City validation."},"source":{"ADRESSE":"1179 rue De Bleury","ADRESSE_R_M":"Cartographie géomatique ville","COORDONNEE_SPATIALE_X":299689.462,"COORDONNEE_SPATIALE_Y":5040636.675,"DATE_ABANDON_R_M":"Non applicable","DATE_INSTALLATION":"1890-01-01","DATE_INSTALLATION_R_M":"Plan Atlas et inventaire","ELEVATION_TERRAIN":29.979,"ID_BI":5020310,"ID_POINT":5260782,"JURIDICTION":"LOCALE","JURIDICTION_R_M":"Direction production eau potable","PRECISION_DATE_INSTALL":"DATE INSTALLATION DANS L'ANNEE COURANTE","PRECISION_DATE_INSTALL_R_M":"Plan Atlas et inventaire","PROPRIETAIRE":"VILLE DE MONTREAL","PROPRIETAIRE_R_M":"Cartographie géomatique ville","PROVENANCE_DONNEE":"RELEVE TERRAIN INTERNE","STATUT_ACTIF":"EXISTANT","STATUT_ACTIF_R_M":"Plan profil","LATITUDE":45.505640737634046,"LONGITUDE":-73.56540144992226,"ABANDONNE_R":"NON","ABANDONNE_R_M":"Non applicable"}},"geometry":{"type":"Point","coordinates":[-73.56540144992226,45.505640737634046]}},{"type":"Feature","id":"ville-montreal/hydrant/5020311","properties":{"lab":{"objectClass":"hydrant","label":"HYDRANT","sourceId":"5020311","provider":"Ville de Montréal","providerKey":"ville-montreal","dataset":"Bornes d'incendie","datasetId":"cb4de65e-138b-4936-9d5c-2d9a0bc9b4ce","identityField":"ID_BI","sourceName":"305 boulevard René-Lévesque Ouest","license":"CC-BY 4.0","retrievedAt":"2026-08-19T19:54:33.442Z","sourceUrl":"https://donnees.montreal.ca/dataset/geolocalisation-des-bornes-fontaines","updateDate":"2026-03-18","geometryType":"Point","legalNote":"Annual inventory. Not for engineering use without City validation."},"source":{"ADRESSE":"305 boulevard René-Lévesque Ouest","ADRESSE_R_M":"Cartographie géomatique ville","COORDONNEE_SPATIALE_X":299775.455,"COORDONNEE_SPATIALE_Y":5040647.258,"DATE_ABANDON_R_M":"Non applicable","DATE_INSTALLATION":"1954-01-01","DATE_INSTALLATION_R_M":"Plan Atlas et inventaire","ELEVATION_TERRAIN":26.504,"ID_BI":5020311,"ID_POINT":5260783,"JURIDICTION":"LOCALE","JURIDICTION_R_M":"Direction épuration eaux usées","PRECISION_DATE_INSTALL":"DATE INSTALLATION DANS L'ANNEE COURANTE","PRECISION_DATE_INSTALL_R_M":"Plan Atlas et inventaire","PROPRIETAIRE":"VILLE DE MONTREAL","PROPRIETAIRE_R_M":"Cartographie géomatique ville","PROVENANCE_DONNEE":"RELEVE TERRAIN INTERNE","STATUT_ACTIF":"EXISTANT","STATUT_ACTIF_R_M":"Plan profil","LATITUDE":45.50573658503996,"LONGITUDE":-73.56430108821134,"ABANDONNE_R":"NON","ABANDONNE_R_M":"Non applicable"}},"geometry":{"type":"Point","coordinates":[-73.56430108821134,45.50573658503996]}},{"type":"Feature","id":"ville-montreal/hydrant/5020312","properties":{"lab":{"objectClass":"hydrant","label":"HYDRANT","sourceId":"5020312","provider":"Ville de Montréal","providerKey":"ville-montreal","dataset":"Bornes d'incendie","datasetId":"cb4de65e-138b-4936-9d5c-2d9a0bc9b4ce","identityField":"ID_BI","sourceName":"601-711 avenue Viger Ouest","license":"CC-BY 4.0","retrievedAt":"2026-08-19T19:54:33.442Z","sourceUrl":"https://donnees.montreal.ca/dataset/geolocalisation-des-bornes-fontaines","updateDate":"2026-03-18","geometryType":"Point","legalNote":"Annual inventory. Not for engineering use without City validation."},"source":{"ADRESSE":"601-711 avenue Viger Ouest","ADRESSE_R_M":"Cartographie géomatique ville","COORDONNEE_SPATIALE_X":299839.185,"COORDONNEE_SPATIALE_Y":5040192.931,"DATE_ABANDON_R_M":"Non applicable","DATE_INSTALLATION":"1966-01-01","DATE_INSTALLATION_R_M":"Plan Atlas et inventaire","ELEVATION_TERRAIN":17.537,"ID_BI":5020312,"ID_POINT":5260784,"JURIDICTION":"LOCALE","JURIDICTION_R_M":"Direction épuration eaux usées","PRECISION_DATE_INSTALL":"DATE INSTALLATION DANS L'ANNEE COURANTE","PRECISION_DATE_INSTALL_R_M":"Plan Atlas et inventaire","PROPRIETAIRE":"VILLE DE MONTREAL","PROPRIETAIRE_R_M":"Cartographie géomatique ville","PROVENANCE_DONNEE":"RELEVE TERRAIN INTERNE","STATUT_ACTIF":"EXISTANT","STATUT_ACTIF_R_M":"Plan profil","LATITUDE":45.501648770154254,"LONGITUDE":-73.56348102477313,"ABANDONNE_R":"NON","ABANDONNE_R_M":"Non applicable"}},"geometry":{"type":"Point","coordinates":[-73.56348102477313,45.501648770154254]}},{"type":"Feature","id":"ville-montreal/hydrant/5020313","properties":{"lab":{"objectClass":"hydrant","label":"HYDRANT","sourceId":"5020313","provider":"Ville de Montréal","providerKey":"ville-montreal","dataset":"Bornes d'incendie","datasetId":"cb4de65e-138b-4936-9d5c-2d9a0bc9b4ce","identityField":"ID_BI","sourceName":"305 boulevard René-Lévesque Ouest","license":"CC-BY 4.0","retrievedAt":"2026-08-19T19:54:33.442Z","sourceUrl":"https://donnees.montreal.ca/dataset/geolocalisation-des-bornes-fontaines","updateDate":"2026-03-18","geometryType":"Point","legalNote":"Annual inventory. Not for engineering use without City validation."},"source":{"ADRESSE":"305 boulevard René-Lévesque Ouest","ADRESSE_R_M":"Cartographie géomatique ville","COORDONNEE_SPATIALE_X":299775.363,"COORDONNEE_SPATIALE_Y":5040685.647,"DATE_ABANDON_R_M":"Non applicable","DATE_INSTALLATION":"1954-01-01","DATE_INSTALLATION_R_M":"Plan Atlas et inventaire","ELEVATION_TERRAIN":26.111,"ID_BI":5020313,"ID_POINT":5260785,"JURIDICTION":"LOCALE","JURIDICTION_R_M":"Direction épuration eaux usées","PRECISION_DATE_INSTALL":"DATE INSTALLATION DANS L'ANNEE COURANTE","PRECISION_DATE_INSTALL_R_M":"Plan Atlas et inventaire","PROPRIETAIRE":"VILLE DE MONTREAL","PROPRIETAIRE_R_M":"Cartographie géomatique ville","PROVENANCE_DONNEE":"RELEVE TERRAIN INTERNE","STATUT_ACTIF":"EXISTANT","STATUT_ACTIF_R_M":"Plan profil","LATITUDE":45.50608202131489,"LONGITUDE":-73.56430266727273,"ABANDONNE_R":"NON","ABANDONNE_R_M":"Non applicable"}},"geometry":{"type":"Point","coordinates":[-73.56430266727273,45.50608202131489]}},{"type":"Feature","id":"ville-montreal/hydrant/5020314","properties":{"lab":{"objectClass":"hydrant","label":"HYDRANT","sourceId":"5020314","provider":"Ville de Montréal","providerKey":"ville-montreal","dataset":"Bornes d'incendie","datasetId":"cb4de65e-138b-4936-9d5c-2d9a0bc9b4ce","identityField":"ID_BI","sourceName":"1155-1165 rue Saint-Alexandre","license":"CC-BY 4.0","retrievedAt":"2026-08-19T19:54:33.442Z","sourceUrl":"https://donnees.montreal.ca/dataset/geolocalisation-des-bornes-fontaines","updateDate":"2026-03-18","geometryType":"Point","legalNote":"Annual inventory. Not for engineering use without City validation."},"source":{"ADRESSE":"1155-1165 rue Saint-Alexandre","ADRESSE_R_M":"Cartographie géomatique ville","COORDONNEE_SPATIALE_X":299665.09,"COORDONNEE_SPATIALE_Y":5040505.086,"DATE_ABANDON_R_M":"Non applicable","DATE_INSTALLATION":"1931-01-01","DATE_INSTALLATION_R_M":"Plan Atlas et inventaire","ELEVATION_TERRAIN":33.984,"ID_BI":5020314,"ID_POINT":5260786,"JURIDICTION":"LOCALE","JURIDICTION_R_M":"Direction épuration eaux usées","PRECISION_DATE_INSTALL":"DATE INSTALLATION DANS L'ANNEE COURANTE","PRECISION_DATE_INSTALL_R_M":"Plan Atlas et inventaire","PROPRIETAIRE":"VILLE DE MONTREAL","PROPRIETAIRE_R_M":"Cartographie géomatique ville","PROVENANCE_DONNEE":"RELEVE TERRAIN INTERNE","STATUT_ACTIF":"EXISTANT","STATUT_ACTIF_R_M":"Plan profil","LATITUDE":45.504456486479846,"LONGITUDE":-73.56571193356184,"ABANDONNE_R":"NON","ABANDONNE_R_M":"Non applicable"}},"geometry":{"type":"Point","coordinates":[-73.56571193356184,45.504456486479846]}},{"type":"Feature","id":"ville-montreal/hydrant/5020100","properties":{"lab":{"objectClass":"hydrant","label":"HYDRANT","sourceId":"5020100","provider":"Ville de Montréal","providerKey":"ville-montreal","dataset":"Bornes d'incendie","datasetId":"cb4de65e-138b-4936-9d5c-2d9a0bc9b4ce","identityField":"ID_BI","sourceName":"1420 rue Sainte-Catherine Ouest","license":"CC-BY 4.0","retrievedAt":"2026-08-19T19:54:33.442Z","sourceUrl":"https://donnees.montreal.ca/dataset/geolocalisation-des-bornes-fontaines","updateDate":"2026-03-18","geometryType":"Point","legalNote":"Annual inventory. Not for engineering use without City validation."},"source":{"ADRESSE":"1420 rue Sainte-Catherine Ouest","ADRESSE_R_M":"Cartographie géomatique ville","COORDONNEE_SPATIALE_X":298822.223,"COORDONNEE_SPATIALE_Y":5039626.286,"DATE_ABANDON_R_M":"Non applicable","DATE_INSTALLATION":"1882-01-01","DATE_INSTALLATION_R_M":"Plan Atlas et inventaire","ELEVATION_TERRAIN":43.785,"ID_BI":5020100,"ID_POINT":5253834,"JURIDICTION":"LOCALE","JURIDICTION_R_M":"Direction épuration eaux usées","PRECISION_DATE_INSTALL":"DATE INSTALLATION DANS L'ANNEE COURANTE","PRECISION_DATE_INSTALL_R_M":"Plan Atlas et inventaire","PROPRIETAIRE":"VILLE DE MONTREAL","PROPRIETAIRE_R_M":"Cartographie géomatique ville","PROVENANCE_DONNEE":"RELEVE TERRAIN INTERNE","STATUT_ACTIF":"EXISTANT","STATUT_ACTIF_R_M":"Plan profil","LATITUDE":45.49654205221582,"LONGITUDE":-73.57648742355123,"ABANDONNE_R":"NON","ABANDONNE_R_M":"Non applicable"}},"geometry":{"type":"Point","coordinates":[-73.57648742355123,45.49654205221582]}},{"type":"Feature","id":"ville-montreal/hydrant/5020104","properties":{"lab":{"objectClass":"hydrant","label":"HYDRANT","sourceId":"5020104","provider":"Ville de Montréal","providerKey":"ville-montreal","dataset":"Bornes d'incendie","datasetId":"cb4de65e-138b-4936-9d5c-2d9a0bc9b4ce","identityField":"ID_BI","sourceName":"1476 rue Crescent","license":"CC-BY 4.0","retrievedAt":"2026-08-19T19:54:33.442Z","sourceUrl":"https://donnees.montreal.ca/dataset/geolocalisation-des-bornes-fontaines","updateDate":"2026-03-18","geometryType":"Point","legalNote":"Annual inventory. Not for engineering use without City validation."},"source":{"ADRESSE":"1476 rue Crescent","ADRESSE_R_M":"Cartographie géomatique ville","COORDONNEE_SPATIALE_X":298757.822,"COORDONNEE_SPATIALE_Y":5039779.211,"DATE_ABANDON_R_M":"Non applicable","DATE_INSTALLATION":"2006-10-10","DATE_INSTALLATION_R_M":"BD Eau géomatique ville","ELEVATION_TERRAIN":45.557,"ID_BI":5020104,"ID_POINT":5253838,"JURIDICTION":"LOCALE","JURIDICTION_R_M":"Direction épuration eaux usées","PRECISION_DATE_INSTALL":"DATE INSTALLATION DANS L'ANNEE COURANTE","PRECISION_DATE_INSTALL_R_M":"Plan Atlas et inventaire","PROPRIETAIRE":"VILLE DE MONTREAL","PROPRIETAIRE_R_M":"Cartographie géomatique ville","PROVENANCE_DONNEE":"RELEVE TERRAIN INTERNE","STATUT_ACTIF":"EXISTANT","STATUT_ACTIF_R_M":"Plan profil","LATITUDE":45.497917580644625,"LONGITUDE":-73.57731332995414,"ABANDONNE_R":"NON","ABANDONNE_R_M":"Non applicable"}},"geometry":{"type":"Point","coordinates":[-73.57731332995414,45.497917580644625]}},{"type":"Feature","id":"ville-montreal/hydrant/5020106","properties":{"lab":{"objectClass":"hydrant","label":"HYDRANT","sourceId":"5020106","provider":"Ville de Montréal","providerKey":"ville-montreal","dataset":"Bornes d'incendie","datasetId":"cb4de65e-138b-4936-9d5c-2d9a0bc9b4ce","identityField":"ID_BI","sourceName":"1283 boulevard De Maisonneuve Ouest","license":"CC-BY 4.0","retrievedAt":"2026-08-19T19:54:33.442Z","sourceUrl":"https://donnees.montreal.ca/dataset/geolocalisation-des-bornes-fontaines","updateDate":"2026-03-18","geometryType":"Point","legalNote":"Annual inventory. Not for engineering use without City validation."},"source":{"ADRESSE":"1283 boulevard De Maisonneuve Ouest","ADRESSE_R_M":"Cartographie géomatique ville","COORDONNEE_SPATIALE_X":298781.715,"COORDONNEE_SPATIALE_Y":5039889.229,"DATE_ABANDON_R_M":"Non applicable","DATE_INSTALLATION":"2006-10-10","DATE_INSTALLATION_R_M":"BD Eau géomatique ville","ELEVATION_TERRAIN":45.68,"ID_BI":5020106,"ID_POINT":5253840,"JURIDICTION":"LOCALE","JURIDICTION_R_M":"Direction épuration eaux usées","PRECISION_DATE_INSTALL":"DATE INSTALLATION DANS L'ANNEE COURANTE","PRECISION_DATE_INSTALL_R_M":"BD Eau géomatique ville","PROPRIETAIRE":"VILLE DE MONTREAL","PROPRIETAIRE_R_M":"Cartographie géomatique ville","PROVENANCE_DONNEE":"RELEVE TERRAIN INTERNE","STATUT_ACTIF":"EXISTANT","STATUT_ACTIF_R_M":"Plan profil","LATITUDE":45.49890777385105,"LONGITUDE":-73.57700896178856,"ABANDONNE_R":"NON","ABANDONNE_R_M":"Non applicable"}},"geometry":{"type":"Point","coordinates":[-73.57700896178856,45.49890777385105]}},{"type":"Feature","id":"ville-montreal/hydrant/5020316","properties":{"lab":{"objectClass":"hydrant","label":"HYDRANT","sourceId":"5020316","provider":"Ville de Montréal","providerKey":"ville-montreal","dataset":"Bornes d'incendie","datasetId":"cb4de65e-138b-4936-9d5c-2d9a0bc9b4ce","identityField":"ID_BI","sourceName":"450 boulevard René-Lévesque Ouest","license":"CC-BY 4.0","retrievedAt":"2026-08-19T19:54:33.442Z","sourceUrl":"https://donnees.montreal.ca/dataset/geolocalisation-des-bornes-fontaines","updateDate":"2026-03-18","geometryType":"Point","legalNote":"Annual inventory. Not for engineering use without City validation."},"source":{"ADRESSE":"450 boulevard René-Lévesque Ouest","ADRESSE_R_M":"Cartographie géomatique ville","COORDONNEE_SPATIALE_X":299692.486,"COORDONNEE_SPATIALE_Y":5040467.18,"DATE_ABANDON_R_M":"Non applicable","DATE_INSTALLATION":"1883-01-01","DATE_INSTALLATION_R_M":"Plan Atlas et inventaire","ELEVATION_TERRAIN":32.725,"ID_BI":5020316,"ID_POINT":5260788,"JURIDICTION":"LOCALE","JURIDICTION_R_M":"Direction épuration eaux usées","PRECISION_DATE_INSTALL":"DATE INSTALLATION DANS L'ANNEE COURANTE","PRECISION_DATE_INSTALL_R_M":"Plan Atlas et inventaire","PROPRIETAIRE":"VILLE DE MONTREAL","PROPRIETAIRE_R_M":"Cartographie géomatique ville","PROVENANCE_DONNEE":"RELEVE TERRAIN INTERNE","STATUT_ACTIF":"EXISTANT","STATUT_ACTIF_R_M":"Plan profil","LATITUDE":45.504115592990885,"LONGITUDE":-73.56536094872553,"ABANDONNE_R":"NON","ABANDONNE_R_M":"Non applicable"}},"geometry":{"type":"Point","coordinates":[-73.56536094872553,45.504115592990885]}},{"type":"Feature","id":"ville-montreal/hydrant/5020126","properties":{"lab":{"objectClass":"hydrant","label":"HYDRANT","sourceId":"5020126","provider":"Ville de Montréal","providerKey":"ville-montreal","dataset":"Bornes d'incendie","datasetId":"cb4de65e-138b-4936-9d5c-2d9a0bc9b4ce","identityField":"ID_BI","sourceName":"1220-1226 rue Mackay","license":"CC-BY 4.0","retrievedAt":"2026-08-19T19:54:33.442Z","sourceUrl":"https://donnees.montreal.ca/dataset/geolocalisation-des-bornes-fontaines","updateDate":"2026-03-18","geometryType":"Point","legalNote":"Annual inventory. Not for engineering use without City validation."},"source":{"ADRESSE":"1220-1226 rue Mackay","ADRESSE_R_M":"Cartographie géomatique ville","COORDONNEE_SPATIALE_X":298881.228,"COORDONNEE_SPATIALE_Y":5039471.221,"DATE_ABANDON_R_M":"Non applicable","DATE_INSTALLATION":"1992-01-01","DATE_INSTALLATION_R_M":"Plan Atlas et inventaire","ELEVATION_TERRAIN":42.632,"ID_BI":5020126,"ID_POINT":5253860,"JURIDICTION":"LOCALE","JURIDICTION_R_M":"Direction épuration eaux usées","PRECISION_DATE_INSTALL":"DATE INSTALLATION DANS L'ANNEE COURANTE","PRECISION_DATE_INSTALL_R_M":"Plan Atlas et inventaire","PROPRIETAIRE":"VILLE DE MONTREAL","PROPRIETAIRE_R_M":"Cartographie géomatique ville","PROVENANCE_DONNEE":"RELEVE PHOTOGRAMMETRIQUE","STATUT_ACTIF":"EXISTANT","STATUT_ACTIF_R_M":"Plan profil","LATITUDE":45.49514721708782,"LONGITUDE":-73.57573057797822,"ABANDONNE_R":"NON","ABANDONNE_R_M":"Non applicable"}},"geometry":{"type":"Point","coordinates":[-73.57573057797822,45.49514721708782]}},{"type":"Feature","id":"ville-montreal/hydrant/20001195","properties":{"lab":{"objectClass":"hydrant","label":"HYDRANT","sourceId":"20001195","provider":"Ville de Montréal","providerKey":"ville-montreal","dataset":"Bornes d'incendie","datasetId":"cb4de65e-138b-4936-9d5c-2d9a0bc9b4ce","identityField":"ID_BI","sourceName":"1140-1150 avenue Union","license":"CC-BY 4.0","retrievedAt":"2026-08-19T19:54:33.442Z","sourceUrl":"https://donnees.montreal.ca/dataset/geolocalisation-des-bornes-fontaines","updateDate":"2026-03-18","geometryType":"Point","legalNote":"Annual inventory. Not for engineering use without City validation."},"source":{"ADRESSE":"1140-1150 avenue Union","ADRESSE_R_M":"Cartographie géomatique ville","COORDONNEE_SPATIALE_X":299560.858,"COORDONNEE_SPATIALE_Y":5040302.673,"DATE_ABANDON_R_M":"Non applicable","DATE_INSTALLATION":"2020-05-07","DATE_INSTALLATION_R_M":"Échange écrit/verbal arrondissement","ELEVATION_TERRAIN":35.859,"ID_BI":20001195,"ID_POINT":20007930,"JURIDICTION":"LOCALE","JURIDICTION_R_M":"Direction production eau potable","PRECISION_DATE_INSTALL":"DATE INSTALLATION PRECISE","PRECISION_DATE_INSTALL_R_M":"Échange écrit/verbal arrondissement","PROPRIETAIRE":"VILLE DE MONTREAL","PROPRIETAIRE_R_M":"Cartographie géomatique ville","PROVENANCE_DONNEE":"RELEVE TERRAIN INTERNE","STATUT_ACTIF":"EXISTANT","STATUT_ACTIF_R_M":"Visite terrain","LATITUDE":45.502634331807755,"LONGITUDE":-73.5670436552467,"ABANDONNE_R":"NON","ABANDONNE_R_M":"Non applicable"}},"geometry":{"type":"Point","coordinates":[-73.5670436552467,45.502634331807755]}},{"type":"Feature","id":"ville-montreal/hydrant/20002100","properties":{"lab":{"objectClass":"hydrant","label":"HYDRANT","sourceId":"20002100","provider":"Ville de Montréal","providerKey":"ville-montreal","dataset":"Bornes d'incendie","datasetId":"cb4de65e-138b-4936-9d5c-2d9a0bc9b4ce","identityField":"ID_BI","sourceName":"10 rue Saint-Antoine Est","license":"CC-BY 4.0","retrievedAt":"2026-08-19T19:54:33.442Z","sourceUrl":"https://donnees.montreal.ca/dataset/geolocalisation-des-bornes-fontaines","updateDate":"2026-03-18","geometryType":"Point","legalNote":"Annual inventory. Not for engineering use without City validation."},"source":{"ADRESSE":"10 rue Saint-Antoine Est","ADRESSE_R_M":"Cartographie géomatique ville","COORDONNEE_SPATIALE_X":300352.994,"COORDONNEE_SPATIALE_Y":5040844.907,"DATE_ABANDON_R_M":"Non applicable","DATE_INSTALLATION":"2021-05-13","DATE_INSTALLATION_R_M":"Échange écrit/verbal arrondissement","ELEVATION_TERRAIN":17.192,"ID_BI":20002100,"ID_POINT":20019093,"JURIDICTION":"LOCALE","JURIDICTION_R_M":"Direction épuration eaux usées","PRECISION_DATE_INSTALL":"DATE INSTALLATION PRECISE 6 MOIS MAXIMUM","PRECISION_DATE_INSTALL_R_M":"Échange écrit/verbal arrondissement","PROPRIETAIRE":"VILLE DE MONTREAL","PROPRIETAIRE_R_M":"Cartographie géomatique ville","PROVENANCE_DONNEE":"RELEVE TERRAIN INTERNE","STATUT_ACTIF":"EXISTANT","STATUT_ACTIF_R_M":"Visite terrain","LATITUDE":45.50751901574482,"LONGITUDE":-73.55691200424238,"ABANDONNE_R":"NON","ABANDONNE_R_M":"Non applicable"}},"geometry":{"type":"Point","coordinates":[-73.55691200424238,45.50751901574482]}},{"type":"Feature","id":"ville-montreal/hydrant/20002865","properties":{"lab":{"objectClass":"hydrant","label":"HYDRANT","sourceId":"20002865","provider":"Ville de Montréal","providerKey":"ville-montreal","dataset":"Bornes d'incendie","datasetId":"cb4de65e-138b-4936-9d5c-2d9a0bc9b4ce","identityField":"ID_BI","sourceName":"401 rue Montfort","license":"CC-BY 4.0","retrievedAt":"2026-08-19T19:54:33.442Z","sourceUrl":"https://donnees.montreal.ca/dataset/geolocalisation-des-bornes-fontaines","updateDate":"2026-03-18","geometryType":"Point","legalNote":"Annual inventory. Not for engineering use without City validation."},"source":{"ADRESSE":"401 rue Montfort","ADRESSE_R_M":"Cartographie géomatique ville","COORDONNEE_SPATIALE_X":299999.408,"COORDONNEE_SPATIALE_Y":5039587.66,"DATE_ABANDON_R_M":"Non applicable","DATE_INSTALLATION":"2015-01-01","DATE_INSTALLATION_R_M":"Échange écrit/verbal arrondissement","ELEVATION_TERRAIN":14.014,"ID_BI":20002865,"ID_POINT":20028077,"JURIDICTION":"LOCALE","JURIDICTION_R_M":"Direction production eau potable","PRECISION_DATE_INSTALL":"DATE INSTALLATION DANS L'ANNEE COURANTE","PRECISION_DATE_INSTALL_R_M":"Échange écrit/verbal arrondissement","PROPRIETAIRE":"VILLE DE MONTREAL","PROPRIETAIRE_R_M":"Cartographie géomatique ville","PROVENANCE_DONNEE":"RELEVE TERRAIN INTERNE","STATUT_ACTIF":"EXISTANT","STATUT_ACTIF_R_M":"Visite terrain","LATITUDE":45.49620349652901,"LONGITUDE":-73.5614249297341,"ABANDONNE_R":"NON","ABANDONNE_R_M":"Non applicable"}},"geometry":{"type":"Point","coordinates":[-73.5614249297341,45.49620349652901]}},{"type":"Feature","id":"ville-montreal/hydrant/20004642","properties":{"lab":{"objectClass":"hydrant","label":"HYDRANT","sourceId":"20004642","provider":"Ville de Montréal","providerKey":"ville-montreal","dataset":"Bornes d'incendie","datasetId":"cb4de65e-138b-4936-9d5c-2d9a0bc9b4ce","identityField":"ID_BI","sourceName":"550-600 avenue du Président-Kennedy","license":"CC-BY 4.0","retrievedAt":"2026-08-19T19:54:33.442Z","sourceUrl":"https://donnees.montreal.ca/dataset/geolocalisation-des-bornes-fontaines","updateDate":"2026-03-18","geometryType":"Point","legalNote":"Annual inventory. Not for engineering use without City validation."},"source":{"ADRESSE":"550-600 avenue du Président-Kennedy","ADRESSE_R_M":"Cartographie géomatique ville","COORDONNEE_SPATIALE_X":299205.991,"COORDONNEE_SPATIALE_Y":5040621.331,"DATE_ABANDON_R_M":"Non applicable","DATE_INSTALLATION":"2023-03-09","DATE_INSTALLATION_R_M":"Échange écrit/verbal arrondissement","ELEVATION_TERRAIN":38.403,"ID_BI":20004642,"ID_POINT":20051770,"JURIDICTION":"LOCALE","JURIDICTION_R_M":"Direction production eau potable","PRECISION_DATE_INSTALL":"DATE INSTALLATION DANS L'ANNEE COURANTE","PRECISION_DATE_INSTALL_R_M":"Échange écrit/verbal arrondissement","PROPRIETAIRE":"VILLE DE MONTREAL","PROPRIETAIRE_R_M":"Cartographie géomatique ville","PROVENANCE_DONNEE":"RELEVE TERRAIN INTERNE","STATUT_ACTIF":"EXISTANT","STATUT_ACTIF_R_M":"Visite terrain","LATITUDE":45.50549901676798,"LONGITUDE":-73.57158850726911,"ABANDONNE_R":"NON","ABANDONNE_R_M":"Non applicable"}},"geometry":{"type":"Point","coordinates":[-73.57158850726911,45.50549901676798]}},{"type":"Feature","id":"ville-montreal/hydrant/20003092","properties":{"lab":{"objectClass":"hydrant","label":"HYDRANT","sourceId":"20003092","provider":"Ville de Montréal","providerKey":"ville-montreal","dataset":"Bornes d'incendie","datasetId":"cb4de65e-138b-4936-9d5c-2d9a0bc9b4ce","identityField":"ID_BI","sourceName":"1061-1063 rue Saint-Alexandre","license":"CC-BY 4.0","retrievedAt":"2026-08-19T19:54:33.442Z","sourceUrl":"https://donnees.montreal.ca/dataset/geolocalisation-des-bornes-fontaines","updateDate":"2026-03-18","geometryType":"Point","legalNote":"Annual inventory. Not for engineering use without City validation."},"source":{"ADRESSE":"1061-1063 rue Saint-Alexandre","ADRESSE_R_M":"Cartographie géomatique ville","COORDONNEE_SPATIALE_X":299836.33,"COORDONNEE_SPATIALE_Y":5040385.977,"DATE_ABANDON_R_M":"Non applicable","DATE_INSTALLATION":"2022-07-01","DATE_INSTALLATION_R_M":"Échange écrit/verbal arrondissement","ELEVATION_TERRAIN":28.099,"ID_BI":20003092,"ID_POINT":20030587,"JURIDICTION":"LOCALE","JURIDICTION_R_M":"Direction production eau potable","PRECISION_DATE_INSTALL":"DATE INSTALLATION DANS L'ANNEE COURANTE","PRECISION_DATE_INSTALL_R_M":"Échange écrit/verbal arrondissement","PROPRIETAIRE":"VILLE DE MONTREAL","PROPRIETAIRE_R_M":"Cartographie géomatique ville","PROVENANCE_DONNEE":"RELEVE TERRAIN INTERNE","STATUT_ACTIF":"EXISTANT","STATUT_ACTIF_R_M":"Visite terrain","LATITUDE":45.5033858944502,"LONGITUDE":-73.56351941794723,"ABANDONNE_R":"NON","ABANDONNE_R_M":"Non applicable"}},"geometry":{"type":"Point","coordinates":[-73.56351941794723,45.5033858944502]}},{"type":"Feature","id":"ville-montreal/hydrant/20003093","properties":{"lab":{"objectClass":"hydrant","label":"HYDRANT","sourceId":"20003093","provider":"Ville de Montréal","providerKey":"ville-montreal","dataset":"Bornes d'incendie","datasetId":"cb4de65e-138b-4936-9d5c-2d9a0bc9b4ce","identityField":"ID_BI","sourceName":"1180-1200 rue Saint-Alexandre","license":"CC-BY 4.0","retrievedAt":"2026-08-19T19:54:33.442Z","sourceUrl":"https://donnees.montreal.ca/dataset/geolocalisation-des-bornes-fontaines","updateDate":"2026-03-18","geometryType":"Point","legalNote":"Annual inventory. Not for engineering use without City validation."},"source":{"ADRESSE":"1180-1200 rue Saint-Alexandre","ADRESSE_R_M":"Cartographie géomatique ville","COORDONNEE_SPATIALE_X":299626.426,"COORDONNEE_SPATIALE_Y":5040530.515,"DATE_ABANDON_R_M":"Non applicable","DATE_INSTALLATION":"2022-06-19","DATE_INSTALLATION_R_M":"Échange écrit/verbal arrondissement","ELEVATION_TERRAIN":35.413,"ID_BI":20003093,"ID_POINT":20030592,"JURIDICTION":"LOCALE","JURIDICTION_R_M":"Direction épuration eaux usées","PRECISION_DATE_INSTALL":"DATE INSTALLATION DANS L'ANNEE COURANTE","PRECISION_DATE_INSTALL_R_M":"Échange écrit/verbal arrondissement","PROPRIETAIRE":"VILLE DE MONTREAL","PROPRIETAIRE_R_M":"Cartographie géomatique ville","PROVENANCE_DONNEE":"RELEVE TERRAIN INTERNE","STATUT_ACTIF":"EXISTANT","STATUT_ACTIF_R_M":"Visite terrain","LATITUDE":45.50468502307563,"LONGITUDE":-73.56620698882305,"ABANDONNE_R":"NON","ABANDONNE_R_M":"Non applicable"}},"geometry":{"type":"Point","coordinates":[-73.56620698882305,45.50468502307563]}},{"type":"Feature","id":"ville-montreal/hydrant/20001205","properties":{"lab":{"objectClass":"hydrant","label":"HYDRANT","sourceId":"20001205","provider":"Ville de Montréal","providerKey":"ville-montreal","dataset":"Bornes d'incendie","datasetId":"cb4de65e-138b-4936-9d5c-2d9a0bc9b4ce","identityField":"ID_BI","sourceName":"1170 place du Frère-André","license":"CC-BY 4.0","retrievedAt":"2026-08-19T19:54:33.442Z","sourceUrl":"https://donnees.montreal.ca/dataset/geolocalisation-des-bornes-fontaines","updateDate":"2026-03-18","geometryType":"Point","legalNote":"Annual inventory. Not for engineering use without City validation."},"source":{"ADRESSE":"1170 place du Frère-André","ADRESSE_R_M":"Cartographie géomatique ville","COORDONNEE_SPATIALE_X":299567.26,"COORDONNEE_SPATIALE_Y":5040354.803,"DATE_ABANDON_R_M":"Non applicable","DATE_INSTALLATION":"2020-05-09","DATE_INSTALLATION_R_M":"Échange écrit/verbal arrondissement","ELEVATION_TERRAIN":35.513,"ID_BI":20001205,"ID_POINT":20007951,"JURIDICTION":"LOCALE","JURIDICTION_R_M":"Direction production eau potable","PRECISION_DATE_INSTALL":"DATE INSTALLATION PRECISE","PRECISION_DATE_INSTALL_R_M":"Échange écrit/verbal arrondissement","PROPRIETAIRE":"VILLE DE MONTREAL","PROPRIETAIRE_R_M":"Cartographie géomatique ville","PROVENANCE_DONNEE":"RELEVE TERRAIN INTERNE","STATUT_ACTIF":"EXISTANT","STATUT_ACTIF_R_M":"Visite terrain","LATITUDE":45.50310346773264,"LONGITUDE":-73.56696227666798,"ABANDONNE_R":"NON","ABANDONNE_R_M":"Non applicable"}},"geometry":{"type":"Point","coordinates":[-73.56696227666798,45.50310346773264]}},{"type":"Feature","id":"ville-montreal/hydrant/20001270","properties":{"lab":{"objectClass":"hydrant","label":"HYDRANT","sourceId":"20001270","provider":"Ville de Montréal","providerKey":"ville-montreal","dataset":"Bornes d'incendie","datasetId":"cb4de65e-138b-4936-9d5c-2d9a0bc9b4ce","identityField":"ID_BI","sourceName":"249-251 rue Saint-Jacques","license":"CC-BY 4.0","retrievedAt":"2026-08-19T19:54:33.442Z","sourceUrl":"https://donnees.montreal.ca/dataset/geolocalisation-des-bornes-fontaines","updateDate":"2026-03-18","geometryType":"Point","legalNote":"Annual inventory. Not for engineering use without City validation."},"source":{"ADRESSE":"249-251 rue Saint-Jacques","ADRESSE_R_M":"Cartographie géomatique ville","COORDONNEE_SPATIALE_X":300196.483,"COORDONNEE_SPATIALE_Y":5040386.73,"DATE_ABANDON_R_M":"Non applicable","DATE_INSTALLATION":"2020-03-08","DATE_INSTALLATION_R_M":"Échange écrit/verbal arrondissement","ELEVATION_TERRAIN":21.367,"ID_BI":20001270,"ID_POINT":20008339,"JURIDICTION":"LOCALE","JURIDICTION_R_M":"Direction production eau potable","PRECISION_DATE_INSTALL":"DATE INSTALLATION PRECISE","PRECISION_DATE_INSTALL_R_M":"Échange écrit/verbal arrondissement","PROPRIETAIRE":"VILLE DE MONTREAL","PROPRIETAIRE_R_M":"À valider","PROVENANCE_DONNEE":"RELEVE TERRAIN INTERNE","STATUT_ACTIF":"EXISTANT","STATUT_ACTIF_R_M":"Visite terrain","LATITUDE":45.503395145963054,"LONGITUDE":-73.55891074787114,"ABANDONNE_R":"NON","ABANDONNE_R_M":"Non applicable"}},"geometry":{"type":"Point","coordinates":[-73.55891074787114,45.503395145963054]}},{"type":"Feature","id":"ville-montreal/hydrant/20002325","properties":{"lab":{"objectClass":"hydrant","label":"HYDRANT","sourceId":"20002325","provider":"Ville de Montréal","providerKey":"ville-montreal","dataset":"Bornes d'incendie","datasetId":"cb4de65e-138b-4936-9d5c-2d9a0bc9b4ce","identityField":"ID_BI","sourceName":"1100-1150 boulevard René-Lévesque Ouest","license":"CC-BY 4.0","retrievedAt":"2026-08-19T19:54:33.442Z","sourceUrl":"https://donnees.montreal.ca/dataset/geolocalisation-des-bornes-fontaines","updateDate":"2026-03-18","geometryType":"Point","legalNote":"Annual inventory. Not for engineering use without City validation."},"source":{"ADRESSE":"1100-1150 boulevard René-Lévesque Ouest","ADRESSE_R_M":"Cartographie géomatique ville","COORDONNEE_SPATIALE_X":299268.742,"COORDONNEE_SPATIALE_Y":5039776.231,"DATE_ABANDON_R_M":"Non applicable","DATE_INSTALLATION":"2018-09-30","DATE_INSTALLATION_R_M":"Plan profil proposé","ELEVATION_TERRAIN":36.201,"ID_BI":20002325,"ID_POINT":20021583,"JURIDICTION":"LOCALE","JURIDICTION_R_M":"Direction production eau potable","PRECISION_DATE_INSTALL":"DATE INSTALLATION DANS L'ANNEE COURANTE","PRECISION_DATE_INSTALL_R_M":"Plan profil proposé","PROPRIETAIRE":"VILLE DE MONTREAL","PROPRIETAIRE_R_M":"Cartographie géomatique ville","PROVENANCE_DONNEE":"RELEVE TERRAIN INTERNE","STATUT_ACTIF":"EXISTANT","STATUT_ACTIF_R_M":"Visite terrain","LATITUDE":45.497895019343105,"LONGITUDE":-73.57077582798212,"ABANDONNE_R":"NON","ABANDONNE_R_M":"Non applicable"}},"geometry":{"type":"Point","coordinates":[-73.57077582798212,45.497895019343105]}},{"type":"Feature","id":"ville-montreal/hydrant/20002326","properties":{"lab":{"objectClass":"hydrant","label":"HYDRANT","sourceId":"20002326","provider":"Ville de Montréal","providerKey":"ville-montreal","dataset":"Bornes d'incendie","datasetId":"cb4de65e-138b-4936-9d5c-2d9a0bc9b4ce","identityField":"ID_BI","sourceName":"1101-1105 rue Stanley","license":"CC-BY 4.0","retrievedAt":"2026-08-19T19:54:33.442Z","sourceUrl":"https://donnees.montreal.ca/dataset/geolocalisation-des-bornes-fontaines","updateDate":"2026-03-18","geometryType":"Point","legalNote":"Annual inventory. Not for engineering use without City validation."},"source":{"ADRESSE":"1101-1105 rue Stanley","ADRESSE_R_M":"Cartographie géomatique ville","COORDONNEE_SPATIALE_X":299329.136,"COORDONNEE_SPATIALE_Y":5039734.972,"DATE_ABANDON_R_M":"Non applicable","DATE_INSTALLATION":"2018-09-30","DATE_INSTALLATION_R_M":"Plan profil proposé","ELEVATION_TERRAIN":35.534,"ID_BI":20002326,"ID_POINT":20021594,"JURIDICTION":"LOCALE","JURIDICTION_R_M":"Direction production eau potable","PRECISION_DATE_INSTALL":"DATE INSTALLATION DANS L'ANNEE COURANTE","PRECISION_DATE_INSTALL_R_M":"Plan profil proposé","PROPRIETAIRE":"VILLE DE MONTREAL","PROPRIETAIRE_R_M":"Cartographie géomatique ville","PROVENANCE_DONNEE":"RELEVE TERRAIN INTERNE","STATUT_ACTIF":"EXISTANT","STATUT_ACTIF_R_M":"Visite terrain","LATITUDE":45.49752422704971,"LONGITUDE":-73.57000260077851,"ABANDONNE_R":"NON","ABANDONNE_R_M":"Non applicable"}},"geometry":{"type":"Point","coordinates":[-73.57000260077851,45.49752422704971]}},{"type":"Feature","id":"ville-montreal/hydrant/20001635","properties":{"lab":{"objectClass":"hydrant","label":"HYDRANT","sourceId":"20001635","provider":"Ville de Montréal","providerKey":"ville-montreal","dataset":"Bornes d'incendie","datasetId":"cb4de65e-138b-4936-9d5c-2d9a0bc9b4ce","identityField":"ID_BI","sourceName":"1005-1009 rue De Bleury","license":"CC-BY 4.0","retrievedAt":"2026-08-19T19:54:33.442Z","sourceUrl":"https://donnees.montreal.ca/dataset/geolocalisation-des-bornes-fontaines","updateDate":"2026-03-18","geometryType":"Point","legalNote":"Annual inventory. Not for engineering use without City validation."},"source":{"ADRESSE":"1005-1009 rue De Bleury","ADRESSE_R_M":"Cartographie géomatique ville","COORDONNEE_SPATIALE_X":299989.065,"COORDONNEE_SPATIALE_Y":5040508.079,"DATE_ABANDON_R_M":"Non applicable","DATE_INSTALLATION":"2018-04-09","DATE_INSTALLATION_R_M":"Plan profil","ELEVATION_TERRAIN":16.041,"ID_BI":20001635,"ID_POINT":20014250,"JURIDICTION":"LOCALE","JURIDICTION_R_M":"Direction production eau potable","PRECISION_DATE_INSTALL":"DATE INSTALLATION DANS L'ANNEE COURANTE","PRECISION_DATE_INSTALL_R_M":"Plan profil","PROPRIETAIRE":"VILLE DE MONTREAL","PROPRIETAIRE_R_M":"À valider","PROVENANCE_DONNEE":"RELEVE TERRAIN INTERNE","STATUT_ACTIF":"EXISTANT","STATUT_ACTIF_R_M":"Visite terrain","LATITUDE":45.50448569193302,"LONGITUDE":-73.561566101698,"ABANDONNE_R":"NON","ABANDONNE_R_M":"Non applicable"}},"geometry":{"type":"Point","coordinates":[-73.561566101698,45.50448569193302]}},{"type":"Feature","id":"ville-montreal/hydrant/20002307","properties":{"lab":{"objectClass":"hydrant","label":"HYDRANT","sourceId":"20002307","provider":"Ville de Montréal","providerKey":"ville-montreal","dataset":"Bornes d'incendie","datasetId":"cb4de65e-138b-4936-9d5c-2d9a0bc9b4ce","identityField":"ID_BI","sourceName":"1360 boulevard René-Lévesque Ouest","license":"CC-BY 4.0","retrievedAt":"2026-08-19T19:54:33.442Z","sourceUrl":"https://donnees.montreal.ca/dataset/geolocalisation-des-bornes-fontaines","updateDate":"2026-03-18","geometryType":"Point","legalNote":"Annual inventory. Not for engineering use without City validation."},"source":{"ADRESSE":"1360 boulevard René-Lévesque Ouest","ADRESSE_R_M":"Cartographie géomatique ville","COORDONNEE_SPATIALE_X":299106.683,"COORDONNEE_SPATIALE_Y":5039528.186,"DATE_ABANDON_R_M":"Non applicable","DATE_INSTALLATION":"2018-09-30","DATE_INSTALLATION_R_M":"Plan profil proposé","ELEVATION_TERRAIN":39.61,"ID_BI":20002307,"ID_POINT":20021156,"JURIDICTION":"LOCALE","JURIDICTION_R_M":"À valider","PRECISION_DATE_INSTALL":"DATE INSTALLATION DANS L'ANNEE COURANTE","PRECISION_DATE_INSTALL_R_M":"Plan profil proposé","PROPRIETAIRE":"VILLE DE MONTREAL","PROPRIETAIRE_R_M":"Cartographie géomatique ville","PROVENANCE_DONNEE":"RELEVE TERRAIN INTERNE","STATUT_ACTIF":"EXISTANT","STATUT_ACTIF_R_M":"Visite terrain","LATITUDE":45.495661725032356,"LONGITUDE":-73.57284656046987,"ABANDONNE_R":"NON","ABANDONNE_R_M":"Non applicable"}},"geometry":{"type":"Point","coordinates":[-73.57284656046987,45.495661725032356]}},{"type":"Feature","id":"ville-montreal/hydrant/20002309","properties":{"lab":{"objectClass":"hydrant","label":"HYDRANT","sourceId":"20002309","provider":"Ville de Montréal","providerKey":"ville-montreal","dataset":"Bornes d'incendie","datasetId":"cb4de65e-138b-4936-9d5c-2d9a0bc9b4ce","identityField":"ID_BI","sourceName":"1025 rue Lucien-L'Allier","license":"CC-BY 4.0","retrievedAt":"2026-08-19T19:54:33.442Z","sourceUrl":"https://donnees.montreal.ca/dataset/geolocalisation-des-bornes-fontaines","updateDate":"2026-03-18","geometryType":"Point","legalNote":"Annual inventory. Not for engineering use without City validation."},"source":{"ADRESSE":"1025 rue Lucien-L'Allier","ADRESSE_R_M":"Cartographie géomatique ville","COORDONNEE_SPATIALE_X":299162.334,"COORDONNEE_SPATIALE_Y":5039478.48,"DATE_ABANDON_R_M":"Non applicable","DATE_INSTALLATION":"2018-09-30","DATE_INSTALLATION_R_M":"Plan profil proposé","ELEVATION_TERRAIN":36.839,"ID_BI":20002309,"ID_POINT":20021163,"JURIDICTION":"LOCALE","JURIDICTION_R_M":"Direction production eau potable","PRECISION_DATE_INSTALL":"DATE INSTALLATION DANS L'ANNEE COURANTE","PRECISION_DATE_INSTALL_R_M":"Plan profil proposé","PROPRIETAIRE":"VILLE DE MONTREAL","PROPRIETAIRE_R_M":"Cartographie géomatique ville","PROVENANCE_DONNEE":"RELEVE TERRAIN INTERNE","STATUT_ACTIF":"EXISTANT","STATUT_ACTIF_R_M":"Visite terrain","LATITUDE":45.49521490585337,"LONGITUDE":-73.57213393782335,"ABANDONNE_R":"NON","ABANDONNE_R_M":"Non applicable"}},"geometry":{"type":"Point","coordinates":[-73.57213393782335,45.49521490585337]}},{"type":"Feature","id":"ville-montreal/hydrant/20002050","properties":{"lab":{"objectClass":"hydrant","label":"HYDRANT","sourceId":"20002050","provider":"Ville de Montréal","providerKey":"ville-montreal","dataset":"Bornes d'incendie","datasetId":"cb4de65e-138b-4936-9d5c-2d9a0bc9b4ce","identityField":"ID_BI","sourceName":"1201-1205 place Phillips","license":"CC-BY 4.0","retrievedAt":"2026-08-19T19:54:33.442Z","sourceUrl":"https://donnees.montreal.ca/dataset/geolocalisation-des-bornes-fontaines","updateDate":"2026-03-18","geometryType":"Point","legalNote":"Annual inventory. Not for engineering use without City validation."},"source":{"ADRESSE":"1201-1205 place Phillips","ADRESSE_R_M":"Cartographie géomatique ville","COORDONNEE_SPATIALE_X":299508.355,"COORDONNEE_SPATIALE_Y":5040426.017,"DATE_ABANDON_R_M":"Non applicable","DATE_INSTALLATION":"2021-02-01","DATE_INSTALLATION_R_M":"Échange écrit ou verbal à interne","ELEVATION_TERRAIN":35.67,"ID_BI":20002050,"ID_POINT":20018617,"JURIDICTION":"LOCALE","JURIDICTION_R_M":"Direction épuration eaux usées","PRECISION_DATE_INSTALL":"DATE INSTALLATION PRECISE AU MOIS COURANT","PRECISION_DATE_INSTALL_R_M":"Échange écrit ou verbal à interne","PROPRIETAIRE":"VILLE DE MONTREAL","PROPRIETAIRE_R_M":"Cartographie géomatique ville","PROVENANCE_DONNEE":"RELEVE TERRAIN INTERNE","STATUT_ACTIF":"EXISTANT","STATUT_ACTIF_R_M":"Visite terrain","LATITUDE":45.50374384897093,"LONGITUDE":-73.56771683811903,"ABANDONNE_R":"NON","ABANDONNE_R_M":"Non applicable"}},"geometry":{"type":"Point","coordinates":[-73.56771683811903,45.50374384897093]}},{"type":"Feature","id":"ville-montreal/hydrant/20002330","properties":{"lab":{"objectClass":"hydrant","label":"HYDRANT","sourceId":"20002330","provider":"Ville de Montréal","providerKey":"ville-montreal","dataset":"Bornes d'incendie","datasetId":"cb4de65e-138b-4936-9d5c-2d9a0bc9b4ce","identityField":"ID_BI","sourceName":"1190 avenue des Canadiens-de-Montréal","license":"CC-BY 4.0","retrievedAt":"2026-08-19T19:54:33.442Z","sourceUrl":"https://donnees.montreal.ca/dataset/geolocalisation-des-bornes-fontaines","updateDate":"2026-03-18","geometryType":"Point","legalNote":"Annual inventory. Not for engineering use without City validation."},"source":{"ADRESSE":"1190 avenue des Canadiens-de-Montréal","ADRESSE_R_M":"Cartographie géomatique ville","COORDONNEE_SPATIALE_X":299371.596,"COORDONNEE_SPATIALE_Y":5039706.023,"DATE_ABANDON_R_M":"Non applicable","DATE_INSTALLATION":"2018-09-30","DATE_INSTALLATION_R_M":"Plan profil proposé","ELEVATION_TERRAIN":34.814,"ID_BI":20002330,"ID_POINT":20021610,"JURIDICTION":"LOCALE","JURIDICTION_R_M":"Direction production eau potable","PRECISION_DATE_INSTALL":"DATE INSTALLATION DANS L'ANNEE COURANTE","PRECISION_DATE_INSTALL_R_M":"Plan profil proposé","PROPRIETAIRE":"VILLE DE MONTREAL","PROPRIETAIRE_R_M":"Cartographie géomatique ville","PROVENANCE_DONNEE":"RELEVE TERRAIN INTERNE","STATUT_ACTIF":"EXISTANT","STATUT_ACTIF_R_M":"Visite terrain","LATITUDE":45.49726406109305,"LONGITUDE":-73.5694589914535,"ABANDONNE_R":"NON","ABANDONNE_R_M":"Non applicable"}},"geometry":{"type":"Point","coordinates":[-73.5694589914535,45.49726406109305]}},{"type":"Feature","id":"ville-montreal/hydrant/20004930","properties":{"lab":{"objectClass":"hydrant","label":"HYDRANT","sourceId":"20004930","provider":"Ville de Montréal","providerKey":"ville-montreal","dataset":"Bornes d'incendie","datasetId":"cb4de65e-138b-4936-9d5c-2d9a0bc9b4ce","identityField":"ID_BI","sourceName":"1206-1218 avenue Union","license":"CC-BY 4.0","retrievedAt":"2026-08-19T19:54:33.442Z","sourceUrl":"https://donnees.montreal.ca/dataset/geolocalisation-des-bornes-fontaines","updateDate":"2026-03-18","geometryType":"Point","legalNote":"Annual inventory. Not for engineering use without City validation."},"source":{"ADRESSE":"1206-1218 avenue Union","ADRESSE_R_M":"Cartographie géomatique ville","COORDONNEE_SPATIALE_X":299459.645,"COORDONNEE_SPATIALE_Y":5040374.686,"DATE_ABANDON_R_M":"Non applicable","DATE_INSTALLATION":"2021-11-01","DATE_INSTALLATION_R_M":"Plan de localisation","ELEVATION_TERRAIN":35.839,"ID_BI":20004930,"ID_POINT":20057319,"JURIDICTION":"LOCALE","JURIDICTION_R_M":"Direction production eau potable","PRECISION_DATE_INSTALL":"DATE INSTALLATION DANS L'ANNEE COURANTE","PRECISION_DATE_INSTALL_R_M":"Plan de localisation","PROPRIETAIRE":"VILLE DE MONTREAL","PROPRIETAIRE_R_M":"Cartographie géomatique ville","PROVENANCE_DONNEE":"RELEVE TERRAIN INTERNE","STATUT_ACTIF":"EXISTANT","STATUT_ACTIF_R_M":"Visite terrain","LATITUDE":45.503281586899085,"LONGITUDE":-73.56833963270121,"ABANDONNE_R":"NON","ABANDONNE_R_M":"Non applicable"}},"geometry":{"type":"Point","coordinates":[-73.56833963270121,45.503281586899085]}},{"type":"Feature","id":"ville-montreal/hydrant/20004637","properties":{"lab":{"objectClass":"hydrant","label":"HYDRANT","sourceId":"20004637","provider":"Ville de Montréal","providerKey":"ville-montreal","dataset":"Bornes d'incendie","datasetId":"cb4de65e-138b-4936-9d5c-2d9a0bc9b4ce","identityField":"ID_BI","sourceName":"700 rue De La Gauchetière Ouest","license":"CC-BY 4.0","retrievedAt":"2026-08-19T19:54:33.442Z","sourceUrl":"https://donnees.montreal.ca/dataset/geolocalisation-des-bornes-fontaines","updateDate":"2026-03-18","geometryType":"Point","legalNote":"Annual inventory. Not for engineering use without City validation."},"source":{"ADRESSE":"700 rue De La Gauchetière Ouest","ADRESSE_R_M":"Cartographie géomatique ville","COORDONNEE_SPATIALE_X":299726.101,"COORDONNEE_SPATIALE_Y":5040134.44,"DATE_ABANDON_R_M":"Non applicable","DATE_INSTALLATION":"2022-03-20","DATE_INSTALLATION_R_M":"Échange écrit/verbal arrondissement","ELEVATION_TERRAIN":26.231,"ID_BI":20004637,"ID_POINT":20051671,"JURIDICTION":"LOCALE","JURIDICTION_R_M":"Direction production eau potable","PRECISION_DATE_INSTALL":"DATE INSTALLATION PRECISE","PRECISION_DATE_INSTALL_R_M":"Échange écrit/verbal arrondissement","PROPRIETAIRE":"VILLE DE MONTREAL","PROPRIETAIRE_R_M":"Cartographie géomatique ville","PROVENANCE_DONNEE":"RELEVE TERRAIN INTERNE","STATUT_ACTIF":"EXISTANT","STATUT_ACTIF_R_M":"Visite terrain","LATITUDE":45.50112166185231,"LONGITUDE":-73.56492745996505,"ABANDONNE_R":"NON","ABANDONNE_R_M":"Non applicable"}},"geometry":{"type":"Point","coordinates":[-73.56492745996505,45.50112166185231]}},{"type":"Feature","id":"ville-montreal/hydrant/20001915","properties":{"lab":{"objectClass":"hydrant","label":"HYDRANT","sourceId":"20001915","provider":"Ville de Montréal","providerKey":"ville-montreal","dataset":"Bornes d'incendie","datasetId":"cb4de65e-138b-4936-9d5c-2d9a0bc9b4ce","identityField":"ID_BI","sourceName":"385-405 boulevard De Maisonneuve Ouest","license":"CC-BY 4.0","retrievedAt":"2026-08-19T19:54:33.442Z","sourceUrl":"https://donnees.montreal.ca/dataset/geolocalisation-des-bornes-fontaines","updateDate":"2026-03-18","geometryType":"Point","legalNote":"Annual inventory. Not for engineering use without City validation."},"source":{"ADRESSE":"385-405 boulevard De Maisonneuve Ouest","ADRESSE_R_M":"Cartographie géomatique ville","COORDONNEE_SPATIALE_X":299341.601,"COORDONNEE_SPATIALE_Y":5040710.089,"DATE_ABANDON_R_M":"Non applicable","DATE_INSTALLATION":"2021-01-19","DATE_INSTALLATION_R_M":"Échange écrit/verbal arrondissement","ELEVATION_TERRAIN":36.206,"ID_BI":20001915,"ID_POINT":20017410,"JURIDICTION":"LOCALE","JURIDICTION_R_M":"Direction production eau potable","PRECISION_DATE_INSTALL":"DATE INSTALLATION PRECISE","PRECISION_DATE_INSTALL_R_M":"Échange écrit/verbal arrondissement","PROPRIETAIRE":"VILLE DE MONTREAL","PROPRIETAIRE_R_M":"Cartographie géomatique ville","PROVENANCE_DONNEE":"RELEVE TERRAIN INTERNE","STATUT_ACTIF":"EXISTANT","STATUT_ACTIF_R_M":"Visite terrain","LATITUDE":45.50629873026786,"LONGITUDE":-73.5698540559892,"ABANDONNE_R":"NON","ABANDONNE_R_M":"Non applicable"}},"geometry":{"type":"Point","coordinates":[-73.5698540559892,45.50629873026786]}},{"type":"Feature","id":"ville-montreal/hydrant/20001740","properties":{"lab":{"objectClass":"hydrant","label":"HYDRANT","sourceId":"20001740","provider":"Ville de Montréal","providerKey":"ville-montreal","dataset":"Bornes d'incendie","datasetId":"cb4de65e-138b-4936-9d5c-2d9a0bc9b4ce","identityField":"ID_BI","sourceName":"300 rue Le Moyne","license":"CC-BY 4.0","retrievedAt":"2026-08-19T19:54:33.442Z","sourceUrl":"https://donnees.montreal.ca/dataset/geolocalisation-des-bornes-fontaines","updateDate":"2026-03-18","geometryType":"Point","legalNote":"Annual inventory. Not for engineering use without City validation."},"source":{"ADRESSE":"300 rue Le Moyne","ADRESSE_R_M":"Cartographie géomatique ville","COORDONNEE_SPATIALE_X":300378.903,"COORDONNEE_SPATIALE_Y":5040234.206,"DATE_ABANDON_R_M":"Non applicable","DATE_INSTALLATION":"2020-11-15","DATE_INSTALLATION_R_M":"Échange écrit/verbal arrondissement","ELEVATION_TERRAIN":16.063,"ID_BI":20001740,"ID_POINT":20015425,"JURIDICTION":"LOCALE","JURIDICTION_R_M":"Direction épuration eaux usées","PRECISION_DATE_INSTALL":"DATE INSTALLATION PRECISE","PRECISION_DATE_INSTALL_R_M":"Échange écrit/verbal arrondissement","PROPRIETAIRE":"VILLE DE MONTREAL","PROPRIETAIRE_R_M":"Cartographie géomatique ville","PROVENANCE_DONNEE":"RELEVE TERRAIN INTERNE","STATUT_ACTIF":"EXISTANT","STATUT_ACTIF_R_M":"Visite terrain","LATITUDE":45.50202385402621,"LONGITUDE":-73.55657512470718,"ABANDONNE_R":"NON","ABANDONNE_R_M":"Non applicable"}},"geometry":{"type":"Point","coordinates":[-73.55657512470718,45.50202385402621]}},{"type":"Feature","id":"ville-montreal/hydrant/20001330","properties":{"lab":{"objectClass":"hydrant","label":"HYDRANT","sourceId":"20001330","provider":"Ville de Montréal","providerKey":"ville-montreal","dataset":"Bornes d'incendie","datasetId":"cb4de65e-138b-4936-9d5c-2d9a0bc9b4ce","identityField":"ID_BI","sourceName":"1099-1101 rue Anderson","license":"CC-BY 4.0","retrievedAt":"2026-08-19T19:54:33.442Z","sourceUrl":"https://donnees.montreal.ca/dataset/geolocalisation-des-bornes-fontaines","updateDate":"2026-03-18","geometryType":"Point","legalNote":"Annual inventory. Not for engineering use without City validation."},"source":{"ADRESSE":"1099-1101 rue Anderson","ADRESSE_R_M":"Cartographie géomatique ville","COORDONNEE_SPATIALE_X":299845.602,"COORDONNEE_SPATIALE_Y":5040597.87,"DATE_ABANDON_R_M":"Non applicable","DATE_INSTALLATION":"2018-04-09","DATE_INSTALLATION_R_M":"Plan profil","ELEVATION_TERRAIN":23.161,"ID_BI":20001330,"ID_POINT":20008630,"JURIDICTION":"LOCALE","JURIDICTION_R_M":"Direction production eau potable","PRECISION_DATE_INSTALL":"DATE INSTALLATION DANS L'ANNEE COURANTE","PRECISION_DATE_INSTALL_R_M":"Plan profil","PROPRIETAIRE":"VILLE DE MONTREAL","PROPRIETAIRE_R_M":"À valider","PROVENANCE_DONNEE":"RELEVE TERRAIN INTERNE","STATUT_ACTIF":"EXISTANT","STATUT_ACTIF_R_M":"Visite terrain","LATITUDE":45.505292670346584,"LONGITUDE":-73.56340289019785,"ABANDONNE_R":"NON","ABANDONNE_R_M":"Non applicable"}},"geometry":{"type":"Point","coordinates":[-73.56340289019785,45.505292670346584]}},{"type":"Feature","id":"ville-montreal/hydrant/20001331","properties":{"lab":{"objectClass":"hydrant","label":"HYDRANT","sourceId":"20001331","provider":"Ville de Montréal","providerKey":"ville-montreal","dataset":"Bornes d'incendie","datasetId":"cb4de65e-138b-4936-9d5c-2d9a0bc9b4ce","identityField":"ID_BI","sourceName":"1054 rue Anderson","license":"CC-BY 4.0","retrievedAt":"2026-08-19T19:54:33.442Z","sourceUrl":"https://donnees.montreal.ca/dataset/geolocalisation-des-bornes-fontaines","updateDate":"2026-03-18","geometryType":"Point","legalNote":"Annual inventory. Not for engineering use without City validation."},"source":{"ADRESSE":"1054 rue Anderson","ADRESSE_R_M":"Cartographie géomatique ville","COORDONNEE_SPATIALE_X":299913.828,"COORDONNEE_SPATIALE_Y":5040551.82,"DATE_ABANDON_R_M":"Non applicable","DATE_INSTALLATION":"2018-04-09","DATE_INSTALLATION_R_M":"Plan profil","ELEVATION_TERRAIN":19.844,"ID_BI":20001331,"ID_POINT":20008632,"JURIDICTION":"LOCALE","JURIDICTION_R_M":"Direction production eau potable","PRECISION_DATE_INSTALL":"DATE INSTALLATION DANS L'ANNEE COURANTE","PRECISION_DATE_INSTALL_R_M":"Plan profil","PROPRIETAIRE":"VILLE DE MONTREAL","PROPRIETAIRE_R_M":"À valider","PROVENANCE_DONNEE":"RELEVE TERRAIN INTERNE","STATUT_ACTIF":"EXISTANT","STATUT_ACTIF_R_M":"Visite terrain","LATITUDE":45.50487876843352,"LONGITUDE":-73.56252932516468,"ABANDONNE_R":"NON","ABANDONNE_R_M":"Non applicable"}},"geometry":{"type":"Point","coordinates":[-73.56252932516468,45.50487876843352]}},{"type":"Feature","id":"ville-montreal/hydrant/20001987","properties":{"lab":{"objectClass":"hydrant","label":"HYDRANT","sourceId":"20001987","provider":"Ville de Montréal","providerKey":"ville-montreal","dataset":"Bornes d'incendie","datasetId":"cb4de65e-138b-4936-9d5c-2d9a0bc9b4ce","identityField":"ID_BI","sourceName":"482 rue Saint-François-Xavier","license":"CC-BY 4.0","retrievedAt":"2026-08-19T19:54:33.442Z","sourceUrl":"https://donnees.montreal.ca/dataset/geolocalisation-des-bornes-fontaines","updateDate":"2026-03-18","geometryType":"Point","legalNote":"Annual inventory. Not for engineering use without City validation."},"source":{"ADRESSE":"482 rue Saint-François-Xavier","ADRESSE_R_M":"Cartographie géomatique ville","COORDONNEE_SPATIALE_X":300312.656,"COORDONNEE_SPATIALE_Y":5040431.79,"DATE_ABANDON_R_M":"Non applicable","DATE_INSTALLATION":"2009-01-01","DATE_INSTALLATION_R_M":"Plan profil proposé","ELEVATION_TERRAIN":21.758,"ID_BI":20001987,"ID_POINT":20017855,"JURIDICTION":"LOCALE","JURIDICTION_R_M":"Direction production eau potable","PRECISION_DATE_INSTALL":"DATE INSTALLATION DANS L'ANNEE COURANTE","PRECISION_DATE_INSTALL_R_M":"Plan profil proposé","PROPRIETAIRE":"VILLE DE MONTREAL","PROPRIETAIRE_R_M":"Cartographie géomatique ville","PROVENANCE_DONNEE":"RELEVE TERRAIN INTERNE","STATUT_ACTIF":"EXISTANT","STATUT_ACTIF_R_M":"Visite terrain","LATITUDE":45.50380134881343,"LONGITUDE":-73.5574246042656,"ABANDONNE_R":"NON","ABANDONNE_R_M":"Non applicable"}},"geometry":{"type":"Point","coordinates":[-73.5574246042656,45.50380134881343]}},{"type":"Feature","id":"ville-montreal/hydrant/20002143","properties":{"lab":{"objectClass":"hydrant","label":"HYDRANT","sourceId":"20002143","provider":"Ville de Montréal","providerKey":"ville-montreal","dataset":"Bornes d'incendie","datasetId":"cb4de65e-138b-4936-9d5c-2d9a0bc9b4ce","identityField":"ID_BI","sourceName":"1040 rue Drummond","license":"CC-BY 4.0","retrievedAt":"2026-08-19T19:54:33.442Z","sourceUrl":"https://donnees.montreal.ca/dataset/geolocalisation-des-bornes-fontaines","updateDate":"2026-03-18","geometryType":"Point","legalNote":"Annual inventory. Not for engineering use without City validation."},"source":{"ADRESSE":"1040 rue Drummond","ADRESSE_R_M":"Cartographie géomatique ville","COORDONNEE_SPATIALE_X":299316.782,"COORDONNEE_SPATIALE_Y":5039646.564,"DATE_ABANDON_R_M":"Non applicable","DATE_INSTALLATION":"2016-12-16","DATE_INSTALLATION_R_M":"Plan profil","ELEVATION_TERRAIN":34.908,"ID_BI":20002143,"ID_POINT":20019596,"JURIDICTION":"LOCALE","JURIDICTION_R_M":"Direction production eau potable","PRECISION_DATE_INSTALL":"DATE INSTALLATION DANS L'ANNEE COURANTE","PRECISION_DATE_INSTALL_R_M":"Plan profil","PROPRIETAIRE":"VILLE DE MONTREAL","PROPRIETAIRE_R_M":"Cartographie géomatique ville","PROVENANCE_DONNEE":"RELEVE TERRAIN INTERNE","STATUT_ACTIF":"EXISTANT","STATUT_ACTIF_R_M":"Visite terrain","LATITUDE":45.496728618858135,"LONGITUDE":-73.5701596787029,"ABANDONNE_R":"NON","ABANDONNE_R_M":"Non applicable"}},"geometry":{"type":"Point","coordinates":[-73.5701596787029,45.496728618858135]}},{"type":"Feature","id":"ville-montreal/hydrant/20002144","properties":{"lab":{"objectClass":"hydrant","label":"HYDRANT","sourceId":"20002144","provider":"Ville de Montréal","providerKey":"ville-montreal","dataset":"Bornes d'incendie","datasetId":"cb4de65e-138b-4936-9d5c-2d9a0bc9b4ce","identityField":"ID_BI","sourceName":"1050-1070 rue Drummond","license":"CC-BY 4.0","retrievedAt":"2026-08-19T19:54:33.442Z","sourceUrl":"https://donnees.montreal.ca/dataset/geolocalisation-des-bornes-fontaines","updateDate":"2026-03-18","geometryType":"Point","legalNote":"Annual inventory. Not for engineering use without City validation."},"source":{"ADRESSE":"1050-1070 rue Drummond","ADRESSE_R_M":"Cartographie géomatique ville","COORDONNEE_SPATIALE_X":299218.049,"COORDONNEE_SPATIALE_Y":5039700.887,"DATE_ABANDON_R_M":"Non applicable","DATE_INSTALLATION":"2016-12-16","DATE_INSTALLATION_R_M":"Plan profil","ELEVATION_TERRAIN":36.454,"ID_BI":20002144,"ID_POINT":20019599,"JURIDICTION":"LOCALE","JURIDICTION_R_M":"Direction production eau potable","PRECISION_DATE_INSTALL":"DATE INSTALLATION DANS L'ANNEE COURANTE","PRECISION_DATE_INSTALL_R_M":"Plan profil","PROPRIETAIRE":"VILLE DE MONTREAL","PROPRIETAIRE_R_M":"Cartographie géomatique ville","PROVENANCE_DONNEE":"RELEVE TERRAIN INTERNE","STATUT_ACTIF":"EXISTANT","STATUT_ACTIF_R_M":"Visite terrain","LATITUDE":45.497216650992875,"LONGITUDE":-73.57142360602872,"ABANDONNE_R":"NON","ABANDONNE_R_M":"Non applicable"}},"geometry":{"type":"Point","coordinates":[-73.57142360602872,45.497216650992875]}},{"type":"Feature","id":"ville-montreal/hydrant/20001512","properties":{"lab":{"objectClass":"hydrant","label":"HYDRANT","sourceId":"20001512","provider":"Ville de Montréal","providerKey":"ville-montreal","dataset":"Bornes d'incendie","datasetId":"cb4de65e-138b-4936-9d5c-2d9a0bc9b4ce","identityField":"ID_BI","sourceName":"84 rue Sainte-Catherine Ouest","license":"CC-BY 4.0","retrievedAt":"2026-08-19T19:54:33.442Z","sourceUrl":"https://donnees.montreal.ca/dataset/geolocalisation-des-bornes-fontaines","updateDate":"2026-03-18","geometryType":"Point","legalNote":"Annual inventory. Not for engineering use without City validation."},"source":{"ADRESSE":"84 rue Sainte-Catherine Ouest","ADRESSE_R_M":"Cartographie géomatique ville","COORDONNEE_SPATIALE_X":299780.139,"COORDONNEE_SPATIALE_Y":5040941.071,"DATE_ABANDON_R_M":"Non applicable","DATE_INSTALLATION":"2020-06-17","DATE_INSTALLATION_R_M":"Échange écrit/verbal arrondissement","ELEVATION_TERRAIN":23.436,"ID_BI":20001512,"ID_POINT":20011153,"JURIDICTION":"LOCALE","JURIDICTION_R_M":"Direction production eau potable","PRECISION_DATE_INSTALL":"DATE INSTALLATION DANS L'ANNEE COURANTE","PRECISION_DATE_INSTALL_R_M":"Échange écrit/verbal arrondissement","PROPRIETAIRE":"VILLE DE MONTREAL","PROPRIETAIRE_R_M":"Cartographie géomatique ville","PROVENANCE_DONNEE":"RELEVE TERRAIN INTERNE","STATUT_ACTIF":"EXISTANT","STATUT_ACTIF_R_M":"Visite terrain","LATITUDE":45.50838044496988,"LONGITUDE":-73.56424421725191,"ABANDONNE_R":"NON","ABANDONNE_R_M":"Non applicable"}},"geometry":{"type":"Point","coordinates":[-73.56424421725191,45.50838044496988]}},{"type":"Feature","id":"ville-montreal/hydrant/20001485","properties":{"lab":{"objectClass":"hydrant","label":"HYDRANT","sourceId":"20001485","provider":"Ville de Montréal","providerKey":"ville-montreal","dataset":"Bornes d'incendie","datasetId":"cb4de65e-138b-4936-9d5c-2d9a0bc9b4ce","identityField":"ID_BI","sourceName":"1110-1116 boulevard Saint-Laurent","license":"CC-BY 4.0","retrievedAt":"2026-08-19T19:54:33.442Z","sourceUrl":"https://donnees.montreal.ca/dataset/geolocalisation-des-bornes-fontaines","updateDate":"2026-03-18","geometryType":"Point","legalNote":"Annual inventory. Not for engineering use without City validation."},"source":{"ADRESSE":"1110-1116 boulevard Saint-Laurent","ADRESSE_R_M":"Cartographie géomatique ville","COORDONNEE_SPATIALE_X":300016.47,"COORDONNEE_SPATIALE_Y":5040981.716,"DATE_ABANDON_R_M":"Non applicable","DATE_INSTALLATION":"2020-08-16","DATE_INSTALLATION_R_M":"Échange écrit/verbal arrondissement","ELEVATION_TERRAIN":23.78,"ID_BI":20001485,"ID_POINT":20010500,"JURIDICTION":"LOCALE","JURIDICTION_R_M":"Direction production eau potable","PRECISION_DATE_INSTALL":"DATE INSTALLATION PRECISE","PRECISION_DATE_INSTALL_R_M":"Échange écrit/verbal arrondissement","PROPRIETAIRE":"VILLE DE MONTREAL","PROPRIETAIRE_R_M":"Cartographie géomatique ville","PROVENANCE_DONNEE":"RELEVE TERRAIN INTERNE","STATUT_ACTIF":"EXISTANT","STATUT_ACTIF_R_M":"Visite terrain","LATITUDE":45.508747852321434,"LONGITUDE":-73.56122005258386,"ABANDONNE_R":"NON","ABANDONNE_R_M":"Non applicable"}},"geometry":{"type":"Point","coordinates":[-73.56122005258386,45.508747852321434]}},{"type":"Feature","id":"ville-montreal/hydrant/20004861","properties":{"lab":{"objectClass":"hydrant","label":"HYDRANT","sourceId":"20004861","provider":"Ville de Montréal","providerKey":"ville-montreal","dataset":"Bornes d'incendie","datasetId":"cb4de65e-138b-4936-9d5c-2d9a0bc9b4ce","identityField":"ID_BI","sourceName":"3449 rue Peel","license":"CC-BY 4.0","retrievedAt":"2026-08-19T19:54:33.442Z","sourceUrl":"https://donnees.montreal.ca/dataset/geolocalisation-des-bornes-fontaines","updateDate":"2026-03-18","geometryType":"Point","legalNote":"Annual inventory. Not for engineering use without City validation."},"source":{"ADRESSE":"3449 rue Peel","ADRESSE_R_M":"Cartographie géomatique ville","COORDONNEE_SPATIALE_X":298705.537,"COORDONNEE_SPATIALE_Y":5040295.669,"DATE_ABANDON_R_M":"Non applicable","DATE_INSTALLATION":"2019-08-22","DATE_INSTALLATION_R_M":"Plan de localisation","ELEVATION_TERRAIN":51.693,"ID_BI":20004861,"ID_POINT":20056246,"JURIDICTION":"LOCALE","JURIDICTION_R_M":"Direction production eau potable","PRECISION_DATE_INSTALL":"DATE INSTALLATION DANS L'ANNEE COURANTE","PRECISION_DATE_INSTALL_R_M":"Plan de localisation","PROPRIETAIRE":"VILLE DE MONTREAL","PROPRIETAIRE_R_M":"Cartographie géomatique ville","PROVENANCE_DONNEE":"RELEVE TERRAIN INTERNE","STATUT_ACTIF":"EXISTANT","STATUT_ACTIF_R_M":"Visite terrain","LATITUDE":45.502564413374536,"LONGITUDE":-73.57798886814294,"ABANDONNE_R":"NON","ABANDONNE_R_M":"Non applicable"}},"geometry":{"type":"Point","coordinates":[-73.57798886814294,45.502564413374536]}},{"type":"Feature","id":"ville-montreal/hydrant/20003840","properties":{"lab":{"objectClass":"hydrant","label":"HYDRANT","sourceId":"20003840","provider":"Ville de Montréal","providerKey":"ville-montreal","dataset":"Bornes d'incendie","datasetId":"cb4de65e-138b-4936-9d5c-2d9a0bc9b4ce","identityField":"ID_BI","sourceName":"1227 rue Sherbrooke Ouest","license":"CC-BY 4.0","retrievedAt":"2026-08-19T19:54:33.442Z","sourceUrl":"https://donnees.montreal.ca/dataset/geolocalisation-des-bornes-fontaines","updateDate":"2026-03-18","geometryType":"Point","legalNote":"Annual inventory. Not for engineering use without City validation."},"source":{"ADRESSE":"1227 rue Sherbrooke Ouest","ADRESSE_R_M":"Cartographie géomatique ville","COORDONNEE_SPATIALE_X":298708.115,"COORDONNEE_SPATIALE_Y":5040043.498,"DATE_ABANDON_R_M":"Non applicable","DATE_INSTALLATION":"2023-01-17","DATE_INSTALLATION_R_M":"Échange écrit/verbal arrondissement","ELEVATION_TERRAIN":49.358,"ID_BI":20003840,"ID_POINT":20041682,"JURIDICTION":"LOCALE","JURIDICTION_R_M":"Direction épuration eaux usées","PRECISION_DATE_INSTALL":"DATE INSTALLATION PRECISE","PRECISION_DATE_INSTALL_R_M":"Échange écrit/verbal arrondissement","PROPRIETAIRE":"VILLE DE MONTREAL","PROPRIETAIRE_R_M":"Cartographie géomatique ville","PROVENANCE_DONNEE":"RELEVE TERRAIN INTERNE","STATUT_ACTIF":"EXISTANT","STATUT_ACTIF_R_M":"Plan profil","LATITUDE":45.500295322969805,"LONGITUDE":-73.57795264816897,"ABANDONNE_R":"NON","ABANDONNE_R_M":"Non applicable"}},"geometry":{"type":"Point","coordinates":[-73.57795264816897,45.500295322969805]}},{"type":"Feature","id":"ville-montreal/hydrant/20003867","properties":{"lab":{"objectClass":"hydrant","label":"HYDRANT","sourceId":"20003867","provider":"Ville de Montréal","providerKey":"ville-montreal","dataset":"Bornes d'incendie","datasetId":"cb4de65e-138b-4936-9d5c-2d9a0bc9b4ce","identityField":"ID_BI","sourceName":"1082-1084 rue Jeanne-Mance","license":"CC-BY 4.0","retrievedAt":"2026-08-19T19:54:33.442Z","sourceUrl":"https://donnees.montreal.ca/dataset/geolocalisation-des-bornes-fontaines","updateDate":"2026-03-18","geometryType":"Point","legalNote":"Annual inventory. Not for engineering use without City validation."},"source":{"ADRESSE":"1082-1084 rue Jeanne-Mance","ADRESSE_R_M":"Cartographie géomatique ville","COORDONNEE_SPATIALE_X":299901.092,"COORDONNEE_SPATIALE_Y":5040635.184,"DATE_ABANDON_R_M":"Non applicable","DATE_INSTALLATION":"2020-08-31","DATE_INSTALLATION_R_M":"Plan balayé","ELEVATION_TERRAIN":22.016,"ID_BI":20003867,"ID_POINT":20041894,"JURIDICTION":"LOCALE","JURIDICTION_R_M":"Direction production eau potable","PRECISION_DATE_INSTALL":"DATE INSTALLATION PRECISE","PRECISION_DATE_INSTALL_R_M":"Plan balayé","PROPRIETAIRE":"VILLE DE MONTREAL","PROPRIETAIRE_R_M":"Cartographie géomatique ville","PROVENANCE_DONNEE":"RELEVE TERRAIN INTERNE","STATUT_ACTIF":"EXISTANT","STATUT_ACTIF_R_M":"Visite terrain","LATITUDE":45.5056288230407,"LONGITUDE":-73.5626931562798,"ABANDONNE_R":"NON","ABANDONNE_R_M":"Non applicable"}},"geometry":{"type":"Point","coordinates":[-73.5626931562798,45.5056288230407]}},{"type":"Feature","id":"ville-montreal/hydrant/20006388","properties":{"lab":{"objectClass":"hydrant","label":"HYDRANT","sourceId":"20006388","provider":"Ville de Montréal","providerKey":"ville-montreal","dataset":"Bornes d'incendie","datasetId":"cb4de65e-138b-4936-9d5c-2d9a0bc9b4ce","identityField":"ID_BI","sourceName":"900 rue Saint-Antoine Ouest","license":"CC-BY 4.0","retrievedAt":"2026-08-19T19:54:33.442Z","sourceUrl":"https://donnees.montreal.ca/dataset/geolocalisation-des-bornes-fontaines","updateDate":"2026-03-18","geometryType":"Point","legalNote":"Annual inventory. Not for engineering use without City validation."},"source":{"ADRESSE":"900 rue Saint-Antoine Ouest","ADRESSE_R_M":"Cartographie géomatique ville","COORDONNEE_SPATIALE_X":299718.586,"COORDONNEE_SPATIALE_Y":5039847.172,"DATE_ABANDON_R_M":"Non applicable","DATE_INSTALLATION":"2022-07-14","DATE_INSTALLATION_R_M":"Plan balayé","ELEVATION_TERRAIN":18.758,"ID_BI":20006388,"ID_POINT":20075416,"JURIDICTION":"LOCALE","JURIDICTION_R_M":"Direction épuration eaux usées","PRECISION_DATE_INSTALL":"DATE INSTALLATION DANS L'ANNEE COURANTE","PRECISION_DATE_INSTALL_R_M":"Plan balayé","PROPRIETAIRE":"VILLE DE MONTREAL","PROPRIETAIRE_R_M":"Cartographie géomatique ville","PROVENANCE_DONNEE":"RELEVE TERRAIN INTERNE","STATUT_ACTIF":"EXISTANT","STATUT_ACTIF_R_M":"Visite terrain","LATITUDE":45.49853667919218,"LONGITUDE":-73.5650206844205,"ABANDONNE_R":"NON","ABANDONNE_R_M":"Non applicable"}},"geometry":{"type":"Point","coordinates":[-73.5650206844205,45.49853667919218]}},{"type":"Feature","id":"ville-montreal/hydrant/20007275","properties":{"lab":{"objectClass":"hydrant","label":"HYDRANT","sourceId":"20007275","provider":"Ville de Montréal","providerKey":"ville-montreal","dataset":"Bornes d'incendie","datasetId":"cb4de65e-138b-4936-9d5c-2d9a0bc9b4ce","identityField":"ID_BI","sourceName":"950 rue Sainte-Catherine Ouest","license":"CC-BY 4.0","retrievedAt":"2026-08-19T19:54:33.442Z","sourceUrl":"https://donnees.montreal.ca/dataset/geolocalisation-des-bornes-fontaines","updateDate":"2026-03-18","geometryType":"Point","legalNote":"Annual inventory. Not for engineering use without City validation."},"source":{"ADRESSE":"950 rue Sainte-Catherine Ouest","ADRESSE_R_M":"Cartographie géomatique ville","COORDONNEE_SPATIALE_X":299200.758,"COORDONNEE_SPATIALE_Y":5040146.75,"DATE_ABANDON_R_M":"Non applicable","DATE_INSTALLATION":"2021-10-01","DATE_INSTALLATION_R_M":"Direction des Réseaux Eau","ELEVATION_TERRAIN":36.803,"ID_BI":20007275,"ID_POINT":20084727,"JURIDICTION":"LOCALE","JURIDICTION_R_M":"Direction production eau potable","PRECISION_DATE_INSTALL":"DATE INSTALLATION DANS L'ANNEE COURANTE","PRECISION_DATE_INSTALL_R_M":"Direction des Réseaux Eau","PROPRIETAIRE":"VILLE DE MONTREAL","PROPRIETAIRE_R_M":"Cartographie géomatique ville","PROVENANCE_DONNEE":"RELEVE TERRAIN INTERNE","STATUT_ACTIF":"EXISTANT","STATUT_ACTIF_R_M":"Visite terrain","LATITUDE":45.50122852032159,"LONGITUDE":-73.57164997874865,"ABANDONNE_R":"NON","ABANDONNE_R_M":"Non applicable"}},"geometry":{"type":"Point","coordinates":[-73.57164997874865,45.50122852032159]}},{"type":"Feature","id":"ville-montreal/hydrant/20007240","properties":{"lab":{"objectClass":"hydrant","label":"HYDRANT","sourceId":"20007240","provider":"Ville de Montréal","providerKey":"ville-montreal","dataset":"Bornes d'incendie","datasetId":"cb4de65e-138b-4936-9d5c-2d9a0bc9b4ce","identityField":"ID_BI","sourceName":"2050-2060 rue De Bleury","license":"CC-BY 4.0","retrievedAt":"2026-08-19T19:54:33.442Z","sourceUrl":"https://donnees.montreal.ca/dataset/geolocalisation-des-bornes-fontaines","updateDate":"2026-03-18","geometryType":"Point","legalNote":"Annual inventory. Not for engineering use without City validation."},"source":{"ADRESSE":"2050-2060 rue De Bleury","ADRESSE_R_M":"Cartographie géomatique ville","COORDONNEE_SPATIALE_X":299326.876,"COORDONNEE_SPATIALE_Y":5040866.347,"DATE_ABANDON_R_M":"Non applicable","DATE_INSTALLATION":"2016-08-01","DATE_INSTALLATION_R_M":"Visite terrain","ELEVATION_TERRAIN":36.729,"ID_BI":20007240,"ID_POINT":20084393,"JURIDICTION":"LOCALE","JURIDICTION_R_M":"Direction production eau potable","PRECISION_DATE_INSTALL":"DATE INSTALLATION DANS L'ANNEE COURANTE","PRECISION_DATE_INSTALL_R_M":"Visite terrain","PROPRIETAIRE":"VILLE DE MONTREAL","PROPRIETAIRE_R_M":"Cartographie géomatique ville","PROVENANCE_DONNEE":"RELEVE TERRAIN INTERNE","STATUT_ACTIF":"EXISTANT","STATUT_ACTIF_R_M":"Visite terrain","LATITUDE":45.507704647751865,"LONGITUDE":-73.57004430458882,"ABANDONNE_R":"NON","ABANDONNE_R_M":"Non applicable"}},"geometry":{"type":"Point","coordinates":[-73.57004430458882,45.507704647751865]}},{"type":"Feature","id":"ville-montreal/hydrant/20003876","properties":{"lab":{"objectClass":"hydrant","label":"HYDRANT","sourceId":"20003876","provider":"Ville de Montréal","providerKey":"ville-montreal","dataset":"Bornes d'incendie","datasetId":"cb4de65e-138b-4936-9d5c-2d9a0bc9b4ce","identityField":"ID_BI","sourceName":"205 avenue Viger Ouest","license":"CC-BY 4.0","retrievedAt":"2026-08-19T19:54:33.442Z","sourceUrl":"https://donnees.montreal.ca/dataset/geolocalisation-des-bornes-fontaines","updateDate":"2026-03-18","geometryType":"Point","legalNote":"Annual inventory. Not for engineering use without City validation."},"source":{"ADRESSE":"205 avenue Viger Ouest","ADRESSE_R_M":"Cartographie géomatique ville","COORDONNEE_SPATIALE_X":300005.599,"COORDONNEE_SPATIALE_Y":5040566.711,"DATE_ABANDON_R_M":"Non applicable","DATE_INSTALLATION":"2020-08-31","DATE_INSTALLATION_R_M":"Plan balayé","ELEVATION_TERRAIN":16.163,"ID_BI":20003876,"ID_POINT":20041939,"JURIDICTION":"LOCALE","JURIDICTION_R_M":"Direction production eau potable","PRECISION_DATE_INSTALL":"DATE INSTALLATION PRECISE","PRECISION_DATE_INSTALL_R_M":"Plan balayé","PROPRIETAIRE":"VILLE DE MONTREAL","PROPRIETAIRE_R_M":"Cartographie géomatique ville","PROVENANCE_DONNEE":"RELEVE TERRAIN INTERNE","STATUT_ACTIF":"EXISTANT","STATUT_ACTIF_R_M":"Visite terrain","LATITUDE":45.50501340042356,"LONGITUDE":-73.56135509865673,"ABANDONNE_R":"NON","ABANDONNE_R_M":"Non applicable"}},"geometry":{"type":"Point","coordinates":[-73.56135509865673,45.50501340042356]}},{"type":"Feature","id":"ville-montreal/hydrant/10009121","properties":{"lab":{"objectClass":"hydrant","label":"HYDRANT","sourceId":"10009121","provider":"Ville de Montréal","providerKey":"ville-montreal","dataset":"Bornes d'incendie","datasetId":"cb4de65e-138b-4936-9d5c-2d9a0bc9b4ce","identityField":"ID_BI","sourceName":"119-155 rue Saint-Jacques","license":"CC-BY 4.0","retrievedAt":"2026-08-19T19:54:33.442Z","sourceUrl":"https://donnees.montreal.ca/dataset/geolocalisation-des-bornes-fontaines","updateDate":"2026-03-18","geometryType":"Point","legalNote":"Annual inventory. Not for engineering use without City validation."},"source":{"ADRESSE":"119-155 rue Saint-Jacques","ADRESSE_R_M":"Cartographie géomatique ville","COORDONNEE_SPATIALE_X":300241.673,"COORDONNEE_SPATIALE_Y":5040542.123,"DATE_ABANDON_R_M":"Non applicable","DATE_INSTALLATION":"2019-09-22","DATE_INSTALLATION_R_M":"Échange écrit/verbal arrondissement","ELEVATION_TERRAIN":18.313,"ID_BI":10009121,"ID_POINT":12271302,"JURIDICTION":"LOCALE","JURIDICTION_R_M":"Direction production eau potable","PRECISION_DATE_INSTALL":"DATE INSTALLATION DANS L'ANNEE COURANTE","PRECISION_DATE_INSTALL_R_M":"Échange écrit/verbal arrondissement","PROPRIETAIRE":"VILLE DE MONTREAL","PROPRIETAIRE_R_M":"Cartographie géomatique ville","PROVENANCE_DONNEE":"RELEVE TERRAIN INTERNE","STATUT_ACTIF":"EXISTANT","STATUT_ACTIF_R_M":"Visite terrain","LATITUDE":45.504793730622055,"LONGITUDE":-73.5583338803026,"ABANDONNE_R":"NON","ABANDONNE_R_M":"Non applicable"}},"geometry":{"type":"Point","coordinates":[-73.5583338803026,45.504793730622055]}},{"type":"Feature","id":"ville-montreal/hydrant/10007199","properties":{"lab":{"objectClass":"hydrant","label":"HYDRANT","sourceId":"10007199","provider":"Ville de Montréal","providerKey":"ville-montreal","dataset":"Bornes d'incendie","datasetId":"cb4de65e-138b-4936-9d5c-2d9a0bc9b4ce","identityField":"ID_BI","sourceName":"505 boulevard De Maisonneuve Ouest","license":"CC-BY 4.0","retrievedAt":"2026-08-19T19:54:33.442Z","sourceUrl":"https://donnees.montreal.ca/dataset/geolocalisation-des-bornes-fontaines","updateDate":"2026-03-18","geometryType":"Point","legalNote":"Annual inventory. Not for engineering use without City validation."},"source":{"ADRESSE":"505 boulevard De Maisonneuve Ouest","ADRESSE_R_M":"Cartographie géomatique ville","COORDONNEE_SPATIALE_X":299307.979,"COORDONNEE_SPATIALE_Y":5040628.658,"DATE_ABANDON_R_M":"Non applicable","DATE_INSTALLATION":"2016-08-27","DATE_INSTALLATION_R_M":"Échange écrit/verbal arrondissement","ELEVATION_TERRAIN":36.701,"ID_BI":10007199,"ID_POINT":12224292,"JURIDICTION":"LOCALE","JURIDICTION_R_M":"Direction épuration eaux usées","PRECISION_DATE_INSTALL":"DATE INSTALLATION PRECISE","PRECISION_DATE_INSTALL_R_M":"Échange écrit/verbal arrondissement","PROPRIETAIRE":"VILLE DE MONTREAL","PROPRIETAIRE_R_M":"Cartographie géomatique ville","PROVENANCE_DONNEE":"RELEVE TERRAIN INTERNE","STATUT_ACTIF":"EXISTANT","STATUT_ACTIF_R_M":"Visite terrain","LATITUDE":45.50556574239677,"LONGITUDE":-73.57028340258246,"ABANDONNE_R":"NON","ABANDONNE_R_M":"Non applicable"}},"geometry":{"type":"Point","coordinates":[-73.57028340258246,45.50556574239677]}},{"type":"Feature","id":"ville-montreal/hydrant/10007203","properties":{"lab":{"objectClass":"hydrant","label":"HYDRANT","sourceId":"10007203","provider":"Ville de Montréal","providerKey":"ville-montreal","dataset":"Bornes d'incendie","datasetId":"cb4de65e-138b-4936-9d5c-2d9a0bc9b4ce","identityField":"ID_BI","sourceName":"422-424 rue Saint-François-Xavier","license":"CC-BY 4.0","retrievedAt":"2026-08-19T19:54:33.442Z","sourceUrl":"https://donnees.montreal.ca/dataset/geolocalisation-des-bornes-fontaines","updateDate":"2026-03-18","geometryType":"Point","legalNote":"Annual inventory. Not for engineering use without City validation."},"source":{"ADRESSE":"422-424 rue Saint-François-Xavier","ADRESSE_R_M":"Cartographie géomatique ville","COORDONNEE_SPATIALE_X":300441.528,"COORDONNEE_SPATIALE_Y":5040349.855,"DATE_ABANDON_R_M":"Non applicable","DATE_INSTALLATION":"2016-01-01","DATE_INSTALLATION_R_M":"Visite terrain","ELEVATION_TERRAIN":17.553,"ID_BI":10007203,"ID_POINT":12224334,"JURIDICTION":"LOCALE","JURIDICTION_R_M":"Direction épuration eaux usées","PRECISION_DATE_INSTALL":"DATE INSTALLATION DANS L'ANNEE COURANTE","PRECISION_DATE_INSTALL_R_M":"Visite terrain","PROPRIETAIRE":"VILLE DE MONTREAL","PROPRIETAIRE_R_M":"Cartographie géomatique ville","PROVENANCE_DONNEE":"RELEVE TERRAIN INTERNE","STATUT_ACTIF":"EXISTANT","STATUT_ACTIF_R_M":"Visite terrain","LATITUDE":45.503064864365044,"LONGITUDE":-73.55577484077588,"ABANDONNE_R":"NON","ABANDONNE_R_M":"Non applicable"}},"geometry":{"type":"Point","coordinates":[-73.55577484077588,45.503064864365044]}},{"type":"Feature","id":"ville-montreal/hydrant/10009124","properties":{"lab":{"objectClass":"hydrant","label":"HYDRANT","sourceId":"10009124","provider":"Ville de Montréal","providerKey":"ville-montreal","dataset":"Bornes d'incendie","datasetId":"cb4de65e-138b-4936-9d5c-2d9a0bc9b4ce","identityField":"ID_BI","sourceName":"741 avenue Viger Ouest","license":"CC-BY 4.0","retrievedAt":"2026-08-19T19:54:33.442Z","sourceUrl":"https://donnees.montreal.ca/dataset/geolocalisation-des-bornes-fontaines","updateDate":"2026-03-18","geometryType":"Point","legalNote":"Annual inventory. Not for engineering use without City validation."},"source":{"ADRESSE":"741 avenue Viger Ouest","ADRESSE_R_M":"Cartographie géomatique ville","COORDONNEE_SPATIALE_X":299795.922,"COORDONNEE_SPATIALE_Y":5040107.014,"DATE_ABANDON_R_M":"Non applicable","DATE_INSTALLATION":"2019-10-06","DATE_INSTALLATION_R_M":"Échange écrit/verbal arrondissement","ELEVATION_TERRAIN":17.63,"ID_BI":10009124,"ID_POINT":12271347,"JURIDICTION":"LOCALE","JURIDICTION_R_M":"Direction production eau potable","PRECISION_DATE_INSTALL":"DATE INSTALLATION DANS L'ANNEE COURANTE","PRECISION_DATE_INSTALL_R_M":"Échange écrit/verbal arrondissement","PROPRIETAIRE":"VILLE DE MONTREAL","PROPRIETAIRE_R_M":"Cartographie géomatique ville","PROVENANCE_DONNEE":"RELEVE TERRAIN INTERNE","STATUT_ACTIF":"EXISTANT","STATUT_ACTIF_R_M":"Visite terrain","LATITUDE":45.50087534508785,"LONGITUDE":-73.56403377775283,"ABANDONNE_R":"NON","ABANDONNE_R_M":"Non applicable"}},"geometry":{"type":"Point","coordinates":[-73.56403377775283,45.50087534508785]}},{"type":"Feature","id":"ville-montreal/hydrant/10007418","properties":{"lab":{"objectClass":"hydrant","label":"HYDRANT","sourceId":"10007418","provider":"Ville de Montréal","providerKey":"ville-montreal","dataset":"Bornes d'incendie","datasetId":"cb4de65e-138b-4936-9d5c-2d9a0bc9b4ce","identityField":"ID_BI","sourceName":"916 rue Clark","license":"CC-BY 4.0","retrievedAt":"2026-08-19T19:54:33.442Z","sourceUrl":"https://donnees.montreal.ca/dataset/geolocalisation-des-bornes-fontaines","updateDate":"2026-03-18","geometryType":"Point","legalNote":"Annual inventory. Not for engineering use without City validation."},"source":{"ADRESSE":"916 rue Clark","ADRESSE_R_M":"Cartographie géomatique ville","COORDONNEE_SPATIALE_X":300282.109,"COORDONNEE_SPATIALE_Y":5040813.638,"DATE_ABANDON_R_M":"Non applicable","DATE_INSTALLATION":"2017-03-05","DATE_INSTALLATION_R_M":"Échange écrit/verbal arrondissement","ELEVATION_TERRAIN":16.482,"ID_BI":10007418,"ID_POINT":12226824,"JURIDICTION":"LOCALE","JURIDICTION_R_M":"Direction production eau potable","PRECISION_DATE_INSTALL":"DATE INSTALLATION PRECISE","PRECISION_DATE_INSTALL_R_M":"Échange écrit/verbal arrondissement","PROPRIETAIRE":"VILLE DE MONTREAL","PROPRIETAIRE_R_M":"Cartographie géomatique ville","PROVENANCE_DONNEE":"RELEVE TERRAIN INTERNE","STATUT_ACTIF":"EXISTANT","STATUT_ACTIF_R_M":"Visite terrain","LATITUDE":45.50723719315624,"LONGITUDE":-73.55781886212112,"ABANDONNE_R":"NON","ABANDONNE_R_M":"Non applicable"}},"geometry":{"type":"Point","coordinates":[-73.55781886212112,45.50723719315624]}},{"type":"Feature","id":"ville-montreal/hydrant/10007053","properties":{"lab":{"objectClass":"hydrant","label":"HYDRANT","sourceId":"10007053","provider":"Ville de Montréal","providerKey":"ville-montreal","dataset":"Bornes d'incendie","datasetId":"cb4de65e-138b-4936-9d5c-2d9a0bc9b4ce","identityField":"ID_BI","sourceName":"950 rue du Square-Victoria","license":"CC-BY 4.0","retrievedAt":"2026-08-19T19:54:33.442Z","sourceUrl":"https://donnees.montreal.ca/dataset/geolocalisation-des-bornes-fontaines","updateDate":"2026-03-18","geometryType":"Point","legalNote":"Annual inventory. Not for engineering use without City validation."},"source":{"ADRESSE":"950 rue du Square-Victoria","ADRESSE_R_M":"Cartographie géomatique ville","COORDONNEE_SPATIALE_X":299931.878,"COORDONNEE_SPATIALE_Y":5040176.646,"DATE_ABANDON_R_M":"Non applicable","DATE_INSTALLATION":"2016-09-22","DATE_INSTALLATION_R_M":"Échange écrit/verbal arrondissement","ELEVATION_TERRAIN":15.965,"ID_BI":10007053,"ID_POINT":12223438,"JURIDICTION":"LOCALE","JURIDICTION_R_M":"Direction épuration eaux usées","PRECISION_DATE_INSTALL":"DATE INSTALLATION PRECISE","PRECISION_DATE_INSTALL_R_M":"Échange écrit/verbal arrondissement","PROPRIETAIRE":"VILLE DE MONTREAL","PROPRIETAIRE_R_M":"Cartographie géomatique ville","PROVENANCE_DONNEE":"RELEVE TERRAIN INTERNE","STATUT_ACTIF":"EXISTANT","STATUT_ACTIF_R_M":"Visite terrain","LATITUDE":45.50150285880073,"LONGITUDE":-73.56229477186645,"ABANDONNE_R":"NON","ABANDONNE_R_M":"Non applicable"}},"geometry":{"type":"Point","coordinates":[-73.56229477186645,45.50150285880073]}},{"type":"Feature","id":"ville-montreal/hydrant/10007010","properties":{"lab":{"objectClass":"hydrant","label":"HYDRANT","sourceId":"10007010","provider":"Ville de Montréal","providerKey":"ville-montreal","dataset":"Bornes d'incendie","datasetId":"cb4de65e-138b-4936-9d5c-2d9a0bc9b4ce","identityField":"ID_BI","sourceName":"902 rue Clark","license":"CC-BY 4.0","retrievedAt":"2026-08-19T19:54:33.442Z","sourceUrl":"https://donnees.montreal.ca/dataset/geolocalisation-des-bornes-fontaines","updateDate":"2026-03-18","geometryType":"Point","legalNote":"Annual inventory. Not for engineering use without City validation."},"source":{"ADRESSE":"902 rue Clark","ADRESSE_R_M":"Cartographie géomatique ville","COORDONNEE_SPATIALE_X":300285.682,"COORDONNEE_SPATIALE_Y":5040726.324,"DATE_ABANDON_R_M":"Non applicable","DATE_INSTALLATION":"2014-06-04","DATE_INSTALLATION_R_M":"Plan balayé","ELEVATION_TERRAIN":16.334,"ID_BI":10007010,"ID_POINT":12222694,"JURIDICTION":"LOCALE","JURIDICTION_R_M":"Direction épuration eaux usées","PRECISION_DATE_INSTALL":"DATE INSTALLATION DANS L'ANNEE COURANTE","PRECISION_DATE_INSTALL_R_M":"Plan balayé","PROPRIETAIRE":"VILLE DE MONTREAL","PROPRIETAIRE_R_M":"Cartographie géomatique ville","PROVENANCE_DONNEE":"RELEVE TERRAIN INTERNE","STATUT_ACTIF":"EXISTANT","STATUT_ACTIF_R_M":"Plan balayé","LATITUDE":45.50645152571729,"LONGITUDE":-73.55777236688326,"ABANDONNE_R":"NON","ABANDONNE_R_M":"Non applicable"}},"geometry":{"type":"Point","coordinates":[-73.55777236688326,45.50645152571729]}},{"type":"Feature","id":"ville-montreal/hydrant/10007335","properties":{"lab":{"objectClass":"hydrant","label":"HYDRANT","sourceId":"10007335","provider":"Ville de Montréal","providerKey":"ville-montreal","dataset":"Bornes d'incendie","datasetId":"cb4de65e-138b-4936-9d5c-2d9a0bc9b4ce","identityField":"ID_BI","sourceName":"472 rue Saint-Henri","license":"CC-BY 4.0","retrievedAt":"2026-08-19T19:54:33.442Z","sourceUrl":"https://donnees.montreal.ca/dataset/geolocalisation-des-bornes-fontaines","updateDate":"2026-03-18","geometryType":"Point","legalNote":"Annual inventory. Not for engineering use without City validation."},"source":{"ADRESSE":"472 rue Saint-Henri","ADRESSE_R_M":"Cartographie géomatique ville","COORDONNEE_SPATIALE_X":300157.229,"COORDONNEE_SPATIALE_Y":5040015.055,"DATE_ABANDON_R_M":"Non applicable","DATE_INSTALLATION":"2017-01-22","DATE_INSTALLATION_R_M":"Échange écrit/verbal arrondissement","ELEVATION_TERRAIN":17.592,"ID_BI":10007335,"ID_POINT":12225386,"JURIDICTION":"LOCALE","JURIDICTION_R_M":"Direction production eau potable","PRECISION_DATE_INSTALL":"DATE INSTALLATION PRECISE","PRECISION_DATE_INSTALL_R_M":"Échange écrit/verbal arrondissement","PROPRIETAIRE":"VILLE DE MONTREAL","PROPRIETAIRE_R_M":"Cartographie géomatique ville","PROVENANCE_DONNEE":"RELEVE TERRAIN INTERNE","STATUT_ACTIF":"EXISTANT","STATUT_ACTIF_R_M":"Visite terrain","LATITUDE":45.50005039336943,"LONGITUDE":-73.55940966763397,"ABANDONNE_R":"NON","ABANDONNE_R_M":"Non applicable"}},"geometry":{"type":"Point","coordinates":[-73.55940966763397,45.50005039336943]}},{"type":"Feature","id":"ville-montreal/hydrant/10007338","properties":{"lab":{"objectClass":"hydrant","label":"HYDRANT","sourceId":"10007338","provider":"Ville de Montréal","providerKey":"ville-montreal","dataset":"Bornes d'incendie","datasetId":"cb4de65e-138b-4936-9d5c-2d9a0bc9b4ce","identityField":"ID_BI","sourceName":"2090 avenue Union","license":"CC-BY 4.0","retrievedAt":"2026-08-19T19:54:33.442Z","sourceUrl":"https://donnees.montreal.ca/dataset/geolocalisation-des-bornes-fontaines","updateDate":"2026-03-18","geometryType":"Point","legalNote":"Annual inventory. Not for engineering use without City validation."},"source":{"ADRESSE":"2090 avenue Union","ADRESSE_R_M":"Cartographie géomatique ville","COORDONNEE_SPATIALE_X":299101.094,"COORDONNEE_SPATIALE_Y":5040611.794,"DATE_ABANDON_R_M":"Non applicable","DATE_INSTALLATION":"2017-02-04","DATE_INSTALLATION_R_M":"Échange écrit/verbal arrondissement","ELEVATION_TERRAIN":44.321,"ID_BI":10007338,"ID_POINT":12225412,"JURIDICTION":"LOCALE","JURIDICTION_R_M":"Direction production eau potable","PRECISION_DATE_INSTALL":"DATE INSTALLATION DANS L'ANNEE COURANTE","PRECISION_DATE_INSTALL_R_M":"Échange écrit/verbal arrondissement","PROPRIETAIRE":"VILLE DE MONTREAL","PROPRIETAIRE_R_M":"Cartographie géomatique ville","PROVENANCE_DONNEE":"RELEVE TERRAIN INTERNE","STATUT_ACTIF":"EXISTANT","STATUT_ACTIF_R_M":"Visite terrain","LATITUDE":45.505412367999966,"LONGITUDE":-73.57293079983016,"ABANDONNE_R":"NON","ABANDONNE_R_M":"Non applicable"}},"geometry":{"type":"Point","coordinates":[-73.57293079983016,45.505412367999966]}},{"type":"Feature","id":"ville-montreal/hydrant/20001621","properties":{"lab":{"objectClass":"hydrant","label":"HYDRANT","sourceId":"20001621","provider":"Ville de Montréal","providerKey":"ville-montreal","dataset":"Bornes d'incendie","datasetId":"cb4de65e-138b-4936-9d5c-2d9a0bc9b4ce","identityField":"ID_BI","sourceName":"1015-1035 rue Saint-Jacques","license":"CC-BY 4.0","retrievedAt":"2026-08-19T19:54:33.442Z","sourceUrl":"https://donnees.montreal.ca/dataset/geolocalisation-des-bornes-fontaines","updateDate":"2026-03-18","geometryType":"Point","legalNote":"Annual inventory. Not for engineering use without City validation."},"source":{"ADRESSE":"1015-1035 rue Saint-Jacques","ADRESSE_R_M":"Cartographie géomatique ville","COORDONNEE_SPATIALE_X":299674.153,"COORDONNEE_SPATIALE_Y":5039588.132,"DATE_ABANDON_R_M":"Non applicable","DATE_INSTALLATION":"2019-03-26","DATE_INSTALLATION_R_M":"Plan profil","ELEVATION_TERRAIN":15.083,"ID_BI":20001621,"ID_POINT":20013990,"JURIDICTION":"LOCALE","JURIDICTION_R_M":"Direction production eau potable","PRECISION_DATE_INSTALL":"DATE INSTALLATION DANS L'ANNEE COURANTE","PRECISION_DATE_INSTALL_R_M":"Plan profil","PROPRIETAIRE":"VILLE DE MONTREAL","PROPRIETAIRE_R_M":"À valider","PROVENANCE_DONNEE":"RELEVE TERRAIN INTERNE","STATUT_ACTIF":"EXISTANT","STATUT_ACTIF_R_M":"Visite terrain","LATITUDE":45.49620547638561,"LONGITUDE":-73.56558650473221,"ABANDONNE_R":"NON","ABANDONNE_R_M":"Non applicable"}},"geometry":{"type":"Point","coordinates":[-73.56558650473221,45.49620547638561]}},{"type":"Feature","id":"ville-montreal/hydrant/20001622","properties":{"lab":{"objectClass":"hydrant","label":"HYDRANT","sourceId":"20001622","provider":"Ville de Montréal","providerKey":"ville-montreal","dataset":"Bornes d'incendie","datasetId":"cb4de65e-138b-4936-9d5c-2d9a0bc9b4ce","identityField":"ID_BI","sourceName":"1111 rue Saint-Antoine Ouest","license":"CC-BY 4.0","retrievedAt":"2026-08-19T19:54:33.442Z","sourceUrl":"https://donnees.montreal.ca/dataset/geolocalisation-des-bornes-fontaines","updateDate":"2026-03-18","geometryType":"Point","legalNote":"Annual inventory. Not for engineering use without City validation."},"source":{"ADRESSE":"1111 rue Saint-Antoine Ouest","ADRESSE_R_M":"Cartographie géomatique ville","COORDONNEE_SPATIALE_X":299590.648,"COORDONNEE_SPATIALE_Y":5039645.86,"DATE_ABANDON_R_M":"Non applicable","DATE_INSTALLATION":"2019-03-26","DATE_INSTALLATION_R_M":"Plan profil","ELEVATION_TERRAIN":20.6,"ID_BI":20001622,"ID_POINT":20013993,"JURIDICTION":"LOCALE","JURIDICTION_R_M":"Direction production eau potable","PRECISION_DATE_INSTALL":"DATE INSTALLATION DANS L'ANNEE COURANTE","PRECISION_DATE_INSTALL_R_M":"Plan profil","PROPRIETAIRE":"VILLE DE MONTREAL","PROPRIETAIRE_R_M":"À valider","PROVENANCE_DONNEE":"RELEVE TERRAIN INTERNE","STATUT_ACTIF":"EXISTANT","STATUT_ACTIF_R_M":"Visite terrain","LATITUDE":45.49672432582686,"LONGITUDE":-73.56665553998286,"ABANDONNE_R":"NON","ABANDONNE_R_M":"Non applicable"}},"geometry":{"type":"Point","coordinates":[-73.56665553998286,45.49672432582686]}},{"type":"Feature","id":"ville-montreal/hydrant/20001624","properties":{"lab":{"objectClass":"hydrant","label":"HYDRANT","sourceId":"20001624","provider":"Ville de Montréal","providerKey":"ville-montreal","dataset":"Bornes d'incendie","datasetId":"cb4de65e-138b-4936-9d5c-2d9a0bc9b4ce","identityField":"ID_BI","sourceName":"1015-1035 rue Saint-Jacques","license":"CC-BY 4.0","retrievedAt":"2026-08-19T19:54:33.442Z","sourceUrl":"https://donnees.montreal.ca/dataset/geolocalisation-des-bornes-fontaines","updateDate":"2026-03-18","geometryType":"Point","legalNote":"Annual inventory. Not for engineering use without City validation."},"source":{"ADRESSE":"1015-1035 rue Saint-Jacques","ADRESSE_R_M":"Cartographie géomatique ville","COORDONNEE_SPATIALE_X":299681.565,"COORDONNEE_SPATIALE_Y":5039604.846,"DATE_ABANDON_R_M":"Non applicable","DATE_INSTALLATION":"2019-03-26","DATE_INSTALLATION_R_M":"Plan profil","ELEVATION_TERRAIN":14.998,"ID_BI":20001624,"ID_POINT":20014015,"JURIDICTION":"LOCALE","JURIDICTION_R_M":"Direction production eau potable","PRECISION_DATE_INSTALL":"DATE INSTALLATION DANS L'ANNEE COURANTE","PRECISION_DATE_INSTALL_R_M":"Plan profil","PROPRIETAIRE":"VILLE DE MONTREAL","PROPRIETAIRE_R_M":"Cartographie géomatique ville","PROVENANCE_DONNEE":"RELEVE TERRAIN INTERNE","STATUT_ACTIF":"EXISTANT","STATUT_ACTIF_R_M":"Visite terrain","LATITUDE":45.49635592515306,"LONGITUDE":-73.56549184452406,"ABANDONNE_R":"NON","ABANDONNE_R_M":"Non applicable"}},"geometry":{"type":"Point","coordinates":[-73.56549184452406,45.49635592515306]}},{"type":"Feature","id":"ville-montreal/hydrant/20001988","properties":{"lab":{"objectClass":"hydrant","label":"HYDRANT","sourceId":"20001988","provider":"Ville de Montréal","providerKey":"ville-montreal","dataset":"Bornes d'incendie","datasetId":"cb4de65e-138b-4936-9d5c-2d9a0bc9b4ce","identityField":"ID_BI","sourceName":"235-243 rue Notre-Dame Ouest","license":"CC-BY 4.0","retrievedAt":"2026-08-19T19:54:33.442Z","sourceUrl":"https://donnees.montreal.ca/dataset/geolocalisation-des-bornes-fontaines","updateDate":"2026-03-18","geometryType":"Point","legalNote":"Annual inventory. Not for engineering use without City validation."},"source":{"ADRESSE":"235-243 rue Notre-Dame Ouest","ADRESSE_R_M":"Cartographie géomatique ville","COORDONNEE_SPATIALE_X":300276.947,"COORDONNEE_SPATIALE_Y":5040363.617,"DATE_ABANDON_R_M":"Non applicable","DATE_INSTALLATION":"2016-01-01","DATE_INSTALLATION_R_M":"Visite terrain","ELEVATION_TERRAIN":21.812,"ID_BI":20001988,"ID_POINT":20017857,"JURIDICTION":"LOCALE","JURIDICTION_R_M":"Direction production eau potable","PRECISION_DATE_INSTALL":"DATE INSTALLATION DANS L'ANNEE COURANTE","PRECISION_DATE_INSTALL_R_M":"Visite terrain","PROPRIETAIRE":"VILLE DE MONTREAL","PROPRIETAIRE_R_M":"Cartographie géomatique ville","PROVENANCE_DONNEE":"RELEVE TERRAIN INTERNE","STATUT_ACTIF":"EXISTANT","STATUT_ACTIF_R_M":"Visite terrain","LATITUDE":45.50318768867759,"LONGITUDE":-73.55788091098084,"ABANDONNE_R":"NON","ABANDONNE_R_M":"Non applicable"}},"geometry":{"type":"Point","coordinates":[-73.55788091098084,45.50318768867759]}},{"type":"Feature","id":"ville-montreal/hydrant/20001989","properties":{"lab":{"objectClass":"hydrant","label":"HYDRANT","sourceId":"20001989","provider":"Ville de Montréal","providerKey":"ville-montreal","dataset":"Bornes d'incendie","datasetId":"cb4de65e-138b-4936-9d5c-2d9a0bc9b4ce","identityField":"ID_BI","sourceName":"381-383 rue Notre-Dame Ouest","license":"CC-BY 4.0","retrievedAt":"2026-08-19T19:54:33.442Z","sourceUrl":"https://donnees.montreal.ca/dataset/geolocalisation-des-bornes-fontaines","updateDate":"2026-03-18","geometryType":"Point","legalNote":"Annual inventory. Not for engineering use without City validation."},"source":{"ADRESSE":"381-383 rue Notre-Dame Ouest","ADRESSE_R_M":"Cartographie géomatique ville","COORDONNEE_SPATIALE_X":300194.877,"COORDONNEE_SPATIALE_Y":5040206.816,"DATE_ABANDON_R_M":"Non applicable","DATE_INSTALLATION":"2009-01-01","DATE_INSTALLATION_R_M":"Plan profil proposé","ELEVATION_TERRAIN":19.515,"ID_BI":20001989,"ID_POINT":20017859,"JURIDICTION":"LOCALE","JURIDICTION_R_M":"Direction production eau potable","PRECISION_DATE_INSTALL":"DATE INSTALLATION DANS L'ANNEE COURANTE","PRECISION_DATE_INSTALL_R_M":"Plan profil proposé","PROPRIETAIRE":"VILLE DE MONTREAL","PROPRIETAIRE_R_M":"Cartographie géomatique ville","PROVENANCE_DONNEE":"RELEVE TERRAIN INTERNE","STATUT_ACTIF":"EXISTANT","STATUT_ACTIF_R_M":"Visite terrain","LATITUDE":45.50177619935425,"LONGITUDE":-73.55892966517885,"ABANDONNE_R":"NON","ABANDONNE_R_M":"Non applicable"}},"geometry":{"type":"Point","coordinates":[-73.55892966517885,45.50177619935425]}},{"type":"Feature","id":"ville-montreal/hydrant/20002621","properties":{"lab":{"objectClass":"hydrant","label":"HYDRANT","sourceId":"20002621","provider":"Ville de Montréal","providerKey":"ville-montreal","dataset":"Bornes d'incendie","datasetId":"cb4de65e-138b-4936-9d5c-2d9a0bc9b4ce","identityField":"ID_BI","sourceName":"1075 rue De Bullion","license":"CC-BY 4.0","retrievedAt":"2026-08-19T19:54:33.442Z","sourceUrl":"https://donnees.montreal.ca/dataset/geolocalisation-des-bornes-fontaines","updateDate":"2026-03-18","geometryType":"Point","legalNote":"Annual inventory. Not for engineering use without City validation."},"source":{"ADRESSE":"1075 rue De Bullion","ADRESSE_R_M":"Cartographie géomatique ville","COORDONNEE_SPATIALE_X":300141.729,"COORDONNEE_SPATIALE_Y":5041086.6,"DATE_ABANDON_R_M":"Non applicable","DATE_INSTALLATION":"2017-07-21","DATE_INSTALLATION_R_M":"Plan balayé","ELEVATION_TERRAIN":21.844,"ID_BI":20002621,"ID_POINT":20025171,"JURIDICTION":"LOCALE","JURIDICTION_R_M":"Direction production eau potable","PRECISION_DATE_INSTALL":"DATE INSTALLATION PRECISE 6 MOIS MAXIMUM","PRECISION_DATE_INSTALL_R_M":"Plan balayé","PROPRIETAIRE":"VILLE DE MONTREAL","PROPRIETAIRE_R_M":"Cartographie géomatique ville","PROVENANCE_DONNEE":"RELEVE TERRAIN INTERNE","STATUT_ACTIF":"EXISTANT","STATUT_ACTIF_R_M":"Visite terrain","LATITUDE":45.50969247725569,"LONGITUDE":-73.55961797522771,"ABANDONNE_R":"NON","ABANDONNE_R_M":"Non applicable"}},"geometry":{"type":"Point","coordinates":[-73.55961797522771,45.50969247725569]}},{"type":"Feature","id":"ville-montreal/hydrant/20002622","properties":{"lab":{"objectClass":"hydrant","label":"HYDRANT","sourceId":"20002622","provider":"Ville de Montréal","providerKey":"ville-montreal","dataset":"Bornes d'incendie","datasetId":"cb4de65e-138b-4936-9d5c-2d9a0bc9b4ce","identityField":"ID_BI","sourceName":"988 rue De Bullion","license":"CC-BY 4.0","retrievedAt":"2026-08-19T19:54:33.442Z","sourceUrl":"https://donnees.montreal.ca/dataset/geolocalisation-des-bornes-fontaines","updateDate":"2026-03-18","geometryType":"Point","legalNote":"Annual inventory. Not for engineering use without City validation."},"source":{"ADRESSE":"988 rue De Bullion","ADRESSE_R_M":"Cartographie géomatique ville","COORDONNEE_SPATIALE_X":300250.398,"COORDONNEE_SPATIALE_Y":5041016.544,"DATE_ABANDON_R_M":"Non applicable","DATE_INSTALLATION":"2017-07-21","DATE_INSTALLATION_R_M":"Plan balayé","ELEVATION_TERRAIN":16.25,"ID_BI":20002622,"ID_POINT":20025224,"JURIDICTION":"LOCALE","JURIDICTION_R_M":"Direction production eau potable","PRECISION_DATE_INSTALL":"DATE INSTALLATION PRECISE 6 MOIS MAXIMUM","PRECISION_DATE_INSTALL_R_M":"Plan balayé","PROPRIETAIRE":"VILLE DE MONTREAL","PROPRIETAIRE_R_M":"Cartographie géomatique ville","PROVENANCE_DONNEE":"RELEVE TERRAIN INTERNE","STATUT_ACTIF":"EXISTANT","STATUT_ACTIF_R_M":"Plan balayé","LATITUDE":45.50906281190081,"LONGITUDE":-73.55822652891449,"ABANDONNE_R":"NON","ABANDONNE_R_M":"Non applicable"}},"geometry":{"type":"Point","coordinates":[-73.55822652891449,45.50906281190081]}},{"type":"Feature","id":"ville-montreal/hydrant/20001590","properties":{"lab":{"objectClass":"hydrant","label":"HYDRANT","sourceId":"20001590","provider":"Ville de Montréal","providerKey":"ville-montreal","dataset":"Bornes d'incendie","datasetId":"cb4de65e-138b-4936-9d5c-2d9a0bc9b4ce","identityField":"ID_BI","sourceName":"902-926 rue Peel","license":"CC-BY 4.0","retrievedAt":"2026-08-19T19:54:33.442Z","sourceUrl":"https://donnees.montreal.ca/dataset/geolocalisation-des-bornes-fontaines","updateDate":"2026-03-18","geometryType":"Point","legalNote":"Annual inventory. Not for engineering use without City validation."},"source":{"ADRESSE":"902-926 rue Peel","ADRESSE_R_M":"Cartographie géomatique ville","COORDONNEE_SPATIALE_X":299508.951,"COORDONNEE_SPATIALE_Y":5039697.407,"DATE_ABANDON_R_M":"Non applicable","DATE_INSTALLATION":"2018-04-18","DATE_INSTALLATION_R_M":"Plan profil proposé","ELEVATION_TERRAIN":25.246,"ID_BI":20001590,"ID_POINT":20013735,"JURIDICTION":"LOCALE","JURIDICTION_R_M":"Direction production eau potable","PRECISION_DATE_INSTALL":"DATE INSTALLATION DANS L'ANNEE COURANTE","PRECISION_DATE_INSTALL_R_M":"Plan profil proposé","PROPRIETAIRE":"VILLE DE MONTREAL","PROPRIETAIRE_R_M":"À valider","PROVENANCE_DONNEE":"RELEVE TERRAIN INTERNE","STATUT_ACTIF":"EXISTANT","STATUT_ACTIF_R_M":"Visite terrain","LATITUDE":45.497187560180066,"LONGITUDE":-73.56770141308925,"ABANDONNE_R":"NON","ABANDONNE_R_M":"Non applicable"}},"geometry":{"type":"Point","coordinates":[-73.56770141308925,45.497187560180066]}},{"type":"Feature","id":"ville-montreal/hydrant/20003110","properties":{"lab":{"objectClass":"hydrant","label":"HYDRANT","sourceId":"20003110","provider":"Ville de Montréal","providerKey":"ville-montreal","dataset":"Bornes d'incendie","datasetId":"cb4de65e-138b-4936-9d5c-2d9a0bc9b4ce","identityField":"ID_BI","sourceName":"1001 boulevard Robert-Bourassa","license":"CC-BY 4.0","retrievedAt":"2026-08-19T19:54:33.442Z","sourceUrl":"https://donnees.montreal.ca/dataset/geolocalisation-des-bornes-fontaines","updateDate":"2026-03-18","geometryType":"Point","legalNote":"Annual inventory. Not for engineering use without City validation."},"source":{"ADRESSE":"1001 boulevard Robert-Bourassa","ADRESSE_R_M":"Cartographie géomatique ville","COORDONNEE_SPATIALE_X":299749.915,"COORDONNEE_SPATIALE_Y":5040083.12,"DATE_ABANDON_R_M":"Non applicable","DATE_INSTALLATION":"2018-01-01","DATE_INSTALLATION_R_M":"Plan balayé","ELEVATION_TERRAIN":22.371,"ID_BI":20003110,"ID_POINT":20030771,"JURIDICTION":"LOCALE","JURIDICTION_R_M":"Direction production eau potable","PRECISION_DATE_INSTALL":"DATE INSTALLATION DANS L'ANNEE COURANTE","PRECISION_DATE_INSTALL_R_M":"Plan balayé","PROPRIETAIRE":"VILLE DE MONTREAL","PROPRIETAIRE_R_M":"Cartographie géomatique ville","PROVENANCE_DONNEE":"RELEVE TERRAIN INTERNE","STATUT_ACTIF":"EXISTANT","STATUT_ACTIF_R_M":"Visite terrain","LATITUDE":45.500660020257115,"LONGITUDE":-73.56462223257049,"ABANDONNE_R":"NON","ABANDONNE_R_M":"Non applicable"}},"geometry":{"type":"Point","coordinates":[-73.56462223257049,45.500660020257115]}},{"type":"Feature","id":"ville-montreal/hydrant/20001595","properties":{"lab":{"objectClass":"hydrant","label":"HYDRANT","sourceId":"20001595","provider":"Ville de Montréal","providerKey":"ville-montreal","dataset":"Bornes d'incendie","datasetId":"cb4de65e-138b-4936-9d5c-2d9a0bc9b4ce","identityField":"ID_BI","sourceName":"1001 avenue des Canadiens-de-Montréal","license":"CC-BY 4.0","retrievedAt":"2026-08-19T19:54:33.442Z","sourceUrl":"https://donnees.montreal.ca/dataset/geolocalisation-des-bornes-fontaines","updateDate":"2026-03-18","geometryType":"Point","legalNote":"Annual inventory. Not for engineering use without City validation."},"source":{"ADRESSE":"1001 avenue des Canadiens-de-Montréal","ADRESSE_R_M":"Cartographie géomatique ville","COORDONNEE_SPATIALE_X":299419.344,"COORDONNEE_SPATIALE_Y":5039760.436,"DATE_ABANDON_R_M":"Non applicable","DATE_INSTALLATION":"2018-04-18","DATE_INSTALLATION_R_M":"Plan profil proposé","ELEVATION_TERRAIN":33.918,"ID_BI":20001595,"ID_POINT":20013826,"JURIDICTION":"LOCALE","JURIDICTION_R_M":"Direction production eau potable","PRECISION_DATE_INSTALL":"DATE INSTALLATION DANS L'ANNEE COURANTE","PRECISION_DATE_INSTALL_R_M":"Plan profil proposé","PROPRIETAIRE":"VILLE DE MONTREAL","PROPRIETAIRE_R_M":"À valider","PROVENANCE_DONNEE":"RELEVE TERRAIN INTERNE","STATUT_ACTIF":"EXISTANT","STATUT_ACTIF_R_M":"Visite terrain","LATITUDE":45.49775404179818,"LONGITUDE":-73.56884864450194,"ABANDONNE_R":"NON","ABANDONNE_R_M":"Non applicable"}},"geometry":{"type":"Point","coordinates":[-73.56884864450194,45.49775404179818]}},{"type":"Feature","id":"ville-montreal/hydrant/10008170","properties":{"lab":{"objectClass":"hydrant","label":"HYDRANT","sourceId":"10008170","provider":"Ville de Montréal","providerKey":"ville-montreal","dataset":"Bornes d'incendie","datasetId":"cb4de65e-138b-4936-9d5c-2d9a0bc9b4ce","identityField":"ID_BI","sourceName":"445 rue Saint-Vincent","license":"CC-BY 4.0","retrievedAt":"2026-08-19T19:54:33.442Z","sourceUrl":"https://donnees.montreal.ca/dataset/geolocalisation-des-bornes-fontaines","updateDate":"2026-03-18","geometryType":"Point","legalNote":"Annual inventory. Not for engineering use without City validation."},"source":{"ADRESSE":"445 rue Saint-Vincent","ADRESSE_R_M":"Cartographie géomatique ville","COORDONNEE_SPATIALE_X":300533.84,"COORDONNEE_SPATIALE_Y":5040863.927,"DATE_ABANDON_R_M":"Non applicable","DATE_INSTALLATION":"2016-11-28","DATE_INSTALLATION_R_M":"Plan balayé","ELEVATION_TERRAIN":25.529,"ID_BI":10008170,"ID_POINT":12236669,"JURIDICTION":"LOCALE","JURIDICTION_R_M":"Direction épuration eaux usées","PRECISION_DATE_INSTALL":"DATE INSTALLATION PRECISE 6 MOIS MAXIMUM","PRECISION_DATE_INSTALL_R_M":"Plan balayé","PROPRIETAIRE":"VILLE DE MONTREAL","PROPRIETAIRE_R_M":"Cartographie géomatique ville","PROVENANCE_DONNEE":"RELEVE TERRAIN INTERNE","STATUT_ACTIF":"EXISTANT","STATUT_ACTIF_R_M":"Visite terrain","LATITUDE":45.50769128628676,"LONGITUDE":-73.55459781742023,"ABANDONNE_R":"NON","ABANDONNE_R_M":"Non applicable"}},"geometry":{"type":"Point","coordinates":[-73.55459781742023,45.50769128628676]}},{"type":"Feature","id":"ville-montreal/hydrant/5029215","properties":{"lab":{"objectClass":"hydrant","label":"HYDRANT","sourceId":"5029215","provider":"Ville de Montréal","providerKey":"ville-montreal","dataset":"Bornes d'incendie","datasetId":"cb4de65e-138b-4936-9d5c-2d9a0bc9b4ce","identityField":"ID_BI","sourceName":"1200 rue Saint-Jacques","license":"CC-BY 4.0","retrievedAt":"2026-08-19T19:54:33.442Z","sourceUrl":"https://donnees.montreal.ca/dataset/geolocalisation-des-bornes-fontaines","updateDate":"2026-03-18","geometryType":"Point","legalNote":"Annual inventory. Not for engineering use without City validation."},"source":{"ADRESSE":"1200 rue Saint-Jacques","ADRESSE_R_M":"Cartographie géomatique ville","COORDONNEE_SPATIALE_X":299644.523,"COORDONNEE_SPATIALE_Y":5039475.929,"DATE_ABANDON_R_M":"Non applicable","DATE_INSTALLATION":"2004-01-01","DATE_INSTALLATION_R_M":"Plan profil","ELEVATION_TERRAIN":14.874,"ID_BI":5029215,"ID_POINT":5339172,"JURIDICTION":"LOCALE","JURIDICTION_R_M":"Direction épuration eaux usées","PRECISION_DATE_INSTALL":"DATE INSTALLATION DANS L'ANNEE COURANTE","PRECISION_DATE_INSTALL_R_M":"Plan profil","PROPRIETAIRE":"VILLE DE MONTREAL","PROPRIETAIRE_R_M":"Cartographie géomatique ville","PROVENANCE_DONNEE":"RELEVE TERRAIN INTERNE","STATUT_ACTIF":"EXISTANT","STATUT_ACTIF_R_M":"Plan profil","LATITUDE":45.495195633445356,"LONGITUDE":-73.56596443717986,"ABANDONNE_R":"NON","ABANDONNE_R_M":"Non applicable"}},"geometry":{"type":"Point","coordinates":[-73.56596443717986,45.495195633445356]}},{"type":"Feature","id":"ville-montreal/hydrant/5029220","properties":{"lab":{"objectClass":"hydrant","label":"HYDRANT","sourceId":"5029220","provider":"Ville de Montréal","providerKey":"ville-montreal","dataset":"Bornes d'incendie","datasetId":"cb4de65e-138b-4936-9d5c-2d9a0bc9b4ce","identityField":"ID_BI","sourceName":"1463 rue Bishop","license":"CC-BY 4.0","retrievedAt":"2026-08-19T19:54:33.442Z","sourceUrl":"https://donnees.montreal.ca/dataset/geolocalisation-des-bornes-fontaines","updateDate":"2026-03-18","geometryType":"Point","legalNote":"Annual inventory. Not for engineering use without City validation."},"source":{"ADRESSE":"1463 rue Bishop","ADRESSE_R_M":"Cartographie géomatique ville","COORDONNEE_SPATIALE_X":298709.036,"COORDONNEE_SPATIALE_Y":5039707.589,"DATE_ABANDON_R_M":"Non applicable","DATE_INSTALLATION":"1900-01-01","DATE_INSTALLATION_R_M":"Non trouvé","ELEVATION_TERRAIN":45.432,"ID_BI":5029220,"ID_POINT":5339177,"JURIDICTION":"LOCALE","JURIDICTION_R_M":"Direction épuration eaux usées","PRECISION_DATE_INSTALL":"DATE INSTALLATION PRECISE 100 ANS MAXIMUM","PRECISION_DATE_INSTALL_R_M":"Plan Atlas et inventaire","PROPRIETAIRE":"VILLE DE MONTREAL","PROPRIETAIRE_R_M":"Cartographie géomatique ville","PROVENANCE_DONNEE":"RELEVE PHOTOGRAMMETRIQUE","STATUT_ACTIF":"EXISTANT","STATUT_ACTIF_R_M":"Plan profil","LATITUDE":45.49727267114454,"LONGITUDE":-73.57793667709504,"ABANDONNE_R":"NON","ABANDONNE_R_M":"Non applicable"}},"geometry":{"type":"Point","coordinates":[-73.57793667709504,45.49727267114454]}},{"type":"Feature","id":"ville-montreal/hydrant/20006835","properties":{"lab":{"objectClass":"hydrant","label":"HYDRANT","sourceId":"20006835","provider":"Ville de Montréal","providerKey":"ville-montreal","dataset":"Bornes d'incendie","datasetId":"cb4de65e-138b-4936-9d5c-2d9a0bc9b4ce","identityField":"ID_BI","sourceName":"1403 rue Clark","license":"CC-BY 4.0","retrievedAt":"2026-08-19T19:54:33.442Z","sourceUrl":"https://donnees.montreal.ca/dataset/geolocalisation-des-bornes-fontaines","updateDate":"2026-03-18","geometryType":"Point","legalNote":"Annual inventory. Not for engineering use without City validation."},"source":{"ADRESSE":"1403 rue Clark","ADRESSE_R_M":"Cartographie géomatique ville","COORDONNEE_SPATIALE_X":299773.424,"COORDONNEE_SPATIALE_Y":5041077.506,"DATE_ABANDON_R_M":"Non applicable","DATE_INSTALLATION":"2018-07-19","DATE_INSTALLATION_R_M":"Plan profil proposé","ELEVATION_TERRAIN":24.321,"ID_BI":20006835,"ID_POINT":20080030,"JURIDICTION":"LOCALE","JURIDICTION_R_M":"Direction production eau potable","PRECISION_DATE_INSTALL":"DATE INSTALLATION PRECISE","PRECISION_DATE_INSTALL_R_M":"Plan profil proposé","PROPRIETAIRE":"VILLE DE MONTREAL","PROPRIETAIRE_R_M":"Cartographie géomatique ville","PROVENANCE_DONNEE":"RELEVE TERRAIN INTERNE","STATUT_ACTIF":"EXISTANT","STATUT_ACTIF_R_M":"Visite terrain","LATITUDE":45.50960807470468,"LONGITUDE":-73.5643315810141,"ABANDONNE_R":"NON","ABANDONNE_R_M":"Non applicable"}},"geometry":{"type":"Point","coordinates":[-73.5643315810141,45.50960807470468]}},{"type":"Feature","id":"ville-montreal/hydrant/20007095","properties":{"lab":{"objectClass":"hydrant","label":"HYDRANT","sourceId":"20007095","provider":"Ville de Montréal","providerKey":"ville-montreal","dataset":"Bornes d'incendie","datasetId":"cb4de65e-138b-4936-9d5c-2d9a0bc9b4ce","identityField":"ID_BI","sourceName":"1201 boulevard René-Lévesque Ouest","license":"CC-BY 4.0","retrievedAt":"2026-08-19T19:54:33.442Z","sourceUrl":"https://donnees.montreal.ca/dataset/geolocalisation-des-bornes-fontaines","updateDate":"2026-03-18","geometryType":"Point","legalNote":"Annual inventory. Not for engineering use without City validation."},"source":{"ADRESSE":"1201 boulevard René-Lévesque Ouest","ADRESSE_R_M":"Cartographie géomatique ville","COORDONNEE_SPATIALE_X":299228.695,"COORDONNEE_SPATIALE_Y":5039799.288,"DATE_ABANDON_R_M":"Non applicable","DATE_INSTALLATION":"2025-01-25","DATE_INSTALLATION_R_M":"Échange écrit/verbal arrondissement","ELEVATION_TERRAIN":36.485,"ID_BI":20007095,"ID_POINT":20083106,"JURIDICTION":"LOCALE","JURIDICTION_R_M":"Direction épuration eaux usées","PRECISION_DATE_INSTALL":"DATE INSTALLATION PRECISE","PRECISION_DATE_INSTALL_R_M":"Échange écrit/verbal arrondissement","PROPRIETAIRE":"VILLE DE MONTREAL","PROPRIETAIRE_R_M":"Cartographie géomatique ville","PROVENANCE_DONNEE":"RELEVE TERRAIN INTERNE","STATUT_ACTIF":"EXISTANT","STATUT_ACTIF_R_M":"Visite terrain","LATITUDE":45.4981021704328,"LONGITUDE":-73.57128851350606,"ABANDONNE_R":"NON","ABANDONNE_R_M":"Non applicable"}},"geometry":{"type":"Point","coordinates":[-73.57128851350606,45.4981021704328]}},{"type":"Feature","id":"ville-montreal/hydrant/20006515","properties":{"lab":{"objectClass":"hydrant","label":"HYDRANT","sourceId":"20006515","provider":"Ville de Montréal","providerKey":"ville-montreal","dataset":"Bornes d'incendie","datasetId":"cb4de65e-138b-4936-9d5c-2d9a0bc9b4ce","identityField":"ID_BI","sourceName":"402 boulevard René-Lévesque Ouest","license":"CC-BY 4.0","retrievedAt":"2026-08-19T19:54:33.442Z","sourceUrl":"https://donnees.montreal.ca/dataset/geolocalisation-des-bornes-fontaines","updateDate":"2026-03-18","geometryType":"Point","legalNote":"Annual inventory. Not for engineering use without City validation."},"source":{"ADRESSE":"402 boulevard René-Lévesque Ouest","ADRESSE_R_M":"Cartographie géomatique ville","COORDONNEE_SPATIALE_X":299711.554,"COORDONNEE_SPATIALE_Y":5040533.301,"DATE_ABANDON_R_M":"Non applicable","DATE_INSTALLATION":"2023-11-27","DATE_INSTALLATION_R_M":"Plan balayé","ELEVATION_TERRAIN":29.927,"ID_BI":20006515,"ID_POINT":20076940,"JURIDICTION":"LOCALE","JURIDICTION_R_M":"Direction production eau potable","PRECISION_DATE_INSTALL":"DATE INSTALLATION PRECISE","PRECISION_DATE_INSTALL_R_M":"Plan balayé","PROPRIETAIRE":"VILLE DE MONTREAL","PROPRIETAIRE_R_M":"Cartographie géomatique ville","PROVENANCE_DONNEE":"RELEVE TERRAIN INTERNE","STATUT_ACTIF":"EXISTANT","STATUT_ACTIF_R_M":"Visite terrain","LATITUDE":45.50471070724486,"LONGITUDE":-73.56511763649367,"ABANDONNE_R":"NON","ABANDONNE_R_M":"Non applicable"}},"geometry":{"type":"Point","coordinates":[-73.56511763649367,45.50471070724486]}},{"type":"Feature","id":"ville-montreal/hydrant/20004956","properties":{"lab":{"objectClass":"hydrant","label":"HYDRANT","sourceId":"20004956","provider":"Ville de Montréal","providerKey":"ville-montreal","dataset":"Bornes d'incendie","datasetId":"cb4de65e-138b-4936-9d5c-2d9a0bc9b4ce","identityField":"ID_BI","sourceName":"505-555 rue Gosford","license":"CC-BY 4.0","retrievedAt":"2026-08-19T19:54:33.442Z","sourceUrl":"https://donnees.montreal.ca/dataset/geolocalisation-des-bornes-fontaines","updateDate":"2026-03-18","geometryType":"Point","legalNote":"Annual inventory. Not for engineering use without City validation."},"source":{"ADRESSE":"505-555 rue Gosford","ADRESSE_R_M":"Cartographie géomatique ville","COORDONNEE_SPATIALE_X":300579.053,"COORDONNEE_SPATIALE_Y":5041042.421,"DATE_ABANDON_R_M":"Non applicable","DATE_INSTALLATION":"2020-09-09","DATE_INSTALLATION_R_M":"Plan de localisation","ELEVATION_TERRAIN":23.936,"ID_BI":20004956,"ID_POINT":20057626,"JURIDICTION":"LOCALE","JURIDICTION_R_M":"Direction production eau potable","PRECISION_DATE_INSTALL":"DATE INSTALLATION DANS L'ANNEE COURANTE","PRECISION_DATE_INSTALL_R_M":"Plan de localisation","PROPRIETAIRE":"VILLE DE MONTREAL","PROPRIETAIRE_R_M":"Cartographie géomatique ville","PROVENANCE_DONNEE":"RELEVE TERRAIN INTERNE","STATUT_ACTIF":"EXISTANT","STATUT_ACTIF_R_M":"Visite terrain","LATITUDE":45.5092977162979,"LONGITUDE":-73.55402065847468,"ABANDONNE_R":"NON","ABANDONNE_R_M":"Non applicable"}},"geometry":{"type":"Point","coordinates":[-73.55402065847468,45.5092977162979]}},{"type":"Feature","id":"ville-montreal/hydrant/20005793","properties":{"lab":{"objectClass":"hydrant","label":"HYDRANT","sourceId":"20005793","provider":"Ville de Montréal","providerKey":"ville-montreal","dataset":"Bornes d'incendie","datasetId":"cb4de65e-138b-4936-9d5c-2d9a0bc9b4ce","identityField":"ID_BI","sourceName":"880 rue Sainte-Catherine Ouest","license":"CC-BY 4.0","retrievedAt":"2026-08-19T19:54:33.442Z","sourceUrl":"https://donnees.montreal.ca/dataset/geolocalisation-des-bornes-fontaines","updateDate":"2026-03-18","geometryType":"Point","legalNote":"Annual inventory. Not for engineering use without City validation."},"source":{"ADRESSE":"880 rue Sainte-Catherine Ouest","ADRESSE_R_M":"Cartographie géomatique ville","COORDONNEE_SPATIALE_X":299252.185,"COORDONNEE_SPATIALE_Y":5040205.176,"DATE_ABANDON_R_M":"Non applicable","DATE_INSTALLATION":"2020-01-29","DATE_INSTALLATION_R_M":"Plan profil","ELEVATION_TERRAIN":36.258,"ID_BI":20005793,"ID_POINT":20068834,"JURIDICTION":"LOCALE","JURIDICTION_R_M":"Direction production eau potable","PRECISION_DATE_INSTALL":"DATE INSTALLATION PRECISE","PRECISION_DATE_INSTALL_R_M":"Plan profil","PROPRIETAIRE":"VILLE DE MONTREAL","PROPRIETAIRE_R_M":"Cartographie géomatique ville","PROVENANCE_DONNEE":"RELEVE TERRAIN INTERNE","STATUT_ACTIF":"EXISTANT","STATUT_ACTIF_R_M":"Visite terrain","LATITUDE":45.50175467315052,"LONGITUDE":-73.5709925673434,"ABANDONNE_R":"NON","ABANDONNE_R_M":"Non applicable"}},"geometry":{"type":"Point","coordinates":[-73.5709925673434,45.50175467315052]}},{"type":"Feature","id":"ville-montreal/hydrant/20005025","properties":{"lab":{"objectClass":"hydrant","label":"HYDRANT","sourceId":"20005025","provider":"Ville de Montréal","providerKey":"ville-montreal","dataset":"Bornes d'incendie","datasetId":"cb4de65e-138b-4936-9d5c-2d9a0bc9b4ce","identityField":"ID_BI","sourceName":"715 rue Peel","license":"CC-BY 4.0","retrievedAt":"2026-08-19T19:54:33.442Z","sourceUrl":"https://donnees.montreal.ca/dataset/geolocalisation-des-bornes-fontaines","updateDate":"2026-03-18","geometryType":"Point","legalNote":"Annual inventory. Not for engineering use without City validation."},"source":{"ADRESSE":"715 rue Peel","ADRESSE_R_M":"Cartographie géomatique ville","COORDONNEE_SPATIALE_X":299635.911,"COORDONNEE_SPATIALE_Y":5039555.287,"DATE_ABANDON_R_M":"Non applicable","DATE_INSTALLATION":"2023-07-18","DATE_INSTALLATION_R_M":"Échange écrit/verbal arrondissement","ELEVATION_TERRAIN":15.265,"ID_BI":20005025,"ID_POINT":20058766,"JURIDICTION":"LOCALE","JURIDICTION_R_M":"Direction production eau potable","PRECISION_DATE_INSTALL":"DATE INSTALLATION PRECISE","PRECISION_DATE_INSTALL_R_M":"Échange écrit/verbal arrondissement","PROPRIETAIRE":"VILLE DE MONTREAL","PROPRIETAIRE_R_M":"Cartographie géomatique ville","PROVENANCE_DONNEE":"RELEVE TERRAIN INTERNE","STATUT_ACTIF":"EXISTANT","STATUT_ACTIF_R_M":"Visite terrain","LATITUDE":45.495909655493094,"LONGITUDE":-73.56607545615215,"ABANDONNE_R":"NON","ABANDONNE_R_M":"Non applicable"}},"geometry":{"type":"Point","coordinates":[-73.56607545615215,45.495909655493094]}},{"type":"Feature","id":"ville-montreal/hydrant/20005821","properties":{"lab":{"objectClass":"hydrant","label":"HYDRANT","sourceId":"20005821","provider":"Ville de Montréal","providerKey":"ville-montreal","dataset":"Bornes d'incendie","datasetId":"cb4de65e-138b-4936-9d5c-2d9a0bc9b4ce","identityField":"ID_BI","sourceName":"2020 boulevard Robert-Bourassa","license":"CC-BY 4.0","retrievedAt":"2026-08-19T19:54:33.442Z","sourceUrl":"https://donnees.montreal.ca/dataset/geolocalisation-des-bornes-fontaines","updateDate":"2026-03-18","geometryType":"Point","legalNote":"Annual inventory. Not for engineering use without City validation."},"source":{"ADRESSE":"2020 boulevard Robert-Bourassa","ADRESSE_R_M":"Cartographie géomatique ville","COORDONNEE_SPATIALE_X":299189.685,"COORDONNEE_SPATIALE_Y":5040452.28,"DATE_ABANDON_R_M":"Non applicable","DATE_INSTALLATION":"2022-01-01","DATE_INSTALLATION_R_M":"Plan profil proposé","ELEVATION_TERRAIN":38.076,"ID_BI":20005821,"ID_POINT":20069284,"JURIDICTION":"LOCALE","JURIDICTION_R_M":"Direction production eau potable","PRECISION_DATE_INSTALL":"DATE INSTALLATION DANS L'ANNEE COURANTE","PRECISION_DATE_INSTALL_R_M":"Plan profil proposé","PROPRIETAIRE":"VILLE DE MONTREAL","PROPRIETAIRE_R_M":"Cartographie géomatique ville","PROVENANCE_DONNEE":"RELEVE TERRAIN INTERNE","STATUT_ACTIF":"EXISTANT","STATUT_ACTIF_R_M":"Visite terrain","LATITUDE":45.50397773859152,"LONGITUDE":-73.57179519023842,"ABANDONNE_R":"NON","ABANDONNE_R_M":"Non applicable"}},"geometry":{"type":"Point","coordinates":[-73.57179519023842,45.50397773859152]}},{"type":"Feature","id":"ville-montreal/hydrant/20005245","properties":{"lab":{"objectClass":"hydrant","label":"HYDRANT","sourceId":"20005245","provider":"Ville de Montréal","providerKey":"ville-montreal","dataset":"Bornes d'incendie","datasetId":"cb4de65e-138b-4936-9d5c-2d9a0bc9b4ce","identityField":"ID_BI","sourceName":"1200 rue Saint-Jacques","license":"CC-BY 4.0","retrievedAt":"2026-08-19T19:54:33.442Z","sourceUrl":"https://donnees.montreal.ca/dataset/geolocalisation-des-bornes-fontaines","updateDate":"2026-03-18","geometryType":"Point","legalNote":"Annual inventory. Not for engineering use without City validation."},"source":{"ADRESSE":"1200 rue Saint-Jacques","ADRESSE_R_M":"Cartographie géomatique ville","COORDONNEE_SPATIALE_X":299609.826,"COORDONNEE_SPATIALE_Y":5039523.543,"DATE_ABANDON_R_M":"Non applicable","DATE_INSTALLATION":"2023-07-11","DATE_INSTALLATION_R_M":"Échange écrit/verbal arrondissement","ELEVATION_TERRAIN":15.645,"ID_BI":20005245,"ID_POINT":20062475,"JURIDICTION":"LOCALE","JURIDICTION_R_M":"Direction production eau potable","PRECISION_DATE_INSTALL":"DATE INSTALLATION PRECISE","PRECISION_DATE_INSTALL_R_M":"Échange écrit/verbal arrondissement","PROPRIETAIRE":"VILLE DE MONTREAL","PROPRIETAIRE_R_M":"Cartographie géomatique ville","PROVENANCE_DONNEE":"RELEVE TERRAIN INTERNE","STATUT_ACTIF":"EXISTANT","STATUT_ACTIF_R_M":"Visite terrain","LATITUDE":45.495623825545124,"LONGITUDE":-73.56640887061121,"ABANDONNE_R":"NON","ABANDONNE_R_M":"Non applicable"}},"geometry":{"type":"Point","coordinates":[-73.56640887061121,45.495623825545124]}},{"type":"Feature","id":"ville-montreal/hydrant/20006036","properties":{"lab":{"objectClass":"hydrant","label":"HYDRANT","sourceId":"20006036","provider":"Ville de Montréal","providerKey":"ville-montreal","dataset":"Bornes d'incendie","datasetId":"cb4de65e-138b-4936-9d5c-2d9a0bc9b4ce","identityField":"ID_BI","sourceName":"3537 rue University","license":"CC-BY 4.0","retrievedAt":"2026-08-19T19:54:33.442Z","sourceUrl":"https://donnees.montreal.ca/dataset/geolocalisation-des-bornes-fontaines","updateDate":"2026-03-18","geometryType":"Point","legalNote":"Annual inventory. Not for engineering use without City validation."},"source":{"ADRESSE":"3537 rue University","ADRESSE_R_M":"Cartographie géomatique ville","COORDONNEE_SPATIALE_X":298765.45,"COORDONNEE_SPATIALE_Y":5040772.602,"DATE_ABANDON_R_M":"Non applicable","DATE_INSTALLATION":"1997-01-01","DATE_INSTALLATION_R_M":"Visite terrain","ELEVATION_TERRAIN":47.837,"ID_BI":20006036,"ID_POINT":20071959,"JURIDICTION":"LOCALE","JURIDICTION_R_M":"Direction production eau potable","PRECISION_DATE_INSTALL":"DATE INSTALLATION DANS L'ANNEE COURANTE","PRECISION_DATE_INSTALL_R_M":"Visite terrain","PROPRIETAIRE":"VILLE DE MONTREAL","PROPRIETAIRE_R_M":"Cartographie géomatique ville","PROVENANCE_DONNEE":"RELEVE TERRAIN INTERNE","STATUT_ACTIF":"EXISTANT","STATUT_ACTIF_R_M":"Visite terrain","LATITUDE":45.50685651405129,"LONGITUDE":-73.57722823378924,"ABANDONNE_R":"NON","ABANDONNE_R_M":"Non applicable"}},"geometry":{"type":"Point","coordinates":[-73.57722823378924,45.50685651405129]}},{"type":"Feature","id":"ville-montreal/hydrant/20006331","properties":{"lab":{"objectClass":"hydrant","label":"HYDRANT","sourceId":"20006331","provider":"Ville de Montréal","providerKey":"ville-montreal","dataset":"Bornes d'incendie","datasetId":"cb4de65e-138b-4936-9d5c-2d9a0bc9b4ce","identityField":"ID_BI","sourceName":"1015-1035 rue Saint-Jacques","license":"CC-BY 4.0","retrievedAt":"2026-08-19T19:54:33.442Z","sourceUrl":"https://donnees.montreal.ca/dataset/geolocalisation-des-bornes-fontaines","updateDate":"2026-03-18","geometryType":"Point","legalNote":"Annual inventory. Not for engineering use without City validation."},"source":{"ADRESSE":"1015-1035 rue Saint-Jacques","ADRESSE_R_M":"Cartographie géomatique ville","COORDONNEE_SPATIALE_X":299721.023,"COORDONNEE_SPATIALE_Y":5039646.953,"DATE_ABANDON_R_M":"Non applicable","DATE_INSTALLATION":"2022-11-28","DATE_INSTALLATION_R_M":"Plan balayé","ELEVATION_TERRAIN":14.81,"ID_BI":20006331,"ID_POINT":20074882,"JURIDICTION":"LOCALE","JURIDICTION_R_M":"Direction production eau potable","PRECISION_DATE_INSTALL":"DATE INSTALLATION PRECISE 6 MOIS MAXIMUM","PRECISION_DATE_INSTALL_R_M":"Plan balayé","PROPRIETAIRE":"VILLE DE MONTREAL","PROPRIETAIRE_R_M":"Cartographie géomatique ville","PROVENANCE_DONNEE":"RELEVE TERRAIN INTERNE","STATUT_ACTIF":"EXISTANT","STATUT_ACTIF_R_M":"Visite terrain","LATITUDE":45.496735091174344,"LONGITUDE":-73.56498742546303,"ABANDONNE_R":"NON","ABANDONNE_R_M":"Non applicable"}},"geometry":{"type":"Point","coordinates":[-73.56498742546303,45.496735091174344]}},{"type":"Feature","id":"ville-montreal/hydrant/20005806","properties":{"lab":{"objectClass":"hydrant","label":"HYDRANT","sourceId":"20005806","provider":"Ville de Montréal","providerKey":"ville-montreal","dataset":"Bornes d'incendie","datasetId":"cb4de65e-138b-4936-9d5c-2d9a0bc9b4ce","identityField":"ID_BI","sourceName":"775-777 rue Sainte-Catherine Ouest","license":"CC-BY 4.0","retrievedAt":"2026-08-19T19:54:33.442Z","sourceUrl":"https://donnees.montreal.ca/dataset/geolocalisation-des-bornes-fontaines","updateDate":"2026-03-18","geometryType":"Point","legalNote":"Annual inventory. Not for engineering use without City validation."},"source":{"ADRESSE":"775-777 rue Sainte-Catherine Ouest","ADRESSE_R_M":"Cartographie géomatique ville","COORDONNEE_SPATIALE_X":299258.641,"COORDONNEE_SPATIALE_Y":5040246.552,"DATE_ABANDON_R_M":"Non applicable","DATE_INSTALLATION":"2020-01-29","DATE_INSTALLATION_R_M":"Plan profil","ELEVATION_TERRAIN":36.271,"ID_BI":20005806,"ID_POINT":20068995,"JURIDICTION":"LOCALE","JURIDICTION_R_M":"Direction production eau potable","PRECISION_DATE_INSTALL":"DATE INSTALLATION PRECISE","PRECISION_DATE_INSTALL_R_M":"Plan profil","PROPRIETAIRE":"VILLE DE MONTREAL","PROPRIETAIRE_R_M":"Cartographie géomatique ville","PROVENANCE_DONNEE":"RELEVE TERRAIN INTERNE","STATUT_ACTIF":"EXISTANT","STATUT_ACTIF_R_M":"Visite terrain","LATITUDE":45.50212704450684,"LONGITUDE":-73.57091042301424,"ABANDONNE_R":"NON","ABANDONNE_R_M":"Non applicable"}},"geometry":{"type":"Point","coordinates":[-73.57091042301424,45.50212704450684]}},{"type":"Feature","id":"ville-montreal/hydrant/20005807","properties":{"lab":{"objectClass":"hydrant","label":"HYDRANT","sourceId":"20005807","provider":"Ville de Montréal","providerKey":"ville-montreal","dataset":"Bornes d'incendie","datasetId":"cb4de65e-138b-4936-9d5c-2d9a0bc9b4ce","identityField":"ID_BI","sourceName":"698 rue Sainte-Catherine Ouest","license":"CC-BY 4.0","retrievedAt":"2026-08-19T19:54:33.442Z","sourceUrl":"https://donnees.montreal.ca/dataset/geolocalisation-des-bornes-fontaines","updateDate":"2026-03-18","geometryType":"Point","legalNote":"Annual inventory. Not for engineering use without City validation."},"source":{"ADRESSE":"698 rue Sainte-Catherine Ouest","ADRESSE_R_M":"Cartographie géomatique ville","COORDONNEE_SPATIALE_X":299295.027,"COORDONNEE_SPATIALE_Y":5040298.823,"DATE_ABANDON_R_M":"Non applicable","DATE_INSTALLATION":"2020-01-29","DATE_INSTALLATION_R_M":"Plan profil","ELEVATION_TERRAIN":36.086,"ID_BI":20005807,"ID_POINT":20068997,"JURIDICTION":"LOCALE","JURIDICTION_R_M":"Direction production eau potable","PRECISION_DATE_INSTALL":"DATE INSTALLATION PRECISE","PRECISION_DATE_INSTALL_R_M":"Plan profil","PROPRIETAIRE":"VILLE DE MONTREAL","PROPRIETAIRE_R_M":"Cartographie géomatique ville","PROVENANCE_DONNEE":"RELEVE TERRAIN INTERNE","STATUT_ACTIF":"EXISTANT","STATUT_ACTIF_R_M":"Visite terrain","LATITUDE":45.50259768559907,"LONGITUDE":-73.57044539345854,"ABANDONNE_R":"NON","ABANDONNE_R_M":"Non applicable"}},"geometry":{"type":"Point","coordinates":[-73.57044539345854,45.50259768559907]}},{"type":"Feature","id":"ville-montreal/hydrant/20006514","properties":{"lab":{"objectClass":"hydrant","label":"HYDRANT","sourceId":"20006514","provider":"Ville de Montréal","providerKey":"ville-montreal","dataset":"Bornes d'incendie","datasetId":"cb4de65e-138b-4936-9d5c-2d9a0bc9b4ce","identityField":"ID_BI","sourceName":"465 boulevard René-Lévesque Ouest","license":"CC-BY 4.0","retrievedAt":"2026-08-19T19:54:33.442Z","sourceUrl":"https://donnees.montreal.ca/dataset/geolocalisation-des-bornes-fontaines","updateDate":"2026-03-18","geometryType":"Point","legalNote":"Annual inventory. Not for engineering use without City validation."},"source":{"ADRESSE":"465 boulevard René-Lévesque Ouest","ADRESSE_R_M":"Cartographie géomatique ville","COORDONNEE_SPATIALE_X":299677.711,"COORDONNEE_SPATIALE_Y":5040475.091,"DATE_ABANDON_R_M":"Non applicable","DATE_INSTALLATION":"2023-09-06","DATE_INSTALLATION_R_M":"Plan balayé","ELEVATION_TERRAIN":33.128,"ID_BI":20006514,"ID_POINT":20076903,"JURIDICTION":"LOCALE","JURIDICTION_R_M":"Direction production eau potable","PRECISION_DATE_INSTALL":"DATE INSTALLATION PRECISE","PRECISION_DATE_INSTALL_R_M":"Plan balayé","PROPRIETAIRE":"VILLE DE MONTREAL","PROPRIETAIRE_R_M":"Cartographie géomatique ville","PROVENANCE_DONNEE":"RELEVE TERRAIN INTERNE","STATUT_ACTIF":"EXISTANT","STATUT_ACTIF_R_M":"Visite terrain","LATITUDE":45.50418667393309,"LONGITUDE":-73.56555010290472,"ABANDONNE_R":"NON","ABANDONNE_R_M":"Non applicable"}},"geometry":{"type":"Point","coordinates":[-73.56555010290472,45.50418667393309]}},{"type":"Feature","id":"ville-montreal/hydrant/10006159","properties":{"lab":{"objectClass":"hydrant","label":"HYDRANT","sourceId":"10006159","provider":"Ville de Montréal","providerKey":"ville-montreal","dataset":"Bornes d'incendie","datasetId":"cb4de65e-138b-4936-9d5c-2d9a0bc9b4ce","identityField":"ID_BI","sourceName":"1100-1108 boulevard De Maisonneuve Ouest","license":"CC-BY 4.0","retrievedAt":"2026-08-19T19:54:33.442Z","sourceUrl":"https://donnees.montreal.ca/dataset/geolocalisation-des-bornes-fontaines","updateDate":"2026-03-18","geometryType":"Point","legalNote":"Annual inventory. Not for engineering use without City validation."},"source":{"ADRESSE":"1100-1108 boulevard De Maisonneuve Ouest","ADRESSE_R_M":"Cartographie géomatique ville","COORDONNEE_SPATIALE_X":298973.491,"COORDONNEE_SPATIALE_Y":5040093.983,"DATE_ABANDON_R_M":"Non applicable","DATE_INSTALLATION":"2015-11-07","DATE_INSTALLATION_R_M":"Plan profil","ELEVATION_TERRAIN":42.602,"ID_BI":10006159,"ID_POINT":12116180,"JURIDICTION":"LOCALE","JURIDICTION_R_M":"Direction production eau potable","PRECISION_DATE_INSTALL":"DATE INSTALLATION DANS L'ANNEE COURANTE","PRECISION_DATE_INSTALL_R_M":"Plan profil","PROPRIETAIRE":"VILLE DE MONTREAL","PROPRIETAIRE_R_M":"Cartographie géomatique ville","PROVENANCE_DONNEE":"RELEVE TERRAIN INTERNE","STATUT_ACTIF":"EXISTANT","STATUT_ACTIF_R_M":"Visite terrain","LATITUDE":45.50075184368243,"LONGITUDE":-73.5745575197985,"ABANDONNE_R":"NON","ABANDONNE_R_M":"Non applicable"}},"geometry":{"type":"Point","coordinates":[-73.5745575197985,45.50075184368243]}},{"type":"Feature","id":"ville-montreal/hydrant/10006160","properties":{"lab":{"objectClass":"hydrant","label":"HYDRANT","sourceId":"10006160","provider":"Ville de Montréal","providerKey":"ville-montreal","dataset":"Bornes d'incendie","datasetId":"cb4de65e-138b-4936-9d5c-2d9a0bc9b4ce","identityField":"ID_BI","sourceName":"1430-1434 rue Peel","license":"CC-BY 4.0","retrievedAt":"2026-08-19T19:54:33.442Z","sourceUrl":"https://donnees.montreal.ca/dataset/geolocalisation-des-bornes-fontaines","updateDate":"2026-03-18","geometryType":"Point","legalNote":"Annual inventory. Not for engineering use without City validation."},"source":{"ADRESSE":"1430-1434 rue Peel","ADRESSE_R_M":"Cartographie géomatique ville","COORDONNEE_SPATIALE_X":299047.956,"COORDONNEE_SPATIALE_Y":5040057.12,"DATE_ABANDON_R_M":"Non applicable","DATE_INSTALLATION":"2015-11-07","DATE_INSTALLATION_R_M":"Plan profil","ELEVATION_TERRAIN":40.13,"ID_BI":10006160,"ID_POINT":12116192,"JURIDICTION":"LOCALE","JURIDICTION_R_M":"Direction production eau potable","PRECISION_DATE_INSTALL":"DATE INSTALLATION DANS L'ANNEE COURANTE","PRECISION_DATE_INSTALL_R_M":"Plan profil","PROPRIETAIRE":"VILLE DE MONTREAL","PROPRIETAIRE_R_M":"Cartographie géomatique ville","PROVENANCE_DONNEE":"RELEVE TERRAIN INTERNE","STATUT_ACTIF":"EXISTANT","STATUT_ACTIF_R_M":"Visite terrain","LATITUDE":45.50042074647009,"LONGITUDE":-73.57360421594903,"ABANDONNE_R":"NON","ABANDONNE_R_M":"Non applicable"}},"geometry":{"type":"Point","coordinates":[-73.57360421594903,45.50042074647009]}},{"type":"Feature","id":"ville-montreal/hydrant/10006075","properties":{"lab":{"objectClass":"hydrant","label":"HYDRANT","sourceId":"10006075","provider":"Ville de Montréal","providerKey":"ville-montreal","dataset":"Bornes d'incendie","datasetId":"cb4de65e-138b-4936-9d5c-2d9a0bc9b4ce","identityField":"ID_BI","sourceName":"46-50 ruelle des Fortifications","license":"CC-BY 4.0","retrievedAt":"2026-08-19T19:54:33.442Z","sourceUrl":"https://donnees.montreal.ca/dataset/geolocalisation-des-bornes-fontaines","updateDate":"2026-03-18","geometryType":"Point","legalNote":"Annual inventory. Not for engineering use without City validation."},"source":{"ADRESSE":"46-50 ruelle des Fortifications","ADRESSE_R_M":"Cartographie géomatique ville","COORDONNEE_SPATIALE_X":300300.734,"COORDONNEE_SPATIALE_Y":5040656.545,"DATE_ABANDON_R_M":"Non applicable","DATE_INSTALLATION":"2013-01-01","DATE_INSTALLATION_R_M":"Visite terrain","ELEVATION_TERRAIN":20.296,"ID_BI":10006075,"ID_POINT":12115534,"JURIDICTION":"LOCALE","JURIDICTION_R_M":"Direction épuration eaux usées","PRECISION_DATE_INSTALL":"DATE INSTALLATION DANS L'ANNEE COURANTE","PRECISION_DATE_INSTALL_R_M":"Visite terrain","PROPRIETAIRE":"VILLE DE MONTREAL","PROPRIETAIRE_R_M":"Cartographie géomatique ville","PROVENANCE_DONNEE":"RELEVE TERRAIN INTERNE","STATUT_ACTIF":"EXISTANT","STATUT_ACTIF_R_M":"Plan profil","LATITUDE":45.50582371699117,"LONGITUDE":-73.55757913794704,"ABANDONNE_R":"NON","ABANDONNE_R_M":"Non applicable"}},"geometry":{"type":"Point","coordinates":[-73.55757913794704,45.50582371699117]}},{"type":"Feature","id":"ville-montreal/hydrant/5011222","properties":{"lab":{"objectClass":"hydrant","label":"HYDRANT","sourceId":"5011222","provider":"Ville de Montréal","providerKey":"ville-montreal","dataset":"Bornes d'incendie","datasetId":"cb4de65e-138b-4936-9d5c-2d9a0bc9b4ce","identityField":"ID_BI","sourceName":"800 rue Saint-Jacques","license":"CC-BY 4.0","retrievedAt":"2026-08-19T19:54:33.442Z","sourceUrl":"https://donnees.montreal.ca/dataset/geolocalisation-des-bornes-fontaines","updateDate":"2026-03-18","geometryType":"Point","legalNote":"Annual inventory. Not for engineering use without City validation."},"source":{"ADRESSE":"800 rue Saint-Jacques","ADRESSE_R_M":"Cartographie géomatique ville","COORDONNEE_SPATIALE_X":299964.931,"COORDONNEE_SPATIALE_Y":5039975.541,"DATE_ABANDON_R_M":"Non applicable","DATE_INSTALLATION":"2002-01-01","DATE_INSTALLATION_R_M":"Plan Atlas et inventaire","ELEVATION_TERRAIN":15.016,"ID_BI":5011222,"ID_POINT":5140187,"JURIDICTION":"LOCALE","JURIDICTION_R_M":"Direction production eau potable","PRECISION_DATE_INSTALL":"DATE INSTALLATION DANS L'ANNEE COURANTE","PRECISION_DATE_INSTALL_R_M":"Plan Atlas et inventaire","PROPRIETAIRE":"VILLE DE MONTREAL","PROPRIETAIRE_R_M":"Cartographie géomatique ville","PROVENANCE_DONNEE":"RELEVE TERRAIN INTERNE","STATUT_ACTIF":"EXISTANT","STATUT_ACTIF_R_M":"Plan profil","LATITUDE":45.49969345099203,"LONGITUDE":-73.56186992141686,"ABANDONNE_R":"NON","ABANDONNE_R_M":"Non applicable"}},"geometry":{"type":"Point","coordinates":[-73.56186992141686,45.49969345099203]}},{"type":"Feature","id":"ville-montreal/hydrant/5011223","properties":{"lab":{"objectClass":"hydrant","label":"HYDRANT","sourceId":"5011223","provider":"Ville de Montréal","providerKey":"ville-montreal","dataset":"Bornes d'incendie","datasetId":"cb4de65e-138b-4936-9d5c-2d9a0bc9b4ce","identityField":"ID_BI","sourceName":"Sur rue Saint-Jacques  de rue Dollard  à rue du Square-Victoria","license":"CC-BY 4.0","retrievedAt":"2026-08-19T19:54:33.442Z","sourceUrl":"https://donnees.montreal.ca/dataset/geolocalisation-des-bornes-fontaines","updateDate":"2026-03-18","geometryType":"Point","legalNote":"Annual inventory. Not for engineering use without City validation."},"source":{"ADRESSE":"Sur rue Saint-Jacques  de rue Dollard  à rue du Square-Victoria ","ADRESSE_R_M":"Cartographie géomatique ville","COORDONNEE_SPATIALE_X":299968.423,"COORDONNEE_SPATIALE_Y":5040009.254,"DATE_ABANDON_R_M":"Non applicable","DATE_INSTALLATION":"2002-01-01","DATE_INSTALLATION_R_M":"Plan Atlas et inventaire","ELEVATION_TERRAIN":15.143,"ID_BI":5011223,"ID_POINT":5140188,"JURIDICTION":"LOCALE","JURIDICTION_R_M":"Direction épuration eaux usées","PRECISION_DATE_INSTALL":"DATE INSTALLATION DANS L'ANNEE COURANTE","PRECISION_DATE_INSTALL_R_M":"Plan Atlas et inventaire","PROPRIETAIRE":"VILLE DE MONTREAL","PROPRIETAIRE_R_M":"Cartographie géomatique ville","PROVENANCE_DONNEE":"RELEVE TERRAIN INTERNE","STATUT_ACTIF":"EXISTANT","STATUT_ACTIF_R_M":"Plan profil","LATITUDE":45.499996829666976,"LONGITUDE":-73.56182557341012,"ABANDONNE_R":"NON","ABANDONNE_R_M":"Non applicable"}},"geometry":{"type":"Point","coordinates":[-73.56182557341012,45.499996829666976]}},{"type":"Feature","id":"ville-montreal/hydrant/5011212","properties":{"lab":{"objectClass":"hydrant","label":"HYDRANT","sourceId":"5011212","provider":"Ville de Montréal","providerKey":"ville-montreal","dataset":"Bornes d'incendie","datasetId":"cb4de65e-138b-4936-9d5c-2d9a0bc9b4ce","identityField":"ID_BI","sourceName":"742 rue William","license":"CC-BY 4.0","retrievedAt":"2026-08-19T19:54:33.442Z","sourceUrl":"https://donnees.montreal.ca/dataset/geolocalisation-des-bornes-fontaines","updateDate":"2026-03-18","geometryType":"Point","legalNote":"Annual inventory. Not for engineering use without City validation."},"source":{"ADRESSE":"742 rue William","ADRESSE_R_M":"Cartographie géomatique ville","COORDONNEE_SPATIALE_X":300267.122,"COORDONNEE_SPATIALE_Y":5039780.938,"DATE_ABANDON_R_M":"Non applicable","DATE_INSTALLATION":"1894-01-01","DATE_INSTALLATION_R_M":"Plan Atlas et inventaire","ELEVATION_TERRAIN":14.81,"ID_BI":5011212,"ID_POINT":5140177,"JURIDICTION":"LOCALE","JURIDICTION_R_M":"Direction épuration eaux usées","PRECISION_DATE_INSTALL":"DATE INSTALLATION DANS L'ANNEE COURANTE","PRECISION_DATE_INSTALL_R_M":"Plan Atlas et inventaire","PROPRIETAIRE":"VILLE DE MONTREAL","PROPRIETAIRE_R_M":"Cartographie géomatique ville","PROVENANCE_DONNEE":"RELEVE PHOTOGRAMMETRIQUE","STATUT_ACTIF":"EXISTANT","STATUT_ACTIF_R_M":"Plan profil","LATITUDE":45.49794448837407,"LONGITUDE":-73.55800131751695,"ABANDONNE_R":"NON","ABANDONNE_R_M":"Non applicable"}},"geometry":{"type":"Point","coordinates":[-73.55800131751695,45.49794448837407]}},{"type":"Feature","id":"ville-montreal/hydrant/5011220","properties":{"lab":{"objectClass":"hydrant","label":"HYDRANT","sourceId":"5011220","provider":"Ville de Montréal","providerKey":"ville-montreal","dataset":"Bornes d'incendie","datasetId":"cb4de65e-138b-4936-9d5c-2d9a0bc9b4ce","identityField":"ID_BI","sourceName":"600-612 rue William","license":"CC-BY 4.0","retrievedAt":"2026-08-19T19:54:33.442Z","sourceUrl":"https://donnees.montreal.ca/dataset/geolocalisation-des-bornes-fontaines","updateDate":"2026-03-18","geometryType":"Point","legalNote":"Annual inventory. Not for engineering use without City validation."},"source":{"ADRESSE":"600-612 rue William","ADRESSE_R_M":"Cartographie géomatique ville","COORDONNEE_SPATIALE_X":300387.917,"COORDONNEE_SPATIALE_Y":5039980.584,"DATE_ABANDON_R_M":"Non applicable","DATE_INSTALLATION":"1889-01-01","DATE_INSTALLATION_R_M":"Plan Atlas et inventaire","ELEVATION_TERRAIN":14.608,"ID_BI":5011220,"ID_POINT":5140185,"JURIDICTION":"LOCALE","JURIDICTION_R_M":"Direction épuration eaux usées","PRECISION_DATE_INSTALL":"DATE INSTALLATION DANS L'ANNEE COURANTE","PRECISION_DATE_INSTALL_R_M":"Plan Atlas et inventaire","PROPRIETAIRE":"VILLE DE MONTREAL","PROPRIETAIRE_R_M":"Cartographie géomatique ville","PROVENANCE_DONNEE":"RELEVE TERRAIN INTERNE","STATUT_ACTIF":"EXISTANT","STATUT_ACTIF_R_M":"Plan profil","LATITUDE":45.49974177196167,"LONGITUDE":-73.55645747384645,"ABANDONNE_R":"NON","ABANDONNE_R_M":"Non applicable"}},"geometry":{"type":"Point","coordinates":[-73.55645747384645,45.49974177196167]}},{"type":"Feature","id":"ville-montreal/hydrant/5011221","properties":{"lab":{"objectClass":"hydrant","label":"HYDRANT","sourceId":"5011221","provider":"Ville de Montréal","providerKey":"ville-montreal","dataset":"Bornes d'incendie","datasetId":"cb4de65e-138b-4936-9d5c-2d9a0bc9b4ce","identityField":"ID_BI","sourceName":"777 boulevard Robert-Bourassa","license":"CC-BY 4.0","retrievedAt":"2026-08-19T19:54:33.442Z","sourceUrl":"https://donnees.montreal.ca/dataset/geolocalisation-des-bornes-fontaines","updateDate":"2026-03-18","geometryType":"Point","legalNote":"Annual inventory. Not for engineering use without City validation."},"source":{"ADRESSE":"777 boulevard Robert-Bourassa","ADRESSE_R_M":"Cartographie géomatique ville","COORDONNEE_SPATIALE_X":299924.596,"COORDONNEE_SPATIALE_Y":5039944.986,"DATE_ABANDON_R_M":"Non applicable","DATE_INSTALLATION":"2002-01-01","DATE_INSTALLATION_R_M":"Plan Atlas et inventaire","ELEVATION_TERRAIN":14.729,"ID_BI":5011221,"ID_POINT":5140186,"JURIDICTION":"LOCALE","JURIDICTION_R_M":"Direction épuration eaux usées","PRECISION_DATE_INSTALL":"DATE INSTALLATION DANS L'ANNEE COURANTE","PRECISION_DATE_INSTALL_R_M":"Plan Atlas et inventaire","PROPRIETAIRE":"VILLE DE MONTREAL","PROPRIETAIRE_R_M":"Cartographie géomatique ville","PROVENANCE_DONNEE":"RELEVE TERRAIN INTERNE","STATUT_ACTIF":"EXISTANT","STATUT_ACTIF_R_M":"Plan profil","LATITUDE":45.4994182182902,"LONGITUDE":-73.56238573695238,"ABANDONNE_R":"NON","ABANDONNE_R_M":"Non applicable"}},"geometry":{"type":"Point","coordinates":[-73.56238573695238,45.4994182182902]}},{"type":"Feature","id":"ville-montreal/hydrant/5011148","properties":{"lab":{"objectClass":"hydrant","label":"HYDRANT","sourceId":"5011148","provider":"Ville de Montréal","providerKey":"ville-montreal","dataset":"Bornes d'incendie","datasetId":"cb4de65e-138b-4936-9d5c-2d9a0bc9b4ce","identityField":"ID_BI","sourceName":"731-735 rue Ottawa","license":"CC-BY 4.0","retrievedAt":"2026-08-19T19:54:33.442Z","sourceUrl":"https://donnees.montreal.ca/dataset/geolocalisation-des-bornes-fontaines","updateDate":"2026-03-18","geometryType":"Point","legalNote":"Annual inventory. Not for engineering use without City validation."},"source":{"ADRESSE":"731-735 rue Ottawa","ADRESSE_R_M":"Cartographie géomatique ville","COORDONNEE_SPATIALE_X":300383.253,"COORDONNEE_SPATIALE_Y":5039780.406,"DATE_ABANDON_R_M":"Non applicable","DATE_INSTALLATION":"2002-01-01","DATE_INSTALLATION_R_M":"Plan Atlas et inventaire","ELEVATION_TERRAIN":14.675,"ID_BI":5011148,"ID_POINT":5140113,"JURIDICTION":"LOCALE","JURIDICTION_R_M":"Direction épuration eaux usées","PRECISION_DATE_INSTALL":"DATE INSTALLATION DANS L'ANNEE COURANTE","PRECISION_DATE_INSTALL_R_M":"Plan Atlas et inventaire","PROPRIETAIRE":"VILLE DE MONTREAL","PROPRIETAIRE_R_M":"Cartographie géomatique ville","PROVENANCE_DONNEE":"RELEVE TERRAIN INTERNE","STATUT_ACTIF":"EXISTANT","STATUT_ACTIF_R_M":"Plan profil","LATITUDE":45.497940476744986,"LONGITUDE":-73.55651534107763,"ABANDONNE_R":"NON","ABANDONNE_R_M":"Non applicable"}},"geometry":{"type":"Point","coordinates":[-73.55651534107763,45.497940476744986]}},{"type":"Feature","id":"ville-montreal/hydrant/5011203","properties":{"lab":{"objectClass":"hydrant","label":"HYDRANT","sourceId":"5011203","provider":"Ville de Montréal","providerKey":"ville-montreal","dataset":"Bornes d'incendie","datasetId":"cb4de65e-138b-4936-9d5c-2d9a0bc9b4ce","identityField":"ID_BI","sourceName":"115 rue Queen","license":"CC-BY 4.0","retrievedAt":"2026-08-19T19:54:33.442Z","sourceUrl":"https://donnees.montreal.ca/dataset/geolocalisation-des-bornes-fontaines","updateDate":"2026-03-18","geometryType":"Point","legalNote":"Annual inventory. Not for engineering use without City validation."},"source":{"ADRESSE":"115 rue Queen","ADRESSE_R_M":"Cartographie géomatique ville","COORDONNEE_SPATIALE_X":300465.924,"COORDONNEE_SPATIALE_Y":5039770.366,"DATE_ABANDON_R_M":"Non applicable","DATE_INSTALLATION":"2001-01-01","DATE_INSTALLATION_R_M":"Plan Atlas et inventaire","ELEVATION_TERRAIN":14.952,"ID_BI":5011203,"ID_POINT":5140168,"JURIDICTION":"LOCALE","JURIDICTION_R_M":"Direction épuration eaux usées","PRECISION_DATE_INSTALL":"DATE INSTALLATION DANS L'ANNEE COURANTE","PRECISION_DATE_INSTALL_R_M":"Plan Atlas et inventaire","PROPRIETAIRE":"VILLE DE MONTREAL","PROPRIETAIRE_R_M":"Cartographie géomatique ville","PROVENANCE_DONNEE":"RELEVE PHOTOGRAMMETRIQUE","STATUT_ACTIF":"EXISTANT","STATUT_ACTIF_R_M":"Plan profil","LATITUDE":45.4978506742235,"LONGITUDE":-73.55545742224128,"ABANDONNE_R":"NON","ABANDONNE_R_M":"Non applicable"}},"geometry":{"type":"Point","coordinates":[-73.55545742224128,45.4978506742235]}},{"type":"Feature","id":"ville-montreal/hydrant/10003960","properties":{"lab":{"objectClass":"hydrant","label":"HYDRANT","sourceId":"10003960","provider":"Ville de Montréal","providerKey":"ville-montreal","dataset":"Bornes d'incendie","datasetId":"cb4de65e-138b-4936-9d5c-2d9a0bc9b4ce","identityField":"ID_BI","sourceName":"501 rue De La Gauchetière Ouest","license":"CC-BY 4.0","retrievedAt":"2026-08-19T19:54:33.442Z","sourceUrl":"https://donnees.montreal.ca/dataset/geolocalisation-des-bornes-fontaines","updateDate":"2026-03-18","geometryType":"Point","legalNote":"Annual inventory. Not for engineering use without City validation."},"source":{"ADRESSE":"501 rue De La Gauchetière Ouest","ADRESSE_R_M":"Cartographie géomatique ville","COORDONNEE_SPATIALE_X":299798.878,"COORDONNEE_SPATIALE_Y":5040304.753,"DATE_ABANDON_R_M":"Non applicable","DATE_INSTALLATION":"2012-10-01","DATE_INSTALLATION_R_M":"Plan balayé","ELEVATION_TERRAIN":23.878,"ID_BI":10003960,"ID_POINT":10082174,"JURIDICTION":"LOCALE","JURIDICTION_R_M":"À valider","PRECISION_DATE_INSTALL":"DATE INSTALLATION PRECISE AU MOIS COURANT","PRECISION_DATE_INSTALL_R_M":"Plan balayé","PROPRIETAIRE":"VILLE DE MONTREAL","PROPRIETAIRE_R_M":"Cartographie géomatique ville","PROVENANCE_DONNEE":"RELEVE TERRAIN INTERNE","STATUT_ACTIF":"EXISTANT","STATUT_ACTIF_R_M":"Plan balayé","LATITUDE":45.50265473479317,"LONGITUDE":-73.56399788289968,"ABANDONNE_R":"NON","ABANDONNE_R_M":"Non applicable"}},"geometry":{"type":"Point","coordinates":[-73.56399788289968,45.50265473479317]}},{"type":"Feature","id":"ville-montreal/hydrant/10004008","properties":{"lab":{"objectClass":"hydrant","label":"HYDRANT","sourceId":"10004008","provider":"Ville de Montréal","providerKey":"ville-montreal","dataset":"Bornes d'incendie","datasetId":"cb4de65e-138b-4936-9d5c-2d9a0bc9b4ce","identityField":"ID_BI","sourceName":"Sur rue De Bleury  de rue Sainte-Catherine Ouest  à rue Mayor","license":"CC-BY 4.0","retrievedAt":"2026-08-19T19:54:33.442Z","sourceUrl":"https://donnees.montreal.ca/dataset/geolocalisation-des-bornes-fontaines","updateDate":"2026-03-18","geometryType":"Point","legalNote":"Annual inventory. Not for engineering use without City validation."},"source":{"ADRESSE":"Sur rue De Bleury  de rue Sainte-Catherine Ouest  à rue Mayor ","ADRESSE_R_M":"Cartographie géomatique ville","COORDONNEE_SPATIALE_X":299485.65,"COORDONNEE_SPATIALE_Y":5040759.889,"DATE_ABANDON_R_M":"Non applicable","DATE_INSTALLATION":"2012-01-01","DATE_INSTALLATION_R_M":"Plan profil","ELEVATION_TERRAIN":35.135,"ID_BI":10004008,"ID_POINT":10082945,"JURIDICTION":"LOCALE","JURIDICTION_R_M":"Direction épuration eaux usées","PRECISION_DATE_INSTALL":"DATE INSTALLATION DANS L'ANNEE COURANTE","PRECISION_DATE_INSTALL_R_M":"Plan profil","PROPRIETAIRE":"VILLE DE MONTREAL","PROPRIETAIRE_R_M":"Cartographie géomatique ville","PROVENANCE_DONNEE":"RELEVE TERRAIN INTERNE","STATUT_ACTIF":"EXISTANT","STATUT_ACTIF_R_M":"Plan profil","LATITUDE":45.50674793902031,"LONGITUDE":-73.56801109660728,"ABANDONNE_R":"NON","ABANDONNE_R_M":"Non applicable"}},"geometry":{"type":"Point","coordinates":[-73.56801109660728,45.50674793902031]}},{"type":"Feature","id":"ville-montreal/hydrant/5011162","properties":{"lab":{"objectClass":"hydrant","label":"HYDRANT","sourceId":"5011162","provider":"Ville de Montréal","providerKey":"ville-montreal","dataset":"Bornes d'incendie","datasetId":"cb4de65e-138b-4936-9d5c-2d9a0bc9b4ce","identityField":"ID_BI","sourceName":"121-133 rue King","license":"CC-BY 4.0","retrievedAt":"2026-08-19T19:54:33.442Z","sourceUrl":"https://donnees.montreal.ca/dataset/geolocalisation-des-bornes-fontaines","updateDate":"2026-03-18","geometryType":"Point","legalNote":"Annual inventory. Not for engineering use without City validation."},"source":{"ADRESSE":"121-133 rue King","ADRESSE_R_M":"Cartographie géomatique ville","COORDONNEE_SPATIALE_X":300482.472,"COORDONNEE_SPATIALE_Y":5039888.152,"DATE_ABANDON_R_M":"Non applicable","DATE_INSTALLATION":"2001-01-01","DATE_INSTALLATION_R_M":"Plan Atlas et inventaire","ELEVATION_TERRAIN":14.496,"ID_BI":5011162,"ID_POINT":5140127,"JURIDICTION":"LOCALE","JURIDICTION_R_M":"Direction épuration eaux usées","PRECISION_DATE_INSTALL":"DATE INSTALLATION DANS L'ANNEE COURANTE","PRECISION_DATE_INSTALL_R_M":"Plan Atlas et inventaire","PROPRIETAIRE":"VILLE DE MONTREAL","PROPRIETAIRE_R_M":"Cartographie géomatique ville","PROVENANCE_DONNEE":"RELEVE TERRAIN INTERNE","STATUT_ACTIF":"EXISTANT","STATUT_ACTIF_R_M":"Plan profil","LATITUDE":45.498910652652924,"LONGITUDE":-73.55524672951528,"ABANDONNE_R":"NON","ABANDONNE_R_M":"Non applicable"}},"geometry":{"type":"Point","coordinates":[-73.55524672951528,45.498910652652924]}},{"type":"Feature","id":"ville-montreal/hydrant/5011163","properties":{"lab":{"objectClass":"hydrant","label":"HYDRANT","sourceId":"5011163","provider":"Ville de Montréal","providerKey":"ville-montreal","dataset":"Bornes d'incendie","datasetId":"cb4de65e-138b-4936-9d5c-2d9a0bc9b4ce","identityField":"ID_BI","sourceName":"257 rue Prince","license":"CC-BY 4.0","retrievedAt":"2026-08-19T19:54:33.442Z","sourceUrl":"https://donnees.montreal.ca/dataset/geolocalisation-des-bornes-fontaines","updateDate":"2026-03-18","geometryType":"Point","legalNote":"Annual inventory. Not for engineering use without City validation."},"source":{"ADRESSE":"257 rue Prince","ADRESSE_R_M":"Cartographie géomatique ville","COORDONNEE_SPATIALE_X":300350.403,"COORDONNEE_SPATIALE_Y":5039719.996,"DATE_ABANDON_R_M":"Non applicable","DATE_INSTALLATION":"2002-01-01","DATE_INSTALLATION_R_M":"Plan Atlas et inventaire","ELEVATION_TERRAIN":14.466,"ID_BI":5011163,"ID_POINT":5140128,"JURIDICTION":"LOCALE","JURIDICTION_R_M":"Direction épuration eaux usées","PRECISION_DATE_INSTALL":"DATE INSTALLATION DANS L'ANNEE COURANTE","PRECISION_DATE_INSTALL_R_M":"Plan Atlas et inventaire","PROPRIETAIRE":"VILLE DE MONTREAL","PROPRIETAIRE_R_M":"Cartographie géomatique ville","PROVENANCE_DONNEE":"RELEVE TERRAIN INTERNE","STATUT_ACTIF":"EXISTANT","STATUT_ACTIF_R_M":"Plan profil","LATITUDE":45.49739667026115,"LONGITUDE":-73.55693512808702,"ABANDONNE_R":"NON","ABANDONNE_R_M":"Non applicable"}},"geometry":{"type":"Point","coordinates":[-73.55693512808702,45.49739667026115]}},{"type":"Feature","id":"ville-montreal/hydrant/5008374","properties":{"lab":{"objectClass":"hydrant","label":"HYDRANT","sourceId":"5008374","provider":"Ville de Montréal","providerKey":"ville-montreal","dataset":"Bornes d'incendie","datasetId":"cb4de65e-138b-4936-9d5c-2d9a0bc9b4ce","identityField":"ID_BI","sourceName":"493 rue Sherbrooke Ouest","license":"CC-BY 4.0","retrievedAt":"2026-08-19T19:54:33.442Z","sourceUrl":"https://donnees.montreal.ca/dataset/geolocalisation-des-bornes-fontaines","updateDate":"2026-03-18","geometryType":"Point","legalNote":"Annual inventory. Not for engineering use without City validation."},"source":{"ADRESSE":"493 rue Sherbrooke Ouest","ADRESSE_R_M":"Cartographie géomatique ville","COORDONNEE_SPATIALE_X":299128.777,"COORDONNEE_SPATIALE_Y":5040724.936,"DATE_ABANDON_R_M":"Non applicable","DATE_INSTALLATION":"1890-01-01","DATE_INSTALLATION_R_M":"Plan Atlas et inventaire","ELEVATION_TERRAIN":45.043,"ID_BI":5008374,"ID_POINT":5103994,"JURIDICTION":"LOCALE","JURIDICTION_R_M":"Direction épuration eaux usées","PRECISION_DATE_INSTALL":"DATE INSTALLATION DANS L'ANNEE COURANTE","PRECISION_DATE_INSTALL_R_M":"Plan Atlas et inventaire","PROPRIETAIRE":"VILLE DE MONTREAL","PROPRIETAIRE_R_M":"Cartographie géomatique ville","PROVENANCE_DONNEE":"RELEVE TERRAIN INTERNE","STATUT_ACTIF":"EXISTANT","STATUT_ACTIF_R_M":"Plan profil","LATITUDE":45.506430655147966,"LONGITUDE":-73.57257788111008,"ABANDONNE_R":"NON","ABANDONNE_R_M":"Non applicable"}},"geometry":{"type":"Point","coordinates":[-73.57257788111008,45.506430655147966]}},{"type":"Feature","id":"ville-montreal/hydrant/5008375","properties":{"lab":{"objectClass":"hydrant","label":"HYDRANT","sourceId":"5008375","provider":"Ville de Montréal","providerKey":"ville-montreal","dataset":"Bornes d'incendie","datasetId":"cb4de65e-138b-4936-9d5c-2d9a0bc9b4ce","identityField":"ID_BI","sourceName":"425 rue Sherbrooke Ouest","license":"CC-BY 4.0","retrievedAt":"2026-08-19T19:54:33.442Z","sourceUrl":"https://donnees.montreal.ca/dataset/geolocalisation-des-bornes-fontaines","updateDate":"2026-03-18","geometryType":"Point","legalNote":"Annual inventory. Not for engineering use without City validation."},"source":{"ADRESSE":"425 rue Sherbrooke Ouest","ADRESSE_R_M":"Cartographie géomatique ville","COORDONNEE_SPATIALE_X":299164.402,"COORDONNEE_SPATIALE_Y":5040807.607,"DATE_ABANDON_R_M":"Non applicable","DATE_INSTALLATION":"1958-01-01","DATE_INSTALLATION_R_M":"Plan Atlas et inventaire","ELEVATION_TERRAIN":44.617,"ID_BI":5008375,"ID_POINT":5103995,"JURIDICTION":"LOCALE","JURIDICTION_R_M":"Direction épuration eaux usées","PRECISION_DATE_INSTALL":"DATE INSTALLATION DANS L'ANNEE COURANTE","PRECISION_DATE_INSTALL_R_M":"Plan Atlas et inventaire","PROPRIETAIRE":"VILLE DE MONTREAL","PROPRIETAIRE_R_M":"Cartographie géomatique ville","PROVENANCE_DONNEE":"RELEVE TERRAIN INTERNE","STATUT_ACTIF":"EXISTANT","STATUT_ACTIF_R_M":"Plan profil","LATITUDE":45.50717482221435,"LONGITUDE":-73.5721229483073,"ABANDONNE_R":"NON","ABANDONNE_R_M":"Non applicable"}},"geometry":{"type":"Point","coordinates":[-73.5721229483073,45.50717482221435]}},{"type":"Feature","id":"ville-montreal/hydrant/5008376","properties":{"lab":{"objectClass":"hydrant","label":"HYDRANT","sourceId":"5008376","provider":"Ville de Montréal","providerKey":"ville-montreal","dataset":"Bornes d'incendie","datasetId":"cb4de65e-138b-4936-9d5c-2d9a0bc9b4ce","identityField":"ID_BI","sourceName":"367-391 rue Sherbrooke Ouest","license":"CC-BY 4.0","retrievedAt":"2026-08-19T19:54:33.442Z","sourceUrl":"https://donnees.montreal.ca/dataset/geolocalisation-des-bornes-fontaines","updateDate":"2026-03-18","geometryType":"Point","legalNote":"Annual inventory. Not for engineering use without City validation."},"source":{"ADRESSE":"367-391 rue Sherbrooke Ouest","ADRESSE_R_M":"Cartographie géomatique ville","COORDONNEE_SPATIALE_X":299196.024,"COORDONNEE_SPATIALE_Y":5040882.407,"DATE_ABANDON_R_M":"Non applicable","DATE_INSTALLATION":"1890-01-01","DATE_INSTALLATION_R_M":"Plan Atlas et inventaire","ELEVATION_TERRAIN":44.488,"ID_BI":5008376,"ID_POINT":5103996,"JURIDICTION":"LOCALE","JURIDICTION_R_M":"Direction épuration eaux usées","PRECISION_DATE_INSTALL":"DATE INSTALLATION DANS L'ANNEE COURANTE","PRECISION_DATE_INSTALL_R_M":"Plan Atlas et inventaire","PROPRIETAIRE":"VILLE DE MONTREAL","PROPRIETAIRE_R_M":"Cartographie géomatique ville","PROVENANCE_DONNEE":"RELEVE TERRAIN INTERNE","STATUT_ACTIF":"EXISTANT","STATUT_ACTIF_R_M":"Plan profil","LATITUDE":45.50784813153791,"LONGITUDE":-73.57171914106095,"ABANDONNE_R":"NON","ABANDONNE_R_M":"Non applicable"}},"geometry":{"type":"Point","coordinates":[-73.57171914106095,45.50784813153791]}},{"type":"Feature","id":"ville-montreal/hydrant/5008377","properties":{"lab":{"objectClass":"hydrant","label":"HYDRANT","sourceId":"5008377","provider":"Ville de Montréal","providerKey":"ville-montreal","dataset":"Bornes d'incendie","datasetId":"cb4de65e-138b-4936-9d5c-2d9a0bc9b4ce","identityField":"ID_BI","sourceName":"3524-3526 avenue du Parc","license":"CC-BY 4.0","retrievedAt":"2026-08-19T19:54:33.442Z","sourceUrl":"https://donnees.montreal.ca/dataset/geolocalisation-des-bornes-fontaines","updateDate":"2026-03-18","geometryType":"Point","legalNote":"Annual inventory. Not for engineering use without City validation."},"source":{"ADRESSE":"3524-3526 avenue du Parc","ADRESSE_R_M":"Cartographie géomatique ville","COORDONNEE_SPATIALE_X":298960.866,"COORDONNEE_SPATIALE_Y":5041111.511,"DATE_ABANDON_R_M":"Non applicable","DATE_INSTALLATION":"1891-01-01","DATE_INSTALLATION_R_M":"Plan Atlas et inventaire","ELEVATION_TERRAIN":47.228,"ID_BI":5008377,"ID_POINT":5103997,"JURIDICTION":"LOCALE","JURIDICTION_R_M":"Direction épuration eaux usées","PRECISION_DATE_INSTALL":"DATE INSTALLATION DANS L'ANNEE COURANTE","PRECISION_DATE_INSTALL_R_M":"Plan Atlas et inventaire","PROPRIETAIRE":"VILLE DE MONTREAL","PROPRIETAIRE_R_M":"Cartographie géomatique ville","PROVENANCE_DONNEE":"RELEVE TERRAIN INTERNE","STATUT_ACTIF":"EXISTANT","STATUT_ACTIF_R_M":"Plan profil","LATITUDE":45.50990777689201,"LONGITUDE":-73.574731443875,"ABANDONNE_R":"NON","ABANDONNE_R_M":"Non applicable"}},"geometry":{"type":"Point","coordinates":[-73.574731443875,45.50990777689201]}},{"type":"Feature","id":"ville-montreal/hydrant/5008384","properties":{"lab":{"objectClass":"hydrant","label":"HYDRANT","sourceId":"5008384","provider":"Ville de Montréal","providerKey":"ville-montreal","dataset":"Bornes d'incendie","datasetId":"cb4de65e-138b-4936-9d5c-2d9a0bc9b4ce","identityField":"ID_BI","sourceName":"1186-1188 boulevard Saint-Laurent","license":"CC-BY 4.0","retrievedAt":"2026-08-19T19:54:33.442Z","sourceUrl":"https://donnees.montreal.ca/dataset/geolocalisation-des-bornes-fontaines","updateDate":"2026-03-18","geometryType":"Point","legalNote":"Annual inventory. Not for engineering use without City validation."},"source":{"ADRESSE":"1186-1188 boulevard Saint-Laurent","ADRESSE_R_M":"Cartographie géomatique ville","COORDONNEE_SPATIALE_X":299902.778,"COORDONNEE_SPATIALE_Y":5041039.665,"DATE_ABANDON_R_M":"Non applicable","DATE_INSTALLATION":"1992-01-01","DATE_INSTALLATION_R_M":"Plan Atlas et inventaire","ELEVATION_TERRAIN":25.851,"ID_BI":5008384,"ID_POINT":5104004,"JURIDICTION":"LOCALE","JURIDICTION_R_M":"Direction épuration eaux usées","PRECISION_DATE_INSTALL":"DATE INSTALLATION DANS L'ANNEE COURANTE","PRECISION_DATE_INSTALL_R_M":"Plan Atlas et inventaire","PROPRIETAIRE":"VILLE DE MONTREAL","PROPRIETAIRE_R_M":"Cartographie géomatique ville","PROVENANCE_DONNEE":"RELEVE TERRAIN INTERNE","STATUT_ACTIF":"EXISTANT","STATUT_ACTIF_R_M":"Plan profil","LATITUDE":45.50926850204964,"LONGITUDE":-73.56267568910631,"ABANDONNE_R":"NON","ABANDONNE_R_M":"Non applicable"}},"geometry":{"type":"Point","coordinates":[-73.56267568910631,45.50926850204964]}},{"type":"Feature","id":"ville-montreal/hydrant/5011175","properties":{"lab":{"objectClass":"hydrant","label":"HYDRANT","sourceId":"5011175","provider":"Ville de Montréal","providerKey":"ville-montreal","dataset":"Bornes d'incendie","datasetId":"cb4de65e-138b-4936-9d5c-2d9a0bc9b4ce","identityField":"ID_BI","sourceName":"740 rue Notre-Dame Ouest","license":"CC-BY 4.0","retrievedAt":"2026-08-19T19:54:33.442Z","sourceUrl":"https://donnees.montreal.ca/dataset/geolocalisation-des-bornes-fontaines","updateDate":"2026-03-18","geometryType":"Point","legalNote":"Annual inventory. Not for engineering use without City validation."},"source":{"ADRESSE":"740 rue Notre-Dame Ouest","ADRESSE_R_M":"Cartographie géomatique ville","COORDONNEE_SPATIALE_X":300055.177,"COORDONNEE_SPATIALE_Y":5039953.741,"DATE_ABANDON_R_M":"Non applicable","DATE_INSTALLATION":"2010-07-01","DATE_INSTALLATION_R_M":"Plan balayé","ELEVATION_TERRAIN":17.39,"ID_BI":5011175,"ID_POINT":5140140,"JURIDICTION":"LOCALE","JURIDICTION_R_M":"Direction production eau potable","PRECISION_DATE_INSTALL":"DATE INSTALLATION DANS L'ANNEE COURANTE","PRECISION_DATE_INSTALL_R_M":"Plan balayé","PROPRIETAIRE":"VILLE DE MONTREAL","PROPRIETAIRE_R_M":"Cartographie géomatique ville","PROVENANCE_DONNEE":"RELEVE TERRAIN INTERNE","STATUT_ACTIF":"EXISTANT","STATUT_ACTIF_R_M":"Plan balayé","LATITUDE":45.499497946360705,"LONGITUDE":-73.56071493024935,"ABANDONNE_R":"NON","ABANDONNE_R_M":"Non applicable"}},"geometry":{"type":"Point","coordinates":[-73.56071493024935,45.499497946360705]}},{"type":"Feature","id":"ville-montreal/hydrant/5011176","properties":{"lab":{"objectClass":"hydrant","label":"HYDRANT","sourceId":"5011176","provider":"Ville de Montréal","providerKey":"ville-montreal","dataset":"Bornes d'incendie","datasetId":"cb4de65e-138b-4936-9d5c-2d9a0bc9b4ce","identityField":"ID_BI","sourceName":"884 rue Saint-Jacques","license":"CC-BY 4.0","retrievedAt":"2026-08-19T19:54:33.442Z","sourceUrl":"https://donnees.montreal.ca/dataset/geolocalisation-des-bornes-fontaines","updateDate":"2026-03-18","geometryType":"Point","legalNote":"Annual inventory. Not for engineering use without City validation."},"source":{"ADRESSE":"884 rue Saint-Jacques","ADRESSE_R_M":"Cartographie géomatique ville","COORDONNEE_SPATIALE_X":299929.473,"COORDONNEE_SPATIALE_Y":5039818.698,"DATE_ABANDON_R_M":"Non applicable","DATE_INSTALLATION":"1974-01-01","DATE_INSTALLATION_R_M":"Plan Atlas et inventaire","ELEVATION_TERRAIN":14.947,"ID_BI":5011176,"ID_POINT":5140141,"JURIDICTION":"LOCALE","JURIDICTION_R_M":"Direction épuration eaux usées","PRECISION_DATE_INSTALL":"DATE INSTALLATION DANS L'ANNEE COURANTE","PRECISION_DATE_INSTALL_R_M":"Plan Atlas et inventaire","PROPRIETAIRE":"VILLE DE MONTREAL","PROPRIETAIRE_R_M":"Cartographie géomatique ville","PROVENANCE_DONNEE":"RELEVE TERRAIN INTERNE","STATUT_ACTIF":"EXISTANT","STATUT_ACTIF_R_M":"Plan profil","LATITUDE":45.498281906116524,"LONGITUDE":-73.56232206360964,"ABANDONNE_R":"NON","ABANDONNE_R_M":"Non applicable"}},"geometry":{"type":"Point","coordinates":[-73.56232206360964,45.498281906116524]}},{"type":"Feature","id":"ville-montreal/hydrant/5011177","properties":{"lab":{"objectClass":"hydrant","label":"HYDRANT","sourceId":"5011177","provider":"Ville de Montréal","providerKey":"ville-montreal","dataset":"Bornes d'incendie","datasetId":"cb4de65e-138b-4936-9d5c-2d9a0bc9b4ce","identityField":"ID_BI","sourceName":"889-891 rue Notre-Dame Ouest","license":"CC-BY 4.0","retrievedAt":"2026-08-19T19:54:33.442Z","sourceUrl":"https://donnees.montreal.ca/dataset/geolocalisation-des-bornes-fontaines","updateDate":"2026-03-18","geometryType":"Point","legalNote":"Annual inventory. Not for engineering use without City validation."},"source":{"ADRESSE":"889-891 rue Notre-Dame Ouest","ADRESSE_R_M":"Cartographie géomatique ville","COORDONNEE_SPATIALE_X":299977.239,"COORDONNEE_SPATIALE_Y":5039774.88,"DATE_ABANDON_R_M":"Non applicable","DATE_INSTALLATION":"1871-01-01","DATE_INSTALLATION_R_M":"Plan Atlas et inventaire","ELEVATION_TERRAIN":14.932,"ID_BI":5011177,"ID_POINT":5140142,"JURIDICTION":"LOCALE","JURIDICTION_R_M":"Direction épuration eaux usées","PRECISION_DATE_INSTALL":"DATE INSTALLATION DANS L'ANNEE COURANTE","PRECISION_DATE_INSTALL_R_M":"Plan Atlas et inventaire","PROPRIETAIRE":"VILLE DE MONTREAL","PROPRIETAIRE_R_M":"Cartographie géomatique ville","PROVENANCE_DONNEE":"RELEVE TERRAIN INTERNE","STATUT_ACTIF":"EXISTANT","STATUT_ACTIF_R_M":"Plan profil","LATITUDE":45.49788797051282,"LONGITUDE":-73.56171043832855,"ABANDONNE_R":"NON","ABANDONNE_R_M":"Non applicable"}},"geometry":{"type":"Point","coordinates":[-73.56171043832855,45.49788797051282]}},{"type":"Feature","id":"ville-montreal/hydrant/5011178","properties":{"lab":{"objectClass":"hydrant","label":"HYDRANT","sourceId":"5011178","provider":"Ville de Montréal","providerKey":"ville-montreal","dataset":"Bornes d'incendie","datasetId":"cb4de65e-138b-4936-9d5c-2d9a0bc9b4ce","identityField":"ID_BI","sourceName":"915-923 rue Saint-Maurice","license":"CC-BY 4.0","retrievedAt":"2026-08-19T19:54:33.442Z","sourceUrl":"https://donnees.montreal.ca/dataset/geolocalisation-des-bornes-fontaines","updateDate":"2026-03-18","geometryType":"Point","legalNote":"Annual inventory. Not for engineering use without City validation."},"source":{"ADRESSE":"915-923 rue Saint-Maurice","ADRESSE_R_M":"Cartographie géomatique ville","COORDONNEE_SPATIALE_X":299961.81,"COORDONNEE_SPATIALE_Y":5039697.603,"DATE_ABANDON_R_M":"Non applicable","DATE_INSTALLATION":"1993-01-01","DATE_INSTALLATION_R_M":"Échange écrit/verbal arrondissement","ELEVATION_TERRAIN":14.753,"ID_BI":5011178,"ID_POINT":5140143,"JURIDICTION":"LOCALE","JURIDICTION_R_M":"Direction épuration eaux usées","PRECISION_DATE_INSTALL":"DATE INSTALLATION DANS L'ANNEE COURANTE","PRECISION_DATE_INSTALL_R_M":"Échange écrit/verbal arrondissement","PROPRIETAIRE":"VILLE DE MONTREAL","PROPRIETAIRE_R_M":"Cartographie géomatique ville","PROVENANCE_DONNEE":"RELEVE TERRAIN INTERNE","STATUT_ACTIF":"EXISTANT","STATUT_ACTIF_R_M":"Plan profil","LATITUDE":45.49719251415721,"LONGITUDE":-73.56190708892876,"ABANDONNE_R":"NON","ABANDONNE_R_M":"Non applicable"}},"geometry":{"type":"Point","coordinates":[-73.56190708892876,45.49719251415721]}},{"type":"Feature","id":"ville-montreal/hydrant/5011190","properties":{"lab":{"objectClass":"hydrant","label":"HYDRANT","sourceId":"5011190","provider":"Ville de Montréal","providerKey":"ville-montreal","dataset":"Bornes d'incendie","datasetId":"cb4de65e-138b-4936-9d5c-2d9a0bc9b4ce","identityField":"ID_BI","sourceName":"400 place D'Youville","license":"CC-BY 4.0","retrievedAt":"2026-08-19T19:54:33.442Z","sourceUrl":"https://donnees.montreal.ca/dataset/geolocalisation-des-bornes-fontaines","updateDate":"2026-03-18","geometryType":"Point","legalNote":"Annual inventory. Not for engineering use without City validation."},"source":{"ADRESSE":"400 place D'Youville","ADRESSE_R_M":"Cartographie géomatique ville","COORDONNEE_SPATIALE_X":300517.217,"COORDONNEE_SPATIALE_Y":5039951.442,"DATE_ABANDON_R_M":"Non applicable","DATE_INSTALLATION":"2007-02-20","DATE_INSTALLATION_R_M":"Plan profil","ELEVATION_TERRAIN":14.957,"ID_BI":5011190,"ID_POINT":5140155,"JURIDICTION":"LOCALE","JURIDICTION_R_M":"Direction production eau potable","PRECISION_DATE_INSTALL":"DATE INSTALLATION DANS L'ANNEE COURANTE","PRECISION_DATE_INSTALL_R_M":"Plan profil","PROPRIETAIRE":"VILLE DE MONTREAL","PROPRIETAIRE_R_M":"Plan profil","PROVENANCE_DONNEE":"RELEVE TERRAIN INTERNE","STATUT_ACTIF":"EXISTANT","STATUT_ACTIF_R_M":"Visite terrain","LATITUDE":45.499480374852205,"LONGITUDE":-73.55480269975175,"ABANDONNE_R":"NON","ABANDONNE_R_M":"Non applicable"}},"geometry":{"type":"Point","coordinates":[-73.55480269975175,45.499480374852205]}},{"type":"Feature","id":"ville-montreal/hydrant/5011156","properties":{"lab":{"objectClass":"hydrant","label":"HYDRANT","sourceId":"5011156","provider":"Ville de Montréal","providerKey":"ville-montreal","dataset":"Bornes d'incendie","datasetId":"cb4de65e-138b-4936-9d5c-2d9a0bc9b4ce","identityField":"ID_BI","sourceName":"71 rue Duke","license":"CC-BY 4.0","retrievedAt":"2026-08-19T19:54:33.442Z","sourceUrl":"https://donnees.montreal.ca/dataset/geolocalisation-des-bornes-fontaines","updateDate":"2026-03-18","geometryType":"Point","legalNote":"Annual inventory. Not for engineering use without City validation."},"source":{"ADRESSE":"71 rue Duke","ADRESSE_R_M":"Cartographie géomatique ville","COORDONNEE_SPATIALE_X":300529.254,"COORDONNEE_SPATIALE_Y":5039550.017,"DATE_ABANDON_R_M":"Non applicable","DATE_INSTALLATION":"2005-12-16","DATE_INSTALLATION_R_M":"Dossier Soumission","ELEVATION_TERRAIN":14.839,"ID_BI":5011156,"ID_POINT":5140121,"JURIDICTION":"LOCALE","JURIDICTION_R_M":"Direction épuration eaux usées","PRECISION_DATE_INSTALL":"DATE INSTALLATION DANS L'ANNEE COURANTE","PRECISION_DATE_INSTALL_R_M":"Dossier Soumission","PROPRIETAIRE":"VILLE DE MONTREAL","PROPRIETAIRE_R_M":"Cartographie géomatique ville","PROVENANCE_DONNEE":"RELEVE TERRAIN INTERNE","STATUT_ACTIF":"EXISTANT","STATUT_ACTIF_R_M":"Visite terrain","LATITUDE":45.49586832298851,"LONGITUDE":-73.55464512688332,"ABANDONNE_R":"NON","ABANDONNE_R_M":"Non applicable"}},"geometry":{"type":"Point","coordinates":[-73.55464512688332,45.49586832298851]}},{"type":"Feature","id":"ville-montreal/hydrant/5011157","properties":{"lab":{"objectClass":"hydrant","label":"HYDRANT","sourceId":"5011157","provider":"Ville de Montréal","providerKey":"ville-montreal","dataset":"Bornes d'incendie","datasetId":"cb4de65e-138b-4936-9d5c-2d9a0bc9b4ce","identityField":"ID_BI","sourceName":"96 rue Prince","license":"CC-BY 4.0","retrievedAt":"2026-08-19T19:54:33.442Z","sourceUrl":"https://donnees.montreal.ca/dataset/geolocalisation-des-bornes-fontaines","updateDate":"2026-03-18","geometryType":"Point","legalNote":"Annual inventory. Not for engineering use without City validation."},"source":{"ADRESSE":"96 rue Prince","ADRESSE_R_M":"Cartographie géomatique ville","COORDONNEE_SPATIALE_X":300473.499,"COORDONNEE_SPATIALE_Y":5039671.785,"DATE_ABANDON_R_M":"Non applicable","DATE_INSTALLATION":"2000-01-01","DATE_INSTALLATION_R_M":"Plan Atlas et inventaire","ELEVATION_TERRAIN":14.826,"ID_BI":5011157,"ID_POINT":5140122,"JURIDICTION":"LOCALE","JURIDICTION_R_M":"Direction épuration eaux usées","PRECISION_DATE_INSTALL":"DATE INSTALLATION DANS L'ANNEE COURANTE","PRECISION_DATE_INSTALL_R_M":"Plan Atlas et inventaire","PROPRIETAIRE":"VILLE DE MONTREAL","PROPRIETAIRE_R_M":"Cartographie géomatique ville","PROVENANCE_DONNEE":"RELEVE TERRAIN INTERNE","STATUT_ACTIF":"EXISTANT","STATUT_ACTIF_R_M":"Plan profil","LATITUDE":45.496963663361555,"LONGITUDE":-73.55535961570375,"ABANDONNE_R":"NON","ABANDONNE_R_M":"Non applicable"}},"geometry":{"type":"Point","coordinates":[-73.55535961570375,45.496963663361555]}},{"type":"Feature","id":"ville-montreal/hydrant/5011158","properties":{"lab":{"objectClass":"hydrant","label":"HYDRANT","sourceId":"5011158","provider":"Ville de Montréal","providerKey":"ville-montreal","dataset":"Bornes d'incendie","datasetId":"cb4de65e-138b-4936-9d5c-2d9a0bc9b4ce","identityField":"ID_BI","sourceName":"50 rue Queen","license":"CC-BY 4.0","retrievedAt":"2026-08-19T19:54:33.442Z","sourceUrl":"https://donnees.montreal.ca/dataset/geolocalisation-des-bornes-fontaines","updateDate":"2026-03-18","geometryType":"Point","legalNote":"Annual inventory. Not for engineering use without City validation."},"source":{"ADRESSE":"50 rue Queen","ADRESSE_R_M":"Cartographie géomatique ville","COORDONNEE_SPATIALE_X":300554.838,"COORDONNEE_SPATIALE_Y":5039697.738,"DATE_ABANDON_R_M":"Non applicable","DATE_INSTALLATION":"1914-01-01","DATE_INSTALLATION_R_M":"Plan Atlas et inventaire","ELEVATION_TERRAIN":15.018,"ID_BI":5011158,"ID_POINT":5140123,"JURIDICTION":"LOCALE","JURIDICTION_R_M":"Direction épuration eaux usées","PRECISION_DATE_INSTALL":"DATE INSTALLATION DANS L'ANNEE COURANTE","PRECISION_DATE_INSTALL_R_M":"Plan Atlas et inventaire","PROPRIETAIRE":"VILLE DE MONTREAL","PROPRIETAIRE_R_M":"Cartographie géomatique ville","PROVENANCE_DONNEE":"RELEVE TERRAIN INTERNE","STATUT_ACTIF":"EXISTANT","STATUT_ACTIF_R_M":"Plan profil","LATITUDE":45.49719771944729,"LONGITUDE":-73.5543190719002,"ABANDONNE_R":"NON","ABANDONNE_R_M":"Non applicable"}},"geometry":{"type":"Point","coordinates":[-73.5543190719002,45.49719771944729]}},{"type":"Feature","id":"ville-montreal/hydrant/5011159","properties":{"lab":{"objectClass":"hydrant","label":"HYDRANT","sourceId":"5011159","provider":"Ville de Montréal","providerKey":"ville-montreal","dataset":"Bornes d'incendie","datasetId":"cb4de65e-138b-4936-9d5c-2d9a0bc9b4ce","identityField":"ID_BI","sourceName":"144-150 rue King","license":"CC-BY 4.0","retrievedAt":"2026-08-19T19:54:33.442Z","sourceUrl":"https://donnees.montreal.ca/dataset/geolocalisation-des-bornes-fontaines","updateDate":"2026-03-18","geometryType":"Point","legalNote":"Annual inventory. Not for engineering use without City validation."},"source":{"ADRESSE":"144-150 rue King","ADRESSE_R_M":"Cartographie géomatique ville","COORDONNEE_SPATIALE_X":300410.7,"COORDONNEE_SPATIALE_Y":5039855.033,"DATE_ABANDON_R_M":"Non applicable","DATE_INSTALLATION":"1922-01-01","DATE_INSTALLATION_R_M":"Plan Atlas et inventaire","ELEVATION_TERRAIN":14.866,"ID_BI":5011159,"ID_POINT":5140124,"JURIDICTION":"LOCALE","JURIDICTION_R_M":"Direction épuration eaux usées","PRECISION_DATE_INSTALL":"DATE INSTALLATION DANS L'ANNEE COURANTE","PRECISION_DATE_INSTALL_R_M":"Plan Atlas et inventaire","PROPRIETAIRE":"VILLE DE MONTREAL","PROPRIETAIRE_R_M":"Cartographie géomatique ville","PROVENANCE_DONNEE":"RELEVE TERRAIN INTERNE","STATUT_ACTIF":"EXISTANT","STATUT_ACTIF_R_M":"Plan profil","LATITUDE":45.49861217381613,"LONGITUDE":-73.55616481174627,"ABANDONNE_R":"NON","ABANDONNE_R_M":"Non applicable"}},"geometry":{"type":"Point","coordinates":[-73.55616481174627,45.49861217381613]}},{"type":"Feature","id":"ville-montreal/hydrant/5011160","properties":{"lab":{"objectClass":"hydrant","label":"HYDRANT","sourceId":"5011160","provider":"Ville de Montréal","providerKey":"ville-montreal","dataset":"Bornes d'incendie","datasetId":"cb4de65e-138b-4936-9d5c-2d9a0bc9b4ce","identityField":"ID_BI","sourceName":"700 rue Wellington","license":"CC-BY 4.0","retrievedAt":"2026-08-19T19:54:33.442Z","sourceUrl":"https://donnees.montreal.ca/dataset/geolocalisation-des-bornes-fontaines","updateDate":"2026-03-18","geometryType":"Point","legalNote":"Annual inventory. Not for engineering use without City validation."},"source":{"ADRESSE":"700 rue Wellington","ADRESSE_R_M":"Cartographie géomatique ville","COORDONNEE_SPATIALE_X":300545.954,"COORDONNEE_SPATIALE_Y":5039782.381,"DATE_ABANDON_R_M":"Non applicable","DATE_INSTALLATION":"2003-01-01","DATE_INSTALLATION_R_M":"Plan profil proposé","ELEVATION_TERRAIN":14.713,"ID_BI":5011160,"ID_POINT":5140125,"JURIDICTION":"LOCALE","JURIDICTION_R_M":"Direction production eau potable","PRECISION_DATE_INSTALL":"DATE INSTALLATION DANS L'ANNEE COURANTE","PRECISION_DATE_INSTALL_R_M":"Plan profil proposé","PROPRIETAIRE":"VILLE DE MONTREAL","PROPRIETAIRE_R_M":"Cartographie géomatique ville","PROVENANCE_DONNEE":"RELEVE TERRAIN INTERNE","STATUT_ACTIF":"EXISTANT","STATUT_ACTIF_R_M":"Visite terrain","LATITUDE":45.49795930226389,"LONGITUDE":-73.55443349349956,"ABANDONNE_R":"NON","ABANDONNE_R_M":"Non applicable"}},"geometry":{"type":"Point","coordinates":[-73.55443349349956,45.49795930226389]}},{"type":"Feature","id":"ville-montreal/hydrant/5011191","properties":{"lab":{"objectClass":"hydrant","label":"HYDRANT","sourceId":"5011191","provider":"Ville de Montréal","providerKey":"ville-montreal","dataset":"Bornes d'incendie","datasetId":"cb4de65e-138b-4936-9d5c-2d9a0bc9b4ce","identityField":"ID_BI","sourceName":"105 rue McGill","license":"CC-BY 4.0","retrievedAt":"2026-08-19T19:54:33.442Z","sourceUrl":"https://donnees.montreal.ca/dataset/geolocalisation-des-bornes-fontaines","updateDate":"2026-03-18","geometryType":"Point","legalNote":"Annual inventory. Not for engineering use without City validation."},"source":{"ADRESSE":"105 rue McGill","ADRESSE_R_M":"Cartographie géomatique ville","COORDONNEE_SPATIALE_X":300470.15,"COORDONNEE_SPATIALE_Y":5039974.07,"DATE_ABANDON_R_M":"Non applicable","DATE_INSTALLATION":"2007-02-20","DATE_INSTALLATION_R_M":"Plan profil","ELEVATION_TERRAIN":14.818,"ID_BI":5011191,"ID_POINT":5140156,"JURIDICTION":"LOCALE","JURIDICTION_R_M":"Direction production eau potable","PRECISION_DATE_INSTALL":"DATE INSTALLATION DANS L'ANNEE COURANTE","PRECISION_DATE_INSTALL_R_M":"Plan profil","PROPRIETAIRE":"VILLE DE MONTREAL","PROPRIETAIRE_R_M":"Plan profil","PROVENANCE_DONNEE":"RELEVE TERRAIN INTERNE","STATUT_ACTIF":"EXISTANT","STATUT_ACTIF_R_M":"Visite terrain","LATITUDE":45.499683688008545,"LONGITUDE":-73.55540516658836,"ABANDONNE_R":"NON","ABANDONNE_R_M":"Non applicable"}},"geometry":{"type":"Point","coordinates":[-73.55540516658836,45.499683688008545]}},{"type":"Feature","id":"ville-montreal/hydrant/5011192","properties":{"lab":{"objectClass":"hydrant","label":"HYDRANT","sourceId":"5011192","provider":"Ville de Montréal","providerKey":"ville-montreal","dataset":"Bornes d'incendie","datasetId":"cb4de65e-138b-4936-9d5c-2d9a0bc9b4ce","identityField":"ID_BI","sourceName":"696-700 rue William","license":"CC-BY 4.0","retrievedAt":"2026-08-19T19:54:33.442Z","sourceUrl":"https://donnees.montreal.ca/dataset/geolocalisation-des-bornes-fontaines","updateDate":"2026-03-18","geometryType":"Point","legalNote":"Annual inventory. Not for engineering use without City validation."},"source":{"ADRESSE":"696-700 rue William","ADRESSE_R_M":"Cartographie géomatique ville","COORDONNEE_SPATIALE_X":300308.005,"COORDONNEE_SPATIALE_Y":5039844.22,"DATE_ABANDON_R_M":"Non applicable","DATE_INSTALLATION":"1889-01-01","DATE_INSTALLATION_R_M":"Plan Atlas et inventaire","ELEVATION_TERRAIN":14.41,"ID_BI":5011192,"ID_POINT":5140157,"JURIDICTION":"LOCALE","JURIDICTION_R_M":"Direction épuration eaux usées","PRECISION_DATE_INSTALL":"DATE INSTALLATION DANS L'ANNEE COURANTE","PRECISION_DATE_INSTALL_R_M":"Plan Atlas et inventaire","PROPRIETAIRE":"VILLE DE MONTREAL","PROPRIETAIRE_R_M":"Cartographie géomatique ville","PROVENANCE_DONNEE":"RELEVE TERRAIN INTERNE","STATUT_ACTIF":"EXISTANT","STATUT_ACTIF_R_M":"Plan profil","LATITUDE":45.4985141967902,"LONGITUDE":-73.55747877318663,"ABANDONNE_R":"NON","ABANDONNE_R_M":"Non applicable"}},"geometry":{"type":"Point","coordinates":[-73.55747877318663,45.4985141967902]}},{"type":"Feature","id":"ville-montreal/hydrant/5011193","properties":{"lab":{"objectClass":"hydrant","label":"HYDRANT","sourceId":"5011193","provider":"Ville de Montréal","providerKey":"ville-montreal","dataset":"Bornes d'incendie","datasetId":"cb4de65e-138b-4936-9d5c-2d9a0bc9b4ce","identityField":"ID_BI","sourceName":"38-50 rue McGill","license":"CC-BY 4.0","retrievedAt":"2026-08-19T19:54:33.442Z","sourceUrl":"https://donnees.montreal.ca/dataset/geolocalisation-des-bornes-fontaines","updateDate":"2026-03-18","geometryType":"Point","legalNote":"Annual inventory. Not for engineering use without City validation."},"source":{"ADRESSE":"38-50 rue McGill","ADRESSE_R_M":"Cartographie géomatique ville","COORDONNEE_SPATIALE_X":300570.04,"COORDONNEE_SPATIALE_Y":5039906.947,"DATE_ABANDON_R_M":"Non applicable","DATE_INSTALLATION":"2007-02-20","DATE_INSTALLATION_R_M":"Plan profil","ELEVATION_TERRAIN":14.72,"ID_BI":5011193,"ID_POINT":5140158,"JURIDICTION":"LOCALE","JURIDICTION_R_M":"Direction production eau potable","PRECISION_DATE_INSTALL":"DATE INSTALLATION DANS L'ANNEE COURANTE","PRECISION_DATE_INSTALL_R_M":"Plan profil","PROPRIETAIRE":"VILLE DE MONTREAL","PROPRIETAIRE_R_M":"Plan profil","PROVENANCE_DONNEE":"RELEVE TERRAIN INTERNE","STATUT_ACTIF":"EXISTANT","STATUT_ACTIF_R_M":"Visite terrain","LATITUDE":45.49908032998566,"LONGITUDE":-73.55412639271249,"ABANDONNE_R":"NON","ABANDONNE_R_M":"Non applicable"}},"geometry":{"type":"Point","coordinates":[-73.55412639271249,45.49908032998566]}},{"type":"Feature","id":"ville-montreal/hydrant/5011194","properties":{"lab":{"objectClass":"hydrant","label":"HYDRANT","sourceId":"5011194","provider":"Ville de Montréal","providerKey":"ville-montreal","dataset":"Bornes d'incendie","datasetId":"cb4de65e-138b-4936-9d5c-2d9a0bc9b4ce","identityField":"ID_BI","sourceName":"105 rue Normand","license":"CC-BY 4.0","retrievedAt":"2026-08-19T19:54:33.442Z","sourceUrl":"https://donnees.montreal.ca/dataset/geolocalisation-des-bornes-fontaines","updateDate":"2026-03-18","geometryType":"Point","legalNote":"Annual inventory. Not for engineering use without City validation."},"source":{"ADRESSE":"105 rue Normand","ADRESSE_R_M":"Cartographie géomatique ville","COORDONNEE_SPATIALE_X":300577.125,"COORDONNEE_SPATIALE_Y":5039985.253,"DATE_ABANDON_R_M":"Non applicable","DATE_INSTALLATION":"1913-01-01","DATE_INSTALLATION_R_M":"Plan Atlas et inventaire","ELEVATION_TERRAIN":14.928,"ID_BI":5011194,"ID_POINT":5140159,"JURIDICTION":"LOCALE","JURIDICTION_R_M":"Direction épuration eaux usées","PRECISION_DATE_INSTALL":"DATE INSTALLATION DANS L'ANNEE COURANTE","PRECISION_DATE_INSTALL_R_M":"Plan Atlas et inventaire","PROPRIETAIRE":"VILLE DE MONTREAL","PROPRIETAIRE_R_M":"Cartographie géomatique ville","PROVENANCE_DONNEE":"RELEVE TERRAIN INTERNE","STATUT_ACTIF":"EXISTANT","STATUT_ACTIF_R_M":"Plan profil","LATITUDE":45.499784989498764,"LONGITUDE":-73.55403642443723,"ABANDONNE_R":"NON","ABANDONNE_R_M":"Non applicable"}},"geometry":{"type":"Point","coordinates":[-73.55403642443723,45.499784989498764]}},{"type":"Feature","id":"ville-montreal/hydrant/5011164","properties":{"lab":{"objectClass":"hydrant","label":"HYDRANT","sourceId":"5011164","provider":"Ville de Montréal","providerKey":"ville-montreal","dataset":"Bornes d'incendie","datasetId":"cb4de65e-138b-4936-9d5c-2d9a0bc9b4ce","identityField":"ID_BI","sourceName":"950-956 rue Ottawa","license":"CC-BY 4.0","retrievedAt":"2026-08-19T19:54:33.442Z","sourceUrl":"https://donnees.montreal.ca/dataset/geolocalisation-des-bornes-fontaines","updateDate":"2026-03-18","geometryType":"Point","legalNote":"Annual inventory. Not for engineering use without City validation."},"source":{"ADRESSE":"950-956 rue Ottawa","ADRESSE_R_M":"Cartographie géomatique ville","COORDONNEE_SPATIALE_X":300227.637,"COORDONNEE_SPATIALE_Y":5039488.551,"DATE_ABANDON_R_M":"Non applicable","DATE_INSTALLATION":"1928-01-01","DATE_INSTALLATION_R_M":"Plan Atlas et inventaire","ELEVATION_TERRAIN":14.654,"ID_BI":5011164,"ID_POINT":5140129,"JURIDICTION":"LOCALE","JURIDICTION_R_M":"Direction épuration eaux usées","PRECISION_DATE_INSTALL":"DATE INSTALLATION DANS L'ANNEE COURANTE","PRECISION_DATE_INSTALL_R_M":"Plan Atlas et inventaire","PROPRIETAIRE":"VILLE DE MONTREAL","PROPRIETAIRE_R_M":"Cartographie géomatique ville","PROVENANCE_DONNEE":"RELEVE TERRAIN INTERNE","STATUT_ACTIF":"EXISTANT","STATUT_ACTIF_R_M":"Plan profil","LATITUDE":45.49531322854515,"LONGITUDE":-73.5585038454896,"ABANDONNE_R":"NON","ABANDONNE_R_M":"Non applicable"}},"geometry":{"type":"Point","coordinates":[-73.5585038454896,45.49531322854515]}},{"type":"Feature","id":"ville-montreal/hydrant/5011167","properties":{"lab":{"objectClass":"hydrant","label":"HYDRANT","sourceId":"5011167","provider":"Ville de Montréal","providerKey":"ville-montreal","dataset":"Bornes d'incendie","datasetId":"cb4de65e-138b-4936-9d5c-2d9a0bc9b4ce","identityField":"ID_BI","sourceName":"288 rue Ann","license":"CC-BY 4.0","retrievedAt":"2026-08-19T19:54:33.442Z","sourceUrl":"https://donnees.montreal.ca/dataset/geolocalisation-des-bornes-fontaines","updateDate":"2026-03-18","geometryType":"Point","legalNote":"Annual inventory. Not for engineering use without City validation."},"source":{"ADRESSE":"288 rue Ann","ADRESSE_R_M":"Cartographie géomatique ville","COORDONNEE_SPATIALE_X":300156.688,"COORDONNEE_SPATIALE_Y":5039509.516,"DATE_ABANDON_R_M":"Non applicable","DATE_INSTALLATION":"2002-07-01","DATE_INSTALLATION_R_M":"Plan profil proposé","ELEVATION_TERRAIN":14.527,"ID_BI":5011167,"ID_POINT":5140132,"JURIDICTION":"LOCALE","JURIDICTION_R_M":"Direction épuration eaux usées","PRECISION_DATE_INSTALL":"DATE INSTALLATION PRECISE 6 MOIS MAXIMUM","PRECISION_DATE_INSTALL_R_M":"Plan profil proposé","PROPRIETAIRE":"VILLE DE MONTREAL","PROPRIETAIRE_R_M":"Cartographie géomatique ville","PROVENANCE_DONNEE":"RELEVE TERRAIN INTERNE","STATUT_ACTIF":"EXISTANT","STATUT_ACTIF_R_M":"Plan profil proposé","LATITUDE":45.495501407787486,"LONGITUDE":-73.5594118102444,"ABANDONNE_R":"NON","ABANDONNE_R_M":"Non applicable"}},"geometry":{"type":"Point","coordinates":[-73.5594118102444,45.495501407787486]}},{"type":"Feature","id":"ville-montreal/hydrant/5011173","properties":{"lab":{"objectClass":"hydrant","label":"HYDRANT","sourceId":"5011173","provider":"Ville de Montréal","providerKey":"ville-montreal","dataset":"Bornes d'incendie","datasetId":"cb4de65e-138b-4936-9d5c-2d9a0bc9b4ce","identityField":"ID_BI","sourceName":"781 rue William","license":"CC-BY 4.0","retrievedAt":"2026-08-19T19:54:33.442Z","sourceUrl":"https://donnees.montreal.ca/dataset/geolocalisation-des-bornes-fontaines","updateDate":"2026-03-18","geometryType":"Point","legalNote":"Annual inventory. Not for engineering use without City validation."},"source":{"ADRESSE":"781 rue William","ADRESSE_R_M":"Cartographie géomatique ville","COORDONNEE_SPATIALE_X":300252.746,"COORDONNEE_SPATIALE_Y":5039770.836,"DATE_ABANDON_R_M":"Non applicable","DATE_INSTALLATION":"1889-01-01","DATE_INSTALLATION_R_M":"Plan Atlas et inventaire","ELEVATION_TERRAIN":13.697,"ID_BI":5011173,"ID_POINT":5140138,"JURIDICTION":"LOCALE","JURIDICTION_R_M":"Direction épuration eaux usées","PRECISION_DATE_INSTALL":"DATE INSTALLATION DANS L'ANNEE COURANTE","PRECISION_DATE_INSTALL_R_M":"Plan Atlas et inventaire","PROPRIETAIRE":"VILLE DE MONTREAL","PROPRIETAIRE_R_M":"Cartographie géomatique ville","PROVENANCE_DONNEE":"RELEVE TERRAIN INTERNE","STATUT_ACTIF":"EXISTANT","STATUT_ACTIF_R_M":"Plan profil","LATITUDE":45.49785348955037,"LONGITUDE":-73.55818517432579,"ABANDONNE_R":"NON","ABANDONNE_R_M":"Non applicable"}},"geometry":{"type":"Point","coordinates":[-73.55818517432579,45.49785348955037]}},{"type":"Feature","id":"ville-montreal/hydrant/5011174","properties":{"lab":{"objectClass":"hydrant","label":"HYDRANT","sourceId":"5011174","provider":"Ville de Montréal","providerKey":"ville-montreal","dataset":"Bornes d'incendie","datasetId":"cb4de65e-138b-4936-9d5c-2d9a0bc9b4ce","identityField":"ID_BI","sourceName":"770 rue Notre-Dame Ouest","license":"CC-BY 4.0","retrievedAt":"2026-08-19T19:54:33.442Z","sourceUrl":"https://donnees.montreal.ca/dataset/geolocalisation-des-bornes-fontaines","updateDate":"2026-03-18","geometryType":"Point","legalNote":"Annual inventory. Not for engineering use without City validation."},"source":{"ADRESSE":"770 rue Notre-Dame Ouest","ADRESSE_R_M":"Cartographie géomatique ville","COORDONNEE_SPATIALE_X":300034.837,"COORDONNEE_SPATIALE_Y":5039878.314,"DATE_ABANDON_R_M":"Non applicable","DATE_INSTALLATION":"1883-01-01","DATE_INSTALLATION_R_M":"Plan Atlas et inventaire","ELEVATION_TERRAIN":16.881,"ID_BI":5011174,"ID_POINT":5140139,"JURIDICTION":"LOCALE","JURIDICTION_R_M":"Direction épuration eaux usées","PRECISION_DATE_INSTALL":"DATE INSTALLATION DANS L'ANNEE COURANTE","PRECISION_DATE_INSTALL_R_M":"Plan Atlas et inventaire","PROPRIETAIRE":"VILLE DE MONTREAL","PROPRIETAIRE_R_M":"Cartographie géomatique ville","PROVENANCE_DONNEE":"RELEVE TERRAIN INTERNE","STATUT_ACTIF":"EXISTANT","STATUT_ACTIF_R_M":"Plan profil","LATITUDE":45.49881909509325,"LONGITUDE":-73.56097446013119,"ABANDONNE_R":"NON","ABANDONNE_R_M":"Non applicable"}},"geometry":{"type":"Point","coordinates":[-73.56097446013119,45.49881909509325]}},{"type":"Feature","id":"ville-montreal/hydrant/10002269","properties":{"lab":{"objectClass":"hydrant","label":"HYDRANT","sourceId":"10002269","provider":"Ville de Montréal","providerKey":"ville-montreal","dataset":"Bornes d'incendie","datasetId":"cb4de65e-138b-4936-9d5c-2d9a0bc9b4ce","identityField":"ID_BI","sourceName":"760-762 rue Saint-Paul Ouest","license":"CC-BY 4.0","retrievedAt":"2026-08-19T19:54:33.442Z","sourceUrl":"https://donnees.montreal.ca/dataset/geolocalisation-des-bornes-fontaines","updateDate":"2026-03-18","geometryType":"Point","legalNote":"Annual inventory. Not for engineering use without City validation."},"source":{"ADRESSE":"760-762 rue Saint-Paul Ouest","ADRESSE_R_M":"Cartographie géomatique ville","COORDONNEE_SPATIALE_X":300161.576,"COORDONNEE_SPATIALE_Y":5039813.6,"DATE_ABANDON_R_M":"Non applicable","DATE_INSTALLATION":"2010-06-08","DATE_INSTALLATION_R_M":"Plan profil","ELEVATION_TERRAIN":15.063,"ID_BI":10002269,"ID_POINT":10056603,"JURIDICTION":"LOCALE","JURIDICTION_R_M":"Direction production eau potable","PRECISION_DATE_INSTALL":"DATE INSTALLATION PRECISE 6 MOIS MAXIMUM","PRECISION_DATE_INSTALL_R_M":"Plan profil","PROPRIETAIRE":"VILLE DE MONTREAL","PROPRIETAIRE_R_M":"Cartographie géomatique ville","PROVENANCE_DONNEE":"RELEVE TERRAIN INTERNE","STATUT_ACTIF":"EXISTANT","STATUT_ACTIF_R_M":"Plan profil","LATITUDE":45.498237672886084,"LONGITUDE":-73.55935213815035,"ABANDONNE_R":"NON","ABANDONNE_R_M":"Non applicable"}},"geometry":{"type":"Point","coordinates":[-73.55935213815035,45.498237672886084]}},{"type":"Feature","id":"ville-montreal/hydrant/10002270","properties":{"lab":{"objectClass":"hydrant","label":"HYDRANT","sourceId":"10002270","provider":"Ville de Montréal","providerKey":"ville-montreal","dataset":"Bornes d'incendie","datasetId":"cb4de65e-138b-4936-9d5c-2d9a0bc9b4ce","identityField":"ID_BI","sourceName":"620-630 rue Saint-Paul Ouest","license":"CC-BY 4.0","retrievedAt":"2026-08-19T19:54:33.442Z","sourceUrl":"https://donnees.montreal.ca/dataset/geolocalisation-des-bornes-fontaines","updateDate":"2026-03-18","geometryType":"Point","legalNote":"Annual inventory. Not for engineering use without City validation."},"source":{"ADRESSE":"620-630 rue Saint-Paul Ouest","ADRESSE_R_M":"Cartographie géomatique ville","COORDONNEE_SPATIALE_X":300283.893,"COORDONNEE_SPATIALE_Y":5039978.844,"DATE_ABANDON_R_M":"Non applicable","DATE_INSTALLATION":"2010-06-08","DATE_INSTALLATION_R_M":"Plan profil","ELEVATION_TERRAIN":14.63,"ID_BI":10002270,"ID_POINT":10056606,"JURIDICTION":"LOCALE","JURIDICTION_R_M":"Direction production eau potable","PRECISION_DATE_INSTALL":"DATE INSTALLATION PRECISE 6 MOIS MAXIMUM","PRECISION_DATE_INSTALL_R_M":"Plan profil","PROPRIETAIRE":"VILLE DE MONTREAL","PROPRIETAIRE_R_M":"Cartographie géomatique ville","PROVENANCE_DONNEE":"RELEVE TERRAIN INTERNE","STATUT_ACTIF":"EXISTANT","STATUT_ACTIF_R_M":"Visite terrain","LATITUDE":45.49972542940985,"LONGITUDE":-73.55778854337127,"ABANDONNE_R":"NON","ABANDONNE_R_M":"Non applicable"}},"geometry":{"type":"Point","coordinates":[-73.55778854337127,45.49972542940985]}},{"type":"Feature","id":"ville-montreal/hydrant/10002271","properties":{"lab":{"objectClass":"hydrant","label":"HYDRANT","sourceId":"10002271","provider":"Ville de Montréal","providerKey":"ville-montreal","dataset":"Bornes d'incendie","datasetId":"cb4de65e-138b-4936-9d5c-2d9a0bc9b4ce","identityField":"ID_BI","sourceName":"683 rue Saint-Paul Ouest","license":"CC-BY 4.0","retrievedAt":"2026-08-19T19:54:33.442Z","sourceUrl":"https://donnees.montreal.ca/dataset/geolocalisation-des-bornes-fontaines","updateDate":"2026-03-18","geometryType":"Point","legalNote":"Annual inventory. Not for engineering use without City validation."},"source":{"ADRESSE":"683 rue Saint-Paul Ouest","ADRESSE_R_M":"Cartographie géomatique ville","COORDONNEE_SPATIALE_X":300252.77,"COORDONNEE_SPATIALE_Y":5039940.361,"DATE_ABANDON_R_M":"Non applicable","DATE_INSTALLATION":"2010-06-08","DATE_INSTALLATION_R_M":"Plan profil","ELEVATION_TERRAIN":14.634,"ID_BI":10002271,"ID_POINT":10056628,"JURIDICTION":"LOCALE","JURIDICTION_R_M":"Direction production eau potable","PRECISION_DATE_INSTALL":"DATE INSTALLATION PRECISE 6 MOIS MAXIMUM","PRECISION_DATE_INSTALL_R_M":"Plan profil","PROPRIETAIRE":"VILLE DE MONTREAL","PROPRIETAIRE_R_M":"Cartographie géomatique ville","PROVENANCE_DONNEE":"RELEVE TERRAIN INTERNE","STATUT_ACTIF":"EXISTANT","STATUT_ACTIF_R_M":"Visite terrain","LATITUDE":45.499378937325865,"LONGITUDE":-73.55818643550663,"ABANDONNE_R":"NON","ABANDONNE_R_M":"Non applicable"}},"geometry":{"type":"Point","coordinates":[-73.55818643550663,45.499378937325865]}},{"type":"Feature","id":"ville-montreal/hydrant/10002272","properties":{"lab":{"objectClass":"hydrant","label":"HYDRANT","sourceId":"10002272","provider":"Ville de Montréal","providerKey":"ville-montreal","dataset":"Bornes d'incendie","datasetId":"cb4de65e-138b-4936-9d5c-2d9a0bc9b4ce","identityField":"ID_BI","sourceName":"704-738 rue Saint-Paul Ouest","license":"CC-BY 4.0","retrievedAt":"2026-08-19T19:54:33.442Z","sourceUrl":"https://donnees.montreal.ca/dataset/geolocalisation-des-bornes-fontaines","updateDate":"2026-03-18","geometryType":"Point","legalNote":"Annual inventory. Not for engineering use without City validation."},"source":{"ADRESSE":"704-738 rue Saint-Paul Ouest","ADRESSE_R_M":"Cartographie géomatique ville","COORDONNEE_SPATIALE_X":300201.537,"COORDONNEE_SPATIALE_Y":5039869.251,"DATE_ABANDON_R_M":"Non applicable","DATE_INSTALLATION":"2010-06-08","DATE_INSTALLATION_R_M":"Plan profil","ELEVATION_TERRAIN":15,"ID_BI":10002272,"ID_POINT":10056636,"JURIDICTION":"LOCALE","JURIDICTION_R_M":"Direction production eau potable","PRECISION_DATE_INSTALL":"DATE INSTALLATION PRECISE 6 MOIS MAXIMUM","PRECISION_DATE_INSTALL_R_M":"Plan profil","PROPRIETAIRE":"VILLE DE MONTREAL","PROPRIETAIRE_R_M":"Cartographie géomatique ville","PROVENANCE_DONNEE":"RELEVE TERRAIN INTERNE","STATUT_ACTIF":"EXISTANT","STATUT_ACTIF_R_M":"Visite terrain","LATITUDE":45.49873871334881,"LONGITUDE":-73.55884133833317,"ABANDONNE_R":"NON","ABANDONNE_R_M":"Non applicable"}},"geometry":{"type":"Point","coordinates":[-73.55884133833317,45.49873871334881]}},{"type":"Feature","id":"ville-montreal/hydrant/10002873","properties":{"lab":{"objectClass":"hydrant","label":"HYDRANT","sourceId":"10002873","provider":"Ville de Montréal","providerKey":"ville-montreal","dataset":"Bornes d'incendie","datasetId":"cb4de65e-138b-4936-9d5c-2d9a0bc9b4ce","identityField":"ID_BI","sourceName":"305-307 rue Sainte-Catherine Ouest","license":"CC-BY 4.0","retrievedAt":"2026-08-19T19:54:33.442Z","sourceUrl":"https://donnees.montreal.ca/dataset/geolocalisation-des-bornes-fontaines","updateDate":"2026-03-18","geometryType":"Point","legalNote":"Annual inventory. Not for engineering use without City validation."},"source":{"ADRESSE":"305-307 rue Sainte-Catherine Ouest","ADRESSE_R_M":"Cartographie géomatique ville","COORDONNEE_SPATIALE_X":299588.228,"COORDONNEE_SPATIALE_Y":5040769.056,"DATE_ABANDON_R_M":"Non applicable","DATE_INSTALLATION":"2009-05-29","DATE_INSTALLATION_R_M":"Plan balayé","ELEVATION_TERRAIN":33.822,"ID_BI":10002873,"ID_POINT":10063419,"JURIDICTION":"LOCALE","JURIDICTION_R_M":"Direction épuration eaux usées","PRECISION_DATE_INSTALL":"DATE INSTALLATION DANS L'ANNEE COURANTE","PRECISION_DATE_INSTALL_R_M":"Plan balayé","PROPRIETAIRE":"VILLE DE MONTREAL","PROPRIETAIRE_R_M":"Cartographie géomatique ville","PROVENANCE_DONNEE":"RELEVE TERRAIN INTERNE","STATUT_ACTIF":"EXISTANT","STATUT_ACTIF_R_M":"Plan balayé","LATITUDE":45.50683119176086,"LONGITUDE":-73.56669840863364,"ABANDONNE_R":"NON","ABANDONNE_R_M":"Non applicable"}},"geometry":{"type":"Point","coordinates":[-73.56669840863364,45.50683119176086]}},{"type":"Feature","id":"ville-montreal/hydrant/10002875","properties":{"lab":{"objectClass":"hydrant","label":"HYDRANT","sourceId":"10002875","provider":"Ville de Montréal","providerKey":"ville-montreal","dataset":"Bornes d'incendie","datasetId":"cb4de65e-138b-4936-9d5c-2d9a0bc9b4ce","identityField":"ID_BI","sourceName":"292-294 rue Sainte-Catherine Ouest","license":"CC-BY 4.0","retrievedAt":"2026-08-19T19:54:33.442Z","sourceUrl":"https://donnees.montreal.ca/dataset/geolocalisation-des-bornes-fontaines","updateDate":"2026-03-18","geometryType":"Point","legalNote":"Annual inventory. Not for engineering use without City validation."},"source":{"ADRESSE":"292-294 rue Sainte-Catherine Ouest","ADRESSE_R_M":"Cartographie géomatique ville","COORDONNEE_SPATIALE_X":299609.48,"COORDONNEE_SPATIALE_Y":5040763.664,"DATE_ABANDON_R_M":"Non applicable","DATE_INSTALLATION":"2012-03-29","DATE_INSTALLATION_R_M":"Plan profil","ELEVATION_TERRAIN":33.066,"ID_BI":10002875,"ID_POINT":10063433,"JURIDICTION":"LOCALE","JURIDICTION_R_M":"Direction production eau potable","PRECISION_DATE_INSTALL":"DATE INSTALLATION DANS L'ANNEE COURANTE","PRECISION_DATE_INSTALL_R_M":"Plan profil","PROPRIETAIRE":"VILLE DE MONTREAL","PROPRIETAIRE_R_M":"Cartographie géomatique ville","PROVENANCE_DONNEE":"RELEVE TERRAIN INTERNE","STATUT_ACTIF":"EXISTANT","STATUT_ACTIF_R_M":"Plan profil","LATITUDE":45.50678283134614,"LONGITUDE":-73.5664263758154,"ABANDONNE_R":"NON","ABANDONNE_R_M":"Non applicable"}},"geometry":{"type":"Point","coordinates":[-73.5664263758154,45.50678283134614]}},{"type":"Feature","id":"ville-montreal/hydrant/10002876","properties":{"lab":{"objectClass":"hydrant","label":"HYDRANT","sourceId":"10002876","provider":"Ville de Montréal","providerKey":"ville-montreal","dataset":"Bornes d'incendie","datasetId":"cb4de65e-138b-4936-9d5c-2d9a0bc9b4ce","identityField":"ID_BI","sourceName":"185 rue Sainte-Catherine Ouest","license":"CC-BY 4.0","retrievedAt":"2026-08-19T19:54:33.442Z","sourceUrl":"https://donnees.montreal.ca/dataset/geolocalisation-des-bornes-fontaines","updateDate":"2026-03-18","geometryType":"Point","legalNote":"Annual inventory. Not for engineering use without City validation."},"source":{"ADRESSE":"185 rue Sainte-Catherine Ouest","ADRESSE_R_M":"Cartographie géomatique ville","COORDONNEE_SPATIALE_X":299655.403,"COORDONNEE_SPATIALE_Y":5040837.133,"DATE_ABANDON_R_M":"Non applicable","DATE_INSTALLATION":"2012-03-29","DATE_INSTALLATION_R_M":"Plan profil","ELEVATION_TERRAIN":28.5,"ID_BI":10002876,"ID_POINT":10063439,"JURIDICTION":"LOCALE","JURIDICTION_R_M":"Direction production eau potable","PRECISION_DATE_INSTALL":"DATE INSTALLATION DANS L'ANNEE COURANTE","PRECISION_DATE_INSTALL_R_M":"Plan profil","PROPRIETAIRE":"VILLE DE MONTREAL","PROPRIETAIRE_R_M":"Cartographie géomatique ville","PROVENANCE_DONNEE":"RELEVE TERRAIN INTERNE","STATUT_ACTIF":"EXISTANT","STATUT_ACTIF_R_M":"Plan profil","LATITUDE":45.507444264684196,"LONGITUDE":-73.56583946427011,"ABANDONNE_R":"NON","ABANDONNE_R_M":"Non applicable"}},"geometry":{"type":"Point","coordinates":[-73.56583946427011,45.507444264684196]}},{"type":"Feature","id":"ville-montreal/hydrant/10002877","properties":{"lab":{"objectClass":"hydrant","label":"HYDRANT","sourceId":"10002877","provider":"Ville de Montréal","providerKey":"ville-montreal","dataset":"Bornes d'incendie","datasetId":"cb4de65e-138b-4936-9d5c-2d9a0bc9b4ce","identityField":"ID_BI","sourceName":"100-190 rue Sainte-Catherine Ouest","license":"CC-BY 4.0","retrievedAt":"2026-08-19T19:54:33.442Z","sourceUrl":"https://donnees.montreal.ca/dataset/geolocalisation-des-bornes-fontaines","updateDate":"2026-03-18","geometryType":"Point","legalNote":"Annual inventory. Not for engineering use without City validation."},"source":{"ADRESSE":"100-190 rue Sainte-Catherine Ouest","ADRESSE_R_M":"Cartographie géomatique ville","COORDONNEE_SPATIALE_X":299702.674,"COORDONNEE_SPATIALE_Y":5040913.781,"DATE_ABANDON_R_M":"Non applicable","DATE_INSTALLATION":"2012-03-29","DATE_INSTALLATION_R_M":"Plan profil","ELEVATION_TERRAIN":25.853,"ID_BI":10002877,"ID_POINT":10063442,"JURIDICTION":"LOCALE","JURIDICTION_R_M":"Direction production eau potable","PRECISION_DATE_INSTALL":"DATE INSTALLATION DANS L'ANNEE COURANTE","PRECISION_DATE_INSTALL_R_M":"Plan profil","PROPRIETAIRE":"VILLE DE MONTREAL","PROPRIETAIRE_R_M":"Cartographie géomatique ville","PROVENANCE_DONNEE":"RELEVE TERRAIN INTERNE","STATUT_ACTIF":"EXISTANT","STATUT_ACTIF_R_M":"Plan profil","LATITUDE":45.50813431391752,"LONGITUDE":-73.56523531939875,"ABANDONNE_R":"NON","ABANDONNE_R_M":"Non applicable"}},"geometry":{"type":"Point","coordinates":[-73.56523531939875,45.50813431391752]}},{"type":"Feature","id":"ville-montreal/hydrant/10002878","properties":{"lab":{"objectClass":"hydrant","label":"HYDRANT","sourceId":"10002878","provider":"Ville de Montréal","providerKey":"ville-montreal","dataset":"Bornes d'incendie","datasetId":"cb4de65e-138b-4936-9d5c-2d9a0bc9b4ce","identityField":"ID_BI","sourceName":"84 rue Sainte-Catherine Ouest","license":"CC-BY 4.0","retrievedAt":"2026-08-19T19:54:33.442Z","sourceUrl":"https://donnees.montreal.ca/dataset/geolocalisation-des-bornes-fontaines","updateDate":"2026-03-18","geometryType":"Point","legalNote":"Annual inventory. Not for engineering use without City validation."},"source":{"ADRESSE":"84 rue Sainte-Catherine Ouest","ADRESSE_R_M":"Cartographie géomatique ville","COORDONNEE_SPATIALE_X":299755.099,"COORDONNEE_SPATIALE_Y":5040999.667,"DATE_ABANDON_R_M":"Non applicable","DATE_INSTALLATION":"2012-03-29","DATE_INSTALLATION_R_M":"Plan profil","ELEVATION_TERRAIN":24.562,"ID_BI":10002878,"ID_POINT":10063445,"JURIDICTION":"LOCALE","JURIDICTION_R_M":"Direction production eau potable","PRECISION_DATE_INSTALL":"DATE INSTALLATION DANS L'ANNEE COURANTE","PRECISION_DATE_INSTALL_R_M":"Plan profil","PROPRIETAIRE":"VILLE DE MONTREAL","PROPRIETAIRE_R_M":"Cartographie géomatique ville","PROVENANCE_DONNEE":"RELEVE TERRAIN INTERNE","STATUT_ACTIF":"EXISTANT","STATUT_ACTIF_R_M":"Plan profil","LATITUDE":45.50890752483164,"LONGITUDE":-73.56456529257608,"ABANDONNE_R":"NON","ABANDONNE_R_M":"Non applicable"}},"geometry":{"type":"Point","coordinates":[-73.56456529257608,45.50890752483164]}},{"type":"Feature","id":"ville-montreal/hydrant/10001982","properties":{"lab":{"objectClass":"hydrant","label":"HYDRANT","sourceId":"10001982","provider":"Ville de Montréal","providerKey":"ville-montreal","dataset":"Bornes d'incendie","datasetId":"cb4de65e-138b-4936-9d5c-2d9a0bc9b4ce","identityField":"ID_BI","sourceName":"2 rue Le Royer Est","license":"CC-BY 4.0","retrievedAt":"2026-08-19T19:54:33.442Z","sourceUrl":"https://donnees.montreal.ca/dataset/geolocalisation-des-bornes-fontaines","updateDate":"2026-03-18","geometryType":"Point","legalNote":"Annual inventory. Not for engineering use without City validation."},"source":{"ADRESSE":"2 rue Le Royer Est","ADRESSE_R_M":"Cartographie géomatique ville","COORDONNEE_SPATIALE_X":300563.349,"COORDONNEE_SPATIALE_Y":5040676.83,"DATE_ABANDON_R_M":"Non applicable","DATE_INSTALLATION":"2009-01-01","DATE_INSTALLATION_R_M":"Plan balayé","ELEVATION_TERRAIN":19.64,"ID_BI":10001982,"ID_POINT":10041251,"JURIDICTION":"LOCALE","JURIDICTION_R_M":"Direction production eau potable","PRECISION_DATE_INSTALL":"DATE INSTALLATION DANS L'ANNEE COURANTE","PRECISION_DATE_INSTALL_R_M":"Plan balayé","PROPRIETAIRE":"VILLE DE MONTREAL","PROPRIETAIRE_R_M":"Cartographie géomatique ville","PROVENANCE_DONNEE":"RELEVE TERRAIN INTERNE","STATUT_ACTIF":"EXISTANT","STATUT_ACTIF_R_M":"Plan balayé","LATITUDE":45.50600784018152,"LONGITUDE":-73.55421874322751,"ABANDONNE_R":"NON","ABANDONNE_R_M":"Non applicable"}},"geometry":{"type":"Point","coordinates":[-73.55421874322751,45.50600784018152]}},{"type":"Feature","id":"ville-montreal/hydrant/10002711","properties":{"lab":{"objectClass":"hydrant","label":"HYDRANT","sourceId":"10002711","provider":"Ville de Montréal","providerKey":"ville-montreal","dataset":"Bornes d'incendie","datasetId":"cb4de65e-138b-4936-9d5c-2d9a0bc9b4ce","identityField":"ID_BI","sourceName":"500 place d' Armes","license":"CC-BY 4.0","retrievedAt":"2026-08-19T19:54:33.442Z","sourceUrl":"https://donnees.montreal.ca/dataset/geolocalisation-des-bornes-fontaines","updateDate":"2026-03-18","geometryType":"Point","legalNote":"Annual inventory. Not for engineering use without City validation."},"source":{"ADRESSE":"500 place d' Armes","ADRESSE_R_M":"Cartographie géomatique ville","COORDONNEE_SPATIALE_X":300324.448,"COORDONNEE_SPATIALE_Y":5040506.501,"DATE_ABANDON_R_M":"Non applicable","DATE_INSTALLATION":"2009-06-01","DATE_INSTALLATION_R_M":"Hypothèse géomatique ville","ELEVATION_TERRAIN":23.269,"ID_BI":10002711,"ID_POINT":10059767,"JURIDICTION":"LOCALE","JURIDICTION_R_M":"Direction épuration eaux usées","PRECISION_DATE_INSTALL":"DATE INSTALLATION PRECISE 6 MOIS MAXIMUM","PRECISION_DATE_INSTALL_R_M":"Hypothèse géomatique ville","PROPRIETAIRE":"VILLE DE MONTREAL","PROPRIETAIRE_R_M":"Cartographie géomatique ville","PROVENANCE_DONNEE":"RELEVE TERRAIN INTERNE","STATUT_ACTIF":"EXISTANT","STATUT_ACTIF_R_M":"Visite terrain","LATITUDE":45.504473696353074,"LONGITUDE":-73.55727438124623,"ABANDONNE_R":"NON","ABANDONNE_R_M":"Non applicable"}},"geometry":{"type":"Point","coordinates":[-73.55727438124623,45.504473696353074]}},{"type":"Feature","id":"ville-montreal/hydrant/10002155","properties":{"lab":{"objectClass":"hydrant","label":"HYDRANT","sourceId":"10002155","provider":"Ville de Montréal","providerKey":"ville-montreal","dataset":"Bornes d'incendie","datasetId":"cb4de65e-138b-4936-9d5c-2d9a0bc9b4ce","identityField":"ID_BI","sourceName":"647-651 rue Notre-Dame Ouest","license":"CC-BY 4.0","retrievedAt":"2026-08-19T19:54:33.442Z","sourceUrl":"https://donnees.montreal.ca/dataset/geolocalisation-des-bornes-fontaines","updateDate":"2026-03-18","geometryType":"Point","legalNote":"Annual inventory. Not for engineering use without City validation."},"source":{"ADRESSE":"647-651 rue Notre-Dame Ouest","ADRESSE_R_M":"Cartographie géomatique ville","COORDONNEE_SPATIALE_X":300056.055,"COORDONNEE_SPATIALE_Y":5040040.732,"DATE_ABANDON_R_M":"Non applicable","DATE_INSTALLATION":"2009-06-01","DATE_INSTALLATION_R_M":"Plan profil","ELEVATION_TERRAIN":17.314,"ID_BI":10002155,"ID_POINT":10044623,"JURIDICTION":"LOCALE","JURIDICTION_R_M":"Direction épuration eaux usées","PRECISION_DATE_INSTALL":"DATE INSTALLATION PRECISE 6 MOIS MAXIMUM","PRECISION_DATE_INSTALL_R_M":"Plan profil","PROPRIETAIRE":"VILLE DE MONTREAL","PROPRIETAIRE_R_M":"Cartographie géomatique ville","PROVENANCE_DONNEE":"RELEVE TERRAIN INTERNE","STATUT_ACTIF":"EXISTANT","STATUT_ACTIF_R_M":"Visite terrain","LATITUDE":45.50028072414073,"LONGITUDE":-73.56070452672259,"ABANDONNE_R":"NON","ABANDONNE_R_M":"Non applicable"}},"geometry":{"type":"Point","coordinates":[-73.56070452672259,45.50028072414073]}},{"type":"Feature","id":"ville-montreal/hydrant/10002156","properties":{"lab":{"objectClass":"hydrant","label":"HYDRANT","sourceId":"10002156","provider":"Ville de Montréal","providerKey":"ville-montreal","dataset":"Bornes d'incendie","datasetId":"cb4de65e-138b-4936-9d5c-2d9a0bc9b4ce","identityField":"ID_BI","sourceName":"685-693 rue Saint-Maurice","license":"CC-BY 4.0","retrievedAt":"2026-08-19T19:54:33.442Z","sourceUrl":"https://donnees.montreal.ca/dataset/geolocalisation-des-bornes-fontaines","updateDate":"2026-03-18","geometryType":"Point","legalNote":"Annual inventory. Not for engineering use without City validation."},"source":{"ADRESSE":"685-693 rue Saint-Maurice","ADRESSE_R_M":"Cartographie géomatique ville","COORDONNEE_SPATIALE_X":300200.643,"COORDONNEE_SPATIALE_Y":5039983.253,"DATE_ABANDON_R_M":"Non applicable","DATE_INSTALLATION":"2010-01-01","DATE_INSTALLATION_R_M":"Plan profil","ELEVATION_TERRAIN":16.084,"ID_BI":10002156,"ID_POINT":10044648,"JURIDICTION":"LOCALE","JURIDICTION_R_M":"Direction production eau potable","PRECISION_DATE_INSTALL":"DATE INSTALLATION DANS L'ANNEE COURANTE","PRECISION_DATE_INSTALL_R_M":"Plan profil","PROPRIETAIRE":"VILLE DE MONTREAL","PROPRIETAIRE_R_M":"Cartographie géomatique ville","PROVENANCE_DONNEE":"RELEVE TERRAIN INTERNE","STATUT_ACTIF":"EXISTANT","STATUT_ACTIF_R_M":"Visite terrain","LATITUDE":45.49976453457607,"LONGITUDE":-73.55885384571472,"ABANDONNE_R":"NON","ABANDONNE_R_M":"Non applicable"}},"geometry":{"type":"Point","coordinates":[-73.55885384571472,45.49976453457607]}},{"type":"Feature","id":"ville-montreal/hydrant/10002157","properties":{"lab":{"objectClass":"hydrant","label":"HYDRANT","sourceId":"10002157","provider":"Ville de Montréal","providerKey":"ville-montreal","dataset":"Bornes d'incendie","datasetId":"cb4de65e-138b-4936-9d5c-2d9a0bc9b4ce","identityField":"ID_BI","sourceName":"740 rue Saint-Maurice","license":"CC-BY 4.0","retrievedAt":"2026-08-19T19:54:33.442Z","sourceUrl":"https://donnees.montreal.ca/dataset/geolocalisation-des-bornes-fontaines","updateDate":"2026-03-18","geometryType":"Point","legalNote":"Annual inventory. Not for engineering use without City validation."},"source":{"ADRESSE":"740 rue Saint-Maurice","ADRESSE_R_M":"Cartographie géomatique ville","COORDONNEE_SPATIALE_X":300101.406,"COORDONNEE_SPATIALE_Y":5039836.3,"DATE_ABANDON_R_M":"Non applicable","DATE_INSTALLATION":"2010-01-01","DATE_INSTALLATION_R_M":"Plan profil","ELEVATION_TERRAIN":15.76,"ID_BI":10002157,"ID_POINT":10044662,"JURIDICTION":"LOCALE","JURIDICTION_R_M":"Direction production eau potable","PRECISION_DATE_INSTALL":"DATE INSTALLATION DANS L'ANNEE COURANTE","PRECISION_DATE_INSTALL_R_M":"Plan profil","PROPRIETAIRE":"VILLE DE MONTREAL","PROPRIETAIRE_R_M":"Cartographie géomatique ville","PROVENANCE_DONNEE":"RELEVE TERRAIN INTERNE","STATUT_ACTIF":"EXISTANT","STATUT_ACTIF_R_M":"Visite terrain","LATITUDE":45.4984415153382,"LONGITUDE":-73.56012226174968,"ABANDONNE_R":"NON","ABANDONNE_R_M":"Non applicable"}},"geometry":{"type":"Point","coordinates":[-73.56012226174968,45.4984415153382]}}]}