{"type": "FeatureCollection", "name": "Montréal parks and public spaces — downtown clip", "source": {"provider": "Ville de Montréal", "dataset": "Grands parcs, parcs d'arrondissements et espaces publics", "datasetId": "2e9e4d2f-173a-4c3d-a5e3-565d79baa27d", "format": "GeoJSON download, bbox clip", "bbox": [-73.578, 45.495, -73.554, 45.51], "runtimeStreaming": "citywide file is small (~8 MB); viewport query still preferred at city scale"}, "features": [{"type": "Feature", "id": "ville-montreal/park/0266-000", "properties": {"lab": {"objectClass": "park", "label": "PARK / PUBLIC SPACE", "sourceId": "0266-000", "provider": "Ville de Montréal", "providerKey": "ville-montreal", "dataset": "Grands parcs, parcs d'arrondissements et espaces publics", "datasetId": "2e9e4d2f-173a-4c3d-a5e3-565d79baa27d", "identityField": "NUM_INDEX", "sourceName": "Square Victoria", "license": "CC-BY 4.0", "retrievedAt": "2026-08-19T15:59:50Z", "sourceUrl": "https://donnees.montreal.ca/dataset/2e9e4d2f-173a-4c3d-a5e3-565d79baa27d/resource/35796624-15df-4503-a569-797665f8768e/download/espace_vert.json", "updateDate": "2026-07-28", "geometryType": "MultiPolygon", "legalNote": "Park/public-space polygons are representational and are not a legal cadastral reference."}, "source": {"OBJECTID": "3518", "Type": "Square", "Lien": null, "Nom": "Victoria", "NUM_INDEX": "0266-000", "SUPERFICIE": "0.2058112715962502", "PROPRIETE": "Ville de Montréal", "GESTION": "Ville-Marie", "COMPETENCE": "Arrondissement", "TYPO1": "Parc d'arrondissement", "TYPO2": "Place publique"}}, "geometry": {"type": "MultiPolygon", "coordinates": [[[[-73.5617150618, 45.5013994683], [-73.5611679116, 45.5012142607], [-73.5607695589, 45.5010810888], [-73.5606554998, 45.5012487677], [-73.5606313642, 45.5012842443], [-73.5610468204, 45.5014243906], [-73.5615761531, 45.5016036344], [-73.5617150618, 45.5013994683]]], [[[-73.5626776248, 45.5016199128], [-73.5631145736, 45.5018056926], [-73.5632624118, 45.5015957434], [-73.5632738169, 45.5015730069], [-73.5628323569, 45.5013701467], [-73.5628072239, 45.5013585974], [-73.562769822, 45.5014040466], [-73.5627685827, 45.501403474], [-73.5626353194, 45.5015642936], [-73.5626962323, 45.5015890836], [-73.5626776248, 45.5016199128]]], [[[-73.5623054652, 45.5014619089], [-73.5626123387, 45.501592025], [-73.562635681, 45.501563802], [-73.562539173, 45.5015248846], [-73.5626651316, 45.5013715603], [-73.5625183701, 45.5013134963], [-73.5624138348, 45.5012704479], [-73.562263331, 45.5012108915], [-73.5621212987, 45.5013842742], [-73.5623054652, 45.5014619089]]], [[[-73.5629577258, 45.5019567902], [-73.5625012779, 45.5017616508], [-73.5622676929, 45.5016605393], [-73.562247658, 45.5016520109], [-73.5621371267, 45.5016049656], [-73.5621156328, 45.501596186], [-73.5619833381, 45.5015395244], [-73.5619232555, 45.5016091086], [-73.56190264, 45.5016329935], [-73.5618787015, 45.5016607227], [-73.5618590829, 45.5016834372], [-73.5618463531, 45.5016981841], [-73.5624727402, 45.5019682221], [-73.5625012635, 45.501981002], [-73.5628315812, 45.502126247], [-73.5629577258, 45.5019567902]]]]}}, {"type": "Feature", "id": "ville-montreal/park/1806-002", "properties": {"lab": {"objectClass": "park", "label": "PARK / PUBLIC SPACE", "sourceId": "1806-002", "provider": "Ville de Montréal", "providerKey": "ville-montreal", "dataset": "Grands parcs, parcs d'arrondissements et espaces publics", "datasetId": "2e9e4d2f-173a-4c3d-a5e3-565d79baa27d", "identityField": "NUM_INDEX", "sourceName": "Pointe-à-Callière", "license": "CC-BY 4.0", "retrievedAt": "2026-08-19T15:59:50Z", "sourceUrl": "https://donnees.montreal.ca/dataset/2e9e4d2f-173a-4c3d-a5e3-565d79baa27d/resource/35796624-15df-4503-a569-797665f8768e/download/espace_vert.json", "updateDate": "2026-07-28", "geometryType": "Polygon", "legalNote": "Park/public-space polygons are representational and are not a legal cadastral reference."}, "source": {"OBJECTID": "3534", "Type": null, "Lien": null, "Nom": "Pointe-à-Callière", "NUM_INDEX": "1806-002", "SUPERFICIE": "0.10363535255557013", "PROPRIETE": "Ville de Montréal", "GESTION": "Ville-Marie", "COMPETENCE": "Arrondissement", "TYPO1": "Parc d'arrondissement", "TYPO2": "Place publique"}}, "geometry": {"type": "Polygon", "coordinates": [[[-73.5540192762, 45.5028593146], [-73.5540207128, 45.5028739266], [-73.5540283184, 45.5029911394], [-73.5540241082, 45.5030539743], [-73.5540135205, 45.5031750113], [-73.5540127478, 45.5031827769], [-73.5540141455, 45.5031855836], [-73.5540178333, 45.5031878312], [-73.554022672, 45.5031892685], [-73.5540283924, 45.5031893646], [-73.5540306048, 45.5031879238], [-73.5541113217, 45.5030817617], [-73.5541508185, 45.5030372651], [-73.5541805614, 45.5030037424], [-73.5542029663, 45.5029781779], [-73.5543144569, 45.5028537299], [-73.5543308657, 45.502833207], [-73.5544160493, 45.502747345], [-73.5544523487, 45.5027075301], [-73.5544861818, 45.5026708656], [-73.5545038326, 45.5026510079], [-73.5545406357, 45.5026157097], [-73.5545549509, 45.5025999296], [-73.5546250859, 45.5025257804], [-73.554630364, 45.5025193174], [-73.5546351309, 45.5025135114], [-73.5546388242, 45.5025088757], [-73.5546365018, 45.5025026682], [-73.5546346181, 45.5025000237], [-73.5546327344, 45.5024973791], [-73.554627586, 45.5024929545], [-73.5546093435, 45.5024847119], [-73.5545397632, 45.5024506509], [-73.5545196849, 45.5024477287], [-73.5541891579, 45.5027951882], [-73.5541353201, 45.5027869351], [-73.5541343458, 45.5027638981], [-73.5541262186, 45.5027639021], [-73.5541109598, 45.502808994], [-73.5541146617, 45.5028163714], [-73.5541158262, 45.50282006], [-73.5541164635, 45.5028238397], [-73.5541166785, 45.5028276187], [-73.5541163663, 45.5028313989], [-73.5541156305, 45.5028351785], [-73.5541143686, 45.5028388682], [-73.5541126831, 45.5028424692], [-73.5541105753, 45.5028459794], [-73.5541080462, 45.5028493108], [-73.5541050934, 45.5028524616], [-73.5541017194, 45.5028555225], [-73.5540980277, 45.5028582247], [-73.5540940186, 45.5028608361], [-73.5540897993, 45.5028630876], [-73.5540851573, 45.5028650695], [-73.5540804089, 45.5028667815], [-73.5540753441, 45.5028682245], [-73.5540701729, 45.5028693968], [-73.5540648962, 45.5028701193], [-73.5540493825, 45.5028724665], [-73.5540192762, 45.5028593146]]]}}, {"type": "Feature", "id": "ville-montreal/park/3538", "properties": {"lab": {"objectClass": "park", "label": "PARK / PUBLIC SPACE", "sourceId": "3538", "provider": "Ville de Montréal", "providerKey": "ville-montreal", "dataset": "Grands parcs, parcs d'arrondissements et espaces publics", "datasetId": "2e9e4d2f-173a-4c3d-a5e3-565d79baa27d", "identityField": "NUM_INDEX", "sourceName": "Boulevard Robert-Bourassa", "license": "CC-BY 4.0", "retrievedAt": "2026-08-19T15:59:50Z", "sourceUrl": "https://donnees.montreal.ca/dataset/2e9e4d2f-173a-4c3d-a5e3-565d79baa27d/resource/35796624-15df-4503-a569-797665f8768e/download/espace_vert.json", "updateDate": "2026-07-28", "geometryType": "Polygon", "legalNote": "Park/public-space polygons are representational and are not a legal cadastral reference."}, "source": {"OBJECTID": "3538", "Type": null, "Lien": null, "Nom": "Boulevard Robert-Bourassa", "NUM_INDEX": null, "SUPERFICIE": "0.5550800493765218", "PROPRIETE": "Ville de Montréal", "GESTION": "Ville-Marie", "COMPETENCE": "Arrondissement", "TYPO1": "Parc d'arrondissement", "TYPO2": "Parc linéaire"}}, "geometry": {"type": "Polygon", "coordinates": [[[-73.5591268563, 45.4972695646], [-73.5590123924, 45.4973808011], [-73.5592977194, 45.4975050748], [-73.5596110069, 45.49764739], [-73.5596250022, 45.4976532449], [-73.5596395087, 45.4976584939], [-73.5596544484, 45.4976631056], [-73.5596697327, 45.4976670557], [-73.5596928702, 45.4976715046], [-73.5597165839, 45.4976740402], [-73.5597080809, 45.497717043], [-73.5597256577, 45.4977180927], [-73.5598092011, 45.4977191419], [-73.559819234, 45.4977192292], [-73.5598508909, 45.4977202883], [-73.5598824214, 45.4977228655], [-73.5599136209, 45.4977269807], [-73.5599442833, 45.4977326024], [-73.5599740121, 45.4977398903], [-73.5600030298, 45.4977485543], [-73.5600311698, 45.4977585487], [-73.5600582683, 45.4977698116], [-73.5601086946, 45.49779465], [-73.5601122775, 45.497791218], [-73.5604230108, 45.4979554286], [-73.5606785275, 45.4980900909], [-73.5610053825, 45.498261758], [-73.5611937061, 45.4983617932], [-73.5612465488, 45.4982596392], [-73.5613075063, 45.4981423244], [-73.5610725658, 45.4980295077], [-73.5609606092, 45.4979774584], [-73.5607462265, 45.4978755367], [-73.560537209, 45.4977763109], [-73.560323854, 45.4976764747], [-73.5603269576, 45.4976711461], [-73.5602701698, 45.4976382677], [-73.5602139996, 45.4976048616], [-73.5601584623, 45.4975709368], [-73.5601035733, 45.4975365004], [-73.5600504091, 45.4975020604], [-73.5599982064, 45.4974669018], [-73.5599311037, 45.4974233071], [-73.5598629835, 45.4973805012], [-73.5598645291, 45.4973792622], [-73.5598061583, 45.4973442389], [-73.5597460949, 45.4973106275], [-73.5596854501, 45.4972775858], [-73.5596234044, 45.4972458595], [-73.5595840922, 45.497226347], [-73.5595442367, 45.4972073881], [-73.5595038535, 45.497188991], [-73.559462977, 45.4971711718], [-73.5592939679, 45.4971069271], [-73.5591268563, 45.4972695646]]]}}, {"type": "Feature", "id": "ville-montreal/park/3805", "properties": {"lab": {"objectClass": "park", "label": "PARK / PUBLIC SPACE", "sourceId": "3805", "provider": "Ville de Montréal", "providerKey": "ville-montreal", "dataset": "Grands parcs, parcs d'arrondissements et espaces publics", "datasetId": "2e9e4d2f-173a-4c3d-a5e3-565d79baa27d", "identityField": "NUM_INDEX", "sourceName": "École F.A.C.E", "license": "CC-BY 4.0", "retrievedAt": "2026-08-19T15:59:50Z", "sourceUrl": "https://donnees.montreal.ca/dataset/2e9e4d2f-173a-4c3d-a5e3-565d79baa27d/resource/35796624-15df-4503-a569-797665f8768e/download/espace_vert.json", "updateDate": "2026-07-28", "geometryType": "Polygon", "legalNote": "Park/public-space polygons are representational and are not a legal cadastral reference."}, "source": {"OBJECTID": "3805", "Type": null, "Lien": null, "Nom": "École F.A.C.E", "NUM_INDEX": null, "SUPERFICIE": "0.11896137707916891", "PROPRIETE": "Commission scolaire", "GESTION": "Commission scolaire", "COMPETENCE": "Gouvernement du Québec", "TYPO1": "Parc d'arrondissement", "TYPO2": "Parc école"}}, "geometry": {"type": "Polygon", "coordinates": [[[-73.575318797, 45.5059582066], [-73.5749107504, 45.5057616067], [-73.5748525704, 45.5058213819], [-73.5748581691, 45.5058240777], [-73.5747900733, 45.5058940433], [-73.5747216598, 45.5059620304], [-73.574706449, 45.5059547508], [-73.5746730344, 45.5059892387], [-73.5748126769, 45.5060586209], [-73.5748309135, 45.5060399812], [-73.5748442215, 45.5060464522], [-73.5748478062, 45.5060427597], [-73.5749629395, 45.5060983894], [-73.5749573535, 45.5061040627], [-73.5749686561, 45.5061095452], [-73.5749503148, 45.5061283649], [-73.5751094981, 45.5062054706], [-73.5751463922, 45.50616774], [-73.575123998, 45.5061569564], [-73.575318797, 45.5059582066]]]}}, {"type": "Feature", "id": "ville-montreal/park/1158-000", "properties": {"lab": {"objectClass": "park", "label": "PARK / PUBLIC SPACE", "sourceId": "1158-000", "provider": "Ville de Montréal", "providerKey": "ville-montreal", "dataset": "Grands parcs, parcs d'arrondissements et espaces publics", "datasetId": "2e9e4d2f-173a-4c3d-a5e3-565d79baa27d", "identityField": "NUM_INDEX", "sourceName": "Place Hydro-Québec / TNM", "license": "CC-BY 4.0", "retrievedAt": "2026-08-19T15:59:50Z", "sourceUrl": "https://donnees.montreal.ca/dataset/2e9e4d2f-173a-4c3d-a5e3-565d79baa27d/resource/35796624-15df-4503-a569-797665f8768e/download/espace_vert.json", "updateDate": "2026-07-28", "geometryType": "Polygon", "legalNote": "Park/public-space polygons are representational and are not a legal cadastral reference."}, "source": {"OBJECTID": "3847", "Type": "Place", "Lien": null, "Nom": "Hydro-Québec / TNM", "NUM_INDEX": "1158-000", "SUPERFICIE": "0.12402564626339099", "PROPRIETE": "Institutionnel", "GESTION": "Autre", "COMPETENCE": "Gouvernement du Québec", "TYPO1": "Autre espace vert", "TYPO2": "Espace institutionnel"}}, "geometry": {"type": "Polygon", "coordinates": [[[-73.5644277245, 45.5090064377], [-73.5641708508, 45.5088892104], [-73.5641088019, 45.5089557429], [-73.563727192, 45.5087798076], [-73.5636081764, 45.5089104667], [-73.5642553494, 45.509205341], [-73.5644277245, 45.5090064377]]]}}, {"type": "Feature", "id": "ville-montreal/park/0322-000", "properties": {"lab": {"objectClass": "park", "label": "PARK / PUBLIC SPACE", "sourceId": "0322-000", "provider": "Ville de Montréal", "providerKey": "ville-montreal", "dataset": "Grands parcs, parcs d'arrondissements et espaces publics", "datasetId": "2e9e4d2f-173a-4c3d-a5e3-565d79baa27d", "identityField": "NUM_INDEX", "sourceName": "Jeanne-Mance / Sherbrooke", "license": "CC-BY 4.0", "retrievedAt": "2026-08-19T15:59:50Z", "sourceUrl": "https://donnees.montreal.ca/dataset/2e9e4d2f-173a-4c3d-a5e3-565d79baa27d/resource/35796624-15df-4503-a569-797665f8768e/download/espace_vert.json", "updateDate": "2026-07-28", "geometryType": "MultiPolygon", "legalNote": "Park/public-space polygons are representational and are not a legal cadastral reference."}, "source": {"OBJECTID": "3951", "Type": null, "Lien": null, "Nom": "Jeanne-Mance / Sherbrooke", "NUM_INDEX": "0322-000", "SUPERFICIE": "0.041653070101575075", "PROPRIETE": "Ville de Montréal", "GESTION": "Le Plateau-Mont-Royal", "COMPETENCE": "Arrondissement", "TYPO1": "Parc d'arrondissement", "TYPO2": "Îlot de verdure"}}, "geometry": {"type": "MultiPolygon", "coordinates": [[[[-73.5714194836, 45.5096057076], [-73.5714135822, 45.5096035714], [-73.571366181, 45.5095865036], [-73.5713193965, 45.5095712981], [-73.5712582102, 45.509553114], [-73.5712554959, 45.5095522968], [-73.5711850655, 45.5095311308], [-73.5711182576, 45.5095104665], [-73.5709807364, 45.5094673855], [-73.5709510553, 45.5094659098], [-73.5709435178, 45.5094664183], [-73.5709381058, 45.5094677893], [-73.5709303286, 45.5094710064], [-73.5709228979, 45.5094750422], [-73.5709158648, 45.5094797976], [-73.5709109189, 45.5094853075], [-73.5709037795, 45.5094970636], [-73.5708890771, 45.5095296374], [-73.5708695927, 45.5095738713], [-73.5709152101, 45.5095488958], [-73.5709684037, 45.5095377596], [-73.5713293391, 45.5097034212], [-73.5713294556, 45.5097034751], [-73.5714194836, 45.5096057076]]], [[[-73.5713927857, 45.5097325414], [-73.5715541859, 45.5098066199], [-73.5717212954, 45.5098833178], [-73.5717474169, 45.5098953073], [-73.5718564604, 45.5097767497], [-73.5718569959, 45.5097760907], [-73.5718499669, 45.5097730203], [-73.5717751335, 45.5097421122], [-73.5717136562, 45.5097168648], [-73.5716228582, 45.5096817733], [-73.5715417665, 45.5096507429], [-73.5714876984, 45.5096304624], [-73.5713927857, 45.5097325414]]]]}}, {"type": "Feature", "id": "ville-montreal/park/0377-000", "properties": {"lab": {"objectClass": "park", "label": "PARK / PUBLIC SPACE", "sourceId": "0377-000", "provider": "Ville de Montréal", "providerKey": "ville-montreal", "dataset": "Grands parcs, parcs d'arrondissements et espaces publics", "datasetId": "2e9e4d2f-173a-4c3d-a5e3-565d79baa27d", "identityField": "NUM_INDEX", "sourceName": "Place Royale", "license": "CC-BY 4.0", "retrievedAt": "2026-08-19T15:59:50Z", "sourceUrl": "https://donnees.montreal.ca/dataset/2e9e4d2f-173a-4c3d-a5e3-565d79baa27d/resource/35796624-15df-4503-a569-797665f8768e/download/espace_vert.json", "updateDate": "2026-07-28", "geometryType": "Polygon", "legalNote": "Park/public-space polygons are representational and are not a legal cadastral reference."}, "source": {"OBJECTID": "4007", "Type": "Place", "Lien": null, "Nom": "Royale", "NUM_INDEX": "0377-000", "SUPERFICIE": "0.048197752821157284", "PROPRIETE": "Ville de Montréal", "GESTION": "Ville-Marie", "COMPETENCE": "Arrondissement", "TYPO1": "Parc d'arrondissement", "TYPO2": "Place publique"}}, "geometry": {"type": "Polygon", "coordinates": [[[-73.5545343174, 45.5032295134], [-73.5542440883, 45.5031495703], [-73.5541448941, 45.5033130285], [-73.5543988718, 45.5033801268], [-73.5544432711, 45.5033918571], [-73.5545343174, 45.5032295134]]]}}, {"type": "Feature", "id": "ville-montreal/park/0268-000", "properties": {"lab": {"objectClass": "park", "label": "PARK / PUBLIC SPACE", "sourceId": "0268-000", "provider": "Ville de Montréal", "providerKey": "ville-montreal", "dataset": "Grands parcs, parcs d'arrondissements et espaces publics", "datasetId": "2e9e4d2f-173a-4c3d-a5e3-565d79baa27d", "identityField": "NUM_INDEX", "sourceName": "Place du Frère-André", "license": "CC-BY 4.0", "retrievedAt": "2026-08-19T15:59:50Z", "sourceUrl": "https://donnees.montreal.ca/dataset/2e9e4d2f-173a-4c3d-a5e3-565d79baa27d/resource/35796624-15df-4503-a569-797665f8768e/download/espace_vert.json", "updateDate": "2026-07-28", "geometryType": "Polygon", "legalNote": "Park/public-space polygons are representational and are not a legal cadastral reference."}, "source": {"OBJECTID": "4173", "Type": "Place", "Lien": "du", "Nom": "Frère-André", "NUM_INDEX": "0268-000", "SUPERFICIE": "0.045947819700735686", "PROPRIETE": "Ville de Montréal", "GESTION": "Ville-Marie", "COMPETENCE": "Arrondissement", "TYPO1": "Parc d'arrondissement", "TYPO2": "Place publique"}}, "geometry": {"type": "Polygon", "coordinates": [[[-73.5668538236, 45.5033047189], [-73.5667678781, 45.5032797326], [-73.566650692, 45.5032425368], [-73.5666018297, 45.5032270151], [-73.5665905539, 45.5032252937], [-73.5665796385, 45.5032252999], [-73.5665680218, 45.5032275381], [-73.5665591828, 45.5032304226], [-73.5665493355, 45.5032357102], [-73.5665416778, 45.5032421035], [-73.5665385346, 45.5032462355], [-73.5665380746, 45.5032468387], [-73.5664767186, 45.5033274815], [-73.5664529017, 45.5033530911], [-73.5666658839, 45.5034524611], [-73.5666961115, 45.5034665633], [-73.5668465801, 45.5033121009], [-73.5668538236, 45.5033047189]]]}}, {"type": "Feature", "id": "ville-montreal/park/0317-000", "properties": {"lab": {"objectClass": "park", "label": "PARK / PUBLIC SPACE", "sourceId": "0317-000", "provider": "Ville de Montréal", "providerKey": "ville-montreal", "dataset": "Grands parcs, parcs d'arrondissements et espaces publics", "datasetId": "2e9e4d2f-173a-4c3d-a5e3-565d79baa27d", "identityField": "NUM_INDEX", "sourceName": "Le Parterre", "license": "CC-BY 4.0", "retrievedAt": "2026-08-19T15:59:50Z", "sourceUrl": "https://donnees.montreal.ca/dataset/2e9e4d2f-173a-4c3d-a5e3-565d79baa27d/resource/35796624-15df-4503-a569-797665f8768e/download/espace_vert.json", "updateDate": "2026-07-28", "geometryType": "Polygon", "legalNote": "Park/public-space polygons are representational and are not a legal cadastral reference."}, "source": {"OBJECTID": "4226", "Type": null, "Lien": null, "Nom": "Le Parterre", "NUM_INDEX": "0317-000", "SUPERFICIE": "0.3455038951476665", "PROPRIETE": "Ville de Montréal", "GESTION": "Ville-Marie", "COMPETENCE": "Arrondissement", "TYPO1": "Parc d'arrondissement", "TYPO2": "Place publique"}}, "geometry": {"type": "Polygon", "coordinates": [[[-73.5669818208, 45.5098764213], [-73.5663622798, 45.509588566], [-73.5659612714, 45.5100453802], [-73.5665836526, 45.5103316835], [-73.5669818208, 45.5098764213]]]}}, {"type": "Feature", "id": "ville-montreal/park/1044-000", "properties": {"lab": {"objectClass": "park", "label": "PARK / PUBLIC SPACE", "sourceId": "1044-000", "provider": "Ville de Montréal", "providerKey": "ville-montreal", "dataset": "Grands parcs, parcs d'arrondissements et espaces publics", "datasetId": "2e9e4d2f-173a-4c3d-a5e3-565d79baa27d", "identityField": "NUM_INDEX", "sourceName": "Jardins du Gesú", "license": "CC-BY 4.0", "retrievedAt": "2026-08-19T15:59:50Z", "sourceUrl": "https://donnees.montreal.ca/dataset/2e9e4d2f-173a-4c3d-a5e3-565d79baa27d/resource/35796624-15df-4503-a569-797665f8768e/download/espace_vert.json", "updateDate": "2026-07-28", "geometryType": "Polygon", "legalNote": "Park/public-space polygons are representational and are not a legal cadastral reference."}, "source": {"OBJECTID": "4258", "Type": null, "Lien": null, "Nom": "Jardins du Gesú", "NUM_INDEX": "1044-000", "SUPERFICIE": "0.34953322321455665", "PROPRIETE": "Ville de Montréal", "GESTION": "Ville-Marie", "COMPETENCE": "Arrondissement", "TYPO1": "Parc d'arrondissement", "TYPO2": "Place publique"}}, "geometry": {"type": "Polygon", "coordinates": [[[-73.5664277699, 45.5048099513], [-73.5662190013, 45.5050258578], [-73.5667737757, 45.5052902538], [-73.5662180409, 45.5058657092], [-73.5664791819, 45.5059903429], [-73.5671151645, 45.5051441061], [-73.5664277699, 45.5048099513]]]}}, {"type": "Feature", "id": "ville-montreal/park/1265-000", "properties": {"lab": {"objectClass": "park", "label": "PARK / PUBLIC SPACE", "sourceId": "1265-000", "provider": "Ville de Montréal", "providerKey": "ville-montreal", "dataset": "Grands parcs, parcs d'arrondissements et espaces publics", "datasetId": "2e9e4d2f-173a-4c3d-a5e3-565d79baa27d", "identityField": "NUM_INDEX", "sourceName": "Promenade des Artistes", "license": "CC-BY 4.0", "retrievedAt": "2026-08-19T15:59:50Z", "sourceUrl": "https://donnees.montreal.ca/dataset/2e9e4d2f-173a-4c3d-a5e3-565d79baa27d/resource/35796624-15df-4503-a569-797665f8768e/download/espace_vert.json", "updateDate": "2026-07-28", "geometryType": "Polygon", "legalNote": "Park/public-space polygons are representational and are not a legal cadastral reference."}, "source": {"OBJECTID": "4345", "Type": null, "Lien": null, "Nom": "Promenade des Artistes", "NUM_INDEX": "1265-000", "SUPERFICIE": "0.29407189631578556", "PROPRIETE": "Ville de Montréal", "GESTION": "Ville-Marie", "COMPETENCE": "Arrondissement", "TYPO1": "Parc d'arrondissement", "TYPO2": "Place publique"}}, "geometry": {"type": "Polygon", "coordinates": [[[-73.5678533723, 45.5093188367], [-73.5679166115, 45.509249301], [-73.5686117417, 45.5084473725], [-73.5686138777, 45.5084483674], [-73.5686189383, 45.5084411441], [-73.5686216023, 45.508434464], [-73.5686222058, 45.508432951], [-73.5686232149, 45.508424133], [-73.5686216949, 45.5084151725], [-73.5686176618, 45.5084066059], [-73.5686114271, 45.5083989224], [-73.5686035213, 45.5083924781], [-73.5685945792, 45.508387448], [-73.5683950177, 45.5082944771], [-73.5683833363, 45.5082901802], [-73.5683766844, 45.5082886095], [-73.5683695889, 45.5082875339], [-73.5683621588, 45.5082870246], [-73.5683545324, 45.5082871353], [-73.5683468684, 45.5082878993], [-73.5683393371, 45.5082893219], [-73.5683321085, 45.5082913769], [-73.5683253376, 45.5082940139], [-73.568323249, 45.508295076], [-73.5683191561, 45.5082971561], [-73.5683136623, 45.5083007101], [-73.5683089215, 45.5083045749], [-73.5683077699, 45.508305758], [-73.5683049591, 45.5083086463], [-73.568299319, 45.5083170243], [-73.5680649341, 45.5087845439], [-73.5680460887, 45.5088212654], [-73.5680264573, 45.5088578154], [-73.568006045, 45.5088941806], [-73.5679848568, 45.50893035], [-73.5679628978, 45.5089663094], [-73.567940177, 45.5090020478], [-73.5679166996, 45.5090375536], [-73.5678924718, 45.5090728142], [-73.5678675027, 45.5091078188], [-73.5678418011, 45.5091425547], [-73.567815376, 45.5091770113], [-73.5677882352, 45.5092111776], [-73.56776039, 45.5092450419], [-73.5677389066, 45.5092702966], [-73.5677318494, 45.5092785936], [-73.5677026238, 45.5093118235], [-73.567672727, 45.5093447199], [-73.5672998297, 45.5097484057], [-73.5672807644, 45.5097690454], [-73.5672747773, 45.5097774749], [-73.5672726304, 45.5097822533], [-73.5672712018, 45.5097873355], [-73.5672708852, 45.5097900828], [-73.5672708181, 45.5097906615], [-73.5672705901, 45.5097926448], [-73.5672708694, 45.5097980814], [-73.5672720855, 45.5098035337], [-73.5672742396, 45.5098088837], [-73.5672772971, 45.5098140109], [-73.5672811796, 45.5098188083], [-73.5672857797, 45.5098231823], [-73.5672909653, 45.5098270666], [-73.567296588, 45.5098304151], [-73.5673025018, 45.509833211], [-73.5673146577, 45.5098371802], [-73.5673255735, 45.5098402422], [-73.5673673293, 45.5098519577], [-73.5673764362, 45.5098535937], [-73.5673792487, 45.5098540986], [-73.5673917778, 45.509854561], [-73.5674041884, 45.5098532678], [-73.5674157663, 45.5098503438], [-73.5674261369, 45.5098461139], [-73.5674312449, 45.5098429804], [-73.5674353412, 45.5098404683], [-73.5674428278, 45.5098336838], [-73.5674482376, 45.5098261607], [-73.5674516884, 45.5098201613], [-73.5674494808, 45.5098191998], [-73.5674580262, 45.509804345], [-73.5674748695, 45.5097763531], [-73.567496076, 45.5097432459], [-73.567528247, 45.5096965268], [-73.5675614122, 45.5096516509], [-73.5675820474, 45.509625569], [-73.5676085665, 45.5095944985], [-73.5676351387, 45.5095640489], [-73.5677891795, 45.5093894202], [-73.5678533723, 45.5093188367]]]}}, {"type": "Feature", "id": "ville-montreal/park/1258-000", "properties": {"lab": {"objectClass": "park", "label": "PARK / PUBLIC SPACE", "sourceId": "1258-000", "provider": "Ville de Montréal", "providerKey": "ville-montreal", "dataset": "Grands parcs, parcs d'arrondissements et espaces publics", "datasetId": "2e9e4d2f-173a-4c3d-a5e3-565d79baa27d", "identityField": "NUM_INDEX", "sourceName": "Place du Quartier des Spectacles", "license": "CC-BY 4.0", "retrievedAt": "2026-08-19T15:59:50Z", "sourceUrl": "https://donnees.montreal.ca/dataset/2e9e4d2f-173a-4c3d-a5e3-565d79baa27d/resource/35796624-15df-4503-a569-797665f8768e/download/espace_vert.json", "updateDate": "2026-07-28", "geometryType": "Polygon", "legalNote": "Park/public-space polygons are representational and are not a legal cadastral reference."}, "source": {"OBJECTID": "4371", "Type": "Place", "Lien": "du", "Nom": "Quartier des Spectacles", "NUM_INDEX": "1258-000", "SUPERFICIE": "3.706729903458854", "PROPRIETE": "Ville de Montréal", "GESTION": "Ville-Marie", "COMPETENCE": "Arrondissement", "TYPO1": "Parc d'arrondissement", "TYPO2": "Place publique"}}, "geometry": {"type": "Polygon", "coordinates": [[[-73.5681977857, 45.5081676634], [-73.5678610521, 45.5080108626], [-73.567856018, 45.5080073113], [-73.5678537592, 45.5080022107], [-73.56785258, 45.5079800488], [-73.5678516548, 45.5079770439], [-73.5678486567, 45.5079743193], [-73.5675610554, 45.5078403796], [-73.5672018093, 45.5076733495], [-73.5669533447, 45.5075573454], [-73.5667613406, 45.5074680416], [-73.566486667, 45.5073401271], [-73.5664165943, 45.5073080082], [-73.5662635764, 45.5072367402], [-73.5661969266, 45.5073137896], [-73.5661593787, 45.5073567781], [-73.5660145417, 45.5075231141], [-73.5659029574, 45.5076508192], [-73.5657593199, 45.5078156338], [-73.5656537159, 45.5079368568], [-73.5655794872, 45.5080218795], [-73.5654589423, 45.5081605228], [-73.5654601587, 45.508161026], [-73.5653106387, 45.508332134], [-73.5652070512, 45.508450557], [-73.565079167, 45.5085968617], [-73.5650059585, 45.5086806057], [-73.56535682, 45.508844737], [-73.5663894432, 45.5093245409], [-73.5671615803, 45.509683297], [-73.5675331897, 45.5092810063], [-73.5675617624, 45.5092495675], [-73.5675896921, 45.5092178096], [-73.5676169675, 45.5091857444], [-73.5676435795, 45.5091533808], [-73.5676695179, 45.5091207287], [-73.5676947725, 45.509087799], [-73.5677193344, 45.5090546025], [-73.5677431972, 45.5090211499], [-73.5677663505, 45.5089874521], [-73.5677865258, 45.5089569414], [-73.5677887882, 45.5089535198], [-73.5677925692, 45.5089475724], [-73.5678105024, 45.5089193648], [-73.5678314869, 45.5088849988], [-73.5678517364, 45.5088504325], [-73.5678712447, 45.5088156786], [-73.5678900066, 45.5087807488], [-73.567908017, 45.5087456547], [-73.5681977857, 45.5081676634]]]}}, {"type": "Feature", "id": "ville-montreal/park/0395-000", "properties": {"lab": {"objectClass": "park", "label": "PARK / PUBLIC SPACE", "sourceId": "0395-000", "provider": "Ville de Montréal", "providerKey": "ville-montreal", "dataset": "Grands parcs, parcs d'arrondissements et espaces publics", "datasetId": "2e9e4d2f-173a-4c3d-a5e3-565d79baa27d", "identityField": "NUM_INDEX", "sourceName": "Place Vauquelin", "license": "CC-BY 4.0", "retrievedAt": "2026-08-19T15:59:50Z", "sourceUrl": "https://donnees.montreal.ca/dataset/2e9e4d2f-173a-4c3d-a5e3-565d79baa27d/resource/35796624-15df-4503-a569-797665f8768e/download/espace_vert.json", "updateDate": "2026-07-28", "geometryType": "Polygon", "legalNote": "Park/public-space polygons are representational and are not a legal cadastral reference."}, "source": {"OBJECTID": "4396", "Type": "Place", "Lien": null, "Nom": "Vauquelin", "NUM_INDEX": "0395-000", "SUPERFICIE": "0.2145574489133992", "PROPRIETE": "Ville de Montréal", "GESTION": "Ville-Marie", "COMPETENCE": "Arrondissement", "TYPO1": "Parc d'arrondissement", "TYPO2": "Place publique"}}, "geometry": {"type": "Polygon", "coordinates": [[[-73.5548836958, 45.5084116493], [-73.5542477414, 45.5081638304], [-73.5542452131, 45.5081629128], [-73.5541981731, 45.5082215057], [-73.5542033956, 45.508222799], [-73.5540694223, 45.5083908841], [-73.5540657344, 45.5083887263], [-73.5540188973, 45.5084464814], [-73.5540196639, 45.5084492407], [-73.5546137746, 45.5086896599], [-73.5546628633, 45.5087100866], [-73.5548904486, 45.5084362912], [-73.5548743411, 45.508429302], [-73.5548876173, 45.5084132941], [-73.5548836958, 45.5084116493]]]}}, {"type": "Feature", "id": "ville-montreal/park/0313-000", "properties": {"lab": {"objectClass": "park", "label": "PARK / PUBLIC SPACE", "sourceId": "0313-000", "provider": "Ville de Montréal", "providerKey": "ville-montreal", "dataset": "Grands parcs, parcs d'arrondissements et espaces publics", "datasetId": "2e9e4d2f-173a-4c3d-a5e3-565d79baa27d", "identityField": "NUM_INDEX", "sourceName": "Square Chaboillez", "license": "CC-BY 4.0", "retrievedAt": "2026-08-19T15:59:50Z", "sourceUrl": "https://donnees.montreal.ca/dataset/2e9e4d2f-173a-4c3d-a5e3-565d79baa27d/resource/35796624-15df-4503-a569-797665f8768e/download/espace_vert.json", "updateDate": "2026-07-28", "geometryType": "Polygon", "legalNote": "Park/public-space polygons are representational and are not a legal cadastral reference."}, "source": {"OBJECTID": "4397", "Type": "Square", "Lien": null, "Nom": "Chaboillez", "NUM_INDEX": "0313-000", "SUPERFICIE": "0.26515323118456885", "PROPRIETE": "Ville de Montréal", "GESTION": "Ville-Marie", "COMPETENCE": "Arrondissement", "TYPO1": "Parc d'arrondissement", "TYPO2": "Place publique"}}, "geometry": {"type": "Polygon", "coordinates": [[[-73.5642108005, 45.4965559184], [-73.5642817086, 45.4965900107], [-73.5645968709, 45.4967408222], [-73.5646078585, 45.4967447961], [-73.5646123326, 45.4967456881], [-73.5646170887, 45.4967458807], [-73.5646217876, 45.4967453347], [-73.5646261019, 45.4967441131], [-73.5646328223, 45.4967412786], [-73.564638317, 45.4967373479], [-73.5646740237, 45.4967029139], [-73.5647329672, 45.4966418938], [-73.5650961341, 45.4962616638], [-73.5650977183, 45.4962596294], [-73.5650990593, 45.4962575051], [-73.5651001443, 45.4962553089], [-73.5651009478, 45.4962530499], [-73.5651014953, 45.4962507641], [-73.5651017613, 45.4962484424], [-73.5651017586, 45.4962461209], [-73.5651014745, 45.4962438085], [-73.5651009089, 45.4962415143], [-73.5651000746, 45.4962392652], [-73.5650989845, 45.4962370792], [-73.5650976258, 45.4962349564], [-73.5650960241, 45.4962329237], [-73.5650941923, 45.4962309901], [-73.5650921302, 45.4962291736], [-73.5650898636, 45.4962274832], [-73.5650873924, 45.4962259369], [-73.5650847551, 45.4962245436], [-73.5650819644, 45.4962233034], [-73.5650790332, 45.4962222343], [-73.5648619138, 45.4961510438], [-73.5646558827, 45.4960864426], [-73.564599055, 45.4960686503], [-73.5645965636, 45.4960728853], [-73.5645021955, 45.4962264089], [-73.5644973553, 45.4962341985], [-73.5644924254, 45.4962419603], [-73.5644874085, 45.4962496943], [-73.5644823019, 45.4962573995], [-73.5644771097, 45.496265076], [-73.5644718291, 45.4962727228], [-73.5644664627, 45.49628034], [-73.5644610081, 45.4962879266], [-73.5644498427, 45.4963030065], [-73.564444132, 45.4963104988], [-73.5644383356, 45.4963179578], [-73.5644324547, 45.4963253854], [-73.5644204407, 45.4963401382], [-73.5644143076, 45.4963474642], [-73.5644080912, 45.4963547543], [-73.5643954103, 45.4963692294], [-73.5643889469, 45.4963764134], [-73.5643824029, 45.4963835598], [-73.5643757769, 45.4963906701], [-73.564369069, 45.4963977427], [-73.5643622831, 45.4964047767], [-73.5643554152, 45.4964117729], [-73.5643484692, 45.4964187296], [-73.5642230575, 45.4965432631], [-73.5642108005, 45.4965559184]]]}}, {"type": "Feature", "id": "ville-montreal/park/0397-000", "properties": {"lab": {"objectClass": "park", "label": "PARK / PUBLIC SPACE", "sourceId": "0397-000", "provider": "Ville de Montréal", "providerKey": "ville-montreal", "dataset": "Grands parcs, parcs d'arrondissements et espaces publics", "datasetId": "2e9e4d2f-173a-4c3d-a5e3-565d79baa27d", "identityField": "NUM_INDEX", "sourceName": "Cours le Royer", "license": "CC-BY 4.0", "retrievedAt": "2026-08-19T15:59:50Z", "sourceUrl": "https://donnees.montreal.ca/dataset/2e9e4d2f-173a-4c3d-a5e3-565d79baa27d/resource/35796624-15df-4503-a569-797665f8768e/download/espace_vert.json", "updateDate": "2026-07-28", "geometryType": "MultiPolygon", "legalNote": "Park/public-space polygons are representational and are not a legal cadastral reference."}, "source": {"OBJECTID": "4398", "Type": null, "Lien": null, "Nom": "Cours le Royer", "NUM_INDEX": "0397-000", "SUPERFICIE": "0.06470414546695907", "PROPRIETE": "Ville de Montréal", "GESTION": "Ville-Marie", "COMPETENCE": "Arrondissement", "TYPO1": "Parc d'arrondissement", "TYPO2": "Place publique"}}, "geometry": {"type": "MultiPolygon", "coordinates": [[[[-73.5547796715, 45.5054473129], [-73.5547839261, 45.5054398304], [-73.5547755875, 45.5054377627], [-73.5547035651, 45.5054175848], [-73.5546738448, 45.5054092657], [-73.5546438301, 45.5054008567], [-73.5545670644, 45.5053793598], [-73.5545643314, 45.505384115], [-73.5544979866, 45.5054998771], [-73.5544007064, 45.5056696165], [-73.5546120079, 45.5057410886], [-73.5547007841, 45.5055862036], [-73.5547015149, 45.5055849291], [-73.5547796715, 45.5054473129]]], [[[-73.5548165679, 45.5053824212], [-73.5548227327, 45.5053715786], [-73.5550188459, 45.5050233171], [-73.5552456518, 45.5046205412], [-73.5551669323, 45.5045987826], [-73.5551721281, 45.5045894864], [-73.5551123463, 45.5045729616], [-73.5551071504, 45.5045822587], [-73.5550284324, 45.504560499], [-73.5548643937, 45.5048522131], [-73.554608729, 45.5053068566], [-73.5546007306, 45.5053207749], [-73.554706783, 45.5053511103], [-73.5548165679, 45.5053824212]]]]}}, {"type": "Feature", "id": "ville-montreal/park/0123-000", "properties": {"lab": {"objectClass": "park", "label": "PARK / PUBLIC SPACE", "sourceId": "0123-000", "provider": "Ville de Montréal", "providerKey": "ville-montreal", "dataset": "Grands parcs, parcs d'arrondissements et espaces publics", "datasetId": "2e9e4d2f-173a-4c3d-a5e3-565d79baa27d", "identityField": "NUM_INDEX", "sourceName": "Place du Cardinal-Paul-Émile-Léger", "license": "CC-BY 4.0", "retrievedAt": "2026-08-19T15:59:50Z", "sourceUrl": "https://donnees.montreal.ca/dataset/2e9e4d2f-173a-4c3d-a5e3-565d79baa27d/resource/35796624-15df-4503-a569-797665f8768e/download/espace_vert.json", "updateDate": "2026-07-28", "geometryType": "Polygon", "legalNote": "Park/public-space polygons are representational and are not a legal cadastral reference."}, "source": {"OBJECTID": "4406", "Type": "Place", "Lien": "du", "Nom": "Cardinal-Paul-Émile-Léger", "NUM_INDEX": "0123-000", "SUPERFICIE": "0.02540786401746648", "PROPRIETE": "Ville de Montréal", "GESTION": "Ville-Marie", "COMPETENCE": "Arrondissement", "TYPO1": "Parc d'arrondissement", "TYPO2": "Place publique"}}, "geometry": {"type": "Polygon", "coordinates": [[[-73.5615259033, 45.5095642053], [-73.5614058132, 45.509509322], [-73.5614175227, 45.5094967721], [-73.5613148277, 45.5094493885], [-73.5612238217, 45.5095489125], [-73.5614478177, 45.5096510394], [-73.5615259033, 45.5095642053]]]}}, {"type": "Feature", "id": "ville-montreal/park/0271-000", "properties": {"lab": {"objectClass": "park", "label": "PARK / PUBLIC SPACE", "sourceId": "0271-000", "provider": "Ville de Montréal", "providerKey": "ville-montreal", "dataset": "Grands parcs, parcs d'arrondissements et espaces publics", "datasetId": "2e9e4d2f-173a-4c3d-a5e3-565d79baa27d", "identityField": "NUM_INDEX", "sourceName": "Place Monseigneur-Charbonneau", "license": "CC-BY 4.0", "retrievedAt": "2026-08-19T15:59:50Z", "sourceUrl": "https://donnees.montreal.ca/dataset/2e9e4d2f-173a-4c3d-a5e3-565d79baa27d/resource/35796624-15df-4503-a569-797665f8768e/download/espace_vert.json", "updateDate": "2026-07-28", "geometryType": "MultiPolygon", "legalNote": "Park/public-space polygons are representational and are not a legal cadastral reference."}, "source": {"OBJECTID": "4472", "Type": "Place", "Lien": null, "Nom": "Monseigneur-Charbonneau", "NUM_INDEX": "0271-000", "SUPERFICIE": "0.04165582689732135", "PROPRIETE": "Ville de Montréal", "GESTION": "Ville-Marie", "COMPETENCE": "Arrondissement", "TYPO1": "Parc d'arrondissement", "TYPO2": "Place publique"}}, "geometry": {"type": "MultiPolygon", "coordinates": [[[[-73.5683758792, 45.5021338214], [-73.5680379308, 45.5019709668], [-73.5679458943, 45.5020649012], [-73.5682862624, 45.5022283397], [-73.5682968029, 45.5022250851], [-73.568306419, 45.5022192214], [-73.5683168896, 45.5022109907], [-73.5683699432, 45.502156537], [-73.5683740925, 45.5021484809], [-73.5683762677, 45.5021376005], [-73.5683758792, 45.5021338214]]], [[[-73.5679534762, 45.5019302709], [-73.5677068608, 45.5018114276], [-73.5676156312, 45.5019063242], [-73.5678616574, 45.5020244572], [-73.5679534762, 45.5019302709]]]]}}, {"type": "Feature", "id": "ville-montreal/park/0305-000", "properties": {"lab": {"objectClass": "park", "label": "PARK / PUBLIC SPACE", "sourceId": "0305-000", "provider": "Ville de Montréal", "providerKey": "ville-montreal", "dataset": "Grands parcs, parcs d'arrondissements et espaces publics", "datasetId": "2e9e4d2f-173a-4c3d-a5e3-565d79baa27d", "identityField": "NUM_INDEX", "sourceName": "University / Saint-Jacques", "license": "CC-BY 4.0", "retrievedAt": "2026-08-19T15:59:50Z", "sourceUrl": "https://donnees.montreal.ca/dataset/2e9e4d2f-173a-4c3d-a5e3-565d79baa27d/resource/35796624-15df-4503-a569-797665f8768e/download/espace_vert.json", "updateDate": "2026-07-28", "geometryType": "Polygon", "legalNote": "Park/public-space polygons are representational and are not a legal cadastral reference."}, "source": {"OBJECTID": "4473", "Type": null, "Lien": null, "Nom": "University / Saint-Jacques", "NUM_INDEX": "0305-000", "SUPERFICIE": "0.1190709915683618", "PROPRIETE": "Ville de Montréal", "GESTION": "Ville-Marie", "COMPETENCE": "Arrondissement", "TYPO1": "Parc d'arrondissement", "TYPO2": "Place publique"}}, "geometry": {"type": "Polygon", "coordinates": [[[-73.5623208741, 45.4995436527], [-73.5624163778, 45.4995887329], [-73.5624197505, 45.4995850418], [-73.5625033672, 45.4996074906], [-73.562615273, 45.4996374892], [-73.5626724186, 45.4995864363], [-73.563084758, 45.4997689021], [-73.5631406159, 45.49970405], [-73.5625538067, 45.4993028505], [-73.5623208741, 45.4995436527]]]}}, {"type": "Feature", "id": "ville-montreal/park/4483", "properties": {"lab": {"objectClass": "park", "label": "PARK / PUBLIC SPACE", "sourceId": "4483", "provider": "Ville de Montréal", "providerKey": "ville-montreal", "dataset": "Grands parcs, parcs d'arrondissements et espaces publics", "datasetId": "2e9e4d2f-173a-4c3d-a5e3-565d79baa27d", "identityField": "NUM_INDEX", "sourceName": "Boulevard Robert-Bourassa", "license": "CC-BY 4.0", "retrievedAt": "2026-08-19T15:59:50Z", "sourceUrl": "https://donnees.montreal.ca/dataset/2e9e4d2f-173a-4c3d-a5e3-565d79baa27d/resource/35796624-15df-4503-a569-797665f8768e/download/espace_vert.json", "updateDate": "2026-07-28", "geometryType": "Polygon", "legalNote": "Park/public-space polygons are representational and are not a legal cadastral reference."}, "source": {"OBJECTID": "4483", "Type": null, "Lien": null, "Nom": "Boulevard Robert-Bourassa", "NUM_INDEX": null, "SUPERFICIE": "0.23789820772531445", "PROPRIETE": "Ville de Montréal", "GESTION": "Ville-Marie", "COMPETENCE": "Arrondissement", "TYPO1": "Parc d'arrondissement", "TYPO2": "Parc linéaire"}}, "geometry": {"type": "Polygon", "coordinates": [[[-73.554709311, 45.4948507026], [-73.5547146727, 45.494859737], [-73.5547201291, 45.4948687426], [-73.5547256763, 45.4948777211], [-73.5547313181, 45.4948866707], [-73.5547370508, 45.4948955907], [-73.5547428755, 45.4949044818], [-73.5547487911, 45.4949133431], [-73.5547547988, 45.4949221738], [-73.5547608973, 45.4949309739], [-73.5547670866, 45.4949397424], [-73.5547733655, 45.4949484794], [-73.5547797352, 45.4949571839], [-73.5547861931, 45.4949658552], [-73.5547927419, 45.4949744939], [-73.5547993789, 45.4949830984], [-73.5548061041, 45.4949916696], [-73.5548129177, 45.4950002057], [-73.5548198194, 45.4950087075], [-73.5548268095, 45.4950171733], [-73.5548338852, 45.495025603], [-73.5548410479, 45.4950339967], [-73.5548482976, 45.4950423534], [-73.554855633, 45.4950506732], [-73.5548630541, 45.4950589552], [-73.5548705608, 45.4950671994], [-73.554878152, 45.4950754048], [-73.5548858276, 45.4950835714], [-73.5548935864, 45.4950916985], [-73.5549014308, 45.4950997859], [-73.5549093571, 45.4951078327], [-73.5549173652, 45.49511584], [-73.5549254578, 45.4951238048], [-73.5549336309, 45.4951317292], [-73.5549418859, 45.4951396112], [-73.5549502214, 45.4951474509], [-73.5549586388, 45.4951552473], [-73.5549671355, 45.4951630015], [-73.5549757128, 45.4951707114], [-73.5549843681, 45.4951783782], [-73.5549931026, 45.4951859999], [-73.5550019165, 45.4951935775], [-73.5550108071, 45.4952011091], [-73.5550197757, 45.4952085957], [-73.5550288211, 45.4952160364], [-73.5550379431, 45.4952234312], [-73.5550471419, 45.4952307782], [-73.5550564149, 45.4952380784], [-73.5550657646, 45.4952453318], [-73.5550751872, 45.4952525365], [-73.555084684, 45.4952596935], [-73.5550942549, 45.4952668018], [-73.5551038987, 45.4952738607], [-73.5551136154, 45.49528087], [-73.5551234038, 45.4952878298], [-73.555133265, 45.49529474], [-73.5551431953, 45.4953015998], [-73.5551531971, 45.4953084083], [-73.5551632681, 45.4953151655], [-73.5551734093, 45.4953218713], [-73.5551836196, 45.4953285249], [-73.5551938977, 45.4953351263], [-73.5552042435, 45.4953416755], [-73.5552146571, 45.4953481715], [-73.5552251372, 45.4953546144], [-73.5552356838, 45.4953610033], [-73.5552462956, 45.4953673391], [-73.5552569726, 45.4953736199], [-73.5552677135, 45.4953798458], [-73.5552785184, 45.4953860168], [-73.5552893872, 45.4953921328], [-73.5553003186, 45.495398194], [-73.5553113127, 45.4954041984], [-73.5553223681, 45.4954101461], [-73.555333485, 45.4954160379], [-73.5553446619, 45.4954218731], [-73.5553558988, 45.4954276506], [-73.5553671946, 45.4954333705], [-73.5553785492, 45.4954390327], [-73.5553899627, 45.4954446374], [-73.5554014323, 45.4954501835], [-73.5554129595, 45.4954556712], [-73.5554245442, 45.4954610993], [-73.5554361826, 45.4954664681], [-73.5554478773, 45.4954717775], [-73.5554596269, 45.4954770274], [-73.5554714289, 45.4954822179], [-73.5554832846, 45.4954873472], [-73.555495194, 45.4954924162], [-73.5555071545, 45.495497424], [-73.5555191662, 45.4955023705], [-73.5555312289, 45.4955072559], [-73.5555433416, 45.49551208], [-73.5555555027, 45.4955168411], [-73.5555677138, 45.495521541], [-73.5555799734, 45.4955261787], [-73.555592279, 45.4955307526], [-73.5555996423, 45.4954908358], [-73.5557646505, 45.4952719649], [-73.5550779859, 45.4950066636], [-73.5550701251, 45.4949960774], [-73.5550623512, 45.4949854597], [-73.5550546631, 45.4949748113], [-73.5550470619, 45.4949641313], [-73.5550395477, 45.4949534216], [-73.5550321205, 45.4949426822], [-73.5550247803, 45.4949319122], [-73.5550175283, 45.4949211133], [-73.5550103634, 45.4949102855], [-73.5550032879, 45.494899429], [-73.5549962995, 45.4948885444], [-73.5549893993, 45.494877632], [-73.5549825887, 45.4948666916], [-73.5549758676, 45.4948557241], [-73.5549692347, 45.4948447306], [-73.5549626914, 45.4948337099], [-73.5549562377, 45.4948226632], [-73.5549498748, 45.4948115903], [-73.5549436001, 45.494800493], [-73.5549374176, 45.4947893696], [-73.5549313246, 45.4947782219], [-73.5549253224, 45.4947670507], [-73.554919411, 45.4947558543], [-73.5549135905, 45.4947446353], [-73.5549078608, 45.4947333929], [-73.5549022232, 45.4947221271], [-73.554709311, 45.4948507026]]]}}, {"type": "Feature", "id": "ville-montreal/park/1641-007", "properties": {"lab": {"objectClass": "park", "label": "PARK / PUBLIC SPACE", "sourceId": "1641-007", "provider": "Ville de Montréal", "providerKey": "ville-montreal", "dataset": "Grands parcs, parcs d'arrondissements et espaces publics", "datasetId": "2e9e4d2f-173a-4c3d-a5e3-565d79baa27d", "identityField": "NUM_INDEX", "sourceName": "de la Gauchetière / Peel", "license": "CC-BY 4.0", "retrievedAt": "2026-08-19T15:59:50Z", "sourceUrl": "https://donnees.montreal.ca/dataset/2e9e4d2f-173a-4c3d-a5e3-565d79baa27d/resource/35796624-15df-4503-a569-797665f8768e/download/espace_vert.json", "updateDate": "2026-07-28", "geometryType": "Polygon", "legalNote": "Park/public-space polygons are representational and are not a legal cadastral reference."}, "source": {"OBJECTID": "4487", "Type": null, "Lien": null, "Nom": "de la Gauchetière / Peel", "NUM_INDEX": "1641-007", "SUPERFICIE": "0.04600943280422878", "PROPRIETE": "Ville de Montréal", "GESTION": "Ville-Marie", "COMPETENCE": "Arrondissement", "TYPO1": "Espace voirie", "TYPO2": "Îlot de voirie"}}, "geometry": {"type": "Polygon", "coordinates": [[[-73.5683527859, 45.4977494624], [-73.568350116, 45.4977435143], [-73.56834492, 45.4977384594], [-73.5683381125, 45.4977349496], [-73.5680528407, 45.4975973166], [-73.5680455681, 45.4975953547], [-73.5680374668, 45.4975949131], [-73.5680295314, 45.4975961478], [-73.5680227224, 45.4975988071], [-73.5680172379, 45.4976026966], [-73.5680133977, 45.4976077334], [-73.5680118076, 45.4976133375], [-73.568012523, 45.4976187918], [-73.5680156402, 45.4976296041], [-73.5680178209, 45.4976405501], [-73.5680190484, 45.4976515695], [-73.5680193189, 45.4976626003], [-73.5680180254, 45.4976807505], [-73.5680186611, 45.4976986305], [-73.5680163127, 45.4977162675], [-73.5680115719, 45.4977427791], [-73.5680053811, 45.4977657822], [-73.56799829, 45.4977850065], [-73.5679899184, 45.4978033948], [-73.5679700989, 45.497835674], [-73.5679689369, 45.4978377083], [-73.5679653234, 45.4978440271], [-73.5679639653, 45.4978531611], [-73.5679699356, 45.4978594834], [-73.5679804568, 45.4978623568], [-73.5679932243, 45.4978604237], [-73.5682272794, 45.4977985957], [-73.5683297632, 45.4977716133], [-73.5683377887, 45.4977697747], [-73.5683449702, 45.4977661137], [-73.5683501474, 45.4977610491], [-73.5683527304, 45.4977553985], [-73.5683527859, 45.4977494624]]]}}, {"type": "Feature", "id": "ville-montreal/park/1806-200", "properties": {"lab": {"objectClass": "park", "label": "PARK / PUBLIC SPACE", "sourceId": "1806-200", "provider": "Ville de Montréal", "providerKey": "ville-montreal", "dataset": "Grands parcs, parcs d'arrondissements et espaces publics", "datasetId": "2e9e4d2f-173a-4c3d-a5e3-565d79baa27d", "identityField": "NUM_INDEX", "sourceName": "Université Mcgill (Général)", "license": "CC-BY 4.0", "retrievedAt": "2026-08-19T15:59:50Z", "sourceUrl": "https://donnees.montreal.ca/dataset/2e9e4d2f-173a-4c3d-a5e3-565d79baa27d/resource/35796624-15df-4503-a569-797665f8768e/download/espace_vert.json", "updateDate": "2026-07-28", "geometryType": "Polygon", "legalNote": "Park/public-space polygons are representational and are not a legal cadastral reference."}, "source": {"OBJECTID": "4489", "Type": null, "Lien": null, "Nom": "Université Mcgill (Général)", "NUM_INDEX": "1806-200", "SUPERFICIE": "7.7765087483492", "PROPRIETE": "Institutionnel", "GESTION": "Autre", "COMPETENCE": "Privé", "TYPO1": "Autre espace vert", "TYPO2": "Espace institutionnel"}}, "geometry": {"type": "Polygon", "coordinates": [[[-73.5783040131, 45.5043804487], [-73.5782960762, 45.5042690072], [-73.5782787258, 45.5040298272], [-73.5782787477, 45.5040272447], [-73.5782784625, 45.5040246714], [-73.5782778829, 45.5040221163], [-73.5782769835, 45.5040196064], [-73.5782758027, 45.5040171507], [-73.5782743276, 45.5040147852], [-73.5782725711, 45.5040125098], [-73.5782705589, 45.5040103517], [-73.5782682781, 45.5040083107], [-73.5782657799, 45.5040064228], [-73.5782651523, 45.5040060273], [-73.5782630516, 45.5040046881], [-73.5782601316, 45.5040031154], [-73.5782570199, 45.5040017229], [-73.5782537677, 45.5040005194], [-73.5776823955, 45.5037264095], [-73.57762217, 45.5036975219], [-73.5775754505, 45.5036722422], [-73.5773854452, 45.5035761011], [-73.5768871613, 45.5033333995], [-73.5760418916, 45.502928615], [-73.5758126124, 45.5028172967], [-73.5755015378, 45.5031387804], [-73.5754189204, 45.5032230353], [-73.5751327406, 45.5035148621], [-73.575001381, 45.5036491013], [-73.5749162958, 45.5037360464], [-73.5749102263, 45.5037332158], [-73.5748724937, 45.5037755693], [-73.574717435, 45.5039300485], [-73.5745885921, 45.5040621671], [-73.5743440586, 45.5043136199], [-73.5742109998, 45.5044501616], [-73.5739678452, 45.5046996819], [-73.5738087477, 45.5048592659], [-73.5736948012, 45.5049735604], [-73.5737991782, 45.505022822], [-73.5743259679, 45.5052791763], [-73.5745886805, 45.5054077894], [-73.5746701645, 45.5054476708], [-73.5749831251, 45.5055978552], [-73.5750014503, 45.5056067156], [-73.5752378382, 45.5057210395], [-73.5756006119, 45.505896672], [-73.5759989256, 45.5060893673], [-73.5764433365, 45.5063069375], [-73.5767068038, 45.506032879], [-73.5767262688, 45.5060417738], [-73.5768286267, 45.5060885392], [-73.5768521256, 45.5060992759], [-73.5768502195, 45.5060997811], [-73.5768464714, 45.5061009714], [-73.57684289, 45.5061023866], [-73.5768395009, 45.5061040086], [-73.5768363168, 45.5061058284], [-73.5768333762, 45.506107837], [-73.5768306789, 45.5061100165], [-73.5768282635, 45.5061123577], [-73.5768199597, 45.5061210538], [-73.5768552593, 45.5061380515], [-73.5771153271, 45.506264849], [-73.5771566993, 45.5062862776], [-73.5772898647, 45.5061492706], [-73.5774666141, 45.5059552175], [-73.5776070995, 45.5058130135], [-73.5774162338, 45.5057117369], [-73.5771463376, 45.5055754074], [-73.5772643962, 45.505457438], [-73.5773140416, 45.5054808008], [-73.577475532, 45.5053214945], [-73.5774626446, 45.5053150247], [-73.5776513273, 45.5051278008], [-73.5776649536, 45.5051346309], [-73.5777994553, 45.5050010802], [-73.5778611443, 45.5050317237], [-73.5778918172, 45.5050011954], [-73.5777795294, 45.5049443098], [-73.5778927392, 45.5048330912], [-73.5779056257, 45.504839021], [-73.5782000359, 45.5045531819], [-73.5781800923, 45.5044842621], [-73.578168587, 45.5044839103], [-73.5781131379, 45.5045359648], [-73.5777477538, 45.5043498503], [-73.5777982444, 45.50429978], [-73.5777917807, 45.5042828661], [-73.5778419571, 45.5042350455], [-73.577864337, 45.5042360196], [-73.5779122982, 45.5041900902], [-73.578276315, 45.5043798043], [-73.5783040131, 45.5043804487]]]}}, {"type": "Feature", "id": "ville-montreal/park/0325-000", "properties": {"lab": {"objectClass": "park", "label": "PARK / PUBLIC SPACE", "sourceId": "0325-000", "provider": "Ville de Montréal", "providerKey": "ville-montreal", "dataset": "Grands parcs, parcs d'arrondissements et espaces publics", "datasetId": "2e9e4d2f-173a-4c3d-a5e3-565d79baa27d", "identityField": "NUM_INDEX", "sourceName": "Eugène-Lapierre", "license": "CC-BY 4.0", "retrievedAt": "2026-08-19T15:59:50Z", "sourceUrl": "https://donnees.montreal.ca/dataset/2e9e4d2f-173a-4c3d-a5e3-565d79baa27d/resource/35796624-15df-4503-a569-797665f8768e/download/espace_vert.json", "updateDate": "2026-07-28", "geometryType": "Polygon", "legalNote": "Park/public-space polygons are representational and are not a legal cadastral reference."}, "source": {"OBJECTID": "4490", "Type": null, "Lien": null, "Nom": "Eugène-Lapierre", "NUM_INDEX": "0325-000", "SUPERFICIE": "0.28478000922249175", "PROPRIETE": "Ville de Montréal", "GESTION": "Ville-Marie", "COMPETENCE": "Arrondissement", "TYPO1": "Parc d'arrondissement", "TYPO2": "Parc de quartier"}}, "geometry": {"type": "Polygon", "coordinates": [[[-73.5689224737, 45.507343444], [-73.5686896867, 45.5077678503], [-73.568477218, 45.5081552071], [-73.5686849063, 45.5082519653], [-73.5687698027, 45.5081548357], [-73.568794522, 45.5081655161], [-73.5691413552, 45.5077687058], [-73.569339883, 45.5075415668], [-73.5689224737, 45.507343444]]]}}, {"type": "Feature", "id": "ville-montreal/park/0269-000", "properties": {"lab": {"objectClass": "park", "label": "PARK / PUBLIC SPACE", "sourceId": "0269-000", "provider": "Ville de Montréal", "providerKey": "ville-montreal", "dataset": "Grands parcs, parcs d'arrondissements et espaces publics", "datasetId": "2e9e4d2f-173a-4c3d-a5e3-565d79baa27d", "identityField": "NUM_INDEX", "sourceName": "Square Phillips", "license": "CC-BY 4.0", "retrievedAt": "2026-08-19T15:59:50Z", "sourceUrl": "https://donnees.montreal.ca/dataset/2e9e4d2f-173a-4c3d-a5e3-565d79baa27d/resource/35796624-15df-4503-a569-797665f8768e/download/espace_vert.json", "updateDate": "2026-07-28", "geometryType": "Polygon", "legalNote": "Park/public-space polygons are representational and are not a legal cadastral reference."}, "source": {"OBJECTID": "4583", "Type": "Square", "Lien": null, "Nom": "Phillips", "NUM_INDEX": "0269-000", "SUPERFICIE": "0.1884894788473223", "PROPRIETE": "Ville de Montréal", "GESTION": "Ville-Marie", "COMPETENCE": "Arrondissement", "TYPO1": "Parc d'arrondissement", "TYPO2": "Place publique"}}, "geometry": {"type": "Polygon", "coordinates": [[[-73.5690433206, 45.5038134772], [-73.5689762364, 45.5037805914], [-73.5689797892, 45.503776684], [-73.5685047039, 45.5035499052], [-73.5684759018, 45.5035320422], [-73.5684737762, 45.5035309906], [-73.5684715356, 45.5035300741], [-73.5684691928, 45.5035292836], [-73.5684667606, 45.5035286461], [-73.5684642646, 45.5035281527], [-73.5684617047, 45.5035278122], [-73.5684591323, 45.5035276248], [-73.5684565345, 45.5035275903], [-73.5684539368, 45.5035277178], [-73.5684513777, 45.5035279892], [-73.5684488444, 45.5035284227], [-73.5684463881, 45.503529], [-73.5684440087, 45.5035297213], [-73.5684417191, 45.5035305865], [-73.5684395448, 45.5035315866], [-73.5684374986, 45.5035327036], [-73.5684355933, 45.5035339465], [-73.5684338417, 45.5035352973], [-73.5684170007, 45.5035565795], [-73.5682486937, 45.5037278825], [-73.5682191653, 45.503755471], [-73.5682180537, 45.5037569384], [-73.5682171213, 45.5037584596], [-73.5682163682, 45.5037600348], [-73.5682157942, 45.5037616459], [-73.5682154251, 45.5037632838], [-73.5682152479, 45.5037649396], [-73.5682152627, 45.5037666043], [-73.5682154822, 45.5037682599], [-73.5682158937, 45.5037698884], [-73.5682164843, 45.5037714988], [-73.5682172796, 45.503773064], [-73.5682182412, 45.5037745752], [-73.5682193818, 45.5037760323], [-73.5682207016, 45.5037774083], [-73.5682221748, 45.5037787122], [-73.5682237887, 45.5037799171], [-73.5682255433, 45.5037810319], [-73.5682649131, 45.5037966212], [-73.5685466535, 45.5039333589], [-73.5688078403, 45.5040569253], [-73.5690433206, 45.5038134772]]]}}, {"type": "Feature", "id": "ville-montreal/park/0415-000", "properties": {"lab": {"objectClass": "park", "label": "PARK / PUBLIC SPACE", "sourceId": "0415-000", "provider": "Ville de Montréal", "providerKey": "ville-montreal", "dataset": "Grands parcs, parcs d'arrondissements et espaces publics", "datasetId": "2e9e4d2f-173a-4c3d-a5e3-565d79baa27d", "identityField": "NUM_INDEX", "sourceName": "Place de la Grande-Paix", "license": "CC-BY 4.0", "retrievedAt": "2026-08-19T15:59:50Z", "sourceUrl": "https://donnees.montreal.ca/dataset/2e9e4d2f-173a-4c3d-a5e3-565d79baa27d/resource/35796624-15df-4503-a569-797665f8768e/download/espace_vert.json", "updateDate": "2026-07-28", "geometryType": "Polygon", "legalNote": "Park/public-space polygons are representational and are not a legal cadastral reference."}, "source": {"OBJECTID": "4661", "Type": "Place", "Lien": "de la", "Nom": "Grande-Paix", "NUM_INDEX": "0415-000", "SUPERFICIE": "0.07517908734866566", "PROPRIETE": "Ville de Montréal", "GESTION": "Ville-Marie", "COMPETENCE": "Arrondissement", "TYPO1": "Parc d'arrondissement", "TYPO2": "Place publique"}}, "geometry": {"type": "Polygon", "coordinates": [[[-73.5550496248, 45.5019468907], [-73.5550464217, 45.5019428791], [-73.5550367259, 45.5019336877], [-73.5550220155, 45.5019259384], [-73.5550125685, 45.5019223617], [-73.5549161266, 45.5018978609], [-73.5549099593, 45.5018981967], [-73.554900467, 45.501912967], [-73.5548914355, 45.501927782], [-73.5548809495, 45.5019468718], [-73.5548687316, 45.5019614904], [-73.5547507749, 45.5021327695], [-73.5547347973, 45.5021496303], [-73.5546900688, 45.5022180092], [-73.5546782877, 45.5022343551], [-73.5546474302, 45.5022904092], [-73.5546361571, 45.5023030387], [-73.554608834, 45.5023492652], [-73.5545984591, 45.5023642877], [-73.5545890125, 45.5023610619], [-73.554588835, 45.5023626906], [-73.5545960628, 45.5023733948], [-73.5546048855, 45.5023795903], [-73.5546197098, 45.5023862059], [-73.5547156177, 45.5024142168], [-73.5547230149, 45.5024153651], [-73.5547240584, 45.5024097319], [-73.5547388907, 45.5023990893], [-73.5547513269, 45.5023852355], [-73.5547637622, 45.5023704729], [-73.5548171281, 45.5023147592], [-73.554866565, 45.502245919], [-73.5548758887, 45.5022289713], [-73.554908181, 45.5021744371], [-73.554917212, 45.5021591092], [-73.5549891954, 45.5020401751], [-73.5549997489, 45.5020245945], [-73.5550292938, 45.5019736245], [-73.5550391954, 45.5019587101], [-73.5550496248, 45.5019468907]]]}}, {"type": "Feature", "id": "ville-montreal/park/0822-000", "properties": {"lab": {"objectClass": "park", "label": "PARK / PUBLIC SPACE", "sourceId": "0822-000", "provider": "Ville de Montréal", "providerKey": "ville-montreal", "dataset": "Grands parcs, parcs d'arrondissements et espaces publics", "datasetId": "2e9e4d2f-173a-4c3d-a5e3-565d79baa27d", "identityField": "NUM_INDEX", "sourceName": "Place Marguerite-Bourgeoys", "license": "CC-BY 4.0", "retrievedAt": "2026-08-19T15:59:50Z", "sourceUrl": "https://donnees.montreal.ca/dataset/2e9e4d2f-173a-4c3d-a5e3-565d79baa27d/resource/35796624-15df-4503-a569-797665f8768e/download/espace_vert.json", "updateDate": "2026-07-28", "geometryType": "Polygon", "legalNote": "Park/public-space polygons are representational and are not a legal cadastral reference."}, "source": {"OBJECTID": "4671", "Type": "Place", "Lien": null, "Nom": "Marguerite-Bourgeoys", "NUM_INDEX": "0822-000", "SUPERFICIE": "0.2006135393899189", "PROPRIETE": "Ville de Montréal", "GESTION": "Ville-Marie", "COMPETENCE": "Arrondissement", "TYPO1": "Parc d'arrondissement", "TYPO2": "Place publique"}}, "geometry": {"type": "Polygon", "coordinates": [[[-73.5556518762, 45.5073442686], [-73.5551139944, 45.5070925841], [-73.5548511239, 45.5074176598], [-73.5554195374, 45.5076447783], [-73.5554245478, 45.5076464064], [-73.555478298, 45.5075725948], [-73.5554565461, 45.5075650465], [-73.5555241297, 45.5074781686], [-73.5555475707, 45.5074869769], [-73.5556346534, 45.5073694027], [-73.5556518762, 45.5073442686]]]}}, {"type": "Feature", "id": "ville-montreal/park/0817-000", "properties": {"lab": {"objectClass": "park", "label": "PARK / PUBLIC SPACE", "sourceId": "0817-000", "provider": "Ville de Montréal", "providerKey": "ville-montreal", "dataset": "Grands parcs, parcs d'arrondissements et espaces publics", "datasetId": "2e9e4d2f-173a-4c3d-a5e3-565d79baa27d", "identityField": "NUM_INDEX", "sourceName": "Place Sun-Yat-Sen", "license": "CC-BY 4.0", "retrievedAt": "2026-08-19T15:59:50Z", "sourceUrl": "https://donnees.montreal.ca/dataset/2e9e4d2f-173a-4c3d-a5e3-565d79baa27d/resource/35796624-15df-4503-a569-797665f8768e/download/espace_vert.json", "updateDate": "2026-07-28", "geometryType": "Polygon", "legalNote": "Park/public-space polygons are representational and are not a legal cadastral reference."}, "source": {"OBJECTID": "4721", "Type": "Place", "Lien": null, "Nom": "Sun-Yat-Sen", "NUM_INDEX": "0817-000", "SUPERFICIE": "0.057787746831011934", "PROPRIETE": "Ville de Montréal", "GESTION": "Ville-Marie", "COMPETENCE": "Arrondissement", "TYPO1": "Parc d'arrondissement", "TYPO2": "Place publique"}}, "geometry": {"type": "Polygon", "coordinates": [[[-73.5605804137, 45.5080352798], [-73.5606726822, 45.507943528], [-73.560639837, 45.5079286072], [-73.5605895632, 45.5079038856], [-73.5603026137, 45.5077730982], [-73.5602799952, 45.5077626369], [-73.5601790257, 45.5079013215], [-73.5601812227, 45.5079022102], [-73.5602788363, 45.5079479669], [-73.5604181423, 45.508013138], [-73.5604417618, 45.5079886471], [-73.5605679715, 45.5080485159], [-73.5605810475, 45.5080355494], [-73.5605804137, 45.5080352798]]]}}, {"type": "Feature", "id": "ville-montreal/park/0264-000", "properties": {"lab": {"objectClass": "park", "label": "PARK / PUBLIC SPACE", "sourceId": "0264-000", "provider": "Ville de Montréal", "providerKey": "ville-montreal", "dataset": "Grands parcs, parcs d'arrondissements et espaces publics", "datasetId": "2e9e4d2f-173a-4c3d-a5e3-565d79baa27d", "identityField": "NUM_INDEX", "sourceName": "Place du Commerce", "license": "CC-BY 4.0", "retrievedAt": "2026-08-19T15:59:50Z", "sourceUrl": "https://donnees.montreal.ca/dataset/2e9e4d2f-173a-4c3d-a5e3-565d79baa27d/resource/35796624-15df-4503-a569-797665f8768e/download/espace_vert.json", "updateDate": "2026-07-28", "geometryType": "Polygon", "legalNote": "Park/public-space polygons are representational and are not a legal cadastral reference."}, "source": {"OBJECTID": "4748", "Type": "Place", "Lien": "du", "Nom": "Commerce", "NUM_INDEX": "0264-000", "SUPERFICIE": "0.07210836799996978", "PROPRIETE": "Ville de Montréal", "GESTION": "Ville-Marie", "COMPETENCE": "Arrondissement", "TYPO1": "Parc d'arrondissement", "TYPO2": "Place publique"}}, "geometry": {"type": "Polygon", "coordinates": [[[-73.5618878552, 45.5011962182], [-73.5615749766, 45.5010600483], [-73.5614105997, 45.5009877924], [-73.5610644363, 45.5008358035], [-73.5609998163, 45.5009107077], [-73.5613494557, 45.5010581597], [-73.5615111744, 45.5011335847], [-73.5618221094, 45.5012710519], [-73.5618878552, 45.5011962182]]]}}, {"type": "Feature", "id": "ville-montreal/park/0791-000", "properties": {"lab": {"objectClass": "park", "label": "PARK / PUBLIC SPACE", "sourceId": "0791-000", "provider": "Ville de Montréal", "providerKey": "ville-montreal", "dataset": "Grands parcs, parcs d'arrondissements et espaces publics", "datasetId": "2e9e4d2f-173a-4c3d-a5e3-565d79baa27d", "identityField": "NUM_INDEX", "sourceName": "Square des Frères-Charon", "license": "CC-BY 4.0", "retrievedAt": "2026-08-19T15:59:50Z", "sourceUrl": "https://donnees.montreal.ca/dataset/2e9e4d2f-173a-4c3d-a5e3-565d79baa27d/resource/35796624-15df-4503-a569-797665f8768e/download/espace_vert.json", "updateDate": "2026-07-28", "geometryType": "Polygon", "legalNote": "Park/public-space polygons are representational and are not a legal cadastral reference."}, "source": {"OBJECTID": "4774", "Type": "Square", "Lien": "des", "Nom": "Frères-Charon", "NUM_INDEX": "0791-000", "SUPERFICIE": "0.11676306879929928", "PROPRIETE": "Ville de Montréal", "GESTION": "Ville-Marie", "COMPETENCE": "Arrondissement", "TYPO1": "Parc d'arrondissement", "TYPO2": "Place publique"}}, "geometry": {"type": "Polygon", "coordinates": [[[-73.5550452153, 45.4990344888], [-73.5550435113, 45.4990322311], [-73.5550397854, 45.4990299114], [-73.5550214673, 45.4990225239], [-73.5549137374, 45.4989818694], [-73.5548787918, 45.4989686774], [-73.5547345037, 45.4989142286], [-73.5547107971, 45.4989052781], [-73.5546915211, 45.4988997267], [-73.5546765102, 45.4988982314], [-73.5546641624, 45.4988984265], [-73.554653735, 45.4988996465], [-73.5546446406, 45.4989031333], [-73.5544674176, 45.4991371579], [-73.5544633158, 45.4991428918], [-73.5544617727, 45.4991482825], [-73.5544630696, 45.499152799], [-73.5544678468, 45.4991572688], [-73.5544749138, 45.4991610715], [-73.554869351, 45.4992958592], [-73.5550464084, 45.4990375386], [-73.5550452153, 45.4990344888]]]}}, {"type": "Feature", "id": "ville-montreal/park/0393-000", "properties": {"lab": {"objectClass": "park", "label": "PARK / PUBLIC SPACE", "sourceId": "0393-000", "provider": "Ville de Montréal", "providerKey": "ville-montreal", "dataset": "Grands parcs, parcs d'arrondissements et espaces publics", "datasetId": "2e9e4d2f-173a-4c3d-a5e3-565d79baa27d", "identityField": "NUM_INDEX", "sourceName": "Place d' Armes", "license": "CC-BY 4.0", "retrievedAt": "2026-08-19T15:59:50Z", "sourceUrl": "https://donnees.montreal.ca/dataset/2e9e4d2f-173a-4c3d-a5e3-565d79baa27d/resource/35796624-15df-4503-a569-797665f8768e/download/espace_vert.json", "updateDate": "2026-07-28", "geometryType": "Polygon", "legalNote": "Park/public-space polygons are representational and are not a legal cadastral reference."}, "source": {"OBJECTID": "4776", "Type": "Place", "Lien": "d'", "Nom": "Armes", "NUM_INDEX": "0393-000", "SUPERFICIE": "0.28820573868811317", "PROPRIETE": "Ville de Montréal", "GESTION": "Ville-Marie", "COMPETENCE": "Arrondissement", "TYPO1": "Parc d'arrondissement", "TYPO2": "Place publique"}}, "geometry": {"type": "Polygon", "coordinates": [[[-73.5577268297, 45.5047392665], [-73.557691846, 45.504725458], [-73.5574902926, 45.504646467], [-73.5572897924, 45.5045677367], [-73.5570991654, 45.504493028], [-73.5570593731, 45.5044773597], [-73.5569763207, 45.5045880643], [-73.5568459947, 45.5047614209], [-73.5567463829, 45.5048942015], [-73.5567887814, 45.5049063726], [-73.5569731273, 45.5049593423], [-73.5571867314, 45.5050207417], [-73.5574043058, 45.5050834929], [-73.5574415143, 45.5050938161], [-73.5574692305, 45.5050592531], [-73.557510212, 45.5050084605], [-73.5576334694, 45.5048551566], [-73.5576992402, 45.5047731787], [-73.5577268297, 45.5047392665]]]}}, {"type": "Feature", "id": "ville-montreal/park/0672-000", "properties": {"lab": {"objectClass": "park", "label": "PARK / PUBLIC SPACE", "sourceId": "0672-000", "provider": "Ville de Montréal", "providerKey": "ville-montreal", "dataset": "Grands parcs, parcs d'arrondissements et espaces publics", "datasetId": "2e9e4d2f-173a-4c3d-a5e3-565d79baa27d", "identityField": "NUM_INDEX", "sourceName": "Jardins de la Basilique Saint-Patrick", "license": "CC-BY 4.0", "retrievedAt": "2026-08-19T15:59:50Z", "sourceUrl": "https://donnees.montreal.ca/dataset/2e9e4d2f-173a-4c3d-a5e3-565d79baa27d/resource/35796624-15df-4503-a569-797665f8768e/download/espace_vert.json", "updateDate": "2026-07-28", "geometryType": "Polygon", "legalNote": "Park/public-space polygons are representational and are not a legal cadastral reference."}, "source": {"OBJECTID": "4869", "Type": null, "Lien": null, "Nom": "Jardins de la Basilique Saint-Patrick", "NUM_INDEX": "0672-000", "SUPERFICIE": "1.5415975819558325", "PROPRIETE": "Institutionnel", "GESTION": "Autre", "COMPETENCE": "Privé", "TYPO1": "Autre espace vert", "TYPO2": "Espace institutionnel"}}, "geometry": {"type": "Polygon", "coordinates": [[[-73.5641780496, 45.5023805545], [-73.5641672666, 45.5023950255], [-73.5640475111, 45.5025641103], [-73.5635597028, 45.5032557799], [-73.5635455854, 45.5032769883], [-73.5635657764, 45.5032871458], [-73.5636138789, 45.5033112091], [-73.5636956016, 45.5033504169], [-73.5637249724, 45.5033648077], [-73.5643246485, 45.5036599857], [-73.564447113, 45.5037185621], [-73.5645984626, 45.5037909622], [-73.5646553744, 45.5038185474], [-73.564839311, 45.5039076124], [-73.5650702273, 45.5040212617], [-73.5652960876, 45.5041324295], [-73.5656261243, 45.5037410258], [-73.5657336871, 45.5036110633], [-73.565804741, 45.5035267887], [-73.5658154884, 45.5035139868], [-73.5658165708, 45.5035126976], [-73.5650313136, 45.5031369349], [-73.5651412881, 45.5030234676], [-73.5643958234, 45.5026678112], [-73.5645124559, 45.5025539278], [-73.5644804713, 45.5025397005], [-73.5644903465, 45.5025294953], [-73.5641928569, 45.5023871676], [-73.5641780496, 45.5023805545]]]}}, {"type": "Feature", "id": "ville-montreal/park/4872", "properties": {"lab": {"objectClass": "park", "label": "PARK / PUBLIC SPACE", "sourceId": "4872", "provider": "Ville de Montréal", "providerKey": "ville-montreal", "dataset": "Grands parcs, parcs d'arrondissements et espaces publics", "datasetId": "2e9e4d2f-173a-4c3d-a5e3-565d79baa27d", "identityField": "NUM_INDEX", "sourceName": "Boulevard Robert-Bourassa", "license": "CC-BY 4.0", "retrievedAt": "2026-08-19T15:59:50Z", "sourceUrl": "https://donnees.montreal.ca/dataset/2e9e4d2f-173a-4c3d-a5e3-565d79baa27d/resource/35796624-15df-4503-a569-797665f8768e/download/espace_vert.json", "updateDate": "2026-07-28", "geometryType": "Polygon", "legalNote": "Park/public-space polygons are representational and are not a legal cadastral reference."}, "source": {"OBJECTID": "4872", "Type": null, "Lien": null, "Nom": "Boulevard Robert-Bourassa", "NUM_INDEX": null, "SUPERFICIE": "0.24510461104918438", "PROPRIETE": "Ville de Montréal", "GESTION": "Ville-Marie", "COMPETENCE": "Arrondissement", "TYPO1": "Parc d'arrondissement", "TYPO2": "Parc linéaire"}}, "geometry": {"type": "Polygon", "coordinates": [[[-73.5617073349, 45.497952451], [-73.5617057016, 45.4979554321], [-73.5616920096, 45.4979893986], [-73.5617235282, 45.498004147], [-73.5617294684, 45.4980069331], [-73.5617224257, 45.4980138116], [-73.5617274332, 45.4980179209], [-73.5617404193, 45.4980283425], [-73.5617614862, 45.4980449772], [-73.5618344953, 45.4981012376], [-73.5619438672, 45.4981902036], [-73.5620172492, 45.4982593128], [-73.5621230507, 45.4983702627], [-73.5622362855, 45.4984913759], [-73.5623406179, 45.4985920592], [-73.562402427, 45.49864352], [-73.5624432959, 45.4986775455], [-73.5625013643, 45.4987249052], [-73.5625687219, 45.4987739367], [-73.5626567138, 45.4988304708], [-73.5629233087, 45.4985523868], [-73.5617116416, 45.4979545937], [-73.5617073349, 45.497952451]]]}}, {"type": "Feature", "id": "ville-montreal/park/0392-001", "properties": {"lab": {"objectClass": "park", "label": "PARK / PUBLIC SPACE", "sourceId": "0392-001", "provider": "Ville de Montréal", "providerKey": "ville-montreal", "dataset": "Grands parcs, parcs d'arrondissements et espaces publics", "datasetId": "2e9e4d2f-173a-4c3d-a5e3-565d79baa27d", "identityField": "NUM_INDEX", "sourceName": "Place d' Youville", "license": "CC-BY 4.0", "retrievedAt": "2026-08-19T15:59:50Z", "sourceUrl": "https://donnees.montreal.ca/dataset/2e9e4d2f-173a-4c3d-a5e3-565d79baa27d/resource/35796624-15df-4503-a569-797665f8768e/download/espace_vert.json", "updateDate": "2026-07-28", "geometryType": "MultiPolygon", "legalNote": "Park/public-space polygons are representational and are not a legal cadastral reference."}, "source": {"OBJECTID": "4880", "Type": "Place", "Lien": "d'", "Nom": "Youville", "NUM_INDEX": "0392-001", "SUPERFICIE": "0.16380026599974348", "PROPRIETE": "Ville de Montréal", "GESTION": "Ville-Marie", "COMPETENCE": "Arrondissement", "TYPO1": "Parc d'arrondissement", "TYPO2": "Place publique"}}, "geometry": {"type": "MultiPolygon", "coordinates": [[[[-73.5556783421, 45.5009947076], [-73.5556743927, 45.5009865483], [-73.5556675525, 45.5009794791], [-73.5556596518, 45.5009739402], [-73.5554894066, 45.5009031368], [-73.555472311, 45.5009029472], [-73.5554595013, 45.5009020087], [-73.5554522476, 45.5009035509], [-73.5553715035, 45.5010527425], [-73.5553040978, 45.5011816007], [-73.5552111899, 45.5013481909], [-73.5551387205, 45.5014803173], [-73.5550481958, 45.501649704], [-73.5549532884, 45.5018251571], [-73.5549641841, 45.5018314055], [-73.5549774352, 45.5018386067], [-73.5550650368, 45.5018646502], [-73.5550779765, 45.5018677034], [-73.5550970133, 45.5018642301], [-73.5552250378, 45.5016524176], [-73.555345932, 45.5014498309], [-73.5554176061, 45.5013282412], [-73.5556783421, 45.5009947076]]], [[[-73.556461629, 45.5001406416], [-73.5563786824, 45.5001035698], [-73.5564045781, 45.5000749245], [-73.5562863527, 45.5000213283], [-73.5562605594, 45.5000499015], [-73.556141331, 45.4999963623], [-73.5558143527, 45.5003697657], [-73.5554743427, 45.5007580492], [-73.55546817, 45.5007668415], [-73.5554642864, 45.5007768628], [-73.5554634165, 45.5007821424], [-73.5554633235, 45.5007875899], [-73.5554640533, 45.5007930748], [-73.555465611, 45.5007985052], [-73.5554679785, 45.5008037895], [-73.5554711097, 45.5008088386], [-73.5554749328, 45.5008135769], [-73.5554793224, 45.5008179029], [-73.555489609, 45.5008253572], [-73.5555010555, 45.5008309583], [-73.5557063022, 45.5009125565], [-73.5557142549, 45.5009150927], [-73.5557230934, 45.5009166343], [-73.5557325371, 45.5009169796], [-73.5557420806, 45.5009160022], [-73.5557511609, 45.5009137185], [-73.5557592726, 45.500910298], [-73.5557660501, 45.5009060214], [-73.5557713811, 45.5009011598], [-73.556461629, 45.5001406416]]]]}}, {"type": "Feature", "id": "ville-montreal/park/0267-001", "properties": {"lab": {"objectClass": "park", "label": "PARK / PUBLIC SPACE", "sourceId": "0267-001", "provider": "Ville de Montréal", "providerKey": "ville-montreal", "dataset": "Grands parcs, parcs d'arrondissements et espaces publics", "datasetId": "2e9e4d2f-173a-4c3d-a5e3-565d79baa27d", "identityField": "NUM_INDEX", "sourceName": "Square Dorchester", "license": "CC-BY 4.0", "retrievedAt": "2026-08-19T15:59:50Z", "sourceUrl": "https://donnees.montreal.ca/dataset/2e9e4d2f-173a-4c3d-a5e3-565d79baa27d/resource/35796624-15df-4503-a569-797665f8768e/download/espace_vert.json", "updateDate": "2026-07-28", "geometryType": "Polygon", "legalNote": "Park/public-space polygons are representational and are not a legal cadastral reference."}, "source": {"OBJECTID": "4894", "Type": "Square", "Lien": null, "Nom": "Dorchester", "NUM_INDEX": "0267-001", "SUPERFICIE": "0.9673714305543709", "PROPRIETE": "Ville de Montréal", "GESTION": "Ville-Marie", "COMPETENCE": "Arrondissement", "TYPO1": "Parc d'arrondissement", "TYPO2": "Place publique"}}, "geometry": {"type": "Polygon", "coordinates": [[[-73.5717798605, 45.4996180172], [-73.5717647897, 45.4996101623], [-73.5716593092, 45.49955713], [-73.5716159424, 45.4995358764], [-73.5715420396, 45.4995006228], [-73.5712353028, 45.4993543058], [-73.5708771434, 45.4991795195], [-73.5703977292, 45.4989494184], [-73.5703896627, 45.4989472907], [-73.5703772845, 45.4989476113], [-73.5703663072, 45.4989497145], [-73.5703558519, 45.4989538077], [-73.5703491001, 45.4989613091], [-73.5700733831, 45.4992506748], [-73.5698757173, 45.4994557447], [-73.5698726191, 45.4994616242], [-73.5698706236, 45.4994683255], [-73.569871043, 45.4994742821], [-73.5698713294, 45.4994781961], [-73.5698752917, 45.4994849523], [-73.569881931, 45.4994897444], [-73.5698887642, 45.4994940045], [-73.5701434456, 45.4996175222], [-73.5703688521, 45.4997253289], [-73.5707527312, 45.4999124193], [-73.5710764021, 45.5000687073], [-73.571090728, 45.5000693607], [-73.5711946383, 45.5001201996], [-73.5712657217, 45.500151686], [-73.5714061038, 45.5000083786], [-73.5714175285, 45.4999967187], [-73.5714757018, 45.4999387068], [-73.5715147041, 45.4998988203], [-73.5715154077, 45.4998986489], [-73.5715176334, 45.4998980266], [-73.5715197822, 45.4998972694], [-73.5715218156, 45.4998963773], [-73.5715237337, 45.4998953683], [-73.5715255109, 45.4998942425], [-73.5715271472, 45.4998930087], [-73.5715285851, 45.4998917255], [-73.5715299332, 45.4998902715], [-73.5715310574, 45.4998887861], [-73.5715319895, 45.4998872288], [-73.5715327168, 45.4998856266], [-73.5715332521, 45.4998839796], [-73.5715335699, 45.4998823148], [-73.5715336829, 45.499880632], [-73.571533643, 45.4998794443], [-73.5715726836, 45.4998395127], [-73.5716283858, 45.4997805574], [-73.5717798605, 45.4996180172]]]}}, {"type": "Feature", "id": "ville-montreal/park/1153-000", "properties": {"lab": {"objectClass": "park", "label": "PARK / PUBLIC SPACE", "sourceId": "1153-000", "provider": "Ville de Montréal", "providerKey": "ville-montreal", "dataset": "Grands parcs, parcs d'arrondissements et espaces publics", "datasetId": "2e9e4d2f-173a-4c3d-a5e3-565d79baa27d", "identityField": "NUM_INDEX", "sourceName": "Place des Festivals", "license": "CC-BY 4.0", "retrievedAt": "2026-08-19T15:59:50Z", "sourceUrl": "https://donnees.montreal.ca/dataset/2e9e4d2f-173a-4c3d-a5e3-565d79baa27d/resource/35796624-15df-4503-a569-797665f8768e/download/espace_vert.json", "updateDate": "2026-07-28", "geometryType": "Polygon", "legalNote": "Park/public-space polygons are representational and are not a legal cadastral reference."}, "source": {"OBJECTID": "4895", "Type": "Place", "Lien": "des", "Nom": "Festivals", "NUM_INDEX": "1153-000", "SUPERFICIE": "0.6089492411441884", "PROPRIETE": "Ville de Montréal", "GESTION": "Ville-Marie", "COMPETENCE": "Arrondissement", "TYPO1": "Parc d'arrondissement", "TYPO2": "Place publique"}}, "geometry": {"type": "Polygon", "coordinates": [[[-73.568405305, 45.507748305], [-73.5679297548, 45.5075256658], [-73.5676296565, 45.5073847957], [-73.567084055, 45.5071290885], [-73.5668892348, 45.5070381487], [-73.5667283235, 45.5069628277], [-73.5665728066, 45.5068898253], [-73.5665029251, 45.5069690146], [-73.5664123404, 45.5070724032], [-73.5663954324, 45.5070916603], [-73.5663370921, 45.5071577495], [-73.5664934314, 45.5072305254], [-73.5668585525, 45.5074003355], [-73.5673234769, 45.5076170394], [-73.5676916741, 45.507788239], [-73.5682426497, 45.5080446944], [-73.568405305, 45.507748305]]]}}, {"type": "Feature", "id": "ville-montreal/park/0273-000", "properties": {"lab": {"objectClass": "park", "label": "PARK / PUBLIC SPACE", "sourceId": "0273-000", "provider": "Ville de Montréal", "providerKey": "ville-montreal", "dataset": "Grands parcs, parcs d'arrondissements et espaces publics", "datasetId": "2e9e4d2f-173a-4c3d-a5e3-565d79baa27d", "identityField": "NUM_INDEX", "sourceName": "Place du Canada", "license": "CC-BY 4.0", "retrievedAt": "2026-08-19T15:59:50Z", "sourceUrl": "https://donnees.montreal.ca/dataset/2e9e4d2f-173a-4c3d-a5e3-565d79baa27d/resource/35796624-15df-4503-a569-797665f8768e/download/espace_vert.json", "updateDate": "2026-07-28", "geometryType": "Polygon", "legalNote": "Park/public-space polygons are representational and are not a legal cadastral reference."}, "source": {"OBJECTID": "4898", "Type": "Place", "Lien": "du", "Nom": "Canada", "NUM_INDEX": "0273-000", "SUPERFICIE": "1.196835291424549", "PROPRIETE": "Ville de Montréal", "GESTION": "Ville-Marie", "COMPETENCE": "Arrondissement", "TYPO1": "Parc d'arrondissement", "TYPO2": "Place publique"}}, "geometry": {"type": "Polygon", "coordinates": [[[-73.5700879406, 45.4987229775], [-73.5700859383, 45.4987180072], [-73.5700819462, 45.4987140225], [-73.5699740295, 45.4986126143], [-73.5699569917, 45.4985968587], [-73.5699390524, 45.4985815464], [-73.5699202475, 45.4985667169], [-73.5699006179, 45.4985524044], [-73.5698802059, 45.498538643], [-73.5698590615, 45.4985254634], [-73.5698372345, 45.4985128942], [-73.5698147776, 45.4985009607], [-73.5694900128, 45.4983451161], [-73.5690299607, 45.4981241761], [-73.5686415454, 45.4979379342], [-73.5686244819, 45.4979308968], [-73.5686063811, 45.4979252853], [-73.5685996553, 45.4979238163], [-73.5685925863, 45.4979231275], [-73.5685854517, 45.4979232604], [-73.568578537, 45.4979241949], [-73.5684564649, 45.4979525567], [-73.5683906013, 45.49796899], [-73.5679883548, 45.4980669811], [-73.5679154294, 45.498084705], [-73.5678590712, 45.4981001786], [-73.5678198562, 45.4981133208], [-73.5677842907, 45.4981288544], [-73.5677701316, 45.4981355402], [-73.5677569196, 45.4981435427], [-73.567745013, 45.4981527539], [-73.5677347287, 45.4981630044], [-73.5677263251, 45.498174069], [-73.5677199708, 45.4981856876], [-73.5677157369, 45.4981975839], [-73.5677151688, 45.4982007552], [-73.5677136028, 45.4982094826], [-73.5677146406, 45.4982191371], [-73.5677173762, 45.4982287007], [-73.5677217672, 45.4982379546], [-73.5677276943, 45.498246693], [-73.567733303, 45.4982535113], [-73.5677399503, 45.498259907], [-73.5677475297, 45.4982657668], [-73.5677559055, 45.4982709971], [-73.567948088, 45.4983650829], [-73.5681028076, 45.4984404017], [-73.5682944752, 45.4985340318], [-73.5684294962, 45.4986001367], [-73.5686191674, 45.4986924004], [-73.5688814627, 45.498820533], [-73.5690663989, 45.4989108614], [-73.5692381266, 45.4989947023], [-73.5694137038, 45.4990806364], [-73.5694825735, 45.4991141867], [-73.5696149832, 45.4991788779], [-73.5696222432, 45.4991817341], [-73.5696303093, 45.4991835766], [-73.5696387336, 45.499184268], [-73.569647026, 45.4991838006], [-73.5696553706, 45.4991821597], [-73.5696632262, 45.4991792855], [-73.569670058, 45.4991753249], [-73.5696754673, 45.4991705643], [-73.5697296033, 45.4991137002], [-73.569888557, 45.4989431519], [-73.5700846565, 45.4987326022], [-73.5700874147, 45.4987281302], [-73.5700879406, 45.4987229775]]]}}, {"type": "Feature", "id": "ville-montreal/park/1118-000", "properties": {"lab": {"objectClass": "park", "label": "PARK / PUBLIC SPACE", "sourceId": "1118-000", "provider": "Ville de Montréal", "providerKey": "ville-montreal", "dataset": "Grands parcs, parcs d'arrondissements et espaces publics", "datasetId": "2e9e4d2f-173a-4c3d-a5e3-565d79baa27d", "identityField": "NUM_INDEX", "sourceName": "Place de La Paix", "license": "CC-BY 4.0", "retrievedAt": "2026-08-19T15:59:50Z", "sourceUrl": "https://donnees.montreal.ca/dataset/2e9e4d2f-173a-4c3d-a5e3-565d79baa27d/resource/35796624-15df-4503-a569-797665f8768e/download/espace_vert.json", "updateDate": "2026-07-28", "geometryType": "Polygon", "legalNote": "Park/public-space polygons are representational and are not a legal cadastral reference."}, "source": {"OBJECTID": "4901", "Type": "Place", "Lien": "de", "Nom": "La Paix", "NUM_INDEX": "1118-000", "SUPERFICIE": "0.188990427601082", "PROPRIETE": "Ville de Montréal", "GESTION": "Ville-Marie", "COMPETENCE": "Arrondissement", "TYPO1": "Parc d'arrondissement", "TYPO2": "Place publique"}}, "geometry": {"type": "Polygon", "coordinates": [[[-73.5624967793, 45.5093563794], [-73.5624918235, 45.5093424708], [-73.5624810351, 45.5093315528], [-73.5624609545, 45.5093201359], [-73.562155916, 45.5091795246], [-73.5621447138, 45.5091762283], [-73.5621334247, 45.5091753346], [-73.5621222284, 45.5091773563], [-73.5621103567, 45.5091819069], [-73.5621028616, 45.5091861132], [-73.562094205, 45.5091931996], [-73.5620859337, 45.5092013835], [-73.5618023544, 45.5095293269], [-73.5617971275, 45.5095361684], [-73.5617927849, 45.5095441612], [-73.5617930619, 45.5095515757], [-73.561795565, 45.509558269], [-73.5618010998, 45.509563548], [-73.5618070171, 45.509567612], [-73.5618133825, 45.5095717928], [-73.5621392315, 45.5097229307], [-73.5621493844, 45.5097263265], [-73.5621628896, 45.5097288747], [-73.5621746763, 45.5097282924], [-73.5621857933, 45.5097240211], [-73.5621939155, 45.5097196435], [-73.5624189659, 45.5094596502], [-73.562475948, 45.5093945345], [-73.5624873235, 45.5093811838], [-73.5624945421, 45.509370022], [-73.5624967793, 45.5093563794]]]}}, {"type": "Feature", "id": "ville-montreal/park/1313-000", "properties": {"lab": {"objectClass": "park", "label": "PARK / PUBLIC SPACE", "sourceId": "1313-000", "provider": "Ville de Montréal", "providerKey": "ville-montreal", "dataset": "Grands parcs, parcs d'arrondissements et espaces publics", "datasetId": "2e9e4d2f-173a-4c3d-a5e3-565d79baa27d", "identityField": "NUM_INDEX", "sourceName": "Placette Saint-Dizier", "license": "CC-BY 4.0", "retrievedAt": "2026-08-19T15:59:50Z", "sourceUrl": "https://donnees.montreal.ca/dataset/2e9e4d2f-173a-4c3d-a5e3-565d79baa27d/resource/35796624-15df-4503-a569-797665f8768e/download/espace_vert.json", "updateDate": "2026-07-28", "geometryType": "Polygon", "legalNote": "Park/public-space polygons are representational and are not a legal cadastral reference."}, "source": {"OBJECTID": "4938", "Type": "Placette", "Lien": null, "Nom": "Saint-Dizier", "NUM_INDEX": "1313-000", "SUPERFICIE": "0.0013172658330993304", "PROPRIETE": "Ville de Montréal", "GESTION": "Ville-Marie", "COMPETENCE": "Arrondissement", "TYPO1": "Parc d'arrondissement", "TYPO2": "Place publique"}}, "geometry": {"type": "Polygon", "coordinates": [[[-73.5540815503, 45.5053111345], [-73.5541088485, 45.5052628834], [-73.5541107966, 45.5052587449], [-73.5541016749, 45.505256129], [-73.5540439551, 45.5052916244], [-73.5540815503, 45.5053111345]]]}}, {"type": "Feature", "id": "ville-montreal/park/1208-000", "properties": {"lab": {"objectClass": "park", "label": "PARK / PUBLIC SPACE", "sourceId": "1208-000", "provider": "Ville de Montréal", "providerKey": "ville-montreal", "dataset": "Grands parcs, parcs d'arrondissements et espaces publics", "datasetId": "2e9e4d2f-173a-4c3d-a5e3-565d79baa27d", "identityField": "NUM_INDEX", "sourceName": "Place Jean-Paul-Riopelle", "license": "CC-BY 4.0", "retrievedAt": "2026-08-19T15:59:50Z", "sourceUrl": "https://donnees.montreal.ca/dataset/2e9e4d2f-173a-4c3d-a5e3-565d79baa27d/resource/35796624-15df-4503-a569-797665f8768e/download/espace_vert.json", "updateDate": "2026-07-28", "geometryType": "Polygon", "legalNote": "Park/public-space polygons are representational and are not a legal cadastral reference."}, "source": {"OBJECTID": "5218", "Type": "Place", "Lien": null, "Nom": "Jean-Paul-Riopelle", "NUM_INDEX": "1208-000", "SUPERFICIE": "0.30122297955409155", "PROPRIETE": "Ville de Montréal", "GESTION": "Ville-Marie", "COMPETENCE": "Arrondissement", "TYPO1": "Parc d'arrondissement", "TYPO2": "Place publique"}}, "geometry": {"type": "Polygon", "coordinates": [[[-73.5618394239, 45.5034813787], [-73.5615331723, 45.5033378924], [-73.5615306035, 45.5033410343], [-73.5607661248, 45.5029835954], [-73.5605709455, 45.5032118133], [-73.5615403981, 45.5036680015], [-73.5616504884, 45.5037198095], [-73.5618394239, 45.5034813787]]]}}, {"type": "Feature", "id": "ville-montreal/park/5376", "properties": {"lab": {"objectClass": "park", "label": "PARK / PUBLIC SPACE", "sourceId": "5376", "provider": "Ville de Montréal", "providerKey": "ville-montreal", "dataset": "Grands parcs, parcs d'arrondissements et espaces publics", "datasetId": "2e9e4d2f-173a-4c3d-a5e3-565d79baa27d", "identityField": "NUM_INDEX", "sourceName": "Boulevard Robert-Bourassa", "license": "CC-BY 4.0", "retrievedAt": "2026-08-19T15:59:50Z", "sourceUrl": "https://donnees.montreal.ca/dataset/2e9e4d2f-173a-4c3d-a5e3-565d79baa27d/resource/35796624-15df-4503-a569-797665f8768e/download/espace_vert.json", "updateDate": "2026-07-28", "geometryType": "Polygon", "legalNote": "Park/public-space polygons are representational and are not a legal cadastral reference."}, "source": {"OBJECTID": "5376", "Type": null, "Lien": null, "Nom": "Boulevard Robert-Bourassa", "NUM_INDEX": null, "SUPERFICIE": "0.26879120167016024", "PROPRIETE": "Ville de Montréal", "GESTION": "Ville-Marie", "COMPETENCE": "Arrondissement", "TYPO1": "Parc d'arrondissement", "TYPO2": "Parc linéaire"}}, "geometry": {"type": "Polygon", "coordinates": [[[-73.5547684965, 45.4955115262], [-73.5547777333, 45.4955240212], [-73.554805104, 45.4955593206], [-73.5548245346, 45.4955827678], [-73.5548626728, 45.4956267137], [-73.5549029087, 45.4956697244], [-73.5549425268, 45.4957088095], [-73.5549840762, 45.4957468893], [-73.5550292548, 45.4957853776], [-73.5550754923, 45.495823239], [-73.5551168826, 45.4958542108], [-73.5551593865, 45.4958844297], [-73.5552012715, 45.495912375], [-73.5552442995, 45.4959394469], [-73.5552903897, 45.4959667826], [-73.5553766221, 45.4960140264], [-73.55541658, 45.4960340028], [-73.5555186816, 45.4960802377], [-73.5555274551, 45.4960928498], [-73.5555547798, 45.4959026108], [-73.5555691224, 45.4958069649], [-73.5555696667, 45.4958033338], [-73.555485071, 45.4957421525], [-73.5555672723, 45.4957195695], [-73.5555762566, 45.49570811], [-73.5555601277, 45.4957007486], [-73.5555550152, 45.4957067441], [-73.5554822983, 45.4956779057], [-73.5554151148, 45.4956510539], [-73.5553487544, 45.49562321], [-73.5552966426, 45.4955990859], [-73.5552238304, 45.4955636506], [-73.5551645425, 45.495531939], [-73.5551065791, 45.495499039], [-73.5550481874, 45.4954635682], [-73.5549918416, 45.4954264983], [-73.5549398391, 45.4953900038], [-73.55488977, 45.4953521963], [-73.5548358598, 45.4953086614], [-73.5547841545, 45.4952638224], [-73.554737882, 45.4952203304], [-73.5546939448, 45.4951756566], [-73.5546525433, 45.4951304406], [-73.5546135592, 45.4950841742], [-73.5545773241, 45.4950371433], [-73.5545425626, 45.4949895646], [-73.5545208128, 45.4949563605], [-73.5544992464, 45.4949222323], [-73.5545166939, 45.4949688173], [-73.5545355917, 45.4950146808], [-73.5545491649, 45.4950499108], [-73.5545647751, 45.4950908529], [-73.5545791631, 45.4951271777], [-73.5545914196, 45.4951651844], [-73.5545932, 45.4951798644], [-73.5546281301, 45.4952660299], [-73.5546432694, 45.4952997266], [-73.5546595984, 45.4953331466], [-73.5546771018, 45.4953662599], [-73.554694072, 45.4953969656], [-73.5547121129, 45.4954273783], [-73.5547312117, 45.495457471], [-73.5547513478, 45.4954872149], [-73.5547684965, 45.4955115262]]]}}, {"type": "Feature", "id": "ville-montreal/park/0314-000", "properties": {"lab": {"objectClass": "park", "label": "PARK / PUBLIC SPACE", "sourceId": "0314-000", "provider": "Ville de Montréal", "providerKey": "ville-montreal", "dataset": "Grands parcs, parcs d'arrondissements et espaces publics", "datasetId": "2e9e4d2f-173a-4c3d-a5e3-565d79baa27d", "identityField": "NUM_INDEX", "sourceName": "Bonaventure / Brennan", "license": "CC-BY 4.0", "retrievedAt": "2026-08-19T15:59:50Z", "sourceUrl": "https://donnees.montreal.ca/dataset/2e9e4d2f-173a-4c3d-a5e3-565d79baa27d/resource/35796624-15df-4503-a569-797665f8768e/download/espace_vert.json", "updateDate": "2026-07-28", "geometryType": "Polygon", "legalNote": "Park/public-space polygons are representational and are not a legal cadastral reference."}, "source": {"OBJECTID": "5377", "Type": null, "Lien": null, "Nom": "Bonaventure / Brennan", "NUM_INDEX": "0314-000", "SUPERFICIE": "0.1706456256144148", "PROPRIETE": "Ville de Montréal", "GESTION": "Ville-Marie", "COMPETENCE": "Arrondissement", "TYPO1": "Espace voirie", "TYPO2": "Îlot de voirie"}}, "geometry": {"type": "Polygon", "coordinates": [[[-73.5544296235, 45.4956414105], [-73.5544273554, 45.4956377574], [-73.5544098977, 45.4956139978], [-73.5543820988, 45.4955730825], [-73.5543556148, 45.49553174], [-73.5543297249, 45.4954879019], [-73.554306199, 45.4954434264], [-73.5542837963, 45.4953986777], [-73.5542628239, 45.4953535918], [-73.5542354388, 45.4952918403], [-73.5542106227, 45.495229544], [-73.554198486, 45.4951964161], [-73.5541962391, 45.4951920467], [-73.5541929816, 45.4951880404], [-73.5541887893, 45.4951844899], [-73.5541831873, 45.4951812461], [-73.5540429705, 45.4952727386], [-73.5538861862, 45.4953742788], [-73.5536915441, 45.4954995636], [-73.5536976421, 45.495505326], [-73.5537040478, 45.4955089898], [-73.5543243942, 45.4957459799], [-73.554332362, 45.4957490102], [-73.5543421796, 45.495751577], [-73.5544296235, 45.4956414105]]]}}, {"type": "Feature", "id": "ville-montreal/park/5378", "properties": {"lab": {"objectClass": "park", "label": "PARK / PUBLIC SPACE", "sourceId": "5378", "provider": "Ville de Montréal", "providerKey": "ville-montreal", "dataset": "Grands parcs, parcs d'arrondissements et espaces publics", "datasetId": "2e9e4d2f-173a-4c3d-a5e3-565d79baa27d", "identityField": "NUM_INDEX", "sourceName": "Boulevard Robert-Bourassa", "license": "CC-BY 4.0", "retrievedAt": "2026-08-19T15:59:50Z", "sourceUrl": "https://donnees.montreal.ca/dataset/2e9e4d2f-173a-4c3d-a5e3-565d79baa27d/resource/35796624-15df-4503-a569-797665f8768e/download/espace_vert.json", "updateDate": "2026-07-28", "geometryType": "Polygon", "legalNote": "Park/public-space polygons are representational and are not a legal cadastral reference."}, "source": {"OBJECTID": "5378", "Type": null, "Lien": null, "Nom": "Boulevard Robert-Bourassa", "NUM_INDEX": null, "SUPERFICIE": "0.17916070742308315", "PROPRIETE": "Ville de Montréal", "GESTION": "Ville-Marie", "COMPETENCE": "Arrondissement", "TYPO1": "Parc d'arrondissement", "TYPO2": "Parc linéaire"}}, "geometry": {"type": "Polygon", "coordinates": [[[-73.5624780032, 45.4990232411], [-73.5624838481, 45.4990253604], [-73.5624868645, 45.4990257222], [-73.5624901874, 45.499025607], [-73.5624933946, 45.4990249834], [-73.5624960959, 45.4990239731], [-73.5625006808, 45.4990206844], [-73.5625084257, 45.4990125965], [-73.5625154638, 45.4990052486], [-73.5625173535, 45.4990016745], [-73.5625177393, 45.4989977557], [-73.5625165003, 45.4989939249], [-73.5625139197, 45.4989906861], [-73.5625039155, 45.4989841299], [-73.5624753346, 45.4989654031], [-73.5624391516, 45.4989386402], [-73.562365365, 45.4988811361], [-73.562327774, 45.4988503346], [-73.5622719717, 45.4988041226], [-73.5622311992, 45.4987693232], [-73.5621913693, 45.4987340275], [-73.5621584128, 45.4987052883], [-73.5621262428, 45.4986760835], [-73.5620496015, 45.4986052102], [-73.5619886732, 45.4985457168], [-73.5619313545, 45.498487212], [-73.5618734113, 45.4984226805], [-73.5618304122, 45.4983778545], [-73.5617859961, 45.4983336987], [-73.5617404254, 45.498290149], [-73.5616775546, 45.4982379069], [-73.5614994349, 45.4985794776], [-73.5617734789, 45.4986912197], [-73.5618399874, 45.4987184069], [-73.5619056257, 45.4987466041], [-73.5620411805, 45.4988056646], [-73.5621693888, 45.4988650773], [-73.5622959778, 45.4989270631], [-73.5624780032, 45.4990232411]]]}}, {"type": "Feature", "id": "ville-montreal/park/5393", "properties": {"lab": {"objectClass": "park", "label": "PARK / PUBLIC SPACE", "sourceId": "5393", "provider": "Ville de Montréal", "providerKey": "ville-montreal", "dataset": "Grands parcs, parcs d'arrondissements et espaces publics", "datasetId": "2e9e4d2f-173a-4c3d-a5e3-565d79baa27d", "identityField": "NUM_INDEX", "sourceName": "Boulevard Robert-Bourassa", "license": "CC-BY 4.0", "retrievedAt": "2026-08-19T15:59:50Z", "sourceUrl": "https://donnees.montreal.ca/dataset/2e9e4d2f-173a-4c3d-a5e3-565d79baa27d/resource/35796624-15df-4503-a569-797665f8768e/download/espace_vert.json", "updateDate": "2026-07-28", "geometryType": "Polygon", "legalNote": "Park/public-space polygons are representational and are not a legal cadastral reference."}, "source": {"OBJECTID": "5393", "Type": null, "Lien": null, "Nom": "Boulevard Robert-Bourassa", "NUM_INDEX": null, "SUPERFICIE": "0.31828329575961367", "PROPRIETE": "Ville de Montréal", "GESTION": "Ville-Marie", "COMPETENCE": "Arrondissement", "TYPO1": "Parc d'arrondissement", "TYPO2": "Parc linéaire"}}, "geometry": {"type": "Polygon", "coordinates": [[[-73.5576017029, 45.4966657169], [-73.5575033146, 45.4967934924], [-73.5579054252, 45.4969436511], [-73.5586326188, 45.4972230712], [-73.5586933732, 45.4971639832], [-73.5586687037, 45.4971512995], [-73.5587213796, 45.4971000794], [-73.5588503164, 45.4969768794], [-73.5576938287, 45.496545307], [-73.5576017029, 45.4966657169]]]}}, {"type": "Feature", "id": "ville-montreal/park/5394", "properties": {"lab": {"objectClass": "park", "label": "PARK / PUBLIC SPACE", "sourceId": "5394", "provider": "Ville de Montréal", "providerKey": "ville-montreal", "dataset": "Grands parcs, parcs d'arrondissements et espaces publics", "datasetId": "2e9e4d2f-173a-4c3d-a5e3-565d79baa27d", "identityField": "NUM_INDEX", "sourceName": "Boulevard Robert-Bourassa", "license": "CC-BY 4.0", "retrievedAt": "2026-08-19T15:59:50Z", "sourceUrl": "https://donnees.montreal.ca/dataset/2e9e4d2f-173a-4c3d-a5e3-565d79baa27d/resource/35796624-15df-4503-a569-797665f8768e/download/espace_vert.json", "updateDate": "2026-07-28", "geometryType": "Polygon", "legalNote": "Park/public-space polygons are representational and are not a legal cadastral reference."}, "source": {"OBJECTID": "5394", "Type": null, "Lien": null, "Nom": "Boulevard Robert-Bourassa", "NUM_INDEX": null, "SUPERFICIE": "0.37974160925450534", "PROPRIETE": "Ville de Montréal", "GESTION": "Ville-Marie", "COMPETENCE": "Arrondissement", "TYPO1": "Parc d'arrondissement", "TYPO2": "Parc linéaire"}}, "geometry": {"type": "Polygon", "coordinates": [[[-73.5572983254, 45.4965485799], [-73.5573887584, 45.4964304964], [-73.5559514889, 45.4958927873], [-73.555933926, 45.4960067302], [-73.5559054471, 45.496196009], [-73.557197822, 45.4966792483], [-73.5572983254, 45.4965485799]]]}}, {"type": "Feature", "id": "ville-montreal/park/5503", "properties": {"lab": {"objectClass": "park", "label": "PARK / PUBLIC SPACE", "sourceId": "5503", "provider": "Ville de Montréal", "providerKey": "ville-montreal", "dataset": "Grands parcs, parcs d'arrondissements et espaces publics", "datasetId": "2e9e4d2f-173a-4c3d-a5e3-565d79baa27d", "identityField": "NUM_INDEX", "sourceName": null, "license": "CC-BY 4.0", "retrievedAt": "2026-08-19T15:59:50Z", "sourceUrl": "https://donnees.montreal.ca/dataset/2e9e4d2f-173a-4c3d-a5e3-565d79baa27d/resource/35796624-15df-4503-a569-797665f8768e/download/espace_vert.json", "updateDate": "2026-07-28", "geometryType": "Polygon", "legalNote": "Park/public-space polygons are representational and are not a legal cadastral reference."}, "source": {"OBJECTID": "5503", "Type": null, "Lien": null, "Nom": null, "NUM_INDEX": null, "SUPERFICIE": "1.603714266713293", "PROPRIETE": null, "GESTION": null, "COMPETENCE": null, "TYPO1": "En cours de validation", "TYPO2": null}}, "geometry": {"type": "Polygon", "coordinates": [[[-73.5558151828, 45.4952914924], [-73.5564051429, 45.4944842214], [-73.5561339909, 45.4943818279], [-73.5561604473, 45.4942517295], [-73.5562638023, 45.4937038366], [-73.5563938736, 45.4930291359], [-73.5565268618, 45.4923680157], [-73.5567384085, 45.4917251066], [-73.5579480887, 45.4921859221], [-73.5579722428, 45.492073945], [-73.5579787236, 45.4920655149], [-73.557977983, 45.4920528655], [-73.5579770938, 45.492037336], [-73.5579745242, 45.4920200967], [-73.5579723352, 45.4920086467], [-73.5579697446, 45.4919972374], [-73.5579667651, 45.4919858778], [-73.5579634056, 45.4919745679], [-73.5579555264, 45.4919521384], [-73.5579352284, 45.4919081997], [-73.5579195292, 45.4918815199], [-73.5578977292, 45.4918504413], [-73.5578776105, 45.4918246518], [-73.5578588415, 45.4918013425], [-73.5578326522, 45.4917704928], [-73.5578048432, 45.491739644], [-73.5577758641, 45.4917093248], [-73.5577684438, 45.4917018348], [-73.5576817659, 45.4916160468], [-73.5568152839, 45.4915342789], [-73.5568206036, 45.4911232752], [-73.5568226371, 45.4909665369], [-73.5565069009, 45.491142925], [-73.5563372988, 45.4912376839], [-73.5561390113, 45.4926337143], [-73.5562320299, 45.4926311546], [-73.5561783577, 45.4929229696], [-73.5561716943, 45.4929591948], [-73.5561597446, 45.4930241677], [-73.5561549315, 45.4930498864], [-73.5560808457, 45.4930516737], [-73.5560666059, 45.4933826173], [-73.5560764407, 45.493522493], [-73.5558472599, 45.4938288303], [-73.5556999367, 45.4938410522], [-73.5555773071, 45.4938108451], [-73.5555370566, 45.4940163128], [-73.5559914172, 45.4941878931], [-73.5558151828, 45.4952914924]]]}}, {"type": "Feature", "id": "ville-montreal/park/5564", "properties": {"lab": {"objectClass": "park", "label": "PARK / PUBLIC SPACE", "sourceId": "5564", "provider": "Ville de Montréal", "providerKey": "ville-montreal", "dataset": "Grands parcs, parcs d'arrondissements et espaces publics", "datasetId": "2e9e4d2f-173a-4c3d-a5e3-565d79baa27d", "identityField": "NUM_INDEX", "sourceName": "Place Oscar-Peterson", "license": "CC-BY 4.0", "retrievedAt": "2026-08-19T15:59:50Z", "sourceUrl": "https://donnees.montreal.ca/dataset/2e9e4d2f-173a-4c3d-a5e3-565d79baa27d/resource/35796624-15df-4503-a569-797665f8768e/download/espace_vert.json", "updateDate": "2026-07-28", "geometryType": "Polygon", "legalNote": "Park/public-space polygons are representational and are not a legal cadastral reference."}, "source": {"OBJECTID": "5564", "Type": "Place", "Lien": null, "Nom": "Oscar-Peterson", "NUM_INDEX": null, "SUPERFICIE": "0.5386699102755343", "PROPRIETE": "Ville de Montréal", "GESTION": "Ville-Marie", "COMPETENCE": "Arrondissement", "TYPO1": "Parc d'arrondissement", "TYPO2": "Promenade urbaine"}}, "geometry": {"type": "Polygon", "coordinates": [[[-73.5728357562, 45.5025900674], [-73.5712868344, 45.5018362543], [-73.5710202315, 45.5021068096], [-73.5725704486, 45.5028612334], [-73.5728357562, 45.5025900674]]]}}, {"type": "Feature", "id": "ville-montreal/park/1341-000", "properties": {"lab": {"objectClass": "park", "label": "PARK / PUBLIC SPACE", "sourceId": "1341-000", "provider": "Ville de Montréal", "providerKey": "ville-montreal", "dataset": "Grands parcs, parcs d'arrondissements et espaces publics", "datasetId": "2e9e4d2f-173a-4c3d-a5e3-565d79baa27d", "identityField": "NUM_INDEX", "sourceName": "Place de Sable-Gris", "license": "CC-BY 4.0", "retrievedAt": "2026-08-19T15:59:50Z", "sourceUrl": "https://donnees.montreal.ca/dataset/2e9e4d2f-173a-4c3d-a5e3-565d79baa27d/resource/35796624-15df-4503-a569-797665f8768e/download/espace_vert.json", "updateDate": "2026-07-28", "geometryType": "Polygon", "legalNote": "Park/public-space polygons are representational and are not a legal cadastral reference."}, "source": {"OBJECTID": "5621", "Type": "Place", "Lien": "de", "Nom": "Sable-Gris", "NUM_INDEX": "1341-000", "SUPERFICIE": "0.07766159038056956", "PROPRIETE": "Ville de Montréal", "GESTION": "Ville-Marie", "COMPETENCE": "Arrondissement", "TYPO1": "Parc d'arrondissement", "TYPO2": "Place publique"}}, "geometry": {"type": "Polygon", "coordinates": [[[-73.5564790952, 45.4979968456], [-73.5567995939, 45.4975768468], [-73.5568409661, 45.4975226302], [-73.5566952926, 45.4974672239], [-73.5563319875, 45.4979422853], [-73.5564790952, 45.4979968456]]]}}, {"type": "Feature", "id": "ville-montreal/park/0837-000", "properties": {"lab": {"objectClass": "park", "label": "PARK / PUBLIC SPACE", "sourceId": "0837-000", "provider": "Ville de Montréal", "providerKey": "ville-montreal", "dataset": "Grands parcs, parcs d'arrondissements et espaces publics", "datasetId": "2e9e4d2f-173a-4c3d-a5e3-565d79baa27d", "identityField": "NUM_INDEX", "sourceName": "Champ-de-Mars", "license": "CC-BY 4.0", "retrievedAt": "2026-08-19T15:59:50Z", "sourceUrl": "https://donnees.montreal.ca/dataset/2e9e4d2f-173a-4c3d-a5e3-565d79baa27d/resource/35796624-15df-4503-a569-797665f8768e/download/espace_vert.json", "updateDate": "2026-07-28", "geometryType": "Polygon", "legalNote": "Park/public-space polygons are representational and are not a legal cadastral reference."}, "source": {"OBJECTID": "5625", "Type": null, "Lien": null, "Nom": "Champ-de-Mars", "NUM_INDEX": "0837-000", "SUPERFICIE": "1.9039534559408942", "PROPRIETE": "Ville de Montréal", "GESTION": "Ville-Marie", "COMPETENCE": "Arrondissement", "TYPO1": "Parc d'arrondissement", "TYPO2": "Parc de quartier"}}, "geometry": {"type": "Polygon", "coordinates": [[[-73.5536402776, 45.508989726], [-73.5535895786, 45.5090523067], [-73.5541688132, 45.509341211], [-73.5541349296, 45.5093611859], [-73.5542252507, 45.5094070869], [-73.5542450587, 45.5094171465], [-73.5542519217, 45.5094205896], [-73.554288108, 45.5094003087], [-73.5546687478, 45.5095893691], [-73.554690478, 45.5096018122], [-73.554712221, 45.5096142464], [-73.5549849488, 45.5097479556], [-73.5549873307, 45.5097493942], [-73.5549898915, 45.5097506707], [-73.5549926058, 45.5097517852], [-73.5549954479, 45.5097527286], [-73.5549983922, 45.5097534831], [-73.5550014259, 45.5097540575], [-73.5550045234, 45.5097544339], [-73.5550076591, 45.5097546214], [-73.5550107946, 45.5097546109], [-73.5550139172, 45.5097544025], [-73.5550170139, 45.5097540051], [-73.5550200337, 45.5097534098], [-73.5550229765, 45.5097526345], [-73.555025804, 45.5097516704], [-73.5550284905, 45.5097505443], [-73.555031036, 45.5097492474], [-73.5550334023, 45.5097477975], [-73.5550355764, 45.5097462038], [-73.5550375457, 45.5097444752], [-73.5550392844, 45.5097426388], [-73.5550407927, 45.5097407035], [-73.555042045, 45.5097386783], [-73.5550430284, 45.5097365722], [-73.5551595452, 45.5095680527], [-73.5552535086, 45.5094365353], [-73.5554692321, 45.5091358831], [-73.5556178217, 45.5089332079], [-73.5556585016, 45.5088765805], [-73.5557306487, 45.5087784381], [-73.5558224649, 45.5086535253], [-73.5559629353, 45.5084619569], [-73.5559973786, 45.5084149963], [-73.5562254356, 45.5081052741], [-73.55644618, 45.5078032289], [-73.5565210867, 45.5076976124], [-73.556521442, 45.5076971272], [-73.5558834467, 45.5074285511], [-73.5558611464, 45.5074567463], [-73.5557699938, 45.507571721], [-73.5557836751, 45.5075770379], [-73.5557136226, 45.5076658094], [-73.55569994, 45.5076605033], [-73.5556091599, 45.5077756498], [-73.5554351273, 45.507707734], [-73.5553530035, 45.5078101514], [-73.5552388346, 45.5079775066], [-73.5551177886, 45.5081295658], [-73.5549878836, 45.5082912588], [-73.5548946747, 45.5084047848], [-73.5548743411, 45.508429302], [-73.5548904486, 45.5084362912], [-73.554659674, 45.5087139232], [-73.5547394717, 45.5087443969], [-73.5547428725, 45.5087475303], [-73.5547436108, 45.5087500566], [-73.554742414, 45.5087538202], [-73.5543437328, 45.5092503471], [-73.5543321669, 45.509256663], [-73.5537159295, 45.5090154893], [-73.5536402776, 45.508989726]]]}}, {"type": "Feature", "id": "ville-montreal/park/0571-258", "properties": {"lab": {"objectClass": "park", "label": "PARK / PUBLIC SPACE", "sourceId": "0571-258", "provider": "Ville de Montréal", "providerKey": "ville-montreal", "dataset": "Grands parcs, parcs d'arrondissements et espaces publics", "datasetId": "2e9e4d2f-173a-4c3d-a5e3-565d79baa27d", "identityField": "NUM_INDEX", "sourceName": "Champ-de-Mars (Métro)", "license": "CC-BY 4.0", "retrievedAt": "2026-08-19T15:59:50Z", "sourceUrl": "https://donnees.montreal.ca/dataset/2e9e4d2f-173a-4c3d-a5e3-565d79baa27d/resource/35796624-15df-4503-a569-797665f8768e/download/espace_vert.json", "updateDate": "2026-07-28", "geometryType": "Polygon", "legalNote": "Park/public-space polygons are representational and are not a legal cadastral reference."}, "source": {"OBJECTID": "5628", "Type": null, "Lien": null, "Nom": "Champ-de-Mars (Métro)", "NUM_INDEX": "0571-258", "SUPERFICIE": "0.5270461256247159", "PROPRIETE": "Ville de Montréal", "GESTION": "Ville-Marie", "COMPETENCE": "Arrondissement", "TYPO1": "Parc d'arrondissement", "TYPO2": "Place publique"}}, "geometry": {"type": "Polygon", "coordinates": [[[-73.5566860804, 45.5095296289], [-73.556662337, 45.5095571031], [-73.5565409097, 45.5097041866], [-73.556519297, 45.5097303649], [-73.5564515711, 45.5098123998], [-73.5560338839, 45.5103183222], [-73.5562999422, 45.5104400095], [-73.5565598472, 45.5105588811], [-73.5569318295, 45.5100306009], [-73.5569631467, 45.5099348406], [-73.5569873801, 45.509886958], [-73.5570565315, 45.5097503161], [-73.5570688454, 45.5097259869], [-73.557176349, 45.5095135642], [-73.5569277316, 45.509400933], [-73.5568513259, 45.5093663194], [-73.5568284108, 45.5093559387], [-73.5566860804, 45.5095296289]]]}}, {"type": "Feature", "id": "ville-montreal/park/1329-000", "properties": {"lab": {"objectClass": "park", "label": "PARK / PUBLIC SPACE", "sourceId": "1329-000", "provider": "Ville de Montréal", "providerKey": "ville-montreal", "dataset": "Grands parcs, parcs d'arrondissements et espaces publics", "datasetId": "2e9e4d2f-173a-4c3d-a5e3-565d79baa27d", "identityField": "NUM_INDEX", "sourceName": "Parc Michel-Bélanger", "license": "CC-BY 4.0", "retrievedAt": "2026-08-19T15:59:50Z", "sourceUrl": "https://donnees.montreal.ca/dataset/2e9e4d2f-173a-4c3d-a5e3-565d79baa27d/resource/35796624-15df-4503-a569-797665f8768e/download/espace_vert.json", "updateDate": "2026-07-28", "geometryType": "Polygon", "legalNote": "Park/public-space polygons are representational and are not a legal cadastral reference."}, "source": {"OBJECTID": "5652", "Type": "Parc", "Lien": null, "Nom": "Michel-Bélanger", "NUM_INDEX": "1329-000", "SUPERFICIE": "0.2954216770877297", "PROPRIETE": "Privé", "GESTION": "Autre", "COMPETENCE": "Privé", "TYPO1": "Parc d'arrondissement", "TYPO2": "Place publique"}}, "geometry": {"type": "Polygon", "coordinates": [[[-73.5609350143, 45.4992332114], [-73.5608697634, 45.4993228735], [-73.5607271117, 45.499514291], [-73.5612990804, 45.4997495085], [-73.5614285798, 45.4998027623], [-73.5616340464, 45.4998872561], [-73.5618883458, 45.4996271712], [-73.5609350143, 45.4992332114]]]}}, {"type": "Feature", "id": "ville-montreal/park/0833-000", "properties": {"lab": {"objectClass": "park", "label": "PARK / PUBLIC SPACE", "sourceId": "0833-000", "provider": "Ville de Montréal", "providerKey": "ville-montreal", "dataset": "Grands parcs, parcs d'arrondissements et espaces publics", "datasetId": "2e9e4d2f-173a-4c3d-a5e3-565d79baa27d", "identityField": "NUM_INDEX", "sourceName": "Parc de La Presse", "license": "CC-BY 4.0", "retrievedAt": "2026-08-19T15:59:50Z", "sourceUrl": "https://donnees.montreal.ca/dataset/2e9e4d2f-173a-4c3d-a5e3-565d79baa27d/resource/35796624-15df-4503-a569-797665f8768e/download/espace_vert.json", "updateDate": "2026-07-28", "geometryType": "Polygon", "legalNote": "Park/public-space polygons are representational and are not a legal cadastral reference."}, "source": {"OBJECTID": "5691", "Type": "Parc", "Lien": "de", "Nom": "La Presse", "NUM_INDEX": "0833-000", "SUPERFICIE": "0.10007838585386454", "PROPRIETE": "Ville de Montréal", "GESTION": "Ville-Marie", "COMPETENCE": "Arrondissement", "TYPO1": "Espace voirie", "TYPO2": "Îlot de voirie"}}, "geometry": {"type": "Polygon", "coordinates": [[[-73.5581020617, 45.5056948793], [-73.5580777168, 45.5056849371], [-73.5578837046, 45.5055404396], [-73.5578032307, 45.5055728426], [-73.5575789898, 45.5058332518], [-73.5578759781, 45.5059599706], [-73.5581020617, 45.5056948793]]]}}, {"type": "Feature", "id": "ville-montreal/park/1219-000", "properties": {"lab": {"objectClass": "park", "label": "PARK / PUBLIC SPACE", "sourceId": "1219-000", "provider": "Ville de Montréal", "providerKey": "ville-montreal", "dataset": "Grands parcs, parcs d'arrondissements et espaces publics", "datasetId": "2e9e4d2f-173a-4c3d-a5e3-565d79baa27d", "identityField": "NUM_INDEX", "sourceName": "Place des Montréalaises", "license": "CC-BY 4.0", "retrievedAt": "2026-08-19T15:59:50Z", "sourceUrl": "https://donnees.montreal.ca/dataset/2e9e4d2f-173a-4c3d-a5e3-565d79baa27d/resource/35796624-15df-4503-a569-797665f8768e/download/espace_vert.json", "updateDate": "2026-07-28", "geometryType": "Polygon", "legalNote": "Park/public-space polygons are representational and are not a legal cadastral reference."}, "source": {"OBJECTID": "5722", "Type": "Place", "Lien": "des", "Nom": "Montréalaises", "NUM_INDEX": "1219-000", "SUPERFICIE": "1.5748247795685448", "PROPRIETE": "Ville de Montréal", "GESTION": "Ville-Marie", "COMPETENCE": "Arrondissement", "TYPO1": "Parc d'arrondissement", "TYPO2": "Place publique"}}, "geometry": {"type": "Polygon", "coordinates": [[[-73.5553042303, 45.5098171117], [-73.5553848004, 45.5098560353], [-73.5553918158, 45.5098594161], [-73.5553122669, 45.5098927493], [-73.5552850505, 45.5099086612], [-73.5552645558, 45.5099194733], [-73.5552553667, 45.5099260158], [-73.5552508247, 45.5099286715], [-73.5552504045, 45.509929549], [-73.555098641, 45.510037604], [-73.5550959732, 45.5100395489], [-73.5551854909, 45.5100811678], [-73.5554863548, 45.510220901], [-73.5555369905, 45.5102438743], [-73.5559446377, 45.510429602], [-73.5564720416, 45.51067138], [-73.5565337598, 45.5105954032], [-73.5565598472, 45.5105588811], [-73.5562999422, 45.5104400095], [-73.5560338839, 45.5103183222], [-73.5564515711, 45.5098123998], [-73.556519297, 45.5097303649], [-73.5565409097, 45.5097041866], [-73.556662337, 45.5095571031], [-73.5566860804, 45.5095296289], [-73.5568284108, 45.5093559387], [-73.5568513259, 45.5093663194], [-73.5569277316, 45.509400933], [-73.557176349, 45.5095135642], [-73.5572377832, 45.5093931506], [-73.5573763346, 45.5091201537], [-73.5574333851, 45.5089106971], [-73.5574067687, 45.5089049542], [-73.5572689646, 45.5091231596], [-73.5572676522, 45.5091250391], [-73.5572663103, 45.5091269069], [-73.5572649377, 45.5091287639], [-73.5572635344, 45.5091306102], [-73.5572621016, 45.5091324447], [-73.5572606381, 45.5091342667], [-73.5572591452, 45.5091360779], [-73.5572576241, 45.5091378765], [-73.5572560722, 45.5091396634], [-73.5572544922, 45.5091414369], [-73.557252884, 45.5091431978], [-73.5572512464, 45.5091449451], [-73.5572495793, 45.5091466808], [-73.5572478854, 45.5091484012], [-73.5572461632, 45.5091501082], [-73.5572444142, 45.5091518016], [-73.557242637, 45.5091534807], [-73.5572408316, 45.5091551453], [-73.5572389994, 45.5091567956], [-73.5572371415, 45.5091584306], [-73.5572352568, 45.5091600504], [-73.5572333451, 45.5091616539], [-73.5572314079, 45.5091632431], [-73.557229445, 45.5091648169], [-73.5572274565, 45.5091663737], [-73.5572254424, 45.5091679152], [-73.5572234027, 45.5091694396], [-73.5572213399, 45.5091709488], [-73.5572192541, 45.509172439], [-73.5572171388, 45.5091739158], [-73.5572011271, 45.5091840809], [-73.5571839709, 45.5091932767], [-73.5571657888, 45.5092014397], [-73.5571467061, 45.5092085134], [-73.5571268547, 45.5092144492], [-73.5571063716, 45.5092192059], [-73.5570853981, 45.5092227509], [-73.5570824422, 45.5092231474], [-73.5570795144, 45.5092235151], [-73.5570794645, 45.5092235214], [-73.5570765137, 45.5092238675], [-73.5570735443, 45.509224191], [-73.5570705698, 45.5092244903], [-73.5570675906, 45.5092247654], [-73.5570675483, 45.509224769], [-73.5570646142, 45.5092250154], [-73.5570616764, 45.5092252382], [-73.5570587351, 45.5092254375], [-73.5570584779, 45.5092254538], [-73.5570555404, 45.5092256273], [-73.5570526003, 45.5092257772], [-73.557049658, 45.5092259036], [-73.5570496042, 45.5092259063], [-73.5570495505, 45.5092259082], [-73.5570435781, 45.5092260907], [-73.5570376013, 45.5092261764], [-73.5570316234, 45.5092261654], [-73.5570315594, 45.5092261645], [-73.5570314967, 45.5092261646], [-73.5570214955, 45.5092259263], [-73.5570115149, 45.5092254172], [-73.5570015697, 45.509224638], [-73.5569986822, 45.5092243605], [-73.556998503, 45.5092243426], [-73.5569955825, 45.5092240368], [-73.5569926671, 45.5092237077], [-73.5569897572, 45.5092233553], [-73.5569895972, 45.5092233347], [-73.5569748994, 45.5092211775], [-73.5569604038, 45.5092184263], [-73.5569461591, 45.5092150904], [-73.556946485, 45.5092147042], [-73.5563986569, 45.5089745003], [-73.5562907513, 45.5089279308], [-73.556287528, 45.5089257728], [-73.5562843263, 45.5089235959], [-73.5562811503, 45.5089214019], [-73.5562779985, 45.5089191898], [-73.5562748711, 45.5089169607], [-73.5562717692, 45.5089147136], [-73.5562686929, 45.5089124493], [-73.5562656409, 45.5089101698], [-73.5562626158, 45.5089078722], [-73.5562596175, 45.5089055567], [-73.5562566448, 45.5089032258], [-73.5562536977, 45.5089008787], [-73.5562507774, 45.5088985154], [-73.556247884, 45.508896135], [-73.5562450174, 45.5088937393], [-73.5562421778, 45.5088913273], [-73.5562393649, 45.5088888992], [-73.556236579, 45.5088864566], [-73.5562338212, 45.5088839979], [-73.5562310928, 45.5088815247], [-73.5562283899, 45.5088790353], [-73.5562257165, 45.5088765315], [-73.55622307, 45.5088740124], [-73.5562204541, 45.5088714798], [-73.5562178639, 45.5088689319], [-73.5562153043, 45.5088663695], [-73.5562127729, 45.5088637937], [-73.5562102709, 45.5088612034], [-73.5562077996, 45.5088585997], [-73.5562053552, 45.5088559815], [-73.5562029415, 45.5088533507], [-73.5562005572, 45.5088507064], [-73.5561982023, 45.5088480495], [-73.5561958781, 45.5088453781], [-73.5561935846, 45.5088426942], [-73.5561913193, 45.5088399985], [-73.5561890872, 45.5088372894], [-73.5561868833, 45.5088345685], [-73.55618471, 45.508831835], [-73.5561825688, 45.5088290907], [-73.5561804582, 45.5088263338], [-73.5561783784, 45.5088235642], [-73.5561763293, 45.5088207848], [-73.5561743121, 45.5088179936], [-73.5561723269, 45.5088151908], [-73.5561703725, 45.508812378], [-73.55616845, 45.5088095526], [-73.5561665595, 45.5088067182], [-73.556164701, 45.5088038729], [-73.5561628732, 45.5088010169], [-73.5561610799, 45.5087981518], [-73.5561593174, 45.508795276], [-73.5561575881, 45.5087923911], [-73.5561558895, 45.5087894963], [-73.5561542254, 45.5087865925], [-73.5561525934, 45.5087836797], [-73.5561509933, 45.5087807578], [-73.5561494278, 45.508777827], [-73.5561478942, 45.5087748862], [-73.5561463952, 45.5087719382], [-73.5561449282, 45.5087689821], [-73.5561434932, 45.5087660179], [-73.5561420927, 45.5087630456], [-73.5561407268, 45.5087600661], [-73.5561393929, 45.5087570784], [-73.5561380935, 45.5087540826], [-73.5561368274, 45.5087510824], [-73.5561355945, 45.5087480731], [-73.5561343962, 45.5087450574], [-73.5561332324, 45.5087420355], [-73.5561321019, 45.5087390064], [-73.556131006, 45.5087359718], [-73.5561299433, 45.5087329318], [-73.5561289165, 45.5087298846], [-73.5561279229, 45.5087268329], [-73.5561269638, 45.5087237749], [-73.5561260394, 45.5087207115], [-73.5561270784, 45.5087192919], [-73.5561244075, 45.5087115602], [-73.5561240927, 45.5086408056], [-73.5560990049, 45.5086391271], [-73.5560249888, 45.5086581586], [-73.5557733661, 45.509007974], [-73.5555191583, 45.5093583672], [-73.5553265882, 45.5095749418], [-73.5551479805, 45.5095847796], [-73.5550673108, 45.509701457], [-73.5551803257, 45.5097582652], [-73.5551267674, 45.5098419181], [-73.5551608307, 45.5098588976], [-73.5552742852, 45.5098026452], [-73.5553042303, 45.5098171117]]]}}]}