{"type":"FeatureCollection","name":"traffic-signals","source":{"provider":"Ville de Montréal","datasetId":"02ebdab9-cbf3-4f56-8c29-79fa0ed0ed2e","resourceId":"af3fd28f-19ee-4c80-b8d9-29f17f18620d","identityField":"INT_NO","retrievedAt":"2026-08-19T19:54:33.442Z"},"bbox":[-73.578,45.495,-73.554,45.51],"features":[{"type":"Feature","id":"ville-montreal/traffic_signal/140","properties":{"lab":{"objectClass":"traffic_signal","label":"TRAFFIC SIGNAL","sourceId":"140","provider":"Ville de Montréal","providerKey":"ville-montreal","dataset":"Feux de circulation – emplacements toutes intersections","datasetId":"02ebdab9-cbf3-4f56-8c29-79fa0ed0ed2e","identityField":"INT_NO","sourceName":"Queen / Wellington","license":"CC-BY 4.0","retrievedAt":"2026-08-19T19:54:33.442Z","sourceUrl":"https://donnees.montreal.ca/dataset/feux-tous","updateDate":"2026-08-18","geometryType":"Point","legalNote":"Intersection location only. Not signal timing or operational state."},"source":{"INT_NO":140,"RUE_1":"Queen","RUE_2":"Wellington","NO_ARRONDISSEMENT":6,"ARRONDISSEMENT":"Ville-Marie","PERMANENT_OU_TEMPORAIRE":"Permanent","LOC_X":300469.234,"LOC_Y":5039749.121,"Longitude":-73.555414,"Latitude":45.497651}},"geometry":{"type":"Point","coordinates":[-73.5554135919769,45.4976511289744]}},{"type":"Feature","id":"ville-montreal/traffic_signal/288","properties":{"lab":{"objectClass":"traffic_signal","label":"TRAFFIC SIGNAL","sourceId":"288","provider":"Ville de Montréal","providerKey":"ville-montreal","dataset":"Feux de circulation – emplacements toutes intersections","datasetId":"02ebdab9-cbf3-4f56-8c29-79fa0ed0ed2e","identityField":"INT_NO","sourceName":"Aylmer / Maisonneuve","license":"CC-BY 4.0","retrievedAt":"2026-08-19T19:54:33.442Z","sourceUrl":"https://donnees.montreal.ca/dataset/feux-tous","updateDate":"2026-08-18","geometryType":"Point","legalNote":"Intersection location only. Not signal timing or operational state."},"source":{"INT_NO":288,"RUE_1":"Aylmer","RUE_2":"Maisonneuve","NO_ARRONDISSEMENT":6,"ARRONDISSEMENT":"Ville-Marie","PERMANENT_OU_TEMPORAIRE":"Permanent","LOC_X":299277.932,"LOC_Y":5040589.065,"Longitude":-73.570666,"Latitude":45.505201}},"geometry":{"type":"Point","coordinates":[-73.5706661416454,45.505200891373]}},{"type":"Feature","id":"ville-montreal/traffic_signal/289","properties":{"lab":{"objectClass":"traffic_signal","label":"TRAFFIC SIGNAL","sourceId":"289","provider":"Ville de Montréal","providerKey":"ville-montreal","dataset":"Feux de circulation – emplacements toutes intersections","datasetId":"02ebdab9-cbf3-4f56-8c29-79fa0ed0ed2e","identityField":"INT_NO","sourceName":"Aylmer / Président-Kennedy","license":"CC-BY 4.0","retrievedAt":"2026-08-19T19:54:33.442Z","sourceUrl":"https://donnees.montreal.ca/dataset/feux-tous","updateDate":"2026-08-18","geometryType":"Point","legalNote":"Intersection location only. Not signal timing or operational state."},"source":{"INT_NO":289,"RUE_1":"Aylmer","RUE_2":"Président-Kennedy","NO_ARRONDISSEMENT":6,"ARRONDISSEMENT":"Ville-Marie","PERMANENT_OU_TEMPORAIRE":"Permanent","LOC_X":299220.231,"LOC_Y":5040629.065,"Longitude":-73.571405,"Latitude":45.50556}},"geometry":{"type":"Point","coordinates":[-73.5714049982976,45.5055603689759]}},{"type":"Feature","id":"ville-montreal/traffic_signal/290","properties":{"lab":{"objectClass":"traffic_signal","label":"TRAFFIC SIGNAL","sourceId":"290","provider":"Ville de Montréal","providerKey":"ville-montreal","dataset":"Feux de circulation – emplacements toutes intersections","datasetId":"02ebdab9-cbf3-4f56-8c29-79fa0ed0ed2e","identityField":"INT_NO","sourceName":"Aylmer / Sainte-Catherine","license":"CC-BY 4.0","retrievedAt":"2026-08-19T19:54:33.442Z","sourceUrl":"https://donnees.montreal.ca/dataset/feux-tous","updateDate":"2026-08-18","geometryType":"Point","legalNote":"Intersection location only. Not signal timing or operational state."},"source":{"INT_NO":290,"RUE_1":"Aylmer","RUE_2":"Sainte-Catherine","NO_ARRONDISSEMENT":6,"ARRONDISSEMENT":"Ville-Marie","PERMANENT_OU_TEMPORAIRE":"Permanent","LOC_X":299429.333,"LOC_Y":5040487.564,"Longitude":-73.568728,"Latitude":45.504289}},"geometry":{"type":"Point","coordinates":[-73.5687275465742,45.504288724778]}},{"type":"Feature","id":"ville-montreal/traffic_signal/291","properties":{"lab":{"objectClass":"traffic_signal","label":"TRAFFIC SIGNAL","sourceId":"291","provider":"Ville de Montréal","providerKey":"ville-montreal","dataset":"Feux de circulation – emplacements toutes intersections","datasetId":"02ebdab9-cbf3-4f56-8c29-79fa0ed0ed2e","identityField":"INT_NO","sourceName":"Aylmer / Sherbrooke","license":"CC-BY 4.0","retrievedAt":"2026-08-19T19:54:33.442Z","sourceUrl":"https://donnees.montreal.ca/dataset/feux-tous","updateDate":"2026-08-18","geometryType":"Point","legalNote":"Intersection location only. Not signal timing or operational state."},"source":{"INT_NO":291,"RUE_1":"Aylmer","RUE_2":"Sherbrooke","NO_ARRONDISSEMENT":5,"ARRONDISSEMENT":"Plateau Mont-Royal","PERMANENT_OU_TEMPORAIRE":"Permanent","LOC_X":299128.08,"LOC_Y":5040697.565,"Longitude":-73.572585,"Latitude":45.506176}},"geometry":{"type":"Point","coordinates":[-73.5725850573282,45.5061760174097]}},{"type":"Feature","id":"ville-montreal/traffic_signal/293","properties":{"lab":{"objectClass":"traffic_signal","label":"TRAFFIC SIGNAL","sourceId":"293","provider":"Ville de Montréal","providerKey":"ville-montreal","dataset":"Feux de circulation – emplacements toutes intersections","datasetId":"02ebdab9-cbf3-4f56-8c29-79fa0ed0ed2e","identityField":"INT_NO","sourceName":"Bishop / Sainte-Catherine","license":"CC-BY 4.0","retrievedAt":"2026-08-19T19:54:33.442Z","sourceUrl":"https://donnees.montreal.ca/dataset/feux-tous","updateDate":"2026-08-18","geometryType":"Point","legalNote":"Intersection location only. Not signal timing or operational state."},"source":{"INT_NO":293,"RUE_1":"Bishop","RUE_2":"Sainte-Catherine","NO_ARRONDISSEMENT":6,"ARRONDISSEMENT":"Ville-Marie","PERMANENT_OU_TEMPORAIRE":"Permanent","LOC_X":298834.268,"LOC_Y":5039628.073,"Longitude":-73.576332,"Latitude":45.49655}},"geometry":{"type":"Point","coordinates":[-73.5763320381482,45.4965498228891]}},{"type":"Feature","id":"ville-montreal/traffic_signal/295","properties":{"lab":{"objectClass":"traffic_signal","label":"TRAFFIC SIGNAL","sourceId":"295","provider":"Ville de Montréal","providerKey":"ville-montreal","dataset":"Feux de circulation – emplacements toutes intersections","datasetId":"02ebdab9-cbf3-4f56-8c29-79fa0ed0ed2e","identityField":"INT_NO","sourceName":"Bleury / Maisonneuve","license":"CC-BY 4.0","retrievedAt":"2026-08-19T19:54:33.442Z","sourceUrl":"https://donnees.montreal.ca/dataset/feux-tous","updateDate":"2026-08-18","geometryType":"Point","legalNote":"Intersection location only. Not signal timing or operational state."},"source":{"INT_NO":295,"RUE_1":"Bleury","RUE_2":"Maisonneuve","NO_ARRONDISSEMENT":6,"ARRONDISSEMENT":"Ville-Marie","PERMANENT_OU_TEMPORAIRE":"Permanent","LOC_X":299420.778,"LOC_Y":5040810.504,"Longitude":-73.568841,"Latitude":45.507195}},"geometry":{"type":"Point","coordinates":[-73.568840565286,45.5071946084458]}},{"type":"Feature","id":"ville-montreal/traffic_signal/296","properties":{"lab":{"objectClass":"traffic_signal","label":"TRAFFIC SIGNAL","sourceId":"296","provider":"Ville de Montréal","providerKey":"ville-montreal","dataset":"Feux de circulation – emplacements toutes intersections","datasetId":"02ebdab9-cbf3-4f56-8c29-79fa0ed0ed2e","identityField":"INT_NO","sourceName":"Bleury / Président-Kennedy","license":"CC-BY 4.0","retrievedAt":"2026-08-19T19:54:33.442Z","sourceUrl":"https://donnees.montreal.ca/dataset/feux-tous","updateDate":"2026-08-18","geometryType":"Point","legalNote":"Intersection location only. Not signal timing or operational state."},"source":{"INT_NO":296,"RUE_1":"Bleury","RUE_2":"Président-Kennedy","NO_ARRONDISSEMENT":6,"ARRONDISSEMENT":"Ville-Marie","PERMANENT_OU_TEMPORAIRE":"Permanent","LOC_X":299370.021,"LOC_Y":5040843.987,"Longitude":-73.56949,"Latitude":45.507496}},"geometry":{"type":"Point","coordinates":[-73.5694904979704,45.5074955091363]}},{"type":"Feature","id":"ville-montreal/traffic_signal/297","properties":{"lab":{"objectClass":"traffic_signal","label":"TRAFFIC SIGNAL","sourceId":"297","provider":"Ville de Montréal","providerKey":"ville-montreal","dataset":"Feux de circulation – emplacements toutes intersections","datasetId":"02ebdab9-cbf3-4f56-8c29-79fa0ed0ed2e","identityField":"INT_NO","sourceName":"Bleury / Sainte-Catherine","license":"CC-BY 4.0","retrievedAt":"2026-08-19T19:54:33.442Z","sourceUrl":"https://donnees.montreal.ca/dataset/feux-tous","updateDate":"2026-08-18","geometryType":"Point","legalNote":"Intersection location only. Not signal timing or operational state."},"source":{"INT_NO":297,"RUE_1":"Bleury","RUE_2":"Sainte-Catherine","NO_ARRONDISSEMENT":6,"ARRONDISSEMENT":"Ville-Marie","PERMANENT_OU_TEMPORAIRE":"Temporaire","LOC_X":299568.729,"LOC_Y":5040710.567,"Longitude":-73.566946,"Latitude":45.506296}},"geometry":{"type":"Point","coordinates":[-73.5669460984879,45.506296458872]}},{"type":"Feature","id":"ville-montreal/traffic_signal/298","properties":{"lab":{"objectClass":"traffic_signal","label":"TRAFFIC SIGNAL","sourceId":"298","provider":"Ville de Montréal","providerKey":"ville-montreal","dataset":"Feux de circulation – emplacements toutes intersections","datasetId":"02ebdab9-cbf3-4f56-8c29-79fa0ed0ed2e","identityField":"INT_NO","sourceName":"Bleury / Parc / Sherbrooke","license":"CC-BY 4.0","retrievedAt":"2026-08-19T19:54:33.442Z","sourceUrl":"https://donnees.montreal.ca/dataset/feux-tous","updateDate":"2026-08-18","geometryType":"Point","legalNote":"Intersection location only. Not signal timing or operational state."},"source":{"INT_NO":298,"RUE_1":"Bleury","RUE_2":"Parc / Sherbrooke","NO_ARRONDISSEMENT":6,"ARRONDISSEMENT":"Ville-Marie","PERMANENT_OU_TEMPORAIRE":"Permanent","LOC_X":299230.326,"LOC_Y":5040940.568,"Longitude":-73.571279,"Latitude":45.508363}},"geometry":{"type":"Point","coordinates":[-73.5712793490334,45.5083634835727]}},{"type":"Feature","id":"ville-montreal/traffic_signal/299","properties":{"lab":{"objectClass":"traffic_signal","label":"TRAFFIC SIGNAL","sourceId":"299","provider":"Ville de Montréal","providerKey":"ville-montreal","dataset":"Feux de circulation – emplacements toutes intersections","datasetId":"02ebdab9-cbf3-4f56-8c29-79fa0ed0ed2e","identityField":"INT_NO","sourceName":"Cathcart / Robert-Bourassa","license":"CC-BY 4.0","retrievedAt":"2026-08-19T19:54:33.442Z","sourceUrl":"https://donnees.montreal.ca/dataset/feux-tous","updateDate":"2026-08-18","geometryType":"Point","legalNote":"Intersection location only. Not signal timing or operational state."},"source":{"INT_NO":299,"RUE_1":"Cathcart","RUE_2":"Robert-Bourassa","NO_ARRONDISSEMENT":6,"ARRONDISSEMENT":"Ville-Marie","PERMANENT_OU_TEMPORAIRE":"Permanent","LOC_X":299409.795,"LOC_Y":5040319.665,"Longitude":-73.568976,"Latitude":45.502778}},"geometry":{"type":"Point","coordinates":[-73.5689757259961,45.5027777478614]}},{"type":"Feature","id":"ville-montreal/traffic_signal/304","properties":{"lab":{"objectClass":"traffic_signal","label":"TRAFFIC SIGNAL","sourceId":"304","provider":"Ville de Montréal","providerKey":"ville-montreal","dataset":"Feux de circulation – emplacements toutes intersections","datasetId":"02ebdab9-cbf3-4f56-8c29-79fa0ed0ed2e","identityField":"INT_NO","sourceName":"Crescent / Maisonneuve","license":"CC-BY 4.0","retrievedAt":"2026-08-19T19:54:33.442Z","sourceUrl":"https://donnees.montreal.ca/dataset/feux-tous","updateDate":"2026-08-18","geometryType":"Point","legalNote":"Intersection location only. Not signal timing or operational state."},"source":{"INT_NO":304,"RUE_1":"Crescent","RUE_2":"Maisonneuve","NO_ARRONDISSEMENT":6,"ARRONDISSEMENT":"Ville-Marie","PERMANENT_OU_TEMPORAIRE":"Temporaire","LOC_X":298744.655,"LOC_Y":5039795.278,"Longitude":-73.577481,"Latitude":45.498054}},"geometry":{"type":"Point","coordinates":[-73.5774807063123,45.4980536336127]}},{"type":"Feature","id":"ville-montreal/traffic_signal/305","properties":{"lab":{"objectClass":"traffic_signal","label":"TRAFFIC SIGNAL","sourceId":"305","provider":"Ville de Montréal","providerKey":"ville-montreal","dataset":"Feux de circulation – emplacements toutes intersections","datasetId":"02ebdab9-cbf3-4f56-8c29-79fa0ed0ed2e","identityField":"INT_NO","sourceName":"Crescent / Sainte-Catherine","license":"CC-BY 4.0","retrievedAt":"2026-08-19T19:54:33.442Z","sourceUrl":"https://donnees.montreal.ca/dataset/feux-tous","updateDate":"2026-08-18","geometryType":"Point","legalNote":"Intersection location only. Not signal timing or operational state."},"source":{"INT_NO":305,"RUE_1":"Crescent","RUE_2":"Sainte-Catherine","NO_ARRONDISSEMENT":6,"ARRONDISSEMENT":"Ville-Marie","PERMANENT_OU_TEMPORAIRE":"Permanent","LOC_X":298883.048,"LOC_Y":5039699.055,"Longitude":-73.575709,"Latitude":45.497189}},"geometry":{"type":"Point","coordinates":[-73.575708750454,45.4971889649658]}},{"type":"Feature","id":"ville-montreal/traffic_signal/306","properties":{"lab":{"objectClass":"traffic_signal","label":"TRAFFIC SIGNAL","sourceId":"306","provider":"Ville de Montréal","providerKey":"ville-montreal","dataset":"Feux de circulation – emplacements toutes intersections","datasetId":"02ebdab9-cbf3-4f56-8c29-79fa0ed0ed2e","identityField":"INT_NO","sourceName":"Drummond / Maisonneuve","license":"CC-BY 4.0","retrievedAt":"2026-08-19T19:54:33.442Z","sourceUrl":"https://donnees.montreal.ca/dataset/feux-tous","updateDate":"2026-08-18","geometryType":"Point","legalNote":"Intersection location only. Not signal timing or operational state."},"source":{"INT_NO":306,"RUE_1":"Drummond","RUE_2":"Maisonneuve","NO_ARRONDISSEMENT":6,"ARRONDISSEMENT":"Ville-Marie","PERMANENT_OU_TEMPORAIRE":"Temporaire","LOC_X":298848.786,"LOC_Y":5039959.609,"Longitude":-73.57615,"Latitude":45.499533}},"geometry":{"type":"Point","coordinates":[-73.5761503004424,45.4995332504255]}},{"type":"Feature","id":"ville-montreal/traffic_signal/307","properties":{"lab":{"objectClass":"traffic_signal","label":"TRAFFIC SIGNAL","sourceId":"307","provider":"Ville de Montréal","providerKey":"ville-montreal","dataset":"Feux de circulation – emplacements toutes intersections","datasetId":"02ebdab9-cbf3-4f56-8c29-79fa0ed0ed2e","identityField":"INT_NO","sourceName":"Drummond / Sainte-Catherine","license":"CC-BY 4.0","retrievedAt":"2026-08-19T19:54:33.442Z","sourceUrl":"https://donnees.montreal.ca/dataset/feux-tous","updateDate":"2026-08-18","geometryType":"Point","legalNote":"Intersection location only. Not signal timing or operational state."},"source":{"INT_NO":307,"RUE_1":"Drummond","RUE_2":"Sainte-Catherine","NO_ARRONDISSEMENT":6,"ARRONDISSEMENT":"Ville-Marie","PERMANENT_OU_TEMPORAIRE":"Temporaire","LOC_X":298995.149,"LOC_Y":5039859.581,"Longitude":-73.574276,"Latitude":45.498634}},"geometry":{"type":"Point","coordinates":[-73.5742762929129,45.4986343887143]}},{"type":"Feature","id":"ville-montreal/traffic_signal/308","properties":{"lab":{"objectClass":"traffic_signal","label":"TRAFFIC SIGNAL","sourceId":"308","provider":"Ville de Montréal","providerKey":"ville-montreal","dataset":"Feux de circulation – emplacements toutes intersections","datasetId":"02ebdab9-cbf3-4f56-8c29-79fa0ed0ed2e","identityField":"INT_NO","sourceName":"Drummond / Sherbrooke","license":"CC-BY 4.0","retrievedAt":"2026-08-19T19:54:33.442Z","sourceUrl":"https://donnees.montreal.ca/dataset/feux-tous","updateDate":"2026-08-18","geometryType":"Point","legalNote":"Intersection location only. Not signal timing or operational state."},"source":{"INT_NO":308,"RUE_1":"Drummond","RUE_2":"Sherbrooke","NO_ARRONDISSEMENT":6,"ARRONDISSEMENT":"Ville-Marie","PERMANENT_OU_TEMPORAIRE":"Permanent","LOC_X":298706.042,"LOC_Y":5040059.557,"Longitude":-73.577978,"Latitude":45.500431}},"geometry":{"type":"Point","coordinates":[-73.5779780580471,45.5004313929583]}},{"type":"Feature","id":"ville-montreal/traffic_signal/310","properties":{"lab":{"objectClass":"traffic_signal","label":"TRAFFIC SIGNAL","sourceId":"310","provider":"Ville de Montréal","providerKey":"ville-montreal","dataset":"Feux de circulation – emplacements toutes intersections","datasetId":"02ebdab9-cbf3-4f56-8c29-79fa0ed0ed2e","identityField":"INT_NO","sourceName":"Durocher / Prince-Arthur","license":"CC-BY 4.0","retrievedAt":"2026-08-19T19:54:33.442Z","sourceUrl":"https://donnees.montreal.ca/dataset/feux-tous","updateDate":"2026-08-18","geometryType":"Point","legalNote":"Intersection location only. Not signal timing or operational state."},"source":{"INT_NO":310,"RUE_1":"Durocher","RUE_2":"Prince-Arthur","NO_ARRONDISSEMENT":5,"ARRONDISSEMENT":"Plateau Mont-Royal","PERMANENT_OU_TEMPORAIRE":"Permanent","LOC_X":298795.069,"LOC_Y":5041035.639,"Longitude":-73.576851,"Latitude":45.509215}},"geometry":{"type":"Point","coordinates":[-73.576850822798,45.5092153600662]}},{"type":"Feature","id":"ville-montreal/traffic_signal/311","properties":{"lab":{"objectClass":"traffic_signal","label":"TRAFFIC SIGNAL","sourceId":"311","provider":"Ville de Montréal","providerKey":"ville-montreal","dataset":"Feux de circulation – emplacements toutes intersections","datasetId":"02ebdab9-cbf3-4f56-8c29-79fa0ed0ed2e","identityField":"INT_NO","sourceName":"Durocher / Sherbrooke","license":"CC-BY 4.0","retrievedAt":"2026-08-19T19:54:33.442Z","sourceUrl":"https://donnees.montreal.ca/dataset/feux-tous","updateDate":"2026-08-18","geometryType":"Point","legalNote":"Intersection location only. Not signal timing or operational state."},"source":{"INT_NO":311,"RUE_1":"Durocher","RUE_2":"Sherbrooke","NO_ARRONDISSEMENT":5,"ARRONDISSEMENT":"Plateau Mont-Royal","PERMANENT_OU_TEMPORAIRE":"Permanent","LOC_X":299165.528,"LOC_Y":5040786.566,"Longitude":-73.572107,"Latitude":45.506977}},"geometry":{"type":"Point","coordinates":[-73.572106848256,45.5069771890772]}},{"type":"Feature","id":"ville-montreal/traffic_signal/315","properties":{"lab":{"objectClass":"traffic_signal","label":"TRAFFIC SIGNAL","sourceId":"315","provider":"Ville de Montréal","providerKey":"ville-montreal","dataset":"Feux de circulation – emplacements toutes intersections","datasetId":"02ebdab9-cbf3-4f56-8c29-79fa0ed0ed2e","identityField":"INT_NO","sourceName":"City Councillors / Président-Kennedy","license":"CC-BY 4.0","retrievedAt":"2026-08-19T19:54:33.442Z","sourceUrl":"https://donnees.montreal.ca/dataset/feux-tous","updateDate":"2026-08-18","geometryType":"Point","legalNote":"Intersection location only. Not signal timing or operational state."},"source":{"INT_NO":315,"RUE_1":"City Councillors","RUE_2":"Président-Kennedy","NO_ARRONDISSEMENT":6,"ARRONDISSEMENT":"Ville-Marie","PERMANENT_OU_TEMPORAIRE":"Permanent","LOC_X":299256.23,"LOC_Y":5040681.066,"Longitude":-73.570945,"Latitude":45.506029}},"geometry":{"type":"Point","coordinates":[-73.5709449027417,45.5060285828025]}},{"type":"Feature","id":"ville-montreal/traffic_signal/317","properties":{"lab":{"objectClass":"traffic_signal","label":"TRAFFIC SIGNAL","sourceId":"317","provider":"Ville de Montréal","providerKey":"ville-montreal","dataset":"Feux de circulation – emplacements toutes intersections","datasetId":"02ebdab9-cbf3-4f56-8c29-79fa0ed0ed2e","identityField":"INT_NO","sourceName":"Guy / Sainte-Catherine","license":"CC-BY 4.0","retrievedAt":"2026-08-19T19:54:33.442Z","sourceUrl":"https://donnees.montreal.ca/dataset/feux-tous","updateDate":"2026-08-18","geometryType":"Point","legalNote":"Intersection location only. Not signal timing or operational state."},"source":{"INT_NO":317,"RUE_1":"Guy","RUE_2":"Sainte-Catherine","NO_ARRONDISSEMENT":6,"ARRONDISSEMENT":"Ville-Marie","PERMANENT_OU_TEMPORAIRE":"Permanent","LOC_X":298716.667,"LOC_Y":5039459.575,"Longitude":-73.577835,"Latitude":45.495033}},"geometry":{"type":"Point","coordinates":[-73.5778346625505,45.4950325894529]}},{"type":"Feature","id":"ville-montreal/traffic_signal/318","properties":{"lab":{"objectClass":"traffic_signal","label":"TRAFFIC SIGNAL","sourceId":"318","provider":"Ville de Montréal","providerKey":"ville-montreal","dataset":"Feux de circulation – emplacements toutes intersections","datasetId":"02ebdab9-cbf3-4f56-8c29-79fa0ed0ed2e","identityField":"INT_NO","sourceName":"Hutchison / Milton","license":"CC-BY 4.0","retrievedAt":"2026-08-19T19:54:33.442Z","sourceUrl":"https://donnees.montreal.ca/dataset/feux-tous","updateDate":"2026-08-18","geometryType":"Point","legalNote":"Intersection location only. Not signal timing or operational state."},"source":{"INT_NO":318,"RUE_1":"Hutchison","RUE_2":"Milton","NO_ARRONDISSEMENT":5,"ARRONDISSEMENT":"Plateau Mont-Royal","PERMANENT_OU_TEMPORAIRE":"Permanent","LOC_X":299002.425,"LOC_Y":5040994.568,"Longitude":-73.574197,"Latitude":45.508848}},"geometry":{"type":"Point","coordinates":[-73.5741966072384,45.5088475407455]}},{"type":"Feature","id":"ville-montreal/traffic_signal/320","properties":{"lab":{"objectClass":"traffic_signal","label":"TRAFFIC SIGNAL","sourceId":"320","provider":"Ville de Montréal","providerKey":"ville-montreal","dataset":"Feux de circulation – emplacements toutes intersections","datasetId":"02ebdab9-cbf3-4f56-8c29-79fa0ed0ed2e","identityField":"INT_NO","sourceName":"Hutchison / Sherbrooke","license":"CC-BY 4.0","retrievedAt":"2026-08-19T19:54:33.442Z","sourceUrl":"https://donnees.montreal.ca/dataset/feux-tous","updateDate":"2026-08-18","geometryType":"Point","legalNote":"Intersection location only. Not signal timing or operational state."},"source":{"INT_NO":320,"RUE_1":"Hutchison","RUE_2":"Sherbrooke","NO_ARRONDISSEMENT":5,"ARRONDISSEMENT":"Plateau Mont-Royal","PERMANENT_OU_TEMPORAIRE":"Permanent","LOC_X":299198.427,"LOC_Y":5040863.067,"Longitude":-73.571687,"Latitude":45.507666}},"geometry":{"type":"Point","coordinates":[-73.5716866992112,45.5076658419213]}},{"type":"Feature","id":"ville-montreal/traffic_signal/323","properties":{"lab":{"objectClass":"traffic_signal","label":"TRAFFIC SIGNAL","sourceId":"323","provider":"Ville de Montréal","providerKey":"ville-montreal","dataset":"Feux de circulation – emplacements toutes intersections","datasetId":"02ebdab9-cbf3-4f56-8c29-79fa0ed0ed2e","identityField":"INT_NO","sourceName":"Jeanne-Mance / Président-Kennedy","license":"CC-BY 4.0","retrievedAt":"2026-08-19T19:54:33.442Z","sourceUrl":"https://donnees.montreal.ca/dataset/feux-tous","updateDate":"2026-08-18","geometryType":"Point","legalNote":"Intersection location only. Not signal timing or operational state."},"source":{"INT_NO":323,"RUE_1":"Jeanne-Mance","RUE_2":"Président-Kennedy","NO_ARRONDISSEMENT":6,"ARRONDISSEMENT":"Ville-Marie","PERMANENT_OU_TEMPORAIRE":"Temporaire","LOC_X":299430.987,"LOC_Y":5040941.917,"Longitude":-73.568711,"Latitude":45.508377}},"geometry":{"type":"Point","coordinates":[-73.568711354453,45.5083771959834]}},{"type":"Feature","id":"ville-montreal/traffic_signal/325","properties":{"lab":{"objectClass":"traffic_signal","label":"TRAFFIC SIGNAL","sourceId":"325","provider":"Ville de Montréal","providerKey":"ville-montreal","dataset":"Feux de circulation – emplacements toutes intersections","datasetId":"02ebdab9-cbf3-4f56-8c29-79fa0ed0ed2e","identityField":"INT_NO","sourceName":"Jeanne-Mance / Sainte-Catherine","license":"CC-BY 4.0","retrievedAt":"2026-08-19T19:54:33.442Z","sourceUrl":"https://donnees.montreal.ca/dataset/feux-tous","updateDate":"2026-08-18","geometryType":"Point","legalNote":"Intersection location only. Not signal timing or operational state."},"source":{"INT_NO":325,"RUE_1":"Jeanne-Mance","RUE_2":"Sainte-Catherine","NO_ARRONDISSEMENT":6,"ARRONDISSEMENT":"Ville-Marie","PERMANENT_OU_TEMPORAIRE":"Temporaire","LOC_X":299628.427,"LOC_Y":5040808.068,"Longitude":-73.566183,"Latitude":45.507174}},"geometry":{"type":"Point","coordinates":[-73.5661831544329,45.5071742588415]}},{"type":"Feature","id":"ville-montreal/traffic_signal/326","properties":{"lab":{"objectClass":"traffic_signal","label":"TRAFFIC SIGNAL","sourceId":"326","provider":"Ville de Montréal","providerKey":"ville-montreal","dataset":"Feux de circulation – emplacements toutes intersections","datasetId":"02ebdab9-cbf3-4f56-8c29-79fa0ed0ed2e","identityField":"INT_NO","sourceName":"Jeanne-Mance / Sherbrooke","license":"CC-BY 4.0","retrievedAt":"2026-08-19T19:54:33.442Z","sourceUrl":"https://donnees.montreal.ca/dataset/feux-tous","updateDate":"2026-08-18","geometryType":"Point","legalNote":"Intersection location only. Not signal timing or operational state."},"source":{"INT_NO":326,"RUE_1":"Jeanne-Mance","RUE_2":"Sherbrooke","NO_ARRONDISSEMENT":5,"ARRONDISSEMENT":"Plateau Mont-Royal","PERMANENT_OU_TEMPORAIRE":"Temporaire","LOC_X":299268.556,"LOC_Y":5041048.336,"Longitude":-73.570791,"Latitude":45.509334}},"geometry":{"type":"Point","coordinates":[-73.5707913066553,45.509333528918]}},{"type":"Feature","id":"ville-montreal/traffic_signal/329","properties":{"lab":{"objectClass":"traffic_signal","label":"TRAFFIC SIGNAL","sourceId":"329","provider":"Ville de Montréal","providerKey":"ville-montreal","dataset":"Feux de circulation – emplacements toutes intersections","datasetId":"02ebdab9-cbf3-4f56-8c29-79fa0ed0ed2e","identityField":"INT_NO","sourceName":"Mackay / Sainte-Catherine","license":"CC-BY 4.0","retrievedAt":"2026-08-19T19:54:33.442Z","sourceUrl":"https://donnees.montreal.ca/dataset/feux-tous","updateDate":"2026-08-18","geometryType":"Point","legalNote":"Intersection location only. Not signal timing or operational state."},"source":{"INT_NO":329,"RUE_1":"Mackay","RUE_2":"Sainte-Catherine","NO_ARRONDISSEMENT":6,"ARRONDISSEMENT":"Ville-Marie","PERMANENT_OU_TEMPORAIRE":"Permanent","LOC_X":298778.45,"LOC_Y":5039548.054,"Longitude":-73.577045,"Latitude":45.495829}},"geometry":{"type":"Point","coordinates":[-73.5770452515502,45.4958292978044]}},{"type":"Feature","id":"ville-montreal/traffic_signal/330","properties":{"lab":{"objectClass":"traffic_signal","label":"TRAFFIC SIGNAL","sourceId":"330","provider":"Ville de Montréal","providerKey":"ville-montreal","dataset":"Feux de circulation – emplacements toutes intersections","datasetId":"02ebdab9-cbf3-4f56-8c29-79fa0ed0ed2e","identityField":"INT_NO","sourceName":"Maisonneuve / McGill College","license":"CC-BY 4.0","retrievedAt":"2026-08-19T19:54:33.442Z","sourceUrl":"https://donnees.montreal.ca/dataset/feux-tous","updateDate":"2026-08-18","geometryType":"Point","legalNote":"Intersection location only. Not signal timing or operational state."},"source":{"INT_NO":330,"RUE_1":"Maisonneuve","RUE_2":"McGill College","NO_ARRONDISSEMENT":6,"ARRONDISSEMENT":"Ville-Marie","PERMANENT_OU_TEMPORAIRE":"Temporaire","LOC_X":299108.5355,"LOC_Y":5040320.4525,"Longitude":-73.572831,"Latitude":45.502782}},"geometry":{"type":"Point","coordinates":[-73.5728307974672,45.5027824412796]}},{"type":"Feature","id":"ville-montreal/traffic_signal/331","properties":{"lab":{"objectClass":"traffic_signal","label":"TRAFFIC SIGNAL","sourceId":"331","provider":"Ville de Montréal","providerKey":"ville-montreal","dataset":"Feux de circulation – emplacements toutes intersections","datasetId":"02ebdab9-cbf3-4f56-8c29-79fa0ed0ed2e","identityField":"INT_NO","sourceName":"Maisonneuve / Mansfield","license":"CC-BY 4.0","retrievedAt":"2026-08-19T19:54:33.442Z","sourceUrl":"https://donnees.montreal.ca/dataset/feux-tous","updateDate":"2026-08-18","geometryType":"Point","legalNote":"Intersection location only. Not signal timing or operational state."},"source":{"INT_NO":331,"RUE_1":"Maisonneuve","RUE_2":"Mansfield","NO_ARRONDISSEMENT":6,"ARRONDISSEMENT":"Ville-Marie","PERMANENT_OU_TEMPORAIRE":"Temporaire","LOC_X":299064.038,"LOC_Y":5040255.56,"Longitude":-73.573399,"Latitude":45.502198}},"geometry":{"type":"Point","coordinates":[-73.5733994502577,45.5021981466056]}},{"type":"Feature","id":"ville-montreal/traffic_signal/332","properties":{"lab":{"objectClass":"traffic_signal","label":"TRAFFIC SIGNAL","sourceId":"332","provider":"Ville de Montréal","providerKey":"ville-montreal","dataset":"Feux de circulation – emplacements toutes intersections","datasetId":"02ebdab9-cbf3-4f56-8c29-79fa0ed0ed2e","identityField":"INT_NO","sourceName":"Maisonneuve / Metcalfe","license":"CC-BY 4.0","retrievedAt":"2026-08-19T19:54:33.442Z","sourceUrl":"https://donnees.montreal.ca/dataset/feux-tous","updateDate":"2026-08-18","geometryType":"Point","legalNote":"Intersection location only. Not signal timing or operational state."},"source":{"INT_NO":332,"RUE_1":"Maisonneuve","RUE_2":"Metcalfe","NO_ARRONDISSEMENT":6,"ARRONDISSEMENT":"Ville-Marie","PERMANENT_OU_TEMPORAIRE":"Temporaire","LOC_X":299016.652,"LOC_Y":5040187.861,"Longitude":-73.574005,"Latitude":45.501589}},"geometry":{"type":"Point","coordinates":[-73.5740050200829,45.5015885710284]}},{"type":"Feature","id":"ville-montreal/traffic_signal/333","properties":{"lab":{"objectClass":"traffic_signal","label":"TRAFFIC SIGNAL","sourceId":"333","provider":"Ville de Montréal","providerKey":"ville-montreal","dataset":"Feux de circulation – emplacements toutes intersections","datasetId":"02ebdab9-cbf3-4f56-8c29-79fa0ed0ed2e","identityField":"INT_NO","sourceName":"Maisonneuve / Montagne","license":"CC-BY 4.0","retrievedAt":"2026-08-19T19:54:33.442Z","sourceUrl":"https://donnees.montreal.ca/dataset/feux-tous","updateDate":"2026-08-18","geometryType":"Point","legalNote":"Intersection location only. Not signal timing or operational state."},"source":{"INT_NO":333,"RUE_1":"Maisonneuve","RUE_2":"Montagne","NO_ARRONDISSEMENT":6,"ARRONDISSEMENT":"Ville-Marie","PERMANENT_OU_TEMPORAIRE":"Permanent","LOC_X":298790.62,"LOC_Y":5039874.631,"Longitude":-73.576894,"Latitude":45.498768}},"geometry":{"type":"Point","coordinates":[-73.5768935370727,45.4987680833986]}},{"type":"Feature","id":"ville-montreal/traffic_signal/334","properties":{"lab":{"objectClass":"traffic_signal","label":"TRAFFIC SIGNAL","sourceId":"334","provider":"Ville de Montréal","providerKey":"ville-montreal","dataset":"Feux de circulation – emplacements toutes intersections","datasetId":"02ebdab9-cbf3-4f56-8c29-79fa0ed0ed2e","identityField":"INT_NO","sourceName":"Maisonneuve / Peel","license":"CC-BY 4.0","retrievedAt":"2026-08-19T19:54:33.442Z","sourceUrl":"https://donnees.montreal.ca/dataset/feux-tous","updateDate":"2026-08-18","geometryType":"Point","legalNote":"Intersection location only. Not signal timing or operational state."},"source":{"INT_NO":334,"RUE_1":"Maisonneuve","RUE_2":"Peel","NO_ARRONDISSEMENT":6,"ARRONDISSEMENT":"Ville-Marie","PERMANENT_OU_TEMPORAIRE":"Permanent","LOC_X":298963.322,"LOC_Y":5040110.414,"Longitude":-73.574687,"Latitude":45.500891}},"geometry":{"type":"Point","coordinates":[-73.5746865207418,45.5008912258236]}},{"type":"Feature","id":"ville-montreal/traffic_signal/338","properties":{"lab":{"objectClass":"traffic_signal","label":"TRAFFIC SIGNAL","sourceId":"338","provider":"Ville de Montréal","providerKey":"ville-montreal","dataset":"Feux de circulation – emplacements toutes intersections","datasetId":"02ebdab9-cbf3-4f56-8c29-79fa0ed0ed2e","identityField":"INT_NO","sourceName":"Maisonneuve / Saint-Urbain","license":"CC-BY 4.0","retrievedAt":"2026-08-19T19:54:33.442Z","sourceUrl":"https://donnees.montreal.ca/dataset/feux-tous","updateDate":"2026-08-18","geometryType":"Point","legalNote":"Intersection location only. Not signal timing or operational state."},"source":{"INT_NO":338,"RUE_1":"Maisonneuve","RUE_2":"Saint-Urbain","NO_ARRONDISSEMENT":6,"ARRONDISSEMENT":"Ville-Marie","PERMANENT_OU_TEMPORAIRE":"Permanent","LOC_X":299551.032,"LOC_Y":5041101.873,"Longitude":-73.567177,"Latitude":45.509817}},"geometry":{"type":"Point","coordinates":[-73.5671767602476,45.5098174601429]}},{"type":"Feature","id":"ville-montreal/traffic_signal/339","properties":{"lab":{"objectClass":"traffic_signal","label":"TRAFFIC SIGNAL","sourceId":"339","provider":"Ville de Montréal","providerKey":"ville-montreal","dataset":"Feux de circulation – emplacements toutes intersections","datasetId":"02ebdab9-cbf3-4f56-8c29-79fa0ed0ed2e","identityField":"INT_NO","sourceName":"Maisonneuve / Stanley","license":"CC-BY 4.0","retrievedAt":"2026-08-19T19:54:33.442Z","sourceUrl":"https://donnees.montreal.ca/dataset/feux-tous","updateDate":"2026-08-18","geometryType":"Point","legalNote":"Intersection location only. Not signal timing or operational state."},"source":{"INT_NO":339,"RUE_1":"Maisonneuve","RUE_2":"Stanley","NO_ARRONDISSEMENT":6,"ARRONDISSEMENT":"Ville-Marie","PERMANENT_OU_TEMPORAIRE":"Temporaire","LOC_X":298903.942,"LOC_Y":5040035.557,"Longitude":-73.575445,"Latitude":45.500217}},"geometry":{"type":"Point","coordinates":[-73.5754454508869,45.5002171313001]}},{"type":"Feature","id":"ville-montreal/traffic_signal/340","properties":{"lab":{"objectClass":"traffic_signal","label":"TRAFFIC SIGNAL","sourceId":"340","provider":"Ville de Montréal","providerKey":"ville-montreal","dataset":"Feux de circulation – emplacements toutes intersections","datasetId":"02ebdab9-cbf3-4f56-8c29-79fa0ed0ed2e","identityField":"INT_NO","sourceName":"Maisonneuve / Union","license":"CC-BY 4.0","retrievedAt":"2026-08-19T19:54:33.442Z","sourceUrl":"https://donnees.montreal.ca/dataset/feux-tous","updateDate":"2026-08-18","geometryType":"Point","legalNote":"Intersection location only. Not signal timing or operational state."},"source":{"INT_NO":340,"RUE_1":"Maisonneuve","RUE_2":"Union","NO_ARRONDISSEMENT":6,"ARRONDISSEMENT":"Ville-Marie","PERMANENT_OU_TEMPORAIRE":"Permanent","LOC_X":299245.433,"LOC_Y":5040529.064,"Longitude":-73.571081,"Latitude":45.504661}},"geometry":{"type":"Point","coordinates":[-73.5710813529396,45.5046607191175]}},{"type":"Feature","id":"ville-montreal/traffic_signal/341","properties":{"lab":{"objectClass":"traffic_signal","label":"TRAFFIC SIGNAL","sourceId":"341","provider":"Ville de Montréal","providerKey":"ville-montreal","dataset":"Feux de circulation – emplacements toutes intersections","datasetId":"02ebdab9-cbf3-4f56-8c29-79fa0ed0ed2e","identityField":"INT_NO","sourceName":"Maisonneuve / Robert-Bourassa","license":"CC-BY 4.0","retrievedAt":"2026-08-19T19:54:33.442Z","sourceUrl":"https://donnees.montreal.ca/dataset/feux-tous","updateDate":"2026-08-18","geometryType":"Point","legalNote":"Intersection location only. Not signal timing or operational state."},"source":{"INT_NO":341,"RUE_1":"Maisonneuve","RUE_2":"Robert-Bourassa","NO_ARRONDISSEMENT":6,"ARRONDISSEMENT":"Ville-Marie","PERMANENT_OU_TEMPORAIRE":"Permanent","LOC_X":299207.252,"LOC_Y":5040459.7,"Longitude":-73.571569,"Latitude":45.504036}},"geometry":{"type":"Point","coordinates":[-73.5715691608909,45.5040362475522]}},{"type":"Feature","id":"ville-montreal/traffic_signal/342","properties":{"lab":{"objectClass":"traffic_signal","label":"TRAFFIC SIGNAL","sourceId":"342","provider":"Ville de Montréal","providerKey":"ville-montreal","dataset":"Feux de circulation – emplacements toutes intersections","datasetId":"02ebdab9-cbf3-4f56-8c29-79fa0ed0ed2e","identityField":"INT_NO","sourceName":"Mansfield / Sainte-Catherine","license":"CC-BY 4.0","retrievedAt":"2026-08-19T19:54:33.442Z","sourceUrl":"https://donnees.montreal.ca/dataset/feux-tous","updateDate":"2026-08-18","geometryType":"Point","legalNote":"Intersection location only. Not signal timing or operational state."},"source":{"INT_NO":342,"RUE_1":"Mansfield","RUE_2":"Sainte-Catherine","NO_ARRONDISSEMENT":6,"ARRONDISSEMENT":"Ville-Marie","PERMANENT_OU_TEMPORAIRE":"Permanent","LOC_X":299204.136,"LOC_Y":5040161.188,"Longitude":-73.571606,"Latitude":45.50135}},"geometry":{"type":"Point","coordinates":[-73.5716056303733,45.5013500850857]}},{"type":"Feature","id":"ville-montreal/traffic_signal/343","properties":{"lab":{"objectClass":"traffic_signal","label":"TRAFFIC SIGNAL","sourceId":"343","provider":"Ville de Montréal","providerKey":"ville-montreal","dataset":"Feux de circulation – emplacements toutes intersections","datasetId":"02ebdab9-cbf3-4f56-8c29-79fa0ed0ed2e","identityField":"INT_NO","sourceName":"Mansfield / Sherbrooke","license":"CC-BY 4.0","retrievedAt":"2026-08-19T19:54:33.442Z","sourceUrl":"https://donnees.montreal.ca/dataset/feux-tous","updateDate":"2026-08-18","geometryType":"Point","legalNote":"Intersection location only. Not signal timing or operational state."},"source":{"INT_NO":343,"RUE_1":"Mansfield","RUE_2":"Sherbrooke","NO_ARRONDISSEMENT":6,"ARRONDISSEMENT":"Ville-Marie","PERMANENT_OU_TEMPORAIRE":"Permanent","LOC_X":298915.736,"LOC_Y":5040361.061,"Longitude":-73.575298,"Latitude":45.503146}},"geometry":{"type":"Point","coordinates":[-73.5752984403293,45.5031462540844]}},{"type":"Feature","id":"ville-montreal/traffic_signal/344","properties":{"lab":{"objectClass":"traffic_signal","label":"TRAFFIC SIGNAL","sourceId":"344","provider":"Ville de Montréal","providerKey":"ville-montreal","dataset":"Feux de circulation – emplacements toutes intersections","datasetId":"02ebdab9-cbf3-4f56-8c29-79fa0ed0ed2e","identityField":"INT_NO","sourceName":"McGill College / Sainte-Catherine","license":"CC-BY 4.0","retrievedAt":"2026-08-19T19:54:33.442Z","sourceUrl":"https://donnees.montreal.ca/dataset/feux-tous","updateDate":"2026-08-18","geometryType":"Point","legalNote":"Intersection location only. Not signal timing or operational state."},"source":{"INT_NO":344,"RUE_1":"McGill College","RUE_2":"Sainte-Catherine","NO_ARRONDISSEMENT":6,"ARRONDISSEMENT":"Ville-Marie","PERMANENT_OU_TEMPORAIRE":"Permanent","LOC_X":299247.319,"LOC_Y":5040224.004,"Longitude":-73.571054,"Latitude":45.501916}},"geometry":{"type":"Point","coordinates":[-73.5710537647668,45.5019156752317]}},{"type":"Feature","id":"ville-montreal/traffic_signal/345","properties":{"lab":{"objectClass":"traffic_signal","label":"TRAFFIC SIGNAL","sourceId":"345","provider":"Ville de Montréal","providerKey":"ville-montreal","dataset":"Feux de circulation – emplacements toutes intersections","datasetId":"02ebdab9-cbf3-4f56-8c29-79fa0ed0ed2e","identityField":"INT_NO","sourceName":"McGill College / Sherbrooke","license":"CC-BY 4.0","retrievedAt":"2026-08-19T19:54:33.442Z","sourceUrl":"https://donnees.montreal.ca/dataset/feux-tous","updateDate":"2026-08-18","geometryType":"Point","legalNote":"Intersection location only. Not signal timing or operational state."},"source":{"INT_NO":345,"RUE_1":"McGill College","RUE_2":"Sherbrooke","NO_ARRONDISSEMENT":6,"ARRONDISSEMENT":"Ville-Marie","PERMANENT_OU_TEMPORAIRE":"Permanent","LOC_X":298960.617,"LOC_Y":5040422.16,"Longitude":-73.574725,"Latitude":45.503696}},"geometry":{"type":"Point","coordinates":[-73.5747248449685,45.5036964258062]}},{"type":"Feature","id":"ville-montreal/traffic_signal/346","properties":{"lab":{"objectClass":"traffic_signal","label":"TRAFFIC SIGNAL","sourceId":"346","provider":"Ville de Montréal","providerKey":"ville-montreal","dataset":"Feux de circulation – emplacements toutes intersections","datasetId":"02ebdab9-cbf3-4f56-8c29-79fa0ed0ed2e","identityField":"INT_NO","sourceName":"Metcalfe / Sainte-Catherine","license":"CC-BY 4.0","retrievedAt":"2026-08-19T19:54:33.442Z","sourceUrl":"https://donnees.montreal.ca/dataset/feux-tous","updateDate":"2026-08-18","geometryType":"Point","legalNote":"Intersection location only. Not signal timing or operational state."},"source":{"INT_NO":346,"RUE_1":"Metcalfe","RUE_2":"Sainte-Catherine","NO_ARRONDISSEMENT":6,"ARRONDISSEMENT":"Ville-Marie","PERMANENT_OU_TEMPORAIRE":"Permanent","LOC_X":299156.996,"LOC_Y":5040090.613,"Longitude":-73.572208,"Latitude":45.500715}},"geometry":{"type":"Point","coordinates":[-73.5722080295854,45.5007146414354]}},{"type":"Feature","id":"ville-montreal/traffic_signal/347","properties":{"lab":{"objectClass":"traffic_signal","label":"TRAFFIC SIGNAL","sourceId":"347","provider":"Ville de Montréal","providerKey":"ville-montreal","dataset":"Feux de circulation – emplacements toutes intersections","datasetId":"02ebdab9-cbf3-4f56-8c29-79fa0ed0ed2e","identityField":"INT_NO","sourceName":"Metcalfe / Sherbrooke","license":"CC-BY 4.0","retrievedAt":"2026-08-19T19:54:33.442Z","sourceUrl":"https://donnees.montreal.ca/dataset/feux-tous","updateDate":"2026-08-18","geometryType":"Point","legalNote":"Intersection location only. Not signal timing or operational state."},"source":{"INT_NO":347,"RUE_1":"Metcalfe","RUE_2":"Sherbrooke","NO_ARRONDISSEMENT":6,"ARRONDISSEMENT":"Ville-Marie","PERMANENT_OU_TEMPORAIRE":"Permanent","LOC_X":298868.44,"LOC_Y":5040291.06,"Longitude":-73.575903,"Latitude":45.502516}},"geometry":{"type":"Point","coordinates":[-73.5759028202859,45.5025159549435]}},{"type":"Feature","id":"ville-montreal/traffic_signal/348","properties":{"lab":{"objectClass":"traffic_signal","label":"TRAFFIC SIGNAL","sourceId":"348","provider":"Ville de Montréal","providerKey":"ville-montreal","dataset":"Feux de circulation – emplacements toutes intersections","datasetId":"02ebdab9-cbf3-4f56-8c29-79fa0ed0ed2e","identityField":"INT_NO","sourceName":"Milton / Parc","license":"CC-BY 4.0","retrievedAt":"2026-08-19T19:54:33.442Z","sourceUrl":"https://donnees.montreal.ca/dataset/feux-tous","updateDate":"2026-08-18","geometryType":"Point","legalNote":"Intersection location only. Not signal timing or operational state."},"source":{"INT_NO":348,"RUE_1":"Milton","RUE_2":"Parc","NO_ARRONDISSEMENT":5,"ARRONDISSEMENT":"Plateau Mont-Royal","PERMANENT_OU_TEMPORAIRE":"Permanent","LOC_X":299043.124,"LOC_Y":5041066.069,"Longitude":-73.573677,"Latitude":45.509491}},"geometry":{"type":"Point","coordinates":[-73.573676586586,45.5094912734074]}},{"type":"Feature","id":"ville-montreal/traffic_signal/350","properties":{"lab":{"objectClass":"traffic_signal","label":"TRAFFIC SIGNAL","sourceId":"350","provider":"Ville de Montréal","providerKey":"ville-montreal","dataset":"Feux de circulation – emplacements toutes intersections","datasetId":"02ebdab9-cbf3-4f56-8c29-79fa0ed0ed2e","identityField":"INT_NO","sourceName":"Milton / University","license":"CC-BY 4.0","retrievedAt":"2026-08-19T19:54:33.442Z","sourceUrl":"https://donnees.montreal.ca/dataset/feux-tous","updateDate":"2026-08-18","geometryType":"Point","legalNote":"Intersection location only. Not signal timing or operational state."},"source":{"INT_NO":350,"RUE_1":"Milton","RUE_2":"University","NO_ARRONDISSEMENT":5,"ARRONDISSEMENT":"Plateau Mont-Royal","PERMANENT_OU_TEMPORAIRE":"Permanent","LOC_X":298826.653,"LOC_Y":5040722.711,"Longitude":-73.576443,"Latitude":45.5064}},"geometry":{"type":"Point","coordinates":[-73.5764428010971,45.5063997753751]}},{"type":"Feature","id":"ville-montreal/traffic_signal/351","properties":{"lab":{"objectClass":"traffic_signal","label":"TRAFFIC SIGNAL","sourceId":"351","provider":"Ville de Montréal","providerKey":"ville-montreal","dataset":"Feux de circulation – emplacements toutes intersections","datasetId":"02ebdab9-cbf3-4f56-8c29-79fa0ed0ed2e","identityField":"INT_NO","sourceName":"Montagne / Sainte-Catherine","license":"CC-BY 4.0","retrievedAt":"2026-08-19T19:54:33.442Z","sourceUrl":"https://donnees.montreal.ca/dataset/feux-tous","updateDate":"2026-08-18","geometryType":"Point","legalNote":"Intersection location only. Not signal timing or operational state."},"source":{"INT_NO":351,"RUE_1":"Montagne","RUE_2":"Sainte-Catherine","NO_ARRONDISSEMENT":6,"ARRONDISSEMENT":"Ville-Marie","PERMANENT_OU_TEMPORAIRE":"Permanent","LOC_X":298936.746,"LOC_Y":5039776.556,"Longitude":-73.575023,"Latitude":45.497887}},"geometry":{"type":"Point","coordinates":[-73.5750225989714,45.4978868056946]}},{"type":"Feature","id":"ville-montreal/traffic_signal/353","properties":{"lab":{"objectClass":"traffic_signal","label":"TRAFFIC SIGNAL","sourceId":"353","provider":"Ville de Montréal","providerKey":"ville-montreal","dataset":"Feux de circulation – emplacements toutes intersections","datasetId":"02ebdab9-cbf3-4f56-8c29-79fa0ed0ed2e","identityField":"INT_NO","sourceName":"Ontario / Président-Kennedy / Saint-Urbain","license":"CC-BY 4.0","retrievedAt":"2026-08-19T19:54:33.442Z","sourceUrl":"https://donnees.montreal.ca/dataset/feux-tous","updateDate":"2026-08-18","geometryType":"Point","legalNote":"Intersection location only. Not signal timing or operational state."},"source":{"INT_NO":353,"RUE_1":"Ontario / Président-Kennedy","RUE_2":"Saint-Urbain","NO_ARRONDISSEMENT":6,"ARRONDISSEMENT":"Ville-Marie","PERMANENT_OU_TEMPORAIRE":"Permanent","LOC_X":299530.709,"LOC_Y":5041111.403,"Longitude":-73.567437,"Latitude":45.509903}},"geometry":{"type":"Point","coordinates":[-73.5674369580385,45.5099030617692]}},{"type":"Feature","id":"ville-montreal/traffic_signal/356","properties":{"lab":{"objectClass":"traffic_signal","label":"TRAFFIC SIGNAL","sourceId":"356","provider":"Ville de Montréal","providerKey":"ville-montreal","dataset":"Feux de circulation – emplacements toutes intersections","datasetId":"02ebdab9-cbf3-4f56-8c29-79fa0ed0ed2e","identityField":"INT_NO","sourceName":"Peel / Sainte-Catherine","license":"CC-BY 4.0","retrievedAt":"2026-08-19T19:54:33.442Z","sourceUrl":"https://donnees.montreal.ca/dataset/feux-tous","updateDate":"2026-08-18","geometryType":"Point","legalNote":"Intersection location only. Not signal timing or operational state."},"source":{"INT_NO":356,"RUE_1":"Peel","RUE_2":"Sainte-Catherine","NO_ARRONDISSEMENT":6,"ARRONDISSEMENT":"Ville-Marie","PERMANENT_OU_TEMPORAIRE":"Temporaire","LOC_X":299101.342,"LOC_Y":5040012.558,"Longitude":-73.572919,"Latitude":45.500012}},"geometry":{"type":"Point","coordinates":[-73.5729192724237,45.5000118168138]}},{"type":"Feature","id":"ville-montreal/traffic_signal/357","properties":{"lab":{"objectClass":"traffic_signal","label":"TRAFFIC SIGNAL","sourceId":"357","provider":"Ville de Montréal","providerKey":"ville-montreal","dataset":"Feux de circulation – emplacements toutes intersections","datasetId":"02ebdab9-cbf3-4f56-8c29-79fa0ed0ed2e","identityField":"INT_NO","sourceName":"Peel / Sherbrooke","license":"CC-BY 4.0","retrievedAt":"2026-08-19T19:54:33.442Z","sourceUrl":"https://donnees.montreal.ca/dataset/feux-tous","updateDate":"2026-08-18","geometryType":"Point","legalNote":"Intersection location only. Not signal timing or operational state."},"source":{"INT_NO":357,"RUE_1":"Peel","RUE_2":"Sherbrooke","NO_ARRONDISSEMENT":6,"ARRONDISSEMENT":"Ville-Marie","PERMANENT_OU_TEMPORAIRE":"Permanent","LOC_X":298815.739,"LOC_Y":5040216.559,"Longitude":-73.576576,"Latitude":45.501845}},"geometry":{"type":"Point","coordinates":[-73.5765762957614,45.5018451132915]}},{"type":"Feature","id":"ville-montreal/traffic_signal/358","properties":{"lab":{"objectClass":"traffic_signal","label":"TRAFFIC SIGNAL","sourceId":"358","provider":"Ville de Montréal","providerKey":"ville-montreal","dataset":"Feux de circulation – emplacements toutes intersections","datasetId":"02ebdab9-cbf3-4f56-8c29-79fa0ed0ed2e","identityField":"INT_NO","sourceName":"Président-Kennedy / Union","license":"CC-BY 4.0","retrievedAt":"2026-08-19T19:54:33.442Z","sourceUrl":"https://donnees.montreal.ca/dataset/feux-tous","updateDate":"2026-08-18","geometryType":"Point","legalNote":"Intersection location only. Not signal timing or operational state."},"source":{"INT_NO":358,"RUE_1":"Président-Kennedy","RUE_2":"Union","NO_ARRONDISSEMENT":6,"ARRONDISSEMENT":"Ville-Marie","PERMANENT_OU_TEMPORAIRE":"Permanent","LOC_X":299182.032,"LOC_Y":5040572.564,"Longitude":-73.571893,"Latitude":45.505052}},"geometry":{"type":"Point","coordinates":[-73.5718931881031,45.5050516426572]}},{"type":"Feature","id":"ville-montreal/traffic_signal/359","properties":{"lab":{"objectClass":"traffic_signal","label":"TRAFFIC SIGNAL","sourceId":"359","provider":"Ville de Montréal","providerKey":"ville-montreal","dataset":"Feux de circulation – emplacements toutes intersections","datasetId":"02ebdab9-cbf3-4f56-8c29-79fa0ed0ed2e","identityField":"INT_NO","sourceName":"Président-Kennedy / Robert-Bourassa","license":"CC-BY 4.0","retrievedAt":"2026-08-19T19:54:33.442Z","sourceUrl":"https://donnees.montreal.ca/dataset/feux-tous","updateDate":"2026-08-18","geometryType":"Point","legalNote":"Intersection location only. Not signal timing or operational state."},"source":{"INT_NO":359,"RUE_1":"Président-Kennedy","RUE_2":"Robert-Bourassa","NO_ARRONDISSEMENT":6,"ARRONDISSEMENT":"Ville-Marie","PERMANENT_OU_TEMPORAIRE":"Permanent","LOC_X":299138.833,"LOC_Y":5040507.563,"Longitude":-73.572445,"Latitude":45.504466}},"geometry":{"type":"Point","coordinates":[-73.5724452554318,45.5044663870747]}},{"type":"Feature","id":"ville-montreal/traffic_signal/360","properties":{"lab":{"objectClass":"traffic_signal","label":"TRAFFIC SIGNAL","sourceId":"360","provider":"Ville de Montréal","providerKey":"ville-montreal","dataset":"Feux de circulation – emplacements toutes intersections","datasetId":"02ebdab9-cbf3-4f56-8c29-79fa0ed0ed2e","identityField":"INT_NO","sourceName":"Saint-Alexandre / Sainte-Catherine","license":"CC-BY 4.0","retrievedAt":"2026-08-19T19:54:33.442Z","sourceUrl":"https://donnees.montreal.ca/dataset/feux-tous","updateDate":"2026-08-18","geometryType":"Point","legalNote":"Intersection location only. Not signal timing or operational state."},"source":{"INT_NO":360,"RUE_1":"Saint-Alexandre","RUE_2":"Sainte-Catherine","NO_ARRONDISSEMENT":6,"ARRONDISSEMENT":"Ville-Marie","PERMANENT_OU_TEMPORAIRE":"Permanent","LOC_X":299506.231,"LOC_Y":5040608.066,"Longitude":-73.567745,"Latitude":45.505374}},"geometry":{"type":"Point","coordinates":[-73.567744796705,45.5053736403394]}},{"type":"Feature","id":"ville-montreal/traffic_signal/361","properties":{"lab":{"objectClass":"traffic_signal","label":"TRAFFIC SIGNAL","sourceId":"361","provider":"Ville de Montréal","providerKey":"ville-montreal","dataset":"Feux de circulation – emplacements toutes intersections","datasetId":"02ebdab9-cbf3-4f56-8c29-79fa0ed0ed2e","identityField":"INT_NO","sourceName":"Sainte-Catherine / Saint-Laurent","license":"CC-BY 4.0","retrievedAt":"2026-08-19T19:54:33.442Z","sourceUrl":"https://donnees.montreal.ca/dataset/feux-tous","updateDate":"2026-08-18","geometryType":"Point","legalNote":"Intersection location only. Not signal timing or operational state."},"source":{"INT_NO":361,"RUE_1":"Sainte-Catherine","RUE_2":"Saint-Laurent","NO_ARRONDISSEMENT":6,"ARRONDISSEMENT":"Ville-Marie","PERMANENT_OU_TEMPORAIRE":"Permanent","LOC_X":299813.122,"LOC_Y":5041107.572,"Longitude":-73.563823,"Latitude":45.509871}},"geometry":{"type":"Point","coordinates":[-73.5638225691787,45.5098706654081]}},{"type":"Feature","id":"ville-montreal/traffic_signal/364","properties":{"lab":{"objectClass":"traffic_signal","label":"TRAFFIC SIGNAL","sourceId":"364","provider":"Ville de Montréal","providerKey":"ville-montreal","dataset":"Feux de circulation – emplacements toutes intersections","datasetId":"02ebdab9-cbf3-4f56-8c29-79fa0ed0ed2e","identityField":"INT_NO","sourceName":"Sainte-Catherine / Saint-Urbain","license":"CC-BY 4.0","retrievedAt":"2026-08-19T19:54:33.442Z","sourceUrl":"https://donnees.montreal.ca/dataset/feux-tous","updateDate":"2026-08-18","geometryType":"Point","legalNote":"Intersection location only. Not signal timing or operational state."},"source":{"INT_NO":364,"RUE_1":"Sainte-Catherine","RUE_2":"Saint-Urbain","NO_ARRONDISSEMENT":6,"ARRONDISSEMENT":"Ville-Marie","PERMANENT_OU_TEMPORAIRE":"Permanent","LOC_X":299735.683,"LOC_Y":5040981.171,"Longitude":-73.564812,"Latitude":45.508733}},"geometry":{"type":"Point","coordinates":[-73.5648123353056,45.5087326987828]}},{"type":"Feature","id":"ville-montreal/traffic_signal/365","properties":{"lab":{"objectClass":"traffic_signal","label":"TRAFFIC SIGNAL","sourceId":"365","provider":"Ville de Montréal","providerKey":"ville-montreal","dataset":"Feux de circulation – emplacements toutes intersections","datasetId":"02ebdab9-cbf3-4f56-8c29-79fa0ed0ed2e","identityField":"INT_NO","sourceName":"Sainte-Catherine / Stanley","license":"CC-BY 4.0","retrievedAt":"2026-08-19T19:54:33.442Z","sourceUrl":"https://donnees.montreal.ca/dataset/feux-tous","updateDate":"2026-08-18","geometryType":"Point","legalNote":"Intersection location only. Not signal timing or operational state."},"source":{"INT_NO":365,"RUE_1":"Sainte-Catherine","RUE_2":"Stanley","NO_ARRONDISSEMENT":6,"ARRONDISSEMENT":"Ville-Marie","PERMANENT_OU_TEMPORAIRE":"Temporaire","LOC_X":299048.399,"LOC_Y":5039935.572,"Longitude":-73.573596,"Latitude":45.499319}},"geometry":{"type":"Point","coordinates":[-73.5735958209653,45.4993186293629]}},{"type":"Feature","id":"ville-montreal/traffic_signal/366","properties":{"lab":{"objectClass":"traffic_signal","label":"TRAFFIC SIGNAL","sourceId":"366","provider":"Ville de Montréal","providerKey":"ville-montreal","dataset":"Feux de circulation – emplacements toutes intersections","datasetId":"02ebdab9-cbf3-4f56-8c29-79fa0ed0ed2e","identityField":"INT_NO","sourceName":"Sainte-Catherine / Union","license":"CC-BY 4.0","retrievedAt":"2026-08-19T19:54:33.442Z","sourceUrl":"https://donnees.montreal.ca/dataset/feux-tous","updateDate":"2026-08-18","geometryType":"Point","legalNote":"Intersection location only. Not signal timing or operational state."},"source":{"INT_NO":366,"RUE_1":"Sainte-Catherine","RUE_2":"Union","NO_ARRONDISSEMENT":6,"ARRONDISSEMENT":"Ville-Marie","PERMANENT_OU_TEMPORAIRE":"Permanent","LOC_X":299390.28,"LOC_Y":5040430.332,"Longitude":-73.569227,"Latitude":45.503773}},"geometry":{"type":"Point","coordinates":[-73.5692266698612,45.5037734253112]}},{"type":"Feature","id":"ville-montreal/traffic_signal/367","properties":{"lab":{"objectClass":"traffic_signal","label":"TRAFFIC SIGNAL","sourceId":"367","provider":"Ville de Montréal","providerKey":"ville-montreal","dataset":"Feux de circulation – emplacements toutes intersections","datasetId":"02ebdab9-cbf3-4f56-8c29-79fa0ed0ed2e","identityField":"INT_NO","sourceName":"Robert-Bourassa / Sainte-Catherine","license":"CC-BY 4.0","retrievedAt":"2026-08-19T19:54:33.442Z","sourceUrl":"https://donnees.montreal.ca/dataset/feux-tous","updateDate":"2026-08-18","geometryType":"Point","legalNote":"Intersection location only. Not signal timing or operational state."},"source":{"INT_NO":367,"RUE_1":"Robert-Bourassa","RUE_2":"Sainte-Catherine","NO_ARRONDISSEMENT":6,"ARRONDISSEMENT":"Ville-Marie","PERMANENT_OU_TEMPORAIRE":"Permanent","LOC_X":299344.836,"LOC_Y":5040364.062,"Longitude":-73.569807,"Latitude":45.503177}},"geometry":{"type":"Point","coordinates":[-73.5698074665613,45.5031767459236]}},{"type":"Feature","id":"ville-montreal/traffic_signal/373","properties":{"lab":{"objectClass":"traffic_signal","label":"TRAFFIC SIGNAL","sourceId":"373","provider":"Ville de Montréal","providerKey":"ville-montreal","dataset":"Feux de circulation – emplacements toutes intersections","datasetId":"02ebdab9-cbf3-4f56-8c29-79fa0ed0ed2e","identityField":"INT_NO","sourceName":"Sherbrooke / Stanley","license":"CC-BY 4.0","retrievedAt":"2026-08-19T19:54:33.442Z","sourceUrl":"https://donnees.montreal.ca/dataset/feux-tous","updateDate":"2026-08-18","geometryType":"Point","legalNote":"Intersection location only. Not signal timing or operational state."},"source":{"INT_NO":373,"RUE_1":"Sherbrooke","RUE_2":"Stanley","NO_ARRONDISSEMENT":6,"ARRONDISSEMENT":"Ville-Marie","PERMANENT_OU_TEMPORAIRE":"Permanent","LOC_X":298760.64,"LOC_Y":5040136.058,"Longitude":-73.57728,"Latitude":45.50112}},"geometry":{"type":"Point","coordinates":[-73.5772803664764,45.5011202562946]}},{"type":"Feature","id":"ville-montreal/traffic_signal/374","properties":{"lab":{"objectClass":"traffic_signal","label":"TRAFFIC SIGNAL","sourceId":"374","provider":"Ville de Montréal","providerKey":"ville-montreal","dataset":"Feux de circulation – emplacements toutes intersections","datasetId":"02ebdab9-cbf3-4f56-8c29-79fa0ed0ed2e","identityField":"INT_NO","sourceName":"Sherbrooke / Robert-Bourassa","license":"CC-BY 4.0","retrievedAt":"2026-08-19T19:54:33.442Z","sourceUrl":"https://donnees.montreal.ca/dataset/feux-tous","updateDate":"2026-08-18","geometryType":"Point","legalNote":"Intersection location only. Not signal timing or operational state."},"source":{"INT_NO":374,"RUE_1":"Sherbrooke","RUE_2":"Robert-Bourassa","NO_ARRONDISSEMENT":5,"ARRONDISSEMENT":"Plateau Mont-Royal","PERMANENT_OU_TEMPORAIRE":"Permanent","LOC_X":299057.684,"LOC_Y":5040563.945,"Longitude":-73.573484,"Latitude":45.504973}},"geometry":{"type":"Point","coordinates":[-73.5734843683918,45.504973072696]}},{"type":"Feature","id":"ville-montreal/traffic_signal/376","properties":{"lab":{"objectClass":"traffic_signal","label":"TRAFFIC SIGNAL","sourceId":"376","provider":"Ville de Montréal","providerKey":"ville-montreal","dataset":"Feux de circulation – emplacements toutes intersections","datasetId":"02ebdab9-cbf3-4f56-8c29-79fa0ed0ed2e","identityField":"INT_NO","sourceName":"Beaver Hall / La Gauchetière","license":"CC-BY 4.0","retrievedAt":"2026-08-19T19:54:33.442Z","sourceUrl":"https://donnees.montreal.ca/dataset/feux-tous","updateDate":"2026-08-18","geometryType":"Point","legalNote":"Intersection location only. Not signal timing or operational state."},"source":{"INT_NO":376,"RUE_1":"Beaver Hall","RUE_2":"La Gauchetière","NO_ARRONDISSEMENT":6,"ARRONDISSEMENT":"Ville-Marie","PERMANENT_OU_TEMPORAIRE":"Permanent","LOC_X":299783.67,"LOC_Y":5040258.472,"Longitude":-73.564191,"Latitude":45.50223}},"geometry":{"type":"Point","coordinates":[-73.5641908141802,45.5022298959037]}},{"type":"Feature","id":"ville-montreal/traffic_signal/377","properties":{"lab":{"objectClass":"traffic_signal","label":"TRAFFIC SIGNAL","sourceId":"377","provider":"Ville de Montréal","providerKey":"ville-montreal","dataset":"Feux de circulation – emplacements toutes intersections","datasetId":"02ebdab9-cbf3-4f56-8c29-79fa0ed0ed2e","identityField":"INT_NO","sourceName":"Beaver Hall / Viger","license":"CC-BY 4.0","retrievedAt":"2026-08-19T19:54:33.442Z","sourceUrl":"https://donnees.montreal.ca/dataset/feux-tous","updateDate":"2026-08-18","geometryType":"Point","legalNote":"Intersection location only. Not signal timing or operational state."},"source":{"INT_NO":377,"RUE_1":"Beaver Hall","RUE_2":"Viger","NO_ARRONDISSEMENT":6,"ARRONDISSEMENT":"Ville-Marie","PERMANENT_OU_TEMPORAIRE":"Permanent","LOC_X":299865.55,"LOC_Y":5040226.038,"Longitude":-73.563143,"Latitude":45.501939}},"geometry":{"type":"Point","coordinates":[-73.5631427218132,45.5019386249205]}},{"type":"Feature","id":"ville-montreal/traffic_signal/378","properties":{"lab":{"objectClass":"traffic_signal","label":"TRAFFIC SIGNAL","sourceId":"378","provider":"Ville de Montréal","providerKey":"ville-montreal","dataset":"Feux de circulation – emplacements toutes intersections","datasetId":"02ebdab9-cbf3-4f56-8c29-79fa0ed0ed2e","identityField":"INT_NO","sourceName":"Belmont / Robert-Bourassa","license":"CC-BY 4.0","retrievedAt":"2026-08-19T19:54:33.442Z","sourceUrl":"https://donnees.montreal.ca/dataset/feux-tous","updateDate":"2026-08-18","geometryType":"Point","legalNote":"Intersection location only. Not signal timing or operational state."},"source":{"INT_NO":378,"RUE_1":"Belmont","RUE_2":"Robert-Bourassa","NO_ARRONDISSEMENT":6,"ARRONDISSEMENT":"Ville-Marie","PERMANENT_OU_TEMPORAIRE":"Permanent","LOC_X":299634.4855,"LOC_Y":5040147.497,"Longitude":-73.566099,"Latitude":45.50123}},"geometry":{"type":"Point","coordinates":[-73.5660986644418,45.5012302068373]}},{"type":"Feature","id":"ville-montreal/traffic_signal/379","properties":{"lab":{"objectClass":"traffic_signal","label":"TRAFFIC SIGNAL","sourceId":"379","provider":"Ville de Montréal","providerKey":"ville-montreal","dataset":"Feux de circulation – emplacements toutes intersections","datasetId":"02ebdab9-cbf3-4f56-8c29-79fa0ed0ed2e","identityField":"INT_NO","sourceName":"Cathédrale / La Gauchetière","license":"CC-BY 4.0","retrievedAt":"2026-08-19T19:54:33.442Z","sourceUrl":"https://donnees.montreal.ca/dataset/feux-tous","updateDate":"2026-08-18","geometryType":"Point","legalNote":"Intersection location only. Not signal timing or operational state."},"source":{"INT_NO":379,"RUE_1":"Cathédrale","RUE_2":"La Gauchetière","NO_ARRONDISSEMENT":6,"ARRONDISSEMENT":"Ville-Marie","PERMANENT_OU_TEMPORAIRE":"Permanent","LOC_X":299539.952,"LOC_Y":5039804.776,"Longitude":-73.567305,"Latitude":45.498146}},"geometry":{"type":"Point","coordinates":[-73.5673046534724,45.4981455497672]}},{"type":"Feature","id":"ville-montreal/traffic_signal/380","properties":{"lab":{"objectClass":"traffic_signal","label":"TRAFFIC SIGNAL","sourceId":"380","provider":"Ville de Montréal","providerKey":"ville-montreal","dataset":"Feux de circulation – emplacements toutes intersections","datasetId":"02ebdab9-cbf3-4f56-8c29-79fa0ed0ed2e","identityField":"INT_NO","sourceName":"Cathédrale / Saint-Antoine","license":"CC-BY 4.0","retrievedAt":"2026-08-19T19:54:33.442Z","sourceUrl":"https://donnees.montreal.ca/dataset/feux-tous","updateDate":"2026-08-18","geometryType":"Point","legalNote":"Intersection location only. Not signal timing or operational state."},"source":{"INT_NO":380,"RUE_1":"Cathédrale","RUE_2":"Saint-Antoine","NO_ARRONDISSEMENT":6,"ARRONDISSEMENT":"Ville-Marie","PERMANENT_OU_TEMPORAIRE":"Temporaire","LOC_X":299640.589,"LOC_Y":5039735.508,"Longitude":-73.566016,"Latitude":45.497523}},"geometry":{"type":"Point","coordinates":[-73.5660162308168,45.4975229977952]}},{"type":"Feature","id":"ville-montreal/traffic_signal/381","properties":{"lab":{"objectClass":"traffic_signal","label":"TRAFFIC SIGNAL","sourceId":"381","provider":"Ville de Montréal","providerKey":"ville-montreal","dataset":"Feux de circulation – emplacements toutes intersections","datasetId":"02ebdab9-cbf3-4f56-8c29-79fa0ed0ed2e","identityField":"INT_NO","sourceName":"Cathédrale / Saint-Jacques","license":"CC-BY 4.0","retrievedAt":"2026-08-19T19:54:33.442Z","sourceUrl":"https://donnees.montreal.ca/dataset/feux-tous","updateDate":"2026-08-18","geometryType":"Point","legalNote":"Intersection location only. Not signal timing or operational state."},"source":{"INT_NO":381,"RUE_1":"Cathédrale","RUE_2":"Saint-Jacques","NO_ARRONDISSEMENT":6,"ARRONDISSEMENT":"Ville-Marie","PERMANENT_OU_TEMPORAIRE":"Permanent","LOC_X":299744.097,"LOC_Y":5039665.263,"Longitude":-73.564691,"Latitude":45.496892}},"geometry":{"type":"Point","coordinates":[-73.5646910915929,45.4968916605465]}},{"type":"Feature","id":"ville-montreal/traffic_signal/382","properties":{"lab":{"objectClass":"traffic_signal","label":"TRAFFIC SIGNAL","sourceId":"382","provider":"Ville de Montréal","providerKey":"ville-montreal","dataset":"Feux de circulation – emplacements toutes intersections","datasetId":"02ebdab9-cbf3-4f56-8c29-79fa0ed0ed2e","identityField":"INT_NO","sourceName":"Robert-Bourassa - Int. Est / Wellington","license":"CC-BY 4.0","retrievedAt":"2026-08-19T19:54:33.442Z","sourceUrl":"https://donnees.montreal.ca/dataset/feux-tous","updateDate":"2026-08-18","geometryType":"Point","legalNote":"Intersection location only. Not signal timing or operational state."},"source":{"INT_NO":382,"RUE_1":"Robert-Bourassa - Int. Est","RUE_2":"Wellington","NO_ARRONDISSEMENT":6,"ARRONDISSEMENT":"Ville-Marie","PERMANENT_OU_TEMPORAIRE":"Permanent","LOC_X":300450.151,"LOC_Y":5039596.56,"Longitude":-73.555656,"Latitude":45.496278}},"geometry":{"type":"Point","coordinates":[-73.5556564127899,45.4962781999275]}},{"type":"Feature","id":"ville-montreal/traffic_signal/383","properties":{"lab":{"objectClass":"traffic_signal","label":"TRAFFIC SIGNAL","sourceId":"383","provider":"Ville de Montréal","providerKey":"ville-montreal","dataset":"Feux de circulation – emplacements toutes intersections","datasetId":"02ebdab9-cbf3-4f56-8c29-79fa0ed0ed2e","identityField":"INT_NO","sourceName":"Inspecteur / Notre-Dame","license":"CC-BY 4.0","retrievedAt":"2026-08-19T19:54:33.442Z","sourceUrl":"https://donnees.montreal.ca/dataset/feux-tous","updateDate":"2026-08-18","geometryType":"Point","legalNote":"Intersection location only. Not signal timing or operational state."},"source":{"INT_NO":383,"RUE_1":"Inspecteur","RUE_2":"Notre-Dame","NO_ARRONDISSEMENT":8,"ARRONDISSEMENT":"Sud-Ouest","PERMANENT_OU_TEMPORAIRE":"Permanent","LOC_X":299951.481,"LOC_Y":5039689.191,"Longitude":-73.562038,"Latitude":45.497108}},"geometry":{"type":"Point","coordinates":[-73.5620378180084,45.4971084470058]}},{"type":"Feature","id":"ville-montreal/traffic_signal/384","properties":{"lab":{"objectClass":"traffic_signal","label":"TRAFFIC SIGNAL","sourceId":"384","provider":"Ville de Montréal","providerKey":"ville-montreal","dataset":"Feux de circulation – emplacements toutes intersections","datasetId":"02ebdab9-cbf3-4f56-8c29-79fa0ed0ed2e","identityField":"INT_NO","sourceName":"La Gauchetière / Mansfield","license":"CC-BY 4.0","retrievedAt":"2026-08-19T19:54:33.442Z","sourceUrl":"https://donnees.montreal.ca/dataset/feux-tous","updateDate":"2026-08-18","geometryType":"Point","legalNote":"Intersection location only. Not signal timing or operational state."},"source":{"INT_NO":384,"RUE_1":"La Gauchetière","RUE_2":"Mansfield","NO_ARRONDISSEMENT":6,"ARRONDISSEMENT":"Ville-Marie","PERMANENT_OU_TEMPORAIRE":"Permanent","LOC_X":299588.692,"LOC_Y":5039897.01,"Longitude":-73.566682,"Latitude":45.498976}},"geometry":{"type":"Point","coordinates":[-73.5666819835567,45.4989758768264]}},{"type":"Feature","id":"ville-montreal/traffic_signal/385","properties":{"lab":{"objectClass":"traffic_signal","label":"TRAFFIC SIGNAL","sourceId":"385","provider":"Ville de Montréal","providerKey":"ville-montreal","dataset":"Feux de circulation – emplacements toutes intersections","datasetId":"02ebdab9-cbf3-4f56-8c29-79fa0ed0ed2e","identityField":"INT_NO","sourceName":"La Gauchetière / Peel","license":"CC-BY 4.0","retrievedAt":"2026-08-19T19:54:33.442Z","sourceUrl":"https://donnees.montreal.ca/dataset/feux-tous","updateDate":"2026-08-18","geometryType":"Point","legalNote":"Intersection location only. Not signal timing or operational state."},"source":{"INT_NO":385,"RUE_1":"La Gauchetière","RUE_2":"Peel","NO_ARRONDISSEMENT":6,"ARRONDISSEMENT":"Ville-Marie","PERMANENT_OU_TEMPORAIRE":"Permanent","LOC_X":299437.8935,"LOC_Y":5039763.5945,"Longitude":-73.56861,"Latitude":45.497774}},"geometry":{"type":"Point","coordinates":[-73.5686100863963,45.497774203956]}},{"type":"Feature","id":"ville-montreal/traffic_signal/386","properties":{"lab":{"objectClass":"traffic_signal","label":"TRAFFIC SIGNAL","sourceId":"386","provider":"Ville de Montréal","providerKey":"ville-montreal","dataset":"Feux de circulation – emplacements toutes intersections","datasetId":"02ebdab9-cbf3-4f56-8c29-79fa0ed0ed2e","identityField":"INT_NO","sourceName":"La Gauchetière / Robert-Bourassa","license":"CC-BY 4.0","retrievedAt":"2026-08-19T19:54:33.442Z","sourceUrl":"https://donnees.montreal.ca/dataset/feux-tous","updateDate":"2026-08-18","geometryType":"Point","legalNote":"Intersection location only. Not signal timing or operational state."},"source":{"INT_NO":386,"RUE_1":"La Gauchetière","RUE_2":"Robert-Bourassa","NO_ARRONDISSEMENT":6,"ARRONDISSEMENT":"Ville-Marie","PERMANENT_OU_TEMPORAIRE":"Permanent","LOC_X":299700.882,"LOC_Y":5040099.783,"Longitude":-73.565249,"Latitude":45.500801}},"geometry":{"type":"Point","coordinates":[-73.5652485499301,45.5008013443264]}},{"type":"Feature","id":"ville-montreal/traffic_signal/388","properties":{"lab":{"objectClass":"traffic_signal","label":"TRAFFIC SIGNAL","sourceId":"388","provider":"Ville de Montréal","providerKey":"ville-montreal","dataset":"Feux de circulation – emplacements toutes intersections","datasetId":"02ebdab9-cbf3-4f56-8c29-79fa0ed0ed2e","identityField":"INT_NO","sourceName":"Mansfield / Saint-Antoine","license":"CC-BY 4.0","retrievedAt":"2026-08-19T19:54:33.442Z","sourceUrl":"https://donnees.montreal.ca/dataset/feux-tous","updateDate":"2026-08-18","geometryType":"Point","legalNote":"Intersection location only. Not signal timing or operational state."},"source":{"INT_NO":388,"RUE_1":"Mansfield","RUE_2":"Saint-Antoine","NO_ARRONDISSEMENT":6,"ARRONDISSEMENT":"Ville-Marie","PERMANENT_OU_TEMPORAIRE":"Permanent","LOC_X":299708.945,"LOC_Y":5039812.56,"Longitude":-73.565142,"Latitude":45.498217}},"geometry":{"type":"Point","coordinates":[-73.5651423950771,45.4982168471467]}},{"type":"Feature","id":"ville-montreal/traffic_signal/389","properties":{"lab":{"objectClass":"traffic_signal","label":"TRAFFIC SIGNAL","sourceId":"389","provider":"Ville de Montréal","providerKey":"ville-montreal","dataset":"Feux de circulation – emplacements toutes intersections","datasetId":"02ebdab9-cbf3-4f56-8c29-79fa0ed0ed2e","identityField":"INT_NO","sourceName":"Mansfield / Saint-Jacques","license":"CC-BY 4.0","retrievedAt":"2026-08-19T19:54:33.442Z","sourceUrl":"https://donnees.montreal.ca/dataset/feux-tous","updateDate":"2026-08-18","geometryType":"Point","legalNote":"Intersection location only. Not signal timing or operational state."},"source":{"INT_NO":389,"RUE_1":"Mansfield","RUE_2":"Saint-Jacques","NO_ARRONDISSEMENT":6,"ARRONDISSEMENT":"Ville-Marie","PERMANENT_OU_TEMPORAIRE":"Permanent","LOC_X":299802.633,"LOC_Y":5039748.951,"Longitude":-73.563943,"Latitude":45.497645}},"geometry":{"type":"Point","coordinates":[-73.563942966852,45.4976451431785]}},{"type":"Feature","id":"ville-montreal/traffic_signal/390","properties":{"lab":{"objectClass":"traffic_signal","label":"TRAFFIC SIGNAL","sourceId":"390","provider":"Ville de Montréal","providerKey":"ville-montreal","dataset":"Feux de circulation – emplacements toutes intersections","datasetId":"02ebdab9-cbf3-4f56-8c29-79fa0ed0ed2e","identityField":"INT_NO","sourceName":"McGill / Notre-Dame","license":"CC-BY 4.0","retrievedAt":"2026-08-19T19:54:33.442Z","sourceUrl":"https://donnees.montreal.ca/dataset/feux-tous","updateDate":"2026-08-18","geometryType":"Point","legalNote":"Intersection location only. Not signal timing or operational state."},"source":{"INT_NO":390,"RUE_1":"McGill","RUE_2":"Notre-Dame","NO_ARRONDISSEMENT":6,"ARRONDISSEMENT":"Ville-Marie","PERMANENT_OU_TEMPORAIRE":"Permanent","LOC_X":300145.205,"LOC_Y":5040121.576,"Longitude":-73.559563,"Latitude":45.501001}},"geometry":{"type":"Point","coordinates":[-73.559563182273,45.5010005531868]}},{"type":"Feature","id":"ville-montreal/traffic_signal/391","properties":{"lab":{"objectClass":"traffic_signal","label":"TRAFFIC SIGNAL","sourceId":"391","provider":"Ville de Montréal","providerKey":"ville-montreal","dataset":"Feux de circulation – emplacements toutes intersections","datasetId":"02ebdab9-cbf3-4f56-8c29-79fa0ed0ed2e","identityField":"INT_NO","sourceName":"Saint-Antoine / Square Victoria Est","license":"CC-BY 4.0","retrievedAt":"2026-08-19T19:54:33.442Z","sourceUrl":"https://donnees.montreal.ca/dataset/feux-tous","updateDate":"2026-08-18","geometryType":"Point","legalNote":"Intersection location only. Not signal timing or operational state."},"source":{"INT_NO":391,"RUE_1":"Saint-Antoine","RUE_2":"Square Victoria Est","NO_ARRONDISSEMENT":6,"ARRONDISSEMENT":"Ville-Marie","PERMANENT_OU_TEMPORAIRE":"Permanent","LOC_X":299983.72,"LOC_Y":5040202.5,"Longitude":-73.56163,"Latitude":45.501728}},"geometry":{"type":"Point","coordinates":[-73.5616303523819,45.5017276457937]}},{"type":"Feature","id":"ville-montreal/traffic_signal/392","properties":{"lab":{"objectClass":"traffic_signal","label":"TRAFFIC SIGNAL","sourceId":"392","provider":"Ville de Montréal","providerKey":"ville-montreal","dataset":"Feux de circulation – emplacements toutes intersections","datasetId":"02ebdab9-cbf3-4f56-8c29-79fa0ed0ed2e","identityField":"INT_NO","sourceName":"Saint-Jacques / Square Victoria Est","license":"CC-BY 4.0","retrievedAt":"2026-08-19T19:54:33.442Z","sourceUrl":"https://donnees.montreal.ca/dataset/feux-tous","updateDate":"2026-08-18","geometryType":"Point","legalNote":"Intersection location only. Not signal timing or operational state."},"source":{"INT_NO":392,"RUE_1":"Saint-Jacques","RUE_2":"Square Victoria Est","NO_ARRONDISSEMENT":6,"ARRONDISSEMENT":"Ville-Marie","PERMANENT_OU_TEMPORAIRE":"Permanent","LOC_X":300083.405,"LOC_Y":5040151.287,"Longitude":-73.560354,"Latitude":45.501267}},"geometry":{"type":"Point","coordinates":[-73.5603542659302,45.5012674904077]}},{"type":"Feature","id":"ville-montreal/traffic_signal/393","properties":{"lab":{"objectClass":"traffic_signal","label":"TRAFFIC SIGNAL","sourceId":"393","provider":"Ville de Montréal","providerKey":"ville-montreal","dataset":"Feux de circulation – emplacements toutes intersections","datasetId":"02ebdab9-cbf3-4f56-8c29-79fa0ed0ed2e","identityField":"INT_NO","sourceName":"McGill / Saint-Maurice","license":"CC-BY 4.0","retrievedAt":"2026-08-19T19:54:33.442Z","sourceUrl":"https://donnees.montreal.ca/dataset/feux-tous","updateDate":"2026-08-18","geometryType":"Point","legalNote":"Intersection location only. Not signal timing or operational state."},"source":{"INT_NO":393,"RUE_1":"McGill","RUE_2":"Saint-Maurice","NO_ARRONDISSEMENT":6,"ARRONDISSEMENT":"Ville-Marie","PERMANENT_OU_TEMPORAIRE":"Permanent","LOC_X":300239.88,"LOC_Y":5040075.5,"Longitude":-73.558351,"Latitude":45.500587}},"geometry":{"type":"Point","coordinates":[-73.5583512846788,45.5005865668359]}},{"type":"Feature","id":"ville-montreal/traffic_signal/394","properties":{"lab":{"objectClass":"traffic_signal","label":"TRAFFIC SIGNAL","sourceId":"394","provider":"Ville de Montréal","providerKey":"ville-montreal","dataset":"Feux de circulation – emplacements toutes intersections","datasetId":"02ebdab9-cbf3-4f56-8c29-79fa0ed0ed2e","identityField":"INT_NO","sourceName":"McGill / Saint-Paul","license":"CC-BY 4.0","retrievedAt":"2026-08-19T19:54:33.442Z","sourceUrl":"https://donnees.montreal.ca/dataset/feux-tous","updateDate":"2026-08-18","geometryType":"Point","legalNote":"Intersection location only. Not signal timing or operational state."},"source":{"INT_NO":394,"RUE_1":"McGill","RUE_2":"Saint-Paul","NO_ARRONDISSEMENT":6,"ARRONDISSEMENT":"Ville-Marie","PERMANENT_OU_TEMPORAIRE":"Permanent","LOC_X":300332.442,"LOC_Y":5040030.563,"Longitude":-73.557166,"Latitude":45.500183}},"geometry":{"type":"Point","coordinates":[-73.5571664529409,45.5001828032733]}},{"type":"Feature","id":"ville-montreal/traffic_signal/395","properties":{"lab":{"objectClass":"traffic_signal","label":"TRAFFIC SIGNAL","sourceId":"395","provider":"Ville de Montréal","providerKey":"ville-montreal","dataset":"Feux de circulation – emplacements toutes intersections","datasetId":"02ebdab9-cbf3-4f56-8c29-79fa0ed0ed2e","identityField":"INT_NO","sourceName":"McGill / Wellington","license":"CC-BY 4.0","retrievedAt":"2026-08-19T19:54:33.442Z","sourceUrl":"https://donnees.montreal.ca/dataset/feux-tous","updateDate":"2026-08-18","geometryType":"Point","legalNote":"Intersection location only. Not signal timing or operational state."},"source":{"INT_NO":395,"RUE_1":"McGill","RUE_2":"Wellington","NO_ARRONDISSEMENT":6,"ARRONDISSEMENT":"Ville-Marie","PERMANENT_OU_TEMPORAIRE":"Permanent","LOC_X":300510.126,"LOC_Y":5039943.969,"Longitude":-73.554892,"Latitude":45.499405}},"geometry":{"type":"Point","coordinates":[-73.5548920690653,45.4994047083195]}},{"type":"Feature","id":"ville-montreal/traffic_signal/396","properties":{"lab":{"objectClass":"traffic_signal","label":"TRAFFIC SIGNAL","sourceId":"396","provider":"Ville de Montréal","providerKey":"ville-montreal","dataset":"Feux de circulation – emplacements toutes intersections","datasetId":"02ebdab9-cbf3-4f56-8c29-79fa0ed0ed2e","identityField":"INT_NO","sourceName":"Montagne / Saint-Antoine","license":"CC-BY 4.0","retrievedAt":"2026-08-19T19:54:33.442Z","sourceUrl":"https://donnees.montreal.ca/dataset/feux-tous","updateDate":"2026-08-18","geometryType":"Point","legalNote":"Intersection location only. Not signal timing or operational state."},"source":{"INT_NO":396,"RUE_1":"Montagne","RUE_2":"Saint-Antoine","NO_ARRONDISSEMENT":6,"ARRONDISSEMENT":"Ville-Marie","PERMANENT_OU_TEMPORAIRE":"Permanent","LOC_X":299397.055,"LOC_Y":5039462.845,"Longitude":-73.569129,"Latitude":45.495068}},"geometry":{"type":"Point","coordinates":[-73.5691293179443,45.4950676143283]}},{"type":"Feature","id":"ville-montreal/traffic_signal/398","properties":{"lab":{"objectClass":"traffic_signal","label":"TRAFFIC SIGNAL","sourceId":"398","provider":"Ville de Montréal","providerKey":"ville-montreal","dataset":"Feux de circulation – emplacements toutes intersections","datasetId":"02ebdab9-cbf3-4f56-8c29-79fa0ed0ed2e","identityField":"INT_NO","sourceName":"Robert-Bourassa - Int. Ouest / Wellington","license":"CC-BY 4.0","retrievedAt":"2026-08-19T19:54:33.442Z","sourceUrl":"https://donnees.montreal.ca/dataset/feux-tous","updateDate":"2026-08-18","geometryType":"Point","legalNote":"Intersection location only. Not signal timing or operational state."},"source":{"INT_NO":398,"RUE_1":"Robert-Bourassa - Int. Ouest","RUE_2":"Wellington","NO_ARRONDISSEMENT":8,"ARRONDISSEMENT":"Sud-Ouest","PERMANENT_OU_TEMPORAIRE":"Permanent","LOC_X":300442.43,"LOC_Y":5039522.499,"Longitude":-73.555755,"Latitude":45.495612}},"geometry":{"type":"Point","coordinates":[-73.5557545454483,45.4956117184923]}},{"type":"Feature","id":"ville-montreal/traffic_signal/399","properties":{"lab":{"objectClass":"traffic_signal","label":"TRAFFIC SIGNAL","sourceId":"399","provider":"Ville de Montréal","providerKey":"ville-montreal","dataset":"Feux de circulation – emplacements toutes intersections","datasetId":"02ebdab9-cbf3-4f56-8c29-79fa0ed0ed2e","identityField":"INT_NO","sourceName":"Notre-Dame / Peel","license":"CC-BY 4.0","retrievedAt":"2026-08-19T19:54:33.442Z","sourceUrl":"https://donnees.montreal.ca/dataset/feux-tous","updateDate":"2026-08-18","geometryType":"Point","legalNote":"Intersection location only. Not signal timing or operational state."},"source":{"INT_NO":399,"RUE_1":"Notre-Dame","RUE_2":"Peel","NO_ARRONDISSEMENT":6,"ARRONDISSEMENT":"Ville-Marie","PERMANENT_OU_TEMPORAIRE":"Permanent","LOC_X":299877.174,"LOC_Y":5039501.301,"Longitude":-73.562987,"Latitude":45.495417}},"geometry":{"type":"Point","coordinates":[-73.562986706178,45.4954172106373]}},{"type":"Feature","id":"ville-montreal/traffic_signal/402","properties":{"lab":{"objectClass":"traffic_signal","label":"TRAFFIC SIGNAL","sourceId":"402","provider":"Ville de Montréal","providerKey":"ville-montreal","dataset":"Feux de circulation – emplacements toutes intersections","datasetId":"02ebdab9-cbf3-4f56-8c29-79fa0ed0ed2e","identityField":"INT_NO","sourceName":"Peel / Saint-Antoine","license":"CC-BY 4.0","retrievedAt":"2026-08-19T19:54:33.442Z","sourceUrl":"https://donnees.montreal.ca/dataset/feux-tous","updateDate":"2026-08-18","geometryType":"Point","legalNote":"Intersection location only. Not signal timing or operational state."},"source":{"INT_NO":402,"RUE_1":"Peel","RUE_2":"Saint-Antoine","NO_ARRONDISSEMENT":6,"ARRONDISSEMENT":"Ville-Marie","PERMANENT_OU_TEMPORAIRE":"Permanent","LOC_X":299579.113,"LOC_Y":5039666.014,"Longitude":-73.566802,"Latitude":45.496897}},"geometry":{"type":"Point","coordinates":[-73.5668020949618,45.4968972033643]}},{"type":"Feature","id":"ville-montreal/traffic_signal/403","properties":{"lab":{"objectClass":"traffic_signal","label":"TRAFFIC SIGNAL","sourceId":"403","provider":"Ville de Montréal","providerKey":"ville-montreal","dataset":"Feux de circulation – emplacements toutes intersections","datasetId":"02ebdab9-cbf3-4f56-8c29-79fa0ed0ed2e","identityField":"INT_NO","sourceName":"Peel / Saint-Jacques","license":"CC-BY 4.0","retrievedAt":"2026-08-19T19:54:33.442Z","sourceUrl":"https://donnees.montreal.ca/dataset/feux-tous","updateDate":"2026-08-18","geometryType":"Point","legalNote":"Intersection location only. Not signal timing or operational state."},"source":{"INT_NO":403,"RUE_1":"Peel","RUE_2":"Saint-Jacques","NO_ARRONDISSEMENT":6,"ARRONDISSEMENT":"Ville-Marie","PERMANENT_OU_TEMPORAIRE":"Permanent","LOC_X":299691.049,"LOC_Y":5039588.057,"Longitude":-73.565369,"Latitude":45.496197}},"geometry":{"type":"Point","coordinates":[-73.5653690450107,45.4961965409882]}},{"type":"Feature","id":"ville-montreal/traffic_signal/406","properties":{"lab":{"objectClass":"traffic_signal","label":"TRAFFIC SIGNAL","sourceId":"406","provider":"Ville de Montréal","providerKey":"ville-montreal","dataset":"Feux de circulation – emplacements toutes intersections","datasetId":"02ebdab9-cbf3-4f56-8c29-79fa0ed0ed2e","identityField":"INT_NO","sourceName":"Robert-Bourassa / Saint-Antoine","license":"CC-BY 4.0","retrievedAt":"2026-08-19T19:54:33.442Z","sourceUrl":"https://donnees.montreal.ca/dataset/feux-tous","updateDate":"2026-08-18","geometryType":"Point","legalNote":"Intersection location only. Not signal timing or operational state."},"source":{"INT_NO":406,"RUE_1":"Robert-Bourassa","RUE_2":"Saint-Antoine","NO_ARRONDISSEMENT":6,"ARRONDISSEMENT":"Ville-Marie","PERMANENT_OU_TEMPORAIRE":"Permanent","LOC_X":299840.565,"LOC_Y":5039968.491,"Longitude":-73.56346,"Latitude":45.499621}},"geometry":{"type":"Point","coordinates":[-73.5634598337242,45.4996209295302]}},{"type":"Feature","id":"ville-montreal/traffic_signal/407","properties":{"lab":{"objectClass":"traffic_signal","label":"TRAFFIC SIGNAL","sourceId":"407","provider":"Ville de Montréal","providerKey":"ville-montreal","dataset":"Feux de circulation – emplacements toutes intersections","datasetId":"02ebdab9-cbf3-4f56-8c29-79fa0ed0ed2e","identityField":"INT_NO","sourceName":"Robert-Bourassa / Saint-Jacques","license":"CC-BY 4.0","retrievedAt":"2026-08-19T19:54:33.442Z","sourceUrl":"https://donnees.montreal.ca/dataset/feux-tous","updateDate":"2026-08-18","geometryType":"Point","legalNote":"Intersection location only. Not signal timing or operational state."},"source":{"INT_NO":407,"RUE_1":"Robert-Bourassa","RUE_2":"Saint-Jacques","NO_ARRONDISSEMENT":6,"ARRONDISSEMENT":"Ville-Marie","PERMANENT_OU_TEMPORAIRE":"Permanent","LOC_X":299907.419,"LOC_Y":5039905.827,"Longitude":-73.562604,"Latitude":45.499058}},"geometry":{"type":"Point","coordinates":[-73.562603760355,45.4990575239]}},{"type":"Feature","id":"ville-montreal/traffic_signal/409","properties":{"lab":{"objectClass":"traffic_signal","label":"TRAFFIC SIGNAL","sourceId":"409","provider":"Ville de Montréal","providerKey":"ville-montreal","dataset":"Feux de circulation – emplacements toutes intersections","datasetId":"02ebdab9-cbf3-4f56-8c29-79fa0ed0ed2e","identityField":"INT_NO","sourceName":"Robert-Bourassa / Viger","license":"CC-BY 4.0","retrievedAt":"2026-08-19T19:54:33.442Z","sourceUrl":"https://donnees.montreal.ca/dataset/feux-tous","updateDate":"2026-08-18","geometryType":"Point","legalNote":"Intersection location only. Not signal timing or operational state."},"source":{"INT_NO":409,"RUE_1":"Robert-Bourassa","RUE_2":"Viger","NO_ARRONDISSEMENT":6,"ARRONDISSEMENT":"Ville-Marie","PERMANENT_OU_TEMPORAIRE":"Permanent","LOC_X":299763.4435,"LOC_Y":5040047.4085,"Longitude":-73.564447,"Latitude":45.500331}},"geometry":{"type":"Point","coordinates":[-73.5644474729121,45.5003305105966]}},{"type":"Feature","id":"ville-montreal/traffic_signal/410","properties":{"lab":{"objectClass":"traffic_signal","label":"TRAFFIC SIGNAL","sourceId":"410","provider":"Ville de Montréal","providerKey":"ville-montreal","dataset":"Feux de circulation – emplacements toutes intersections","datasetId":"02ebdab9-cbf3-4f56-8c29-79fa0ed0ed2e","identityField":"INT_NO","sourceName":"Beaver Hall / René-Lévesque","license":"CC-BY 4.0","retrievedAt":"2026-08-19T19:54:33.442Z","sourceUrl":"https://donnees.montreal.ca/dataset/feux-tous","updateDate":"2026-08-18","geometryType":"Point","legalNote":"Intersection location only. Not signal timing or operational state."},"source":{"INT_NO":410,"RUE_1":"Beaver Hall","RUE_2":"René-Lévesque","NO_ARRONDISSEMENT":6,"ARRONDISSEMENT":"Ville-Marie","PERMANENT_OU_TEMPORAIRE":"Permanent","LOC_X":299611.2175,"LOC_Y":5040350.1735,"Longitude":-73.566399,"Latitude":45.503054}},"geometry":{"type":"Point","coordinates":[-73.5663985486673,45.5030538035767]}},{"type":"Feature","id":"ville-montreal/traffic_signal/411","properties":{"lab":{"objectClass":"traffic_signal","label":"TRAFFIC SIGNAL","sourceId":"411","provider":"Ville de Montréal","providerKey":"ville-montreal","dataset":"Feux de circulation – emplacements toutes intersections","datasetId":"02ebdab9-cbf3-4f56-8c29-79fa0ed0ed2e","identityField":"INT_NO","sourceName":"Bleury / René-Lévesque","license":"CC-BY 4.0","retrievedAt":"2026-08-19T19:54:33.442Z","sourceUrl":"https://donnees.montreal.ca/dataset/feux-tous","updateDate":"2026-08-18","geometryType":"Point","legalNote":"Intersection location only. Not signal timing or operational state."},"source":{"INT_NO":411,"RUE_1":"Bleury","RUE_2":"René-Lévesque","NO_ARRONDISSEMENT":6,"ARRONDISSEMENT":"Ville-Marie","PERMANENT_OU_TEMPORAIRE":"Permanent","LOC_X":299744.4115,"LOC_Y":5040592.295,"Longitude":-73.564697,"Latitude":45.505233}},"geometry":{"type":"Point","coordinates":[-73.5646966207271,45.505233493202]}},{"type":"Feature","id":"ville-montreal/traffic_signal/412","properties":{"lab":{"objectClass":"traffic_signal","label":"TRAFFIC SIGNAL","sourceId":"412","provider":"Ville de Montréal","providerKey":"ville-montreal","dataset":"Feux de circulation – emplacements toutes intersections","datasetId":"02ebdab9-cbf3-4f56-8c29-79fa0ed0ed2e","identityField":"INT_NO","sourceName":"Cathédrale / Metcalfe / René-Lévesque","license":"CC-BY 4.0","retrievedAt":"2026-08-19T19:54:33.442Z","sourceUrl":"https://donnees.montreal.ca/dataset/feux-tous","updateDate":"2026-08-18","geometryType":"Point","legalNote":"Intersection location only. Not signal timing or operational state."},"source":{"INT_NO":412,"RUE_1":"Cathédrale","RUE_2":"Metcalfe / René-Lévesque","NO_ARRONDISSEMENT":6,"ARRONDISSEMENT":"Ville-Marie","PERMANENT_OU_TEMPORAIRE":"Permanent","LOC_X":299352.901,"LOC_Y":5039943.777,"Longitude":-73.5697,"Latitude":45.499395}},"geometry":{"type":"Point","coordinates":[-73.5696995956223,45.4993949053201]}},{"type":"Feature","id":"ville-montreal/traffic_signal/413","properties":{"lab":{"objectClass":"traffic_signal","label":"TRAFFIC SIGNAL","sourceId":"413","provider":"Ville de Montréal","providerKey":"ville-montreal","dataset":"Feux de circulation – emplacements toutes intersections","datasetId":"02ebdab9-cbf3-4f56-8c29-79fa0ed0ed2e","identityField":"INT_NO","sourceName":"Crescent / Lucien-L'Allier/René-Lévesque","license":"CC-BY 4.0","retrievedAt":"2026-08-19T19:54:33.442Z","sourceUrl":"https://donnees.montreal.ca/dataset/feux-tous","updateDate":"2026-08-18","geometryType":"Point","legalNote":"Intersection location only. Not signal timing or operational state."},"source":{"INT_NO":413,"RUE_1":"Crescent","RUE_2":"Lucien-L'Allier/René-Lévesque","NO_ARRONDISSEMENT":6,"ARRONDISSEMENT":"Ville-Marie","PERMANENT_OU_TEMPORAIRE":"Permanent","LOC_X":299087.297,"LOC_Y":5039546.4225,"Longitude":-73.573094,"Latitude":45.495817}},"geometry":{"type":"Point","coordinates":[-73.5730935631726,45.4958172137992]}},{"type":"Feature","id":"ville-montreal/traffic_signal/414","properties":{"lab":{"objectClass":"traffic_signal","label":"TRAFFIC SIGNAL","sourceId":"414","provider":"Ville de Montréal","providerKey":"ville-montreal","dataset":"Feux de circulation – emplacements toutes intersections","datasetId":"02ebdab9-cbf3-4f56-8c29-79fa0ed0ed2e","identityField":"INT_NO","sourceName":"Drummond / René-Lévesque","license":"CC-BY 4.0","retrievedAt":"2026-08-19T19:54:33.442Z","sourceUrl":"https://donnees.montreal.ca/dataset/feux-tous","updateDate":"2026-08-18","geometryType":"Point","legalNote":"Intersection location only. Not signal timing or operational state."},"source":{"INT_NO":414,"RUE_1":"Drummond","RUE_2":"René-Lévesque","NO_ARRONDISSEMENT":6,"ARRONDISSEMENT":"Ville-Marie","PERMANENT_OU_TEMPORAIRE":"Permanent","LOC_X":299202.2895,"LOC_Y":5039717.1025,"Longitude":-73.571624,"Latitude":45.497354}},"geometry":{"type":"Point","coordinates":[-73.5716241918346,45.4973539984065]}},{"type":"Feature","id":"ville-montreal/traffic_signal/417","properties":{"lab":{"objectClass":"traffic_signal","label":"TRAFFIC SIGNAL","sourceId":"417","provider":"Ville de Montréal","providerKey":"ville-montreal","dataset":"Feux de circulation – emplacements toutes intersections","datasetId":"02ebdab9-cbf3-4f56-8c29-79fa0ed0ed2e","identityField":"INT_NO","sourceName":"Jeanne-Mance / René-Lévesque","license":"CC-BY 4.0","retrievedAt":"2026-08-19T19:54:33.442Z","sourceUrl":"https://donnees.montreal.ca/dataset/feux-tous","updateDate":"2026-08-18","geometryType":"Point","legalNote":"Intersection location only. Not signal timing or operational state."},"source":{"INT_NO":417,"RUE_1":"Jeanne-Mance","RUE_2":"René-Lévesque","NO_ARRONDISSEMENT":6,"ARRONDISSEMENT":"Ville-Marie","PERMANENT_OU_TEMPORAIRE":"Permanent","LOC_X":299803.1245,"LOC_Y":5040695.922,"Longitude":-73.563946,"Latitude":45.506166}},"geometry":{"type":"Point","coordinates":[-73.56394632373,45.5061663955862]}},{"type":"Feature","id":"ville-montreal/traffic_signal/419","properties":{"lab":{"objectClass":"traffic_signal","label":"TRAFFIC SIGNAL","sourceId":"419","provider":"Ville de Montréal","providerKey":"ville-montreal","dataset":"Feux de circulation – emplacements toutes intersections","datasetId":"02ebdab9-cbf3-4f56-8c29-79fa0ed0ed2e","identityField":"INT_NO","sourceName":"Mansfield / René-Lévesque","license":"CC-BY 4.0","retrievedAt":"2026-08-19T19:54:33.442Z","sourceUrl":"https://donnees.montreal.ca/dataset/feux-tous","updateDate":"2026-08-18","geometryType":"Point","legalNote":"Intersection location only. Not signal timing or operational state."},"source":{"INT_NO":419,"RUE_1":"Mansfield","RUE_2":"René-Lévesque","NO_ARRONDISSEMENT":6,"ARRONDISSEMENT":"Ville-Marie","PERMANENT_OU_TEMPORAIRE":"Permanent","LOC_X":299405.5385,"LOC_Y":5040022.573,"Longitude":-73.569027,"Latitude":45.500104}},"geometry":{"type":"Point","coordinates":[-73.5690269273729,45.5001043545075]}},{"type":"Feature","id":"ville-montreal/traffic_signal/420","properties":{"lab":{"objectClass":"traffic_signal","label":"TRAFFIC SIGNAL","sourceId":"420","provider":"Ville de Montréal","providerKey":"ville-montreal","dataset":"Feux de circulation – emplacements toutes intersections","datasetId":"02ebdab9-cbf3-4f56-8c29-79fa0ed0ed2e","identityField":"INT_NO","sourceName":"Montagne / René-Lévesque","license":"CC-BY 4.0","retrievedAt":"2026-08-19T19:54:33.442Z","sourceUrl":"https://donnees.montreal.ca/dataset/feux-tous","updateDate":"2026-08-18","geometryType":"Point","legalNote":"Intersection location only. Not signal timing or operational state."},"source":{"INT_NO":420,"RUE_1":"Montagne","RUE_2":"René-Lévesque","NO_ARRONDISSEMENT":6,"ARRONDISSEMENT":"Ville-Marie","PERMANENT_OU_TEMPORAIRE":"Permanent","LOC_X":299146.8375,"LOC_Y":5039632.896,"Longitude":-73.572333,"Latitude":45.496596}},"geometry":{"type":"Point","coordinates":[-73.572332744206,45.496595824801]}},{"type":"Feature","id":"ville-montreal/traffic_signal/421","properties":{"lab":{"objectClass":"traffic_signal","label":"TRAFFIC SIGNAL","sourceId":"421","provider":"Ville de Montréal","providerKey":"ville-montreal","dataset":"Feux de circulation – emplacements toutes intersections","datasetId":"02ebdab9-cbf3-4f56-8c29-79fa0ed0ed2e","identityField":"INT_NO","sourceName":"Peel / René-Lévesque","license":"CC-BY 4.0","retrievedAt":"2026-08-19T19:54:33.442Z","sourceUrl":"https://donnees.montreal.ca/dataset/feux-tous","updateDate":"2026-08-18","geometryType":"Point","legalNote":"Intersection location only. Not signal timing or operational state."},"source":{"INT_NO":421,"RUE_1":"Peel","RUE_2":"René-Lévesque","NO_ARRONDISSEMENT":6,"ARRONDISSEMENT":"Ville-Marie","PERMANENT_OU_TEMPORAIRE":"Temporaire","LOC_X":299303.861,"LOC_Y":5039870.678,"Longitude":-73.570326,"Latitude":45.498737}},"geometry":{"type":"Point","coordinates":[-73.5703262787816,45.4987367444997]}},{"type":"Feature","id":"ville-montreal/traffic_signal/422","properties":{"lab":{"objectClass":"traffic_signal","label":"TRAFFIC SIGNAL","sourceId":"422","provider":"Ville de Montréal","providerKey":"ville-montreal","dataset":"Feux de circulation – emplacements toutes intersections","datasetId":"02ebdab9-cbf3-4f56-8c29-79fa0ed0ed2e","identityField":"INT_NO","sourceName":"René-Lévesque / Saint-Alexandre","license":"CC-BY 4.0","retrievedAt":"2026-08-19T19:54:33.442Z","sourceUrl":"https://donnees.montreal.ca/dataset/feux-tous","updateDate":"2026-08-18","geometryType":"Point","legalNote":"Intersection location only. Not signal timing or operational state."},"source":{"INT_NO":422,"RUE_1":"René-Lévesque","RUE_2":"Saint-Alexandre","NO_ARRONDISSEMENT":6,"ARRONDISSEMENT":"Ville-Marie","PERMANENT_OU_TEMPORAIRE":"Permanent","LOC_X":299683.9765,"LOC_Y":5040485.317,"Longitude":-73.565469,"Latitude":45.50427}},"geometry":{"type":"Point","coordinates":[-73.5654688941415,45.5042704194095]}},{"type":"Feature","id":"ville-montreal/traffic_signal/425","properties":{"lab":{"objectClass":"traffic_signal","label":"TRAFFIC SIGNAL","sourceId":"425","provider":"Ville de Montréal","providerKey":"ville-montreal","dataset":"Feux de circulation – emplacements toutes intersections","datasetId":"02ebdab9-cbf3-4f56-8c29-79fa0ed0ed2e","identityField":"INT_NO","sourceName":"René-Lévesque / Stanley","license":"CC-BY 4.0","retrievedAt":"2026-08-19T19:54:33.442Z","sourceUrl":"https://donnees.montreal.ca/dataset/feux-tous","updateDate":"2026-08-18","geometryType":"Point","legalNote":"Intersection location only. Not signal timing or operational state."},"source":{"INT_NO":425,"RUE_1":"René-Lévesque","RUE_2":"Stanley","NO_ARRONDISSEMENT":6,"ARRONDISSEMENT":"Ville-Marie","PERMANENT_OU_TEMPORAIRE":"Permanent","LOC_X":299254.526,"LOC_Y":5039794.7675,"Longitude":-73.570957,"Latitude":45.498053}},"geometry":{"type":"Point","coordinates":[-73.5709566902174,45.4980532787398]}},{"type":"Feature","id":"ville-montreal/traffic_signal/427","properties":{"lab":{"objectClass":"traffic_signal","label":"TRAFFIC SIGNAL","sourceId":"427","provider":"Ville de Montréal","providerKey":"ville-montreal","dataset":"Feux de circulation – emplacements toutes intersections","datasetId":"02ebdab9-cbf3-4f56-8c29-79fa0ed0ed2e","identityField":"INT_NO","sourceName":"René-Lévesque / Union","license":"CC-BY 4.0","retrievedAt":"2026-08-19T19:54:33.442Z","sourceUrl":"https://donnees.montreal.ca/dataset/feux-tous","updateDate":"2026-08-18","geometryType":"Point","legalNote":"Intersection location only. Not signal timing or operational state."},"source":{"INT_NO":427,"RUE_1":"René-Lévesque","RUE_2":"Union","NO_ARRONDISSEMENT":6,"ARRONDISSEMENT":"Ville-Marie","PERMANENT_OU_TEMPORAIRE":"Permanent","LOC_X":299581.6605,"LOC_Y":5040290.7285,"Longitude":-73.566776,"Latitude":45.502519}},"geometry":{"type":"Point","coordinates":[-73.5667761438632,45.5025186717529]}},{"type":"Feature","id":"ville-montreal/traffic_signal/428","properties":{"lab":{"objectClass":"traffic_signal","label":"TRAFFIC SIGNAL","sourceId":"428","provider":"Ville de Montréal","providerKey":"ville-montreal","dataset":"Feux de circulation – emplacements toutes intersections","datasetId":"02ebdab9-cbf3-4f56-8c29-79fa0ed0ed2e","identityField":"INT_NO","sourceName":"René-Lévesque / Robert-Bourassa","license":"CC-BY 4.0","retrievedAt":"2026-08-19T19:54:33.442Z","sourceUrl":"https://donnees.montreal.ca/dataset/feux-tous","updateDate":"2026-08-18","geometryType":"Point","legalNote":"Intersection location only. Not signal timing or operational state."},"source":{"INT_NO":428,"RUE_1":"René-Lévesque","RUE_2":"Robert-Bourassa","NO_ARRONDISSEMENT":6,"ARRONDISSEMENT":"Ville-Marie","PERMANENT_OU_TEMPORAIRE":"Permanent","LOC_X":299537.0915,"LOC_Y":5040221.1145,"Longitude":-73.567346,"Latitude":45.501892}},"geometry":{"type":"Point","coordinates":[-73.5673457209472,45.5018919205515]}},{"type":"Feature","id":"ville-montreal/traffic_signal/435","properties":{"lab":{"objectClass":"traffic_signal","label":"TRAFFIC SIGNAL","sourceId":"435","provider":"Ville de Montréal","providerKey":"ville-montreal","dataset":"Feux de circulation – emplacements toutes intersections","datasetId":"02ebdab9-cbf3-4f56-8c29-79fa0ed0ed2e","identityField":"INT_NO","sourceName":"Bleury / La Gauchetière","license":"CC-BY 4.0","retrievedAt":"2026-08-19T19:54:33.442Z","sourceUrl":"https://donnees.montreal.ca/dataset/feux-tous","updateDate":"2026-08-18","geometryType":"Point","legalNote":"Intersection location only. Not signal timing or operational state."},"source":{"INT_NO":435,"RUE_1":"Bleury","RUE_2":"La Gauchetière","NO_ARRONDISSEMENT":6,"ARRONDISSEMENT":"Ville-Marie","PERMANENT_OU_TEMPORAIRE":"Permanent","LOC_X":299900.125,"LOC_Y":5040485.907,"Longitude":-73.562703,"Latitude":45.504277}},"geometry":{"type":"Point","coordinates":[-73.5627028856602,45.5042772802671]}},{"type":"Feature","id":"ville-montreal/traffic_signal/436","properties":{"lab":{"objectClass":"traffic_signal","label":"TRAFFIC SIGNAL","sourceId":"436","provider":"Ville de Montréal","providerKey":"ville-montreal","dataset":"Feux de circulation – emplacements toutes intersections","datasetId":"02ebdab9-cbf3-4f56-8c29-79fa0ed0ed2e","identityField":"INT_NO","sourceName":"Jean-Paul-Riopel pl. / Saint-Antoine / Saint-Pierre","license":"CC-BY 4.0","retrievedAt":"2026-08-19T19:54:33.442Z","sourceUrl":"https://donnees.montreal.ca/dataset/feux-tous","updateDate":"2026-08-18","geometryType":"Point","legalNote":"Intersection location only. Not signal timing or operational state."},"source":{"INT_NO":436,"RUE_1":"Jean-Paul-Riopel pl.","RUE_2":"Saint-Antoine / Saint-Pierre","NO_ARRONDISSEMENT":6,"ARRONDISSEMENT":"Ville-Marie","PERMANENT_OU_TEMPORAIRE":"Permanent","LOC_X":300079.22,"LOC_Y":5040365.5,"Longitude":-73.56041,"Latitude":45.503195}},"geometry":{"type":"Point","coordinates":[-73.5604098792284,45.5031950420434]}},{"type":"Feature","id":"ville-montreal/traffic_signal/437","properties":{"lab":{"objectClass":"traffic_signal","label":"TRAFFIC SIGNAL","sourceId":"437","provider":"Ville de Montréal","providerKey":"ville-montreal","dataset":"Feux de circulation – emplacements toutes intersections","datasetId":"02ebdab9-cbf3-4f56-8c29-79fa0ed0ed2e","identityField":"INT_NO","sourceName":"Bleury / Jean-Paul-Riopel / Viger","license":"CC-BY 4.0","retrievedAt":"2026-08-19T19:54:33.442Z","sourceUrl":"https://donnees.montreal.ca/dataset/feux-tous","updateDate":"2026-08-18","geometryType":"Point","legalNote":"Intersection location only. Not signal timing or operational state."},"source":{"INT_NO":437,"RUE_1":"Bleury / Jean-Paul-Riopel","RUE_2":"Viger","NO_ARRONDISSEMENT":6,"ARRONDISSEMENT":"Ville-Marie","PERMANENT_OU_TEMPORAIRE":"Permanent","LOC_X":299973.882,"LOC_Y":5040435.743,"Longitude":-73.561759,"Latitude":45.503826}},"geometry":{"type":"Point","coordinates":[-73.5617585365899,45.5038263975492]}},{"type":"Feature","id":"ville-montreal/traffic_signal/443","properties":{"lab":{"objectClass":"traffic_signal","label":"TRAFFIC SIGNAL","sourceId":"443","provider":"Ville de Montréal","providerKey":"ville-montreal","dataset":"Feux de circulation – emplacements toutes intersections","datasetId":"02ebdab9-cbf3-4f56-8c29-79fa0ed0ed2e","identityField":"INT_NO","sourceName":"René-Lévesque / Saint-Laurent","license":"CC-BY 4.0","retrievedAt":"2026-08-19T19:54:33.442Z","sourceUrl":"https://donnees.montreal.ca/dataset/feux-tous","updateDate":"2026-08-18","geometryType":"Point","legalNote":"Intersection location only. Not signal timing or operational state."},"source":{"INT_NO":443,"RUE_1":"René-Lévesque","RUE_2":"Saint-Laurent","NO_ARRONDISSEMENT":6,"ARRONDISSEMENT":"Ville-Marie","PERMANENT_OU_TEMPORAIRE":"Temporaire","LOC_X":299988.1395,"LOC_Y":5040991.819,"Longitude":-73.561582,"Latitude":45.50883}},"geometry":{"type":"Point","coordinates":[-73.5615815429928,45.5088303013621]}},{"type":"Feature","id":"ville-montreal/traffic_signal/444","properties":{"lab":{"objectClass":"traffic_signal","label":"TRAFFIC SIGNAL","sourceId":"444","provider":"Ville de Montréal","providerKey":"ville-montreal","dataset":"Feux de circulation – emplacements toutes intersections","datasetId":"02ebdab9-cbf3-4f56-8c29-79fa0ed0ed2e","identityField":"INT_NO","sourceName":"René-Lévesque / Saint-Urbain","license":"CC-BY 4.0","retrievedAt":"2026-08-19T19:54:33.442Z","sourceUrl":"https://donnees.montreal.ca/dataset/feux-tous","updateDate":"2026-08-18","geometryType":"Point","legalNote":"Intersection location only. Not signal timing or operational state."},"source":{"INT_NO":444,"RUE_1":"René-Lévesque","RUE_2":"Saint-Urbain","NO_ARRONDISSEMENT":6,"ARRONDISSEMENT":"Ville-Marie","PERMANENT_OU_TEMPORAIRE":"Temporaire","LOC_X":299911.3055,"LOC_Y":5040867.025,"Longitude":-73.562564,"Latitude":45.507707}},"geometry":{"type":"Point","coordinates":[-73.5625636095582,45.5077068186297]}},{"type":"Feature","id":"ville-montreal/traffic_signal/447","properties":{"lab":{"objectClass":"traffic_signal","label":"TRAFFIC SIGNAL","sourceId":"447","provider":"Ville de Montréal","providerKey":"ville-montreal","dataset":"Feux de circulation – emplacements toutes intersections","datasetId":"02ebdab9-cbf3-4f56-8c29-79fa0ed0ed2e","identityField":"INT_NO","sourceName":"Jeanne-Mance / Viger","license":"CC-BY 4.0","retrievedAt":"2026-08-19T19:54:33.442Z","sourceUrl":"https://donnees.montreal.ca/dataset/feux-tous","updateDate":"2026-08-18","geometryType":"Point","legalNote":"Intersection location only. Not signal timing or operational state."},"source":{"INT_NO":447,"RUE_1":"Jeanne-Mance","RUE_2":"Viger","NO_ARRONDISSEMENT":6,"ARRONDISSEMENT":"Ville-Marie","PERMANENT_OU_TEMPORAIRE":"Permanent","LOC_X":300024.532,"LOC_Y":5040548.567,"Longitude":-73.561111,"Latitude":45.504842}},"geometry":{"type":"Point","coordinates":[-73.5611114809454,45.5048419842184]}},{"type":"Feature","id":"ville-montreal/traffic_signal/450","properties":{"lab":{"objectClass":"traffic_signal","label":"TRAFFIC SIGNAL","sourceId":"450","provider":"Ville de Montréal","providerKey":"ville-montreal","dataset":"Feux de circulation – emplacements toutes intersections","datasetId":"02ebdab9-cbf3-4f56-8c29-79fa0ed0ed2e","identityField":"INT_NO","sourceName":"La Gauchetière / Saint-Laurent","license":"CC-BY 4.0","retrievedAt":"2026-08-19T19:54:33.442Z","sourceUrl":"https://donnees.montreal.ca/dataset/feux-tous","updateDate":"2026-08-18","geometryType":"Point","legalNote":"Intersection location only. Not signal timing or operational state."},"source":{"INT_NO":450,"RUE_1":"La Gauchetière","RUE_2":"Saint-Laurent","NO_ARRONDISSEMENT":6,"ARRONDISSEMENT":"Ville-Marie","PERMANENT_OU_TEMPORAIRE":"Permanent","LOC_X":300114.626,"LOC_Y":5040911.071,"Longitude":-73.559962,"Latitude":45.508105}},"geometry":{"type":"Point","coordinates":[-73.5599620152101,45.5081045584]}},{"type":"Feature","id":"ville-montreal/traffic_signal/452","properties":{"lab":{"objectClass":"traffic_signal","label":"TRAFFIC SIGNAL","sourceId":"452","provider":"Ville de Montréal","providerKey":"ville-montreal","dataset":"Feux de circulation – emplacements toutes intersections","datasetId":"02ebdab9-cbf3-4f56-8c29-79fa0ed0ed2e","identityField":"INT_NO","sourceName":"Jacques-Cartier (pl) / Notre-Dame","license":"CC-BY 4.0","retrievedAt":"2026-08-19T19:54:33.442Z","sourceUrl":"https://donnees.montreal.ca/dataset/feux-tous","updateDate":"2026-08-18","geometryType":"Point","legalNote":"Intersection location only. Not signal timing or operational state."},"source":{"INT_NO":452,"RUE_1":"Jacques-Cartier (pl)","RUE_2":"Notre-Dame","NO_ARRONDISSEMENT":6,"ARRONDISSEMENT":"Ville-Marie","PERMANENT_OU_TEMPORAIRE":"Permanent","LOC_X":300579.2975,"LOC_Y":5040926.4125,"Longitude":-73.554015,"Latitude":45.508246}},"geometry":{"type":"Point","coordinates":[-73.5540154231663,45.5082455743788]}},{"type":"Feature","id":"ville-montreal/traffic_signal/453","properties":{"lab":{"objectClass":"traffic_signal","label":"TRAFFIC SIGNAL","sourceId":"453","provider":"Ville de Montréal","providerKey":"ville-montreal","dataset":"Feux de circulation – emplacements toutes intersections","datasetId":"02ebdab9-cbf3-4f56-8c29-79fa0ed0ed2e","identityField":"INT_NO","sourceName":"Notre-Dame / Saint-François-Xavier","license":"CC-BY 4.0","retrievedAt":"2026-08-19T19:54:33.442Z","sourceUrl":"https://donnees.montreal.ca/dataset/feux-tous","updateDate":"2026-08-18","geometryType":"Point","legalNote":"Intersection location only. Not signal timing or operational state."},"source":{"INT_NO":453,"RUE_1":"Notre-Dame","RUE_2":"Saint-François-Xavier","NO_ARRONDISSEMENT":6,"ARRONDISSEMENT":"Ville-Marie","PERMANENT_OU_TEMPORAIRE":"Temporaire","LOC_X":300312.637,"LOC_Y":5040442.993,"Longitude":-73.557424,"Latitude":45.503894}},"geometry":{"type":"Point","coordinates":[-73.5574236483854,45.503893897547]}},{"type":"Feature","id":"ville-montreal/traffic_signal/454","properties":{"lab":{"objectClass":"traffic_signal","label":"TRAFFIC SIGNAL","sourceId":"454","provider":"Ville de Montréal","providerKey":"ville-montreal","dataset":"Feux de circulation – emplacements toutes intersections","datasetId":"02ebdab9-cbf3-4f56-8c29-79fa0ed0ed2e","identityField":"INT_NO","sourceName":"Notre-Dame / Saint-Laurent","license":"CC-BY 4.0","retrievedAt":"2026-08-19T19:54:33.442Z","sourceUrl":"https://donnees.montreal.ca/dataset/feux-tous","updateDate":"2026-08-18","geometryType":"Point","legalNote":"Intersection location only. Not signal timing or operational state."},"source":{"INT_NO":454,"RUE_1":"Notre-Dame","RUE_2":"Saint-Laurent","NO_ARRONDISSEMENT":6,"ARRONDISSEMENT":"Ville-Marie","PERMANENT_OU_TEMPORAIRE":"Permanent","LOC_X":300453.63,"LOC_Y":5040699.07,"Longitude":-73.555622,"Latitude":45.506199}},"geometry":{"type":"Point","coordinates":[-73.5556216667163,45.5061990794155]}},{"type":"Feature","id":"ville-montreal/traffic_signal/455","properties":{"lab":{"objectClass":"traffic_signal","label":"TRAFFIC SIGNAL","sourceId":"455","provider":"Ville de Montréal","providerKey":"ville-montreal","dataset":"Feux de circulation – emplacements toutes intersections","datasetId":"02ebdab9-cbf3-4f56-8c29-79fa0ed0ed2e","identityField":"INT_NO","sourceName":"Notre-Dame / Saint-Pierre","license":"CC-BY 4.0","retrievedAt":"2026-08-19T19:54:33.442Z","sourceUrl":"https://donnees.montreal.ca/dataset/feux-tous","updateDate":"2026-08-18","geometryType":"Point","legalNote":"Intersection location only. Not signal timing or operational state."},"source":{"INT_NO":455,"RUE_1":"Notre-Dame","RUE_2":"Saint-Pierre","NO_ARRONDISSEMENT":6,"ARRONDISSEMENT":"Ville-Marie","PERMANENT_OU_TEMPORAIRE":"Permanent","LOC_X":300222.038,"LOC_Y":5040268.565,"Longitude":-73.558581,"Latitude":45.502324}},"geometry":{"type":"Point","coordinates":[-73.5585813923867,45.5023237314977]}},{"type":"Feature","id":"ville-montreal/traffic_signal/460","properties":{"lab":{"objectClass":"traffic_signal","label":"TRAFFIC SIGNAL","sourceId":"460","provider":"Ville de Montréal","providerKey":"ville-montreal","dataset":"Feux de circulation – emplacements toutes intersections","datasetId":"02ebdab9-cbf3-4f56-8c29-79fa0ed0ed2e","identityField":"INT_NO","sourceName":"Saint-Antoine / Saint-Laurent","license":"CC-BY 4.0","retrievedAt":"2026-08-19T19:54:33.442Z","sourceUrl":"https://donnees.montreal.ca/dataset/feux-tous","updateDate":"2026-08-18","geometryType":"Point","legalNote":"Intersection location only. Not signal timing or operational state."},"source":{"INT_NO":460,"RUE_1":"Saint-Antoine","RUE_2":"Saint-Laurent","NO_ARRONDISSEMENT":6,"ARRONDISSEMENT":"Ville-Marie","PERMANENT_OU_TEMPORAIRE":"Permanent","LOC_X":300325.784,"LOC_Y":5040773.934,"Longitude":-73.557258,"Latitude":45.506872}},"geometry":{"type":"Point","coordinates":[-73.5572584285411,45.5068719287893]}},{"type":"Feature","id":"ville-montreal/traffic_signal/461","properties":{"lab":{"objectClass":"traffic_signal","label":"TRAFFIC SIGNAL","sourceId":"461","provider":"Ville de Montréal","providerKey":"ville-montreal","dataset":"Feux de circulation – emplacements toutes intersections","datasetId":"02ebdab9-cbf3-4f56-8c29-79fa0ed0ed2e","identityField":"INT_NO","sourceName":"Place d'Armes / Saint-Urbain / Saint-Antoine","license":"CC-BY 4.0","retrievedAt":"2026-08-19T19:54:33.442Z","sourceUrl":"https://donnees.montreal.ca/dataset/feux-tous","updateDate":"2026-08-18","geometryType":"Point","legalNote":"Intersection location only. Not signal timing or operational state."},"source":{"INT_NO":461,"RUE_1":"Place d'Armes / Saint-Urbain","RUE_2":"Saint-Antoine","NO_ARRONDISSEMENT":6,"ARRONDISSEMENT":"Ville-Marie","PERMANENT_OU_TEMPORAIRE":"Permanent","LOC_X":300246.66,"LOC_Y":5040644.5,"Longitude":-73.55827,"Latitude":45.505707}},"geometry":{"type":"Point","coordinates":[-73.5582698095488,45.5057067151908]}},{"type":"Feature","id":"ville-montreal/traffic_signal/462","properties":{"lab":{"objectClass":"traffic_signal","label":"TRAFFIC SIGNAL","sourceId":"462","provider":"Ville de Montréal","providerKey":"ville-montreal","dataset":"Feux de circulation – emplacements toutes intersections","datasetId":"02ebdab9-cbf3-4f56-8c29-79fa0ed0ed2e","identityField":"INT_NO","sourceName":"Saint-François-Xavier / Saint-Jacques","license":"CC-BY 4.0","retrievedAt":"2026-08-19T19:54:33.442Z","sourceUrl":"https://donnees.montreal.ca/dataset/feux-tous","updateDate":"2026-08-18","geometryType":"Point","legalNote":"Intersection location only. Not signal timing or operational state."},"source":{"INT_NO":462,"RUE_1":"Saint-François-Xavier","RUE_2":"Saint-Jacques","NO_ARRONDISSEMENT":6,"ARRONDISSEMENT":"Ville-Marie","PERMANENT_OU_TEMPORAIRE":"Temporaire","LOC_X":300251.965,"LOC_Y":5040480.227,"Longitude":-73.5582,"Latitude":45.504229}},"geometry":{"type":"Point","coordinates":[-73.5582003974453,45.5042285519316]}},{"type":"Feature","id":"ville-montreal/traffic_signal/464","properties":{"lab":{"objectClass":"traffic_signal","label":"TRAFFIC SIGNAL","sourceId":"464","provider":"Ville de Montréal","providerKey":"ville-montreal","dataset":"Feux de circulation – emplacements toutes intersections","datasetId":"02ebdab9-cbf3-4f56-8c29-79fa0ed0ed2e","identityField":"INT_NO","sourceName":"Saint-Jacques / Saint-Laurent","license":"CC-BY 4.0","retrievedAt":"2026-08-19T19:54:33.442Z","sourceUrl":"https://donnees.montreal.ca/dataset/feux-tous","updateDate":"2026-08-18","geometryType":"Point","legalNote":"Intersection location only. Not signal timing or operational state."},"source":{"INT_NO":464,"RUE_1":"Saint-Jacques","RUE_2":"Saint-Laurent","NO_ARRONDISSEMENT":6,"ARRONDISSEMENT":"Ville-Marie","PERMANENT_OU_TEMPORAIRE":"Permanent","LOC_X":300395.48,"LOC_Y":5040731.29,"Longitude":-73.556366,"Latitude":45.506489}},"geometry":{"type":"Point","coordinates":[-73.5563661169099,45.5064886437577]}},{"type":"Feature","id":"ville-montreal/traffic_signal/465","properties":{"lab":{"objectClass":"traffic_signal","label":"TRAFFIC SIGNAL","sourceId":"465","provider":"Ville de Montréal","providerKey":"ville-montreal","dataset":"Feux de circulation – emplacements toutes intersections","datasetId":"02ebdab9-cbf3-4f56-8c29-79fa0ed0ed2e","identityField":"INT_NO","sourceName":"Saint-Jacques / Saint-Pierre","license":"CC-BY 4.0","retrievedAt":"2026-08-19T19:54:33.442Z","sourceUrl":"https://donnees.montreal.ca/dataset/feux-tous","updateDate":"2026-08-18","geometryType":"Point","legalNote":"Intersection location only. Not signal timing or operational state."},"source":{"INT_NO":465,"RUE_1":"Saint-Jacques","RUE_2":"Saint-Pierre","NO_ARRONDISSEMENT":6,"ARRONDISSEMENT":"Ville-Marie","PERMANENT_OU_TEMPORAIRE":"Permanent","LOC_X":300164.537,"LOC_Y":5040309.065,"Longitude":-73.559318,"Latitude":45.502688}},"geometry":{"type":"Point","coordinates":[-73.559317579984,45.5026877880471]}},{"type":"Feature","id":"ville-montreal/traffic_signal/466","properties":{"lab":{"objectClass":"traffic_signal","label":"TRAFFIC SIGNAL","sourceId":"466","provider":"Ville de Montréal","providerKey":"ville-montreal","dataset":"Feux de circulation – emplacements toutes intersections","datasetId":"02ebdab9-cbf3-4f56-8c29-79fa0ed0ed2e","identityField":"INT_NO","sourceName":"Saint-Laurent / Viger","license":"CC-BY 4.0","retrievedAt":"2026-08-19T19:54:33.442Z","sourceUrl":"https://donnees.montreal.ca/dataset/feux-tous","updateDate":"2026-08-18","geometryType":"Point","legalNote":"Intersection location only. Not signal timing or operational state."},"source":{"INT_NO":466,"RUE_1":"Saint-Laurent","RUE_2":"Viger","NO_ARRONDISSEMENT":6,"ARRONDISSEMENT":"Ville-Marie","PERMANENT_OU_TEMPORAIRE":"Permanent","LOC_X":300213.207,"LOC_Y":5040846.064,"Longitude":-73.5587,"Latitude":45.50752}},"geometry":{"type":"Point","coordinates":[-73.5586997977246,45.5075202535158]}},{"type":"Feature","id":"ville-montreal/traffic_signal/467","properties":{"lab":{"objectClass":"traffic_signal","label":"TRAFFIC SIGNAL","sourceId":"467","provider":"Ville de Montréal","providerKey":"ville-montreal","dataset":"Feux de circulation – emplacements toutes intersections","datasetId":"02ebdab9-cbf3-4f56-8c29-79fa0ed0ed2e","identityField":"INT_NO","sourceName":"Saint-Urbain / Viger","license":"CC-BY 4.0","retrievedAt":"2026-08-19T19:54:33.442Z","sourceUrl":"https://donnees.montreal.ca/dataset/feux-tous","updateDate":"2026-08-18","geometryType":"Point","legalNote":"Intersection location only. Not signal timing or operational state."},"source":{"INT_NO":467,"RUE_1":"Saint-Urbain","RUE_2":"Viger","NO_ARRONDISSEMENT":6,"ARRONDISSEMENT":"Ville-Marie","PERMANENT_OU_TEMPORAIRE":"Permanent","LOC_X":300127.83,"LOC_Y":5040723.069,"Longitude":-73.559791,"Latitude":45.506413}},"geometry":{"type":"Point","coordinates":[-73.5597912434192,45.5064129262674]}},{"type":"Feature","id":"ville-montreal/traffic_signal/969","properties":{"lab":{"objectClass":"traffic_signal","label":"TRAFFIC SIGNAL","sourceId":"969","provider":"Ville de Montréal","providerKey":"ville-montreal","dataset":"Feux de circulation – emplacements toutes intersections","datasetId":"02ebdab9-cbf3-4f56-8c29-79fa0ed0ed2e","identityField":"INT_NO","sourceName":"Robert-Bourassa - Int. Est / William","license":"CC-BY 4.0","retrievedAt":"2026-08-19T19:54:33.442Z","sourceUrl":"https://donnees.montreal.ca/dataset/feux-tous","updateDate":"2026-08-18","geometryType":"Point","legalNote":"Intersection location only. Not signal timing or operational state."},"source":{"INT_NO":969,"RUE_1":"Robert-Bourassa - Int. Est","RUE_2":"William","NO_ARRONDISSEMENT":8,"ARRONDISSEMENT":"Sud-Ouest","PERMANENT_OU_TEMPORAIRE":"Permanent","LOC_X":300211.948,"LOC_Y":5039723.06,"Longitude":-73.558705,"Latitude":45.497415}},"geometry":{"type":"Point","coordinates":[-73.5587054065834,45.4974149763547]}},{"type":"Feature","id":"ville-montreal/traffic_signal/992","properties":{"lab":{"objectClass":"traffic_signal","label":"TRAFFIC SIGNAL","sourceId":"992","provider":"Ville de Montréal","providerKey":"ville-montreal","dataset":"Feux de circulation – emplacements toutes intersections","datasetId":"02ebdab9-cbf3-4f56-8c29-79fa0ed0ed2e","identityField":"INT_NO","sourceName":"Hôtel-de-Ville / Viger","license":"CC-BY 4.0","retrievedAt":"2026-08-19T19:54:33.442Z","sourceUrl":"https://donnees.montreal.ca/dataset/feux-tous","updateDate":"2026-08-18","geometryType":"Point","legalNote":"Intersection location only. Not signal timing or operational state."},"source":{"INT_NO":992,"RUE_1":"Hôtel-de-Ville","RUE_2":"Viger","NO_ARRONDISSEMENT":6,"ARRONDISSEMENT":"Ville-Marie","PERMANENT_OU_TEMPORAIRE":"Permanent","LOC_X":300321.22,"LOC_Y":5041067.947,"Longitude":-73.55732,"Latitude":45.509518}},"geometry":{"type":"Point","coordinates":[-73.5573195211149,45.5095175512502]}},{"type":"Feature","id":"ville-montreal/traffic_signal/1387","properties":{"lab":{"objectClass":"traffic_signal","label":"TRAFFIC SIGNAL","sourceId":"1387","provider":"Ville de Montréal","providerKey":"ville-montreal","dataset":"Feux de circulation – emplacements toutes intersections","datasetId":"02ebdab9-cbf3-4f56-8c29-79fa0ed0ed2e","identityField":"INT_NO","sourceName":"Saint-Alexandre / Viger","license":"CC-BY 4.0","retrievedAt":"2026-08-19T19:54:33.442Z","sourceUrl":"https://donnees.montreal.ca/dataset/feux-tous","updateDate":"2026-08-18","geometryType":"Point","legalNote":"Intersection location only. Not signal timing or operational state."},"source":{"INT_NO":1387,"RUE_1":"Saint-Alexandre","RUE_2":"Viger","NO_ARRONDISSEMENT":6,"ARRONDISSEMENT":"Ville-Marie","PERMANENT_OU_TEMPORAIRE":"Permanent","LOC_X":299916.708,"LOC_Y":5040324.885,"Longitude":-73.562489,"Latitude":45.502828}},"geometry":{"type":"Point","coordinates":[-73.5624890728787,45.5028284523109]}},{"type":"Feature","id":"ville-montreal/traffic_signal/1391","properties":{"lab":{"objectClass":"traffic_signal","label":"TRAFFIC SIGNAL","sourceId":"1391","provider":"Ville de Montréal","providerKey":"ville-montreal","dataset":"Feux de circulation – emplacements toutes intersections","datasetId":"02ebdab9-cbf3-4f56-8c29-79fa0ed0ed2e","identityField":"INT_NO","sourceName":"Place d'Armes / Saint-Jacques Est","license":"CC-BY 4.0","retrievedAt":"2026-08-19T19:54:33.442Z","sourceUrl":"https://donnees.montreal.ca/dataset/feux-tous","updateDate":"2026-08-18","geometryType":"Point","legalNote":"Intersection location only. Not signal timing or operational state."},"source":{"INT_NO":1391,"RUE_1":"Place d'Armes","RUE_2":"Saint-Jacques Est","NO_ARRONDISSEMENT":6,"ARRONDISSEMENT":"Ville-Marie","PERMANENT_OU_TEMPORAIRE":"Temporaire","LOC_X":300309.9,"LOC_Y":5040586.55,"Longitude":-73.55746,"Latitude":45.505186}},"geometry":{"type":"Point","coordinates":[-73.5574599872069,45.5051856665966]}},{"type":"Feature","id":"ville-montreal/traffic_signal/1396","properties":{"lab":{"objectClass":"traffic_signal","label":"TRAFFIC SIGNAL","sourceId":"1396","provider":"Ville de Montréal","providerKey":"ville-montreal","dataset":"Feux de circulation – emplacements toutes intersections","datasetId":"02ebdab9-cbf3-4f56-8c29-79fa0ed0ed2e","identityField":"INT_NO","sourceName":"La Gauchetière / Saint-Urbain","license":"CC-BY 4.0","retrievedAt":"2026-08-19T19:54:33.442Z","sourceUrl":"https://donnees.montreal.ca/dataset/feux-tous","updateDate":"2026-08-18","geometryType":"Point","legalNote":"Intersection location only. Not signal timing or operational state."},"source":{"INT_NO":1396,"RUE_1":"La Gauchetière","RUE_2":"Saint-Urbain","NO_ARRONDISSEMENT":6,"ARRONDISSEMENT":"Ville-Marie","PERMANENT_OU_TEMPORAIRE":"Permanent","LOC_X":300044.649,"LOC_Y":5040778.794,"Longitude":-73.560856,"Latitude":45.506914}},"geometry":{"type":"Point","coordinates":[-73.5608562768064,45.5069138010514]}},{"type":"Feature","id":"ville-montreal/traffic_signal/1400","properties":{"lab":{"objectClass":"traffic_signal","label":"TRAFFIC SIGNAL","sourceId":"1400","provider":"Ville de Montréal","providerKey":"ville-montreal","dataset":"Feux de circulation – emplacements toutes intersections","datasetId":"02ebdab9-cbf3-4f56-8c29-79fa0ed0ed2e","identityField":"INT_NO","sourceName":"City Councillors / Maisonneuve","license":"CC-BY 4.0","retrievedAt":"2026-08-19T19:54:33.442Z","sourceUrl":"https://donnees.montreal.ca/dataset/feux-tous","updateDate":"2026-08-18","geometryType":"Point","legalNote":"Intersection location only. Not signal timing or operational state."},"source":{"INT_NO":1400,"RUE_1":"City Councillors","RUE_2":"Maisonneuve","NO_ARRONDISSEMENT":6,"ARRONDISSEMENT":"Ville-Marie","PERMANENT_OU_TEMPORAIRE":"Temporaire","LOC_X":299310.431,"LOC_Y":5040644.065,"Longitude":-73.570251,"Latitude":45.505696}},"geometry":{"type":"Point","coordinates":[-73.5702508664398,45.5056960609781]}},{"type":"Feature","id":"ville-montreal/traffic_signal/1419","properties":{"lab":{"objectClass":"traffic_signal","label":"TRAFFIC SIGNAL","sourceId":"1419","provider":"Ville de Montréal","providerKey":"ville-montreal","dataset":"Feux de circulation – emplacements toutes intersections","datasetId":"02ebdab9-cbf3-4f56-8c29-79fa0ed0ed2e","identityField":"INT_NO","sourceName":"Saint-Jacques / Square Victoria Ouest","license":"CC-BY 4.0","retrievedAt":"2026-08-19T19:54:33.442Z","sourceUrl":"https://donnees.montreal.ca/dataset/feux-tous","updateDate":"2026-08-18","geometryType":"Point","legalNote":"Intersection location only. Not signal timing or operational state."},"source":{"INT_NO":1419,"RUE_1":"Saint-Jacques","RUE_2":"Square Victoria Ouest","NO_ARRONDISSEMENT":6,"ARRONDISSEMENT":"Ville-Marie","PERMANENT_OU_TEMPORAIRE":"Permanent","LOC_X":300049.22,"LOC_Y":5040108.5,"Longitude":-73.560791,"Latitude":45.500882}},"geometry":{"type":"Point","coordinates":[-73.560791287792,45.5008822426977]}},{"type":"Feature","id":"ville-montreal/traffic_signal/1423","properties":{"lab":{"objectClass":"traffic_signal","label":"TRAFFIC SIGNAL","sourceId":"1423","provider":"Ville de Montréal","providerKey":"ville-montreal","dataset":"Feux de circulation – emplacements toutes intersections","datasetId":"02ebdab9-cbf3-4f56-8c29-79fa0ed0ed2e","identityField":"INT_NO","sourceName":"Robert-Bourassa - Int. Est / Ottawa","license":"CC-BY 4.0","retrievedAt":"2026-08-19T19:54:33.442Z","sourceUrl":"https://donnees.montreal.ca/dataset/feux-tous","updateDate":"2026-08-18","geometryType":"Point","legalNote":"Intersection location only. Not signal timing or operational state."},"source":{"INT_NO":1423,"RUE_1":"Robert-Bourassa - Int. Est","RUE_2":"Ottawa","NO_ARRONDISSEMENT":6,"ARRONDISSEMENT":"Ville-Marie","PERMANENT_OU_TEMPORAIRE":"Permanent","LOC_X":300325.872,"LOC_Y":5039660.191,"Longitude":-73.557247,"Latitude":45.49685}},"geometry":{"type":"Point","coordinates":[-73.5572471446891,45.4968499935729]}},{"type":"Feature","id":"ville-montreal/traffic_signal/1446","properties":{"lab":{"objectClass":"traffic_signal","label":"TRAFFIC SIGNAL","sourceId":"1446","provider":"Ville de Montréal","providerKey":"ville-montreal","dataset":"Feux de circulation – emplacements toutes intersections","datasetId":"02ebdab9-cbf3-4f56-8c29-79fa0ed0ed2e","identityField":"INT_NO","sourceName":"René-Lévesque / 800 Face au Reine-Élizabeth","license":"CC-BY 4.0","retrievedAt":"2026-08-19T19:54:33.442Z","sourceUrl":"https://donnees.montreal.ca/dataset/feux-tous","updateDate":"2026-08-18","geometryType":"Point","legalNote":"Intersection location only. Not signal timing or operational state."},"source":{"INT_NO":1446,"RUE_1":"René-Lévesque","RUE_2":"800 Face au Reine-Élizabeth","NO_ARRONDISSEMENT":6,"ARRONDISSEMENT":"Ville-Marie","PERMANENT_OU_TEMPORAIRE":"Permanent","LOC_X":299471.4,"LOC_Y":5040123.5,"Longitude":-73.568185,"Latitude":45.501013}},"geometry":{"type":"Point","coordinates":[-73.5681852677783,45.501013044979]}},{"type":"Feature","id":"ville-montreal/traffic_signal/1449","properties":{"lab":{"objectClass":"traffic_signal","label":"TRAFFIC SIGNAL","sourceId":"1449","provider":"Ville de Montréal","providerKey":"ville-montreal","dataset":"Feux de circulation – emplacements toutes intersections","datasetId":"02ebdab9-cbf3-4f56-8c29-79fa0ed0ed2e","identityField":"INT_NO","sourceName":"Jeanne-Mance / Maisonneuve","license":"CC-BY 4.0","retrievedAt":"2026-08-19T19:54:33.442Z","sourceUrl":"https://donnees.montreal.ca/dataset/feux-tous","updateDate":"2026-08-18","geometryType":"Point","legalNote":"Intersection location only. Not signal timing or operational state."},"source":{"INT_NO":1449,"RUE_1":"Jeanne-Mance","RUE_2":"Maisonneuve","NO_ARRONDISSEMENT":6,"ARRONDISSEMENT":"Ville-Marie","PERMANENT_OU_TEMPORAIRE":"Temporaire","LOC_X":299461.926,"LOC_Y":5040919.569,"Longitude":-73.568315,"Latitude":45.508176}},"geometry":{"type":"Point","coordinates":[-73.5683151614962,45.5081763368737]}},{"type":"Feature","id":"ville-montreal/traffic_signal/1462","properties":{"lab":{"objectClass":"traffic_signal","label":"TRAFFIC SIGNAL","sourceId":"1462","provider":"Ville de Montréal","providerKey":"ville-montreal","dataset":"Feux de circulation – emplacements toutes intersections","datasetId":"02ebdab9-cbf3-4f56-8c29-79fa0ed0ed2e","identityField":"INT_NO","sourceName":"Notre-Dame / Place d'Armes/Saint-Sulpice","license":"CC-BY 4.0","retrievedAt":"2026-08-19T19:54:33.442Z","sourceUrl":"https://donnees.montreal.ca/dataset/feux-tous","updateDate":"2026-08-18","geometryType":"Point","legalNote":"Intersection location only. Not signal timing or operational state."},"source":{"INT_NO":1462,"RUE_1":"Notre-Dame","RUE_2":"Place d'Armes/Saint-Sulpice","NO_ARRONDISSEMENT":6,"ARRONDISSEMENT":"Ville-Marie","PERMANENT_OU_TEMPORAIRE":"Permanent","LOC_X":300373.562,"LOC_Y":5040557.725,"Longitude":-73.556645,"Latitude":45.504927}},"geometry":{"type":"Point","coordinates":[-73.5566450423456,45.5049266939566]}},{"type":"Feature","id":"ville-montreal/traffic_signal/4032","properties":{"lab":{"objectClass":"traffic_signal","label":"TRAFFIC SIGNAL","sourceId":"4032","provider":"Ville de Montréal","providerKey":"ville-montreal","dataset":"Feux de circulation – emplacements toutes intersections","datasetId":"02ebdab9-cbf3-4f56-8c29-79fa0ed0ed2e","identityField":"INT_NO","sourceName":"Montigny / Saint-Urbain","license":"CC-BY 4.0","retrievedAt":"2026-08-19T19:54:33.442Z","sourceUrl":"https://donnees.montreal.ca/dataset/feux-tous","updateDate":"2026-08-18","geometryType":"Point","legalNote":"Intersection location only. Not signal timing or operational state."},"source":{"INT_NO":4032,"RUE_1":"Montigny","RUE_2":"Saint-Urbain","NO_ARRONDISSEMENT":6,"ARRONDISSEMENT":"Ville-Marie","PERMANENT_OU_TEMPORAIRE":"Permanent","LOC_X":299620.35,"LOC_Y":5041057.43,"Longitude":-73.566289,"Latitude":45.509418}},"geometry":{"type":"Point","coordinates":[-73.566289153466,45.5094180618961]}},{"type":"Feature","id":"ville-montreal/traffic_signal/4045","properties":{"lab":{"objectClass":"traffic_signal","label":"TRAFFIC SIGNAL","sourceId":"4045","provider":"Ville de Montréal","providerKey":"ville-montreal","dataset":"Feux de circulation – emplacements toutes intersections","datasetId":"02ebdab9-cbf3-4f56-8c29-79fa0ed0ed2e","identityField":"INT_NO","sourceName":"Robert-Bourassa - Int. Est / Saint-Paul","license":"CC-BY 4.0","retrievedAt":"2026-08-19T19:54:33.442Z","sourceUrl":"https://donnees.montreal.ca/dataset/feux-tous","updateDate":"2026-08-18","geometryType":"Point","legalNote":"Intersection location only. Not signal timing or operational state."},"source":{"INT_NO":4045,"RUE_1":"Robert-Bourassa - Int. Est","RUE_2":"Saint-Paul","NO_ARRONDISSEMENT":6,"ARRONDISSEMENT":"Ville-Marie","PERMANENT_OU_TEMPORAIRE":"Permanent","LOC_X":300141,"LOC_Y":5039772,"Longitude":-73.559614,"Latitude":45.497855}},"geometry":{"type":"Point","coordinates":[-73.559613670253,45.4978548895679]}},{"type":"Feature","id":"ville-montreal/traffic_signal/4081","properties":{"lab":{"objectClass":"traffic_signal","label":"TRAFFIC SIGNAL","sourceId":"4081","provider":"Ville de Montréal","providerKey":"ville-montreal","dataset":"Feux de circulation – emplacements toutes intersections","datasetId":"02ebdab9-cbf3-4f56-8c29-79fa0ed0ed2e","identityField":"INT_NO","sourceName":"McGill / William & Place Youville","license":"CC-BY 4.0","retrievedAt":"2026-08-19T19:54:33.442Z","sourceUrl":"https://donnees.montreal.ca/dataset/feux-tous","updateDate":"2026-08-18","geometryType":"Point","legalNote":"Intersection location only. Not signal timing or operational state."},"source":{"INT_NO":4081,"RUE_1":"McGill","RUE_2":"William & Place Youville","NO_ARRONDISSEMENT":6,"ARRONDISSEMENT":"Ville-Marie","PERMANENT_OU_TEMPORAIRE":"Permanent","LOC_X":300405.16,"LOC_Y":5039994,"Longitude":-73.556236,"Latitude":45.499854}},"geometry":{"type":"Point","coordinates":[-73.5562356331671,45.4998542555239]}},{"type":"Feature","id":"ville-montreal/traffic_signal/4813","properties":{"lab":{"objectClass":"traffic_signal","label":"TRAFFIC SIGNAL","sourceId":"4813","provider":"Ville de Montréal","providerKey":"ville-montreal","dataset":"Feux de circulation – emplacements toutes intersections","datasetId":"02ebdab9-cbf3-4f56-8c29-79fa0ed0ed2e","identityField":"INT_NO","sourceName":"Notre-Dame / Robert-Bourassa Int Est","license":"CC-BY 4.0","retrievedAt":"2026-08-19T19:54:33.442Z","sourceUrl":"https://donnees.montreal.ca/dataset/feux-tous","updateDate":"2026-08-18","geometryType":"Point","legalNote":"Intersection location only. Not signal timing or operational state."},"source":{"INT_NO":4813,"RUE_1":"Notre-Dame","RUE_2":"Robert-Bourassa Int Est","NO_ARRONDISSEMENT":6,"ARRONDISSEMENT":"Ville-Marie","PERMANENT_OU_TEMPORAIRE":"Permanent","LOC_X":300014.85,"LOC_Y":5039856.22,"Longitude":-73.561229,"Latitude":45.498612}},"geometry":{"type":"Point","coordinates":[-73.5612286277359,45.4986118837959]}},{"type":"Feature","id":"ville-montreal/traffic_signal/1478","properties":{"lab":{"objectClass":"traffic_signal","label":"TRAFFIC SIGNAL","sourceId":"1478","provider":"Ville de Montréal","providerKey":"ville-montreal","dataset":"Feux de circulation – emplacements toutes intersections","datasetId":"02ebdab9-cbf3-4f56-8c29-79fa0ed0ed2e","identityField":"INT_NO","sourceName":"Square Victoria Est / Viger","license":"CC-BY 4.0","retrievedAt":"2026-08-19T19:54:33.442Z","sourceUrl":"https://donnees.montreal.ca/dataset/feux-tous","updateDate":"2026-08-18","geometryType":"Point","legalNote":"Intersection location only. Not signal timing or operational state."},"source":{"INT_NO":1478,"RUE_1":"Square Victoria Est","RUE_2":"Viger","NO_ARRONDISSEMENT":6,"ARRONDISSEMENT":"Ville-Marie","PERMANENT_OU_TEMPORAIRE":"Permanent","LOC_X":299882.3,"LOC_Y":5040259.5,"Longitude":-73.562929,"Latitude":45.50224}},"geometry":{"type":"Point","coordinates":[-73.5629287192973,45.5022398485395]}},{"type":"Feature","id":"ville-montreal/traffic_signal/1487","properties":{"lab":{"objectClass":"traffic_signal","label":"TRAFFIC SIGNAL","sourceId":"1487","provider":"Ville de Montréal","providerKey":"ville-montreal","dataset":"Feux de circulation – emplacements toutes intersections","datasetId":"02ebdab9-cbf3-4f56-8c29-79fa0ed0ed2e","identityField":"INT_NO","sourceName":"Nazareth / William","license":"CC-BY 4.0","retrievedAt":"2026-08-19T19:54:33.442Z","sourceUrl":"https://donnees.montreal.ca/dataset/feux-tous","updateDate":"2026-08-18","geometryType":"Point","legalNote":"Intersection location only. Not signal timing or operational state."},"source":{"INT_NO":1487,"RUE_1":"Nazareth","RUE_2":"William","NO_ARRONDISSEMENT":8,"ARRONDISSEMENT":"Sud-Ouest","PERMANENT_OU_TEMPORAIRE":"Permanent","LOC_X":300176.541,"LOC_Y":5039666.353,"Longitude":-73.559158,"Latitude":45.496904}},"geometry":{"type":"Point","coordinates":[-73.5591579144787,45.4969044683886]}},{"type":"Feature","id":"ville-montreal/traffic_signal/1498","properties":{"lab":{"objectClass":"traffic_signal","label":"TRAFFIC SIGNAL","sourceId":"1498","provider":"Ville de Montréal","providerKey":"ville-montreal","dataset":"Feux de circulation – emplacements toutes intersections","datasetId":"02ebdab9-cbf3-4f56-8c29-79fa0ed0ed2e","identityField":"INT_NO","sourceName":"Hutchison / Prince-Arthur","license":"CC-BY 4.0","retrievedAt":"2026-08-19T19:54:33.442Z","sourceUrl":"https://donnees.montreal.ca/dataset/feux-tous","updateDate":"2026-08-18","geometryType":"Point","legalNote":"Intersection location only. Not signal timing or operational state."},"source":{"INT_NO":1498,"RUE_1":"Hutchison","RUE_2":"Prince-Arthur","NO_ARRONDISSEMENT":5,"ARRONDISSEMENT":"Plateau Mont-Royal","PERMANENT_OU_TEMPORAIRE":"Permanent","LOC_X":298840.723,"LOC_Y":5041101.569,"Longitude":-73.576267,"Latitude":45.509809}},"geometry":{"type":"Point","coordinates":[-73.5762673468105,45.509809016958]}},{"type":"Feature","id":"ville-montreal/traffic_signal/1526","properties":{"lab":{"objectClass":"traffic_signal","label":"TRAFFIC SIGNAL","sourceId":"1526","provider":"Ville de Montréal","providerKey":"ville-montreal","dataset":"Feux de circulation – emplacements toutes intersections","datasetId":"02ebdab9-cbf3-4f56-8c29-79fa0ed0ed2e","identityField":"INT_NO","sourceName":"Jean-d'Estrées / Saint-Antoine","license":"CC-BY 4.0","retrievedAt":"2026-08-19T19:54:33.442Z","sourceUrl":"https://donnees.montreal.ca/dataset/feux-tous","updateDate":"2026-08-18","geometryType":"Point","legalNote":"Intersection location only. Not signal timing or operational state."},"source":{"INT_NO":1526,"RUE_1":"Jean-d'Estrées","RUE_2":"Saint-Antoine","NO_ARRONDISSEMENT":6,"ARRONDISSEMENT":"Ville-Marie","PERMANENT_OU_TEMPORAIRE":"Permanent","LOC_X":299508.127,"LOC_Y":5039587.396,"Longitude":-73.56771,"Latitude":45.496189}},"geometry":{"type":"Point","coordinates":[-73.5677095238628,45.4961892296886]}},{"type":"Feature","id":"ville-montreal/traffic_signal/1527","properties":{"lab":{"objectClass":"traffic_signal","label":"TRAFFIC SIGNAL","sourceId":"1527","provider":"Ville de Montréal","providerKey":"ville-montreal","dataset":"Feux de circulation – emplacements toutes intersections","datasetId":"02ebdab9-cbf3-4f56-8c29-79fa0ed0ed2e","identityField":"INT_NO","sourceName":"McGill College / Président-Kennedy","license":"CC-BY 4.0","retrievedAt":"2026-08-19T19:54:33.442Z","sourceUrl":"https://donnees.montreal.ca/dataset/feux-tous","updateDate":"2026-08-18","geometryType":"Point","legalNote":"Intersection location only. Not signal timing or operational state."},"source":{"INT_NO":1527,"RUE_1":"McGill College","RUE_2":"Président-Kennedy","NO_ARRONDISSEMENT":6,"ARRONDISSEMENT":"Ville-Marie","PERMANENT_OU_TEMPORAIRE":"Temporaire","LOC_X":299040.82,"LOC_Y":5040367.039,"Longitude":-73.573698,"Latitude":45.503201}},"geometry":{"type":"Point","coordinates":[-73.5736978647621,45.503201090549]}},{"type":"Feature","id":"ville-montreal/traffic_signal/1536","properties":{"lab":{"objectClass":"traffic_signal","label":"TRAFFIC SIGNAL","sourceId":"1536","provider":"Ville de Montréal","providerKey":"ville-montreal","dataset":"Feux de circulation – emplacements toutes intersections","datasetId":"02ebdab9-cbf3-4f56-8c29-79fa0ed0ed2e","identityField":"INT_NO","sourceName":"Jean-d'Estrées / Saint-Jacques","license":"CC-BY 4.0","retrievedAt":"2026-08-19T19:54:33.442Z","sourceUrl":"https://donnees.montreal.ca/dataset/feux-tous","updateDate":"2026-08-18","geometryType":"Point","legalNote":"Intersection location only. Not signal timing or operational state."},"source":{"INT_NO":1536,"RUE_1":"Jean-d'Estrées","RUE_2":"Saint-Jacques","NO_ARRONDISSEMENT":6,"ARRONDISSEMENT":"Ville-Marie","PERMANENT_OU_TEMPORAIRE":"Permanent","LOC_X":299631.001,"LOC_Y":5039497.004,"Longitude":-73.566136,"Latitude":45.495377}},"geometry":{"type":"Point","coordinates":[-73.5661363997594,45.4953767641634]}},{"type":"Feature","id":"ville-montreal/traffic_signal/1566","properties":{"lab":{"objectClass":"traffic_signal","label":"TRAFFIC SIGNAL","sourceId":"1566","provider":"Ville de Montréal","providerKey":"ville-montreal","dataset":"Feux de circulation – emplacements toutes intersections","datasetId":"02ebdab9-cbf3-4f56-8c29-79fa0ed0ed2e","identityField":"INT_NO","sourceName":"Canadiens de Montréal / Montagne","license":"CC-BY 4.0","retrievedAt":"2026-08-19T19:54:33.442Z","sourceUrl":"https://donnees.montreal.ca/dataset/feux-tous","updateDate":"2026-08-18","geometryType":"Point","legalNote":"Intersection location only. Not signal timing or operational state."},"source":{"INT_NO":1566,"RUE_1":"Canadiens de Montréal","RUE_2":"Montagne","NO_ARRONDISSEMENT":6,"ARRONDISSEMENT":"Ville-Marie","PERMANENT_OU_TEMPORAIRE":"Permanent","LOC_X":299263.049,"LOC_Y":5039554.42,"Longitude":-73.570845,"Latitude":45.495891}},"geometry":{"type":"Point","coordinates":[-73.5708449228411,45.4958905955609]}},{"type":"Feature","id":"ville-montreal/traffic_signal/1573","properties":{"lab":{"objectClass":"traffic_signal","label":"TRAFFIC SIGNAL","sourceId":"1573","provider":"Ville de Montréal","providerKey":"ville-montreal","dataset":"Feux de circulation – emplacements toutes intersections","datasetId":"02ebdab9-cbf3-4f56-8c29-79fa0ed0ed2e","identityField":"INT_NO","sourceName":"Saint-Antoine / Square Victoria Ouest","license":"CC-BY 4.0","retrievedAt":"2026-08-19T19:54:33.442Z","sourceUrl":"https://donnees.montreal.ca/dataset/feux-tous","updateDate":"2026-08-18","geometryType":"Point","legalNote":"Intersection location only. Not signal timing or operational state."},"source":{"INT_NO":1573,"RUE_1":"Saint-Antoine","RUE_2":"Square Victoria Ouest","NO_ARRONDISSEMENT":6,"ARRONDISSEMENT":"Ville-Marie","PERMANENT_OU_TEMPORAIRE":"Permanent","LOC_X":299961.7,"LOC_Y":5040163,"Longitude":-73.561912,"Latitude":45.501372}},"geometry":{"type":"Point","coordinates":[-73.5619117362076,45.5013720555419]}},{"type":"Feature","id":"ville-montreal/traffic_signal/1574","properties":{"lab":{"objectClass":"traffic_signal","label":"TRAFFIC SIGNAL","sourceId":"1574","provider":"Ville de Montréal","providerKey":"ville-montreal","dataset":"Feux de circulation – emplacements toutes intersections","datasetId":"02ebdab9-cbf3-4f56-8c29-79fa0ed0ed2e","identityField":"INT_NO","sourceName":"Hôtel-de-Ville / Saint-Antoine","license":"CC-BY 4.0","retrievedAt":"2026-08-19T19:54:33.442Z","sourceUrl":"https://donnees.montreal.ca/dataset/feux-tous","updateDate":"2026-08-18","geometryType":"Point","legalNote":"Intersection location only. Not signal timing or operational state."},"source":{"INT_NO":1574,"RUE_1":"Hôtel-de-Ville","RUE_2":"Saint-Antoine","NO_ARRONDISSEMENT":6,"ARRONDISSEMENT":"Ville-Marie","PERMANENT_OU_TEMPORAIRE":"Permanent","LOC_X":300439.425,"LOC_Y":5040988.073,"Longitude":-73.555806,"Latitude":45.5088}},"geometry":{"type":"Point","coordinates":[-73.5558060214994,45.508799560822]}},{"type":"Feature","id":"ville-montreal/traffic_signal/1589","properties":{"lab":{"objectClass":"traffic_signal","label":"TRAFFIC SIGNAL","sourceId":"1589","provider":"Ville de Montréal","providerKey":"ville-montreal","dataset":"Feux de circulation – emplacements toutes intersections","datasetId":"02ebdab9-cbf3-4f56-8c29-79fa0ed0ed2e","identityField":"INT_NO","sourceName":"Saint-Antoine / Saint-François-Xavier","license":"CC-BY 4.0","retrievedAt":"2026-08-19T19:54:33.442Z","sourceUrl":"https://donnees.montreal.ca/dataset/feux-tous","updateDate":"2026-08-18","geometryType":"Point","legalNote":"Intersection location only. Not signal timing or operational state."},"source":{"INT_NO":1589,"RUE_1":"Saint-Antoine","RUE_2":"Saint-François-Xavier","NO_ARRONDISSEMENT":6,"ARRONDISSEMENT":"Ville-Marie","PERMANENT_OU_TEMPORAIRE":"Temporaire","LOC_X":300176.818,"LOC_Y":5040527.777,"Longitude":-73.559162,"Latitude":45.504656}},"geometry":{"type":"Point","coordinates":[-73.5591624879464,45.504655932955]}},{"type":"Feature","id":"ville-montreal/traffic_signal/1696","properties":{"lab":{"objectClass":"traffic_signal","label":"TRAFFIC SIGNAL","sourceId":"1696","provider":"Ville de Montréal","providerKey":"ville-montreal","dataset":"Feux de circulation – emplacements toutes intersections","datasetId":"02ebdab9-cbf3-4f56-8c29-79fa0ed0ed2e","identityField":"INT_NO","sourceName":"Beaver Hall / Belmont","license":"CC-BY 4.0","retrievedAt":"2026-08-19T19:54:33.442Z","sourceUrl":"https://donnees.montreal.ca/dataset/feux-tous","updateDate":"2026-08-18","geometryType":"Point","legalNote":"Intersection location only. Not signal timing or operational state."},"source":{"INT_NO":1696,"RUE_1":"Beaver Hall","RUE_2":"Belmont","NO_ARRONDISSEMENT":6,"ARRONDISSEMENT":"Ville-Marie","PERMANENT_OU_TEMPORAIRE":"Permanent","LOC_X":299723.504,"LOC_Y":5040277.653,"Longitude":-73.564961,"Latitude":45.502402}},"geometry":{"type":"Point","coordinates":[-73.5649609185695,45.5024020594708]}},{"type":"Feature","id":"ville-montreal/traffic_signal/2019","properties":{"lab":{"objectClass":"traffic_signal","label":"TRAFFIC SIGNAL","sourceId":"2019","provider":"Ville de Montréal","providerKey":"ville-montreal","dataset":"Feux de circulation – emplacements toutes intersections","datasetId":"02ebdab9-cbf3-4f56-8c29-79fa0ed0ed2e","identityField":"INT_NO","sourceName":"Cypress / Peel","license":"CC-BY 4.0","retrievedAt":"2026-08-19T19:54:33.442Z","sourceUrl":"https://donnees.montreal.ca/dataset/feux-tous","updateDate":"2026-08-18","geometryType":"Point","legalNote":"Intersection location only. Not signal timing or operational state."},"source":{"INT_NO":2019,"RUE_1":"Cypress","RUE_2":"Peel","NO_ARRONDISSEMENT":6,"ARRONDISSEMENT":"Ville-Marie","PERMANENT_OU_TEMPORAIRE":"Permanent","LOC_X":299202.248,"LOC_Y":5039945.312,"Longitude":-73.571627,"Latitude":45.499408}},"geometry":{"type":"Point","coordinates":[-73.5716273264062,45.4994075254194]}},{"type":"Feature","id":"ville-montreal/traffic_signal/2028","properties":{"lab":{"objectClass":"traffic_signal","label":"TRAFFIC SIGNAL","sourceId":"2028","provider":"Ville de Montréal","providerKey":"ville-montreal","dataset":"Feux de circulation – emplacements toutes intersections","datasetId":"02ebdab9-cbf3-4f56-8c29-79fa0ed0ed2e","identityField":"INT_NO","sourceName":"Cathédrale / Notre-Dame","license":"CC-BY 4.0","retrievedAt":"2026-08-19T19:54:33.442Z","sourceUrl":"https://donnees.montreal.ca/dataset/feux-tous","updateDate":"2026-08-18","geometryType":"Point","legalNote":"Intersection location only. Not signal timing or operational state."},"source":{"INT_NO":2028,"RUE_1":"Cathédrale","RUE_2":"Notre-Dame","NO_ARRONDISSEMENT":8,"ARRONDISSEMENT":"Sud-Ouest","PERMANENT_OU_TEMPORAIRE":"Permanent","LOC_X":299899.551,"LOC_Y":5039557.058,"Longitude":-73.562701,"Latitude":45.495919}},"geometry":{"type":"Point","coordinates":[-73.5627009533057,45.4959190939753]}},{"type":"Feature","id":"ville-montreal/traffic_signal/2316","properties":{"lab":{"objectClass":"traffic_signal","label":"TRAFFIC SIGNAL","sourceId":"2316","provider":"Ville de Montréal","providerKey":"ville-montreal","dataset":"Feux de circulation – emplacements toutes intersections","datasetId":"02ebdab9-cbf3-4f56-8c29-79fa0ed0ed2e","identityField":"INT_NO","sourceName":"Lucien-L'Allier / Overdale","license":"CC-BY 4.0","retrievedAt":"2026-08-19T19:54:33.442Z","sourceUrl":"https://donnees.montreal.ca/dataset/feux-tous","updateDate":"2026-08-18","geometryType":"Point","legalNote":"Intersection location only. Not signal timing or operational state."},"source":{"INT_NO":2316,"RUE_1":"Lucien-L'Allier","RUE_2":"Overdale","NO_ARRONDISSEMENT":6,"ARRONDISSEMENT":"Ville-Marie","PERMANENT_OU_TEMPORAIRE":"Permanent","LOC_X":299179.57,"LOC_Y":5039471.19,"Longitude":-73.571912,"Latitude":45.495141}},"geometry":{"type":"Point","coordinates":[-73.5719120770517,45.4951409883836]}},{"type":"Feature","id":"ville-montreal/traffic_signal/5479","properties":{"lab":{"objectClass":"traffic_signal","label":"TRAFFIC SIGNAL","sourceId":"5479","provider":"Ville de Montréal","providerKey":"ville-montreal","dataset":"Feux de circulation – emplacements toutes intersections","datasetId":"02ebdab9-cbf3-4f56-8c29-79fa0ed0ed2e","identityField":"INT_NO","sourceName":"Inspecteur / Saint-Maurice","license":"CC-BY 4.0","retrievedAt":"2026-08-19T19:54:33.442Z","sourceUrl":"https://donnees.montreal.ca/dataset/feux-tous","updateDate":"2026-08-18","geometryType":"Point","legalNote":"Intersection location only. Not signal timing or operational state."},"source":{"INT_NO":5479,"RUE_1":"Inspecteur","RUE_2":"Saint-Maurice","NO_ARRONDISSEMENT":8,"ARRONDISSEMENT":"Sud-Ouest","PERMANENT_OU_TEMPORAIRE":"Permanent","LOC_X":299970.256,"LOC_Y":5039674,"Longitude":-73.561797,"Latitude":45.496972}},"geometry":{"type":"Point","coordinates":[-73.5617974385639,45.4969718820017]}},{"type":"Feature","id":"ville-montreal/traffic_signal/5855","properties":{"lab":{"objectClass":"traffic_signal","label":"TRAFFIC SIGNAL","sourceId":"5855","provider":"Ville de Montréal","providerKey":"ville-montreal","dataset":"Feux de circulation – emplacements toutes intersections","datasetId":"02ebdab9-cbf3-4f56-8c29-79fa0ed0ed2e","identityField":"INT_NO","sourceName":"Robert-Bourassa - Int. Ouest / Ottawa","license":"CC-BY 4.0","retrievedAt":"2026-08-19T19:54:33.442Z","sourceUrl":"https://donnees.montreal.ca/dataset/feux-tous","updateDate":"2026-08-18","geometryType":"Point","legalNote":"Intersection location only. Not signal timing or operational state."},"source":{"INT_NO":5855,"RUE_1":"Robert-Bourassa - Int. Ouest","RUE_2":"Ottawa","NO_ARRONDISSEMENT":8,"ARRONDISSEMENT":"Sud-Ouest","PERMANENT_OU_TEMPORAIRE":"Permanent","LOC_X":300295.509,"LOC_Y":5039601.39,"Longitude":-73.557635,"Latitude":45.496321}},"geometry":{"type":"Point","coordinates":[-73.5576351038978,45.4963206811841]}},{"type":"Feature","id":"ville-montreal/traffic_signal/9368","properties":{"lab":{"objectClass":"traffic_signal","label":"TRAFFIC SIGNAL","sourceId":"9368","provider":"Ville de Montréal","providerKey":"ville-montreal","dataset":"Feux de circulation – emplacements toutes intersections","datasetId":"02ebdab9-cbf3-4f56-8c29-79fa0ed0ed2e","identityField":"INT_NO","sourceName":"Notre-Dame / Robert-Bourassa Int Ouest","license":"CC-BY 4.0","retrievedAt":"2026-08-19T19:54:33.442Z","sourceUrl":"https://donnees.montreal.ca/dataset/feux-tous","updateDate":"2026-08-18","geometryType":"Point","legalNote":"Intersection location only. Not signal timing or operational state."},"source":{"INT_NO":9368,"RUE_1":"Notre-Dame","RUE_2":"Robert-Bourassa Int Ouest","NO_ARRONDISSEMENT":6,"ARRONDISSEMENT":"Ville-Marie","PERMANENT_OU_TEMPORAIRE":"Permanent","LOC_X":299990.59,"LOC_Y":5039788.89,"Longitude":-73.561538,"Latitude":45.498006}},"geometry":{"type":"Point","coordinates":[-73.5615383876431,45.4980058525229]}},{"type":"Feature","id":"ville-montreal/traffic_signal/17896","properties":{"lab":{"objectClass":"traffic_signal","label":"TRAFFIC SIGNAL","sourceId":"17896","provider":"Ville de Montréal","providerKey":"ville-montreal","dataset":"Feux de circulation – emplacements toutes intersections","datasetId":"02ebdab9-cbf3-4f56-8c29-79fa0ed0ed2e","identityField":"INT_NO","sourceName":"Place d'Armes Ouest / Saint-Jacques","license":"CC-BY 4.0","retrievedAt":"2026-08-19T19:54:33.442Z","sourceUrl":"https://donnees.montreal.ca/dataset/feux-tous","updateDate":"2026-08-18","geometryType":"Point","legalNote":"Intersection location only. Not signal timing or operational state."},"source":{"INT_NO":17896,"RUE_1":"Place d'Armes Ouest","RUE_2":"Saint-Jacques","NO_ARRONDISSEMENT":6,"ARRONDISSEMENT":"Ville-Marie","PERMANENT_OU_TEMPORAIRE":"Temporaire","LOC_X":300282.63,"LOC_Y":5040537.21,"Longitude":-73.557809,"Latitude":45.504742}},"geometry":{"type":"Point","coordinates":[-73.5578085078773,45.5047415083513]}}]}