{"type":"FeatureCollection","name":"iqai-harmonized-pdq-v1","crs":{"type":"name","properties":{"name":"urn:ogc:def:crs:OGC:1.3:CRS84"}},"features":[{"type":"Feature","properties":{"harmonized_pdq_id":"PDQ_H_01","display_name":"PDQ 01","component_pdqs":[1],"source_pdq_values":[1],"geography_type":"longitudinal_analytical_composite","source_dataset":"Limite des secteurs de poste de quartier de police","source_dataset_id":"186892b8-bba5-426c-aa7e-9db8c43cbdfe","source_resource_id":"e18f0da9-3a16-4ba4-b378-59f698b47261","source_license":"Creative Commons Attribution 4.0 International","geometry_rule":"direct_source_polygon","historical_boundary_claim":false,"special_unit":false,"longitudinal_caveat":"This polygon is an IQAI longitudinal analytical composite based on official SPVM/Ville de Montréal PDQ territory geometry. It is used to compare harmonized reported-event totals consistently through time and should not be interpreted as a historical boundary snapshot for every year.","source_area_m2_planar":44875507.4773,"source_vintage":"2026-08-09T00:45:24.840Z","source_crs":"EPSG:32188","browser_crs":"EPSG:4326"},"geometry":{"type":"MultiPolygon","coordinates":[[[[-73.97090000027978,45.42430000006911],[-73.97089999978213,45.42440000015501],[-73.97080000071654,45.424400000239494],[-73.97080000011292,45.42430000015816],[-73.97090000027978,45.42430000006911]]],[[[-73.84040000073104,45.45659999912279],[-73.83659999989243,45.45289999972162],[-73.83439999967369,45.45069999988305],[-73.8343000000831,45.45060000053952],[-73.83579999963476,45.449799999597126],[-73.83169999958132,45.4453999993935],[-73.83539999965659,45.44539999951677],[-73.83930000044688,45.44539999945234],[-73.83539999971613,45.43850000033078],[-73.83520000019513,45.43799999892271],[-73.83590000064606,45.43749999960794],[-73.83459999961066,45.437699999400635],[-73.83480000036768,45.43760000023582],[-73.83239999925219,45.431199999867005],[-73.83200000016834,45.42990000029326],[-73.83170000045092,45.42889999928111],[-73.8317999998934,45.428700000430766],[-73.83139999915646,45.428499999973894],[-73.8316000000013,45.428400000849564],[-73.83169999971479,45.42840000025301],[-73.83179999943304,45.428400000468756],[-73.83189999915079,45.42840000059695],[-73.83189999967473,45.42830000060413],[-73.83249999894323,45.42820000133848],[-73.83260000086021,45.428200000847404],[-73.8327000002261,45.428200001176066],[-73.8327999997956,45.428099999621935],[-73.83290000025654,45.42809999887246],[-73.83299999944437,45.428099998938954],[-73.8330999999096,45.4280999989142],[-73.83330000017666,45.42799999950708],[-73.83349999973647,45.427899999750025],[-73.83349999999608,45.42779999974897],[-73.8334999995084,45.427500000638915],[-73.83349999977207,45.42740000063087],[-73.83359999899878,45.42740000017187],[-73.83370000078614,45.4274000005177],[-73.83370000069768,45.42730000050891],[-73.83380000076599,45.42720000076137],[-73.83389999964336,45.427200000940594],[-73.83390000048169,45.42710000092553],[-73.83390000003251,45.42699999911279],[-73.83370000026524,45.42679999953868],[-73.8339999999449,45.42660000002627],[-73.83420000037621,45.42669999996038],[-73.83450000031605,45.42650000003013],[-73.83459999923714,45.426500000496155],[-73.83469999958032,45.42630000081875],[-73.83489999998459,45.426100000346835],[-73.83479999975907,45.42600000101521],[-73.83490000035161,45.4260000012136],[-73.83499999966577,45.426000001328205],[-73.83510000025625,45.42589999951802],[-73.83530000074215,45.42579999926843],[-73.83569999914157,45.42579999959699],[-73.83609999995195,45.42550000019985],[-73.83650000006077,45.42549999952138],[-73.83669999974975,45.42510000027602],[-73.83669999950466,45.42500000112681],[-73.83669999925526,45.42490000107601],[-73.83670000027402,45.42479999922002],[-73.83660000045529,45.42469999964051],[-73.83670000002665,45.42469999916571],[-73.83680000002678,45.42479999955698],[-73.8369000003859,45.424900000757795],[-73.83690000098844,45.42500000080758],[-73.83679999918235,45.425200000662024],[-73.83670000050721,45.425400000412615],[-73.83669999947853,45.425499999558554],[-73.83669999973407,45.42559999959883],[-73.83670000024826,45.425799999674105],[-73.83670000050151,45.42589999880926],[-73.8366000002672,45.4261000011518],[-73.83670000027905,45.42630000073515],[-73.83679999928152,45.42640000020169],[-73.83689999992089,45.42650000047398],[-73.83700000011306,45.42649999973494],[-73.83710000061697,45.42639999978199],[-73.83720000050663,45.426499999793904],[-73.83779999971338,45.42669999972063],[-73.83790000026485,45.42669999999232],[-73.83810000008299,45.42669999937697],[-73.83830000044158,45.426799999329916],[-73.83859999985604,45.42689999949409],[-73.83870000075659,45.426899999064354],[-73.83890000001107,45.426899999749565],[-73.83899999963215,45.42689999906097],[-73.83919999973398,45.426999999235164],[-73.83940000055185,45.42710000085503],[-73.83940000047953,45.427200000868595],[-73.8397999998185,45.42720000033493],[-73.83989999950916,45.42730000066962],[-73.8399999998422,45.427300000903195],[-73.84010000005719,45.42740000015967],[-73.84009999983596,45.427600000174955],[-73.84009999961344,45.42779999928339],[-73.84020000089794,45.42789999934028],[-73.84029999998022,45.42799999931448],[-73.84030000022844,45.428099999311456],[-73.84040000069413,45.42809999919455],[-73.84049999988135,45.4280999989939],[-73.84060000035142,45.428099999601734],[-73.84079999972151,45.42830000054974],[-73.84099999987805,45.42820000116067],[-73.84109999962375,45.4283000004274],[-73.84159999988194,45.428400000863455],[-73.84180000000522,45.42860000004808],[-73.84449999944539,45.42940000078716],[-73.84489999970944,45.42950000036276],[-73.84539999939386,45.4296000003439],[-73.84589999963538,45.42959999996227],[-73.84670000015946,45.42940000061134],[-73.84729999915167,45.42919999923109],[-73.84810000064702,45.428799999987405],[-73.84819999993968,45.428899999329055],[-73.84849999979102,45.428799999583106],[-73.84879999986272,45.42869999994654],[-73.84910000015475,45.428600000419394],[-73.84909999969764,45.4285000004306],[-73.84920000024069,45.4284000007159],[-73.84949999951755,45.42830000103568],[-73.84969999987983,45.42830000080432],[-73.84999999902074,45.42820000070926],[-73.85099999920956,45.42769999977176],[-73.85139999946429,45.42749999999167],[-73.85149999930167,45.427400000047186],[-73.85140000068105,45.42730000086648],[-73.85140000061858,45.42710000083838],[-73.85130000063752,45.42710000068602],[-73.85109999940153,45.4271000010224],[-73.85120000033493,45.42699999953048],[-73.85129999964897,45.42689999975392],[-73.85150000017656,45.42689999906942],[-73.85190000052141,45.42710000118676],[-73.8520999992043,45.42710000125712],[-73.85230000072777,45.426999999151924],[-73.85259999968044,45.426799999383285],[-73.85270000000337,45.42669999927402],[-73.85310000017091,45.426400000676026],[-73.85330000003181,45.42630000041178],[-73.85390000050457,45.42600000110363],[-73.8542000005063,45.42589999893135],[-73.85449999972867,45.42569999953112],[-73.85459999996597,45.42549999949517],[-73.85489999949857,45.425299999928946],[-73.85519999947331,45.42510000046609],[-73.85529999989261,45.425000000749385],[-73.85539999995933,45.42490000094449],[-73.85549999966217,45.424799999251654],[-73.85560000069388,45.42479999932276],[-73.85570000044719,45.42479999931028],[-73.85580000019996,45.42479999921025],[-73.8559000003081,45.42469999896386],[-73.85610000074526,45.42459999916349],[-73.85630000048077,45.42449999991313],[-73.85649999962693,45.42459999953714],[-73.85670000098416,45.424599999642595],[-73.85700000015976,45.42449999999161],[-73.85759999942066,45.42459999940689],[-73.85809999928803,45.424499999547315],[-73.85860000051882,45.42449999935589],[-73.85910000047534,45.42449999967926],[-73.85919999934713,45.42440000014125],[-73.85940000070633,45.42450000008167],[-73.85950000032466,45.424400000278624],[-73.85969999969393,45.424399999636535],[-73.86000000067479,45.42440000026036],[-73.86020000048552,45.424300000475775],[-73.85940000020854,45.422599999477654],[-73.85980000007115,45.422399999793264],[-73.85979999984364,45.422199999591605],[-73.85979999962622,45.422000000282765],[-73.86080000004252,45.42220000013739],[-73.86120000012468,45.423000000113134],[-73.86129999990081,45.423299999956335],[-73.86160000016368,45.42329999997898],[-73.86179999948816,45.42330000015891],[-73.86190000042922,45.42320000002865],[-73.86199999991354,45.42319999990029],[-73.86229999964681,45.42319999988572],[-73.86250000012136,45.42310000054929],[-73.86259999947764,45.42300000070742],[-73.86220000033371,45.42249999963288],[-73.86250000042463,45.42239999989246],[-73.86259999966697,45.42259999943563],[-73.86279999968824,45.422800000750954],[-73.8629999998013,45.422800000626744],[-73.8631000003072,45.42270000123797],[-73.86330000015055,45.42259999959388],[-73.86339999969238,45.42239999984286],[-73.86369999908017,45.42219999954785],[-73.86400000033606,45.42190000014356],[-73.864400000755,45.42170000051931],[-73.86519999961351,45.42149999908822],[-73.86569999992648,45.42149999931214],[-73.8660000000538,45.421399999358954],[-73.86609999992068,45.421499999355966],[-73.86620000023728,45.42149999914703],[-73.8663999995969,45.42149999937044],[-73.86649999991187,45.42149999889885],[-73.86690000005092,45.42139999962291],[-73.8669000001913,45.421299999503624],[-73.86740000001633,45.42129999948603],[-73.86739999927514,45.421199999367744],[-73.86790000043176,45.421099999734125],[-73.86799999981032,45.42129999999521],[-73.86880000015059,45.421199999547824],[-73.8689999997292,45.42119999971712],[-73.86909999951766,45.42119999967044],[-73.86929999985584,45.42099999996468],[-73.86959999993435,45.420900000445116],[-73.86980000100625,45.42090000010854],[-73.86990000026654,45.42090000026298],[-73.87009999967115,45.42080000017829],[-73.87010000056387,45.420700000945416],[-73.87030000018706,45.42060000050622],[-73.87040000054631,45.420499999186084],[-73.87050000056485,45.42039999957742],[-73.87040000090691,45.42039999904978],[-73.8704000003596,45.42019999967591],[-73.8704999998519,45.420100000063655],[-73.87060000025157,45.420099999601454],[-73.8706999993788,45.42009999995566],[-73.8709000006999,45.420199999632075],[-73.871000000002,45.42019999972309],[-73.87119999988226,45.42019999963833],[-73.87139999976027,45.42019999920338],[-73.87150000034323,45.42019999975234],[-73.87150000004314,45.420099999612766],[-73.87170000020227,45.42000000030896],[-73.87180000042459,45.41999999969654],[-73.87189999910181,45.42010000004383],[-73.87200000087932,45.420000000008756],[-73.87209999982812,45.4200000000377],[-73.87239999983659,45.420099999731356],[-73.87260000033,45.42020000003343],[-73.87280000021008,45.420199999846616],[-73.87289999929733,45.42009999993385],[-73.87359999905439,45.41980000042481],[-73.87380000031821,45.419600000884394],[-73.87409999932822,45.41939999926845],[-73.87420000105115,45.41939999924939],[-73.87429999997948,45.419199999740115],[-73.87440000007047,45.41919999955128],[-73.87549999981167,45.418800000053245],[-73.87559999964515,45.41850000101191],[-73.87579999949325,45.418299998827464],[-73.87580000017239,45.4179999991965],[-73.87600000068282,45.41789999952297],[-73.87609999958866,45.41770000018432],[-73.8762999997882,45.417599999981164],[-73.8765000004188,45.41740000103572],[-73.87650000026852,45.41730000084589],[-73.87660000050666,45.417199999437955],[-73.87679999934223,45.41709999925465],[-73.87720000021693,45.41709999911439],[-73.8773999993762,45.41709999897309],[-73.87750000087749,45.41709999966463],[-73.87780000036912,45.41699999923503],[-73.87799999894254,45.41689999964723],[-73.87810000095175,45.41679999961244],[-73.87830000008579,45.4166000001909],[-73.8786000006249,45.41640000014071],[-73.87860000061843,45.41630000083247],[-73.87860000060712,45.41620000062262],[-73.8784999997508,45.41599999956731],[-73.87819999992912,45.41579999940969],[-73.87820000005951,45.415599999870224],[-73.87829999996829,45.415400000320325],[-73.8783000004968,45.415300000092984],[-73.87830000028568,45.41510000053711],[-73.87840000023549,45.41489999908218],[-73.87860000059327,45.41469999996397],[-73.87870000007526,45.41450000003349],[-73.8789999997436,45.414500000245525],[-73.87900000032461,45.41440000000213],[-73.87899999963517,45.41430000066108],[-73.87910000001821,45.41429999995508],[-73.87920000017753,45.41440000030537],[-73.87950000029116,45.41429999985918],[-73.8803000004123,45.414200000620305],[-73.88069999998197,45.41420000082353],[-73.88099999972663,45.414300000526644],[-73.88120000017793,45.41459999985084],[-73.88140000037951,45.414799999475164],[-73.88150000037487,45.41489999960369],[-73.88170000015474,45.41510000049349],[-73.88200000005293,45.41520000025395],[-73.88210000032706,45.41540000007556],[-73.88210000011847,45.41550000030063],[-73.88239999901151,45.415599999906924],[-73.8826999993966,45.415600000297346],[-73.88300000085454,45.415400000348704],[-73.88360000077667,45.41539999989193],[-73.88459999998555,45.41510000104242],[-73.88480000030259,45.41499999940548],[-73.88499999992473,45.41489999921859],[-73.8851999999793,45.41469999934095],[-73.88559999927263,45.414400000560335],[-73.88610000037109,45.41430000031618],[-73.88669999992099,45.414200000426376],[-73.88710000042539,45.41430000005612],[-73.88740000087883,45.41459999962741],[-73.88809999978926,45.41469999920994],[-73.88869999990366,45.41479999919465],[-73.88920000069074,45.41489999935949],[-73.88960000088741,45.41469999941403],[-73.89089999986051,45.414399999736204],[-73.89160000012737,45.414200000528886],[-73.89219999913769,45.41410000054184],[-73.89269999932105,45.41410000044835],[-73.89319999970488,45.41420000021394],[-73.89329999992079,45.41420000057406],[-73.89350000034462,45.41420000013183],[-73.89379999970762,45.41420000016599],[-73.89420000056604,45.41420000077966],[-73.89430000036621,45.41430000051295],[-73.89470000064735,45.4143000002775],[-73.89499999925965,45.41429999986206],[-73.8953000003569,45.41420000020234],[-73.89540000032011,45.414100000275276],[-73.89699999965131,45.412599999469265],[-73.89779999987641,45.41230000034404],[-73.89849999983106,45.411900000491336],[-73.89889999977086,45.411800000554564],[-73.89939999997412,45.411499999044295],[-73.90000000072096,45.411300000020645],[-73.90049999993393,45.41110000027459],[-73.90270000024137,45.411399999449294],[-73.90349999948184,45.41139999993437],[-73.90380000091973,45.41129999949091],[-73.90419999961102,45.41139999958393],[-73.9049000001199,45.41149999973933],[-73.9053999990905,45.41149999984412],[-73.90580000005231,45.41149999942552],[-73.90749999980905,45.411199999580745],[-73.90799999978626,45.41100000028897],[-73.90839999978098,45.411000000666554],[-73.90880000018387,45.41090000023443],[-73.90900000059553,45.410700000825756],[-73.9092000001715,45.410700000789795],[-73.9094000003724,45.41059999918893],[-73.90960000016922,45.41039999962093],[-73.91030000011455,45.41019999994157],[-73.91069999956763,45.41019999946468],[-73.91110000070611,45.41000000053532],[-73.9116000004142,45.409800000738706],[-73.91199999938613,45.40960000045045],[-73.91249999906753,45.40929999906322],[-73.91280000036868,45.409199999238176],[-73.91320000017443,45.40889999977886],[-73.91379999957653,45.4088000005046],[-73.91420000050884,45.408700000915466],[-73.91430000091674,45.40860000053693],[-73.91450000007798,45.40850000076961],[-73.91489999982497,45.408000000001906],[-73.91530000052911,45.40770000031911],[-73.91590000014347,45.40760000078835],[-73.9165000001938,45.40750000080178],[-73.91649999983655,45.407400000433356],[-73.9163999999367,45.40729999931697],[-73.91669999970064,45.40709999964063],[-73.9167999993659,45.407299999072286],[-73.9168999997613,45.407500001106364],[-73.9172999998114,45.407600000376455],[-73.91780000014947,45.407600000182605],[-73.91830000049171,45.4076000004995],[-73.91879999967027,45.40740000059297],[-73.91909999914395,45.40719999911604],[-73.91919999977878,45.406899999962256],[-73.91940000057205,45.40670000019397],[-73.91950000003126,45.4064000007554],[-73.9197000000893,45.40599999965903],[-73.91980000034711,45.40579999941801],[-73.91970000085793,45.40550000035589],[-73.91990000009208,45.40530000056808],[-73.91990000027201,45.4049999993359],[-73.91990000054979,45.40460000036795],[-73.92009999947896,45.40430000067456],[-73.9204000005694,45.40420000059413],[-73.92060000032518,45.40410000086228],[-73.92069999925936,45.403999999302876],[-73.92079999994954,45.40369999947873],[-73.92139999993896,45.403500000236306],[-73.9220999995304,45.40369999993523],[-73.92270000005088,45.40300000063901],[-73.92279999974033,45.40289999901821],[-73.92289999918502,45.40289999955989],[-73.92300000017812,45.40300000045777],[-73.92300000045111,45.4031000009045],[-73.9232999993507,45.403200000385894],[-73.92329999983123,45.40310000083795],[-73.92330000031305,45.40300000128824],[-73.92339999992424,45.403000000491716],[-73.92360000043553,45.403000000430936],[-73.9237999996736,45.403000000924536],[-73.92399999966231,45.40310000061316],[-73.92399999990185,45.40330000060292],[-73.92389999975175,45.40330000012701],[-73.9239999993815,45.40340000014764],[-73.9241000006421,45.40350000007296],[-73.9241999998664,45.40350000037724],[-73.9243000003607,45.40349999968941],[-73.92450000008347,45.403499999855484],[-73.92469999980369,45.403499999671354],[-73.92489999973667,45.40340000049492],[-73.92509999924991,45.40350000005219],[-73.92529999997402,45.403699999690666],[-73.92530000047499,45.4037999992248],[-73.92549999997965,45.40379999944045],[-73.92569999948174,45.40379999930592],[-73.9259000002654,45.403799999716234],[-73.9261000004047,45.40369999934278],[-73.92619999998254,45.40369999969446],[-73.92640000040693,45.40369999923058],[-73.92649999992078,45.40359999978188],[-73.92649999979375,45.403399999801394],[-73.9267999995883,45.40320000045081],[-73.92690000007295,45.40310000063942],[-73.92709999966213,45.40310000075244],[-73.92759999991135,45.40310000084784],[-73.92760000047109,45.40300000129713],[-73.92759999973443,45.40289999904995],[-73.92759999958307,45.40269999994456],[-73.92770000033025,45.40259999942279],[-73.92780000031334,45.40269999972729],[-73.92769999956131,45.402799999435025],[-73.92800000005583,45.40289999916948],[-73.92809999983568,45.40300000100666],[-73.92830000042862,45.403200000809925],[-73.92879999971665,45.40300000105927],[-73.92889999978945,45.40310000039361],[-73.92920000073998,45.40300000057314],[-73.92919999987564,45.40330000011762],[-73.92969999993576,45.40340000046302],[-73.9302000006833,45.40359999995544],[-73.93099999970795,45.40359999948675],[-73.93139999963275,45.40369999983785],[-73.93210000016545,45.404300000256896],[-73.93259999946542,45.404500000016846],[-73.93310000034715,45.40439999990531],[-73.93379999982524,45.40450000033786],[-73.93400000073153,45.4043000001103],[-73.93439999952942,45.4041000012603],[-73.93470000037395,45.4041000009411],[-73.93499999917486,45.40389999897557],[-73.93520000040058,45.40399999883099],[-73.93529999978398,45.404200001077555],[-73.93539999940518,45.404300000102126],[-73.93599999961536,45.40440000015456],[-73.93669999981785,45.40420000042698],[-73.93719999997037,45.4039999990285],[-73.93769999978034,45.40369999949659],[-73.93829999979916,45.4036999996378],[-73.9386000004155,45.40349999989241],[-73.93870000016956,45.40310000101354],[-73.94019999978501,45.4027999994142],[-73.94230000007747,45.402599999976005],[-73.94369999999103,45.40220000075649],[-73.94449999971116,45.40220000021156],[-73.94660000042828,45.402200000011184],[-73.94760000018441,45.40210000049182],[-73.94860000039245,45.40220000034931],[-73.94890000006313,45.402399999660744],[-73.94940000012096,45.40250000017135],[-73.94990000065724,45.40259999938952],[-73.95030000004026,45.40269999926247],[-73.95040000047875,45.4027999995772],[-73.950999999924,45.402799999593974],[-73.95210000033684,45.403200000895424],[-73.95459999940607,45.40410000048191],[-73.95480000087785,45.40389999890327],[-73.95169999991674,45.40279999967672],[-73.95159999974113,45.4026999995991],[-73.95180000050486,45.402600000089926],[-73.95239999990481,45.40279999906885],[-73.95289999948182,45.40310000045827],[-73.95440000071119,45.40349999998702],[-73.95490000010254,45.40369999934487],[-73.95729999966056,45.401200000321566],[-73.95770000077455,45.4011999999076],[-73.95840000050508,45.401499999970866],[-73.95859999968627,45.401799999452884],[-73.95650000036649,45.403999999050015],[-73.95709999971339,45.40430000072156],[-73.95810000039326,45.404800000062],[-73.95949999944757,45.405200000583164],[-73.9599999995203,45.40530000053866],[-73.9600999999789,45.40540000041603],[-73.95979999998453,45.405500000369194],[-73.9581000009233,45.40499999910272],[-73.9578999997311,45.404999999286616],[-73.95769999961487,45.40489999959549],[-73.9574999990826,45.40470000003022],[-73.95719999956737,45.40460000041396],[-73.9571999994708,45.404799999463854],[-73.95709999964866,45.40489999968043],[-73.95700000026386,45.40479999986363],[-73.95679999977678,45.404799999918275],[-73.95659999975443,45.404700000097115],[-73.95619999927534,45.404500000300686],[-73.95619999937672,45.40459999982748],[-73.95660000056432,45.404799999617644],[-73.95710000006612,45.404999999199134],[-73.95720000060076,45.40520000113682],[-73.9574000002557,45.40550000072518],[-73.95779999966275,45.40579999939548],[-73.95700000023531,45.40770000059278],[-73.95859999933512,45.40909999981694],[-73.95899999999932,45.40929999914958],[-73.9593000006206,45.409600000935434],[-73.95930000021829,45.410000000480856],[-73.95980000034172,45.41019999976216],[-73.96030000096492,45.41059999929337],[-73.96059999978172,45.41080000088685],[-73.96109999940563,45.41169999931588],[-73.96149999985371,45.412000000902964],[-73.9619000007472,45.412399999564215],[-73.96190000091543,45.41269999952857],[-73.96220000053795,45.41300000072538],[-73.96239999991562,45.41319999987865],[-73.96300000108506,45.41340000040223],[-73.96319999998815,45.41340000029873],[-73.96339999985098,45.413200000190045],[-73.96410000034393,45.41300000021739],[-73.96439999980224,45.41340000039611],[-73.96449999931097,45.41410000058686],[-73.96510000022086,45.414200000589226],[-73.96549999998074,45.41449999974175],[-73.96569999968443,45.41499999921011],[-73.96540000058761,45.4155000002625],[-73.96459999934255,45.415599999842975],[-73.96420000042308,45.41609999946192],[-73.96409999988563,45.41640000065914],[-73.9641000007022,45.41689999994148],[-73.96440000002424,45.417400000955105],[-73.96479999991925,45.41790000008749],[-73.9655999997595,45.417699999857135],[-73.96609999983365,45.41769999970048],[-73.96669999984078,45.41809999902619],[-73.96700000025086,45.41850000101882],[-73.967199999266,45.41850000021156],[-73.96729999959692,45.418700000040424],[-73.96729999905298,45.41880000022362],[-73.96750000021869,45.41889999996148],[-73.96770000033553,45.41870000061354],[-73.96799999978118,45.418400000474676],[-73.96820000020047,45.41819999933229],[-73.96819999941457,45.41799999985035],[-73.96830000009986,45.41779999984266],[-73.96869999958865,45.417799999617685],[-73.96879999944304,45.41760000006827],[-73.96929999991845,45.417600000299146],[-73.96970000008024,45.417899999865384],[-73.96980000051947,45.4181999995184],[-73.96960000031704,45.418500000949265],[-73.96920000046642,45.41880000037705],[-73.96899999998863,45.41919999910101],[-73.9700999997749,45.42049999925132],[-73.97049999927657,45.4209999997567],[-73.97089999964443,45.4209999999246],[-73.97109999983158,45.421000000383074],[-73.97129999985597,45.4209000003487],[-73.97159999955204,45.42080000016163],[-73.97180000030836,45.42080000029179],[-73.97199999978409,45.42080000007704],[-73.97199999967654,45.42070000083042],[-73.9721999996149,45.42060000101465],[-73.97229999898524,45.4202999992458],[-73.97250000024351,45.42039999920181],[-73.97269999952243,45.42029999940765],[-73.97289999979051,45.4202999994132],[-73.97300000056235,45.420299999282],[-73.97319999988514,45.42019999951011],[-73.97339999982441,45.420299999697235],[-73.9733999998422,45.42039999895148],[-73.97349999972005,45.42049999943853],[-73.9736000003419,45.420700000882064],[-73.97369999982004,45.42080000029069],[-73.97379999946145,45.42070000021643],[-73.97389999966279,45.420700000199545],[-73.97399999987095,45.42070000099494],[-73.97410000008325,45.42060000065385],[-73.97450000007173,45.42039999961003],[-73.9748999998081,45.420199999858674],[-73.97510000099956,45.42019999960745],[-73.97529999964024,45.42019999991648],[-73.97530000009692,45.420099999756545],[-73.97549999965939,45.42009999971149],[-73.97560000014758,45.42019999926283],[-73.97580000006639,45.42019999959087],[-73.97599999998232,45.420199999568695],[-73.97599999920328,45.420099999413786],[-73.97620000019569,45.41999999977679],[-73.9765000002889,45.42049999934307],[-73.97640000043657,45.420499998935355],[-73.97620000061264,45.420600000708525],[-73.97559999926361,45.42070000093059],[-73.97540000013208,45.420700000248864],[-73.97539999986058,45.42080000039756],[-73.97550000014105,45.42090000002523],[-73.9923000004296,45.41939999873629],[-73.99229999947974,45.419600000885396],[-73.97630000083288,45.421100000220065],[-73.97629999959292,45.421199999466126],[-73.97609999967,45.421299999252376],[-73.97599999968784,45.421299999394684],[-73.97569999973707,45.4212999992963],[-73.97570000053419,45.42159999879932],[-73.97549999927773,45.42190000049128],[-73.9754000000218,45.42219999957987],[-73.97520000078323,45.42239999968861],[-73.97430000027381,45.42280000108519],[-73.97359999974354,45.42280000090995],[-73.97310000029742,45.42259999947079],[-73.97300000001175,45.42209999999111],[-73.97300000005579,45.42190000064022],[-73.97269999931014,45.421700000506334],[-73.97229999976794,45.421800000468814],[-73.97200000048953,45.42139999911927],[-73.97080000041835,45.421499998900494],[-73.97070000046999,45.42159999903432],[-73.9707000008734,45.421700000963334],[-73.97059999932708,45.42190000024025],[-73.97059999954331,45.42200000036505],[-73.97049999964264,45.422100000314714],[-73.97040000052733,45.422299999392365],[-73.97040000039617,45.422399999511576],[-73.97030000071831,45.422499999278116],[-73.97030000041347,45.42259999939454],[-73.97019999974454,45.42280000098541],[-73.97020000053773,45.42290000019221],[-73.97020000086559,45.42310000040543],[-73.97029999989216,45.423200000051004],[-73.97039999951804,45.42310000029705],[-73.97050000012474,45.423100000556154],[-73.97059999944545,45.42309999983318],[-73.97070000092752,45.42300000070694],[-73.97070000005074,45.42309999991721],[-73.97059999967881,45.42319999993696],[-73.97050000017407,45.42319999976082],[-73.97050000023232,45.42329999986356],[-73.970500000292,45.42339999996455],[-73.97040000043346,45.42339999970229],[-73.9703000005742,45.42339999935248],[-73.9703000002822,45.42349999945312],[-73.97029999999162,45.42359999955203],[-73.97030000070004,45.42380000063911],[-73.97030000041374,45.42390000073276],[-73.97030000012889,45.424000000824634],[-73.97029999983796,45.42410000001494],[-73.97039999965527,45.42410000036506],[-73.9704999995355,45.42419999981478],[-73.97059999977702,45.42430000007361],[-73.97069999994532,45.42430000015964],[-73.97070000037239,45.42440000024169],[-73.97080000071654,45.424400000239494],[-73.97080000003628,45.42449999942452],[-73.97090000006149,45.42459999941645],[-73.97079999997287,45.424699999583694],[-73.9708000005822,45.424799999658006],[-73.97090000035405,45.424799999570695],[-73.97100000012516,45.424799999395816],[-73.97119999966527,45.42479999878342],[-73.9713000007196,45.424799999240456],[-73.97139999961732,45.42490000059391],[-73.97149999956893,45.424900000880406],[-73.97190000063738,45.425000000319365],[-73.97199999949166,45.425000001072505],[-73.97209999996885,45.42510000090338],[-73.97220000026861,45.4251000005756],[-73.97229999928982,45.425100000165564],[-73.97229999942901,45.42530000030351],[-73.9724000000805,45.42529999979923],[-73.9724999996764,45.42520000004317],[-73.9726000001574,45.42520000026431],[-73.97269999935983,45.42520000040321],[-73.97280000015361,45.425300000516444],[-73.97290000080903,45.425300000474216],[-73.97290000001587,45.42539999964441],[-73.97300000023951,45.42549999958147],[-73.9730999999763,45.42550000026787],[-73.97319999970486,45.42549999996685],[-73.97329999935617,45.425599999641975],[-73.97339999926739,45.425600000064975],[-73.97360000035805,45.42559999974324],[-73.97359999990486,45.425499999681726],[-73.97369999963738,45.425499999842806],[-73.97379999936918,45.42549999991633],[-73.9738999993967,45.42539999983589],[-73.97389999910028,45.425499999902314],[-73.97400000022837,45.42539999972974],[-73.97409999973375,45.42530000037439],[-73.97429999977008,45.42530000063089],[-73.97439999972943,45.425400000245176],[-73.97450000004262,45.42549999976871],[-73.97459999977625,45.425500000041666],[-73.9748000005456,45.425699999545174],[-73.9748000005647,45.42579999960523],[-73.97489999973762,45.42589999877647],[-73.974999999287,45.42600000055647],[-73.97490000015127,45.42610000068606],[-73.9749999996636,45.426100000609836],[-73.9750000000416,45.42620000066147],[-73.97510000100762,45.42620000049167],[-73.97520000069507,45.426200000239646],[-73.97530000038934,45.42620000079988],[-73.97520000014981,45.42630000029338],[-73.97510000028578,45.42630000054613],[-73.97519999960598,45.426400000345375],[-73.97520000034146,45.4265000003903],[-73.9753000005579,45.426500000048584],[-73.97539999930791,45.42659999967169],[-73.97540000039945,45.42669999971168],[-73.97529999983058,45.426700000142375],[-73.97540000021452,45.42679999975523],[-73.97540000003104,45.426899999797044],[-73.97539999984146,45.42699999893727],[-73.97539999967596,45.42710000077522],[-73.9752999996787,45.42710000120346],[-73.97530000059334,45.42720000033559],[-73.97530000023905,45.427300000371105],[-73.97520000010088,45.427499999875266],[-73.97520000085227,45.42759999990091],[-73.97519999980354,45.42779999995761],[-73.97520000055924,45.427899999977996],[-73.97529999999746,45.42809999878179],[-73.97529999967126,45.42820000060118],[-73.97530000060932,45.428300000613845],[-73.97530000027092,45.42840000063008],[-73.97529999993394,45.428500000644554],[-73.97529999959843,45.4286000006573],[-73.97530000053472,45.42869999976313],[-73.97519999975806,45.428800000114585],[-73.97510000049435,45.42899999947486],[-73.97500000011559,45.4290999996442],[-73.97489999937683,45.42919999882586],[-73.97479999965721,45.42940000061077],[-73.97470000060186,45.429500000504845],[-73.97460000019538,45.42950000032146],[-73.97459999991608,45.42960000031636],[-73.97460000091621,45.429700000304194],[-73.97449999970284,45.429800000026795],[-73.9744000000431,45.42979999966515],[-73.97429999958548,45.42990000010753],[-73.97430000006015,45.43000000009226],[-73.97420000004581,45.429999999556934],[-73.97420000064628,45.43019999952256],[-73.97419999998961,45.43040000128611],[-73.97410000067482,45.43050000063819],[-73.97420000028734,45.430500000362954],[-73.97430000039,45.43060000087422],[-73.97429999958922,45.43069999995216],[-73.97439999956104,45.43070000040024],[-73.974499999086,45.43079999983553],[-73.97460000051097,45.43080000010248],[-73.97460000025042,45.43090000007459],[-73.97459999999131,45.43100000004496],[-73.97470000040217,45.43109999929632],[-73.97449999905685,45.431099999743445],[-73.974499999902,45.43119999970571],[-73.97449999947061,45.43129999967153],[-73.97439999911134,45.43139999927476],[-73.97430000019038,45.43160000054114],[-73.97420000056054,45.43180000081599],[-73.97410000007149,45.431900000148204],[-73.97400000049063,45.43210000023714],[-73.97390000020086,45.432299999334525],[-73.97379999958957,45.43239999929556],[-73.97369999937135,45.43260000090651],[-73.97360000043594,45.43270000068016],[-73.9736000002729,45.43290000055439],[-73.97350000063466,45.43300000023809],[-73.973500000127,45.43320000010325],[-73.97339999978594,45.43329999969699],[-73.97339999999812,45.433399999623255],[-73.97339999938026,45.43370000119645],[-73.97339999981001,45.43390000013338],[-73.97340000003081,45.434000000049124],[-73.97329999944361,45.43420000035519],[-73.9732999994921,45.43430000026639],[-73.97329999953452,45.43439999927602],[-73.97320000045448,45.43459999947419],[-73.9732000002262,45.434800001081896],[-73.9732000001067,45.4349000009833],[-73.9731000000897,45.43500000028295],[-73.97309999979646,45.43510000018155],[-73.97310000049231,45.43529999996821],[-73.97299999995602,45.435599999854254],[-73.97290000027773,45.43579999885014],[-73.97270000042045,45.43630000003588],[-73.97260000025108,45.4368999991202],[-73.97249999955562,45.43689999889767],[-73.97240000014511,45.436899999482144],[-73.97239999993582,45.43700000114679],[-73.97229999944825,45.436899999084524],[-73.97220000003631,45.4368999994939],[-73.97219999933719,45.43679999963102],[-73.97209999957263,45.43669999918694],[-73.97200000051254,45.43669999941981],[-73.97200000016954,45.43659999955197],[-73.97199999982801,45.43649999968241],[-73.97179999984427,45.43659999976416],[-73.97169999968055,45.43659999973895],[-73.97160000043068,45.436699999491545],[-73.97139999975393,45.43669999990461],[-73.97119999971447,45.43700000046142],[-73.97110000016265,45.437100000670185],[-73.97110000020122,45.43720000053036],[-73.97099999998642,45.43740000050759],[-73.97099999972022,45.43760000021707],[-73.97090000003311,45.43769999934081],[-73.97080000031778,45.43799999896955],[-73.97070000087575,45.43810000060964],[-73.97059999978802,45.438200000367466],[-73.97049999990735,45.43840000077009],[-73.97029999952954,45.438499999992416],[-73.97009999972937,45.438599999760186],[-73.96999999987018,45.43860000004464],[-73.96950000014503,45.43879999982129],[-73.96899999925706,45.43889999937779],[-73.9689000001458,45.43889999959589],[-73.96879999975563,45.43889999973171],[-73.96870000064295,45.438899999774726],[-73.96860000077024,45.43879999990318],[-73.96849999997336,45.43869999994616],[-73.96839999993371,45.438699999730375],[-73.9681999998098,45.438600000102596],[-73.96809999981792,45.43869999945752],[-73.96799999978288,45.438699999791346],[-73.96789999926851,45.43879999987135],[-73.96780000033355,45.438800000025545],[-73.96769999928927,45.438899999930825],[-73.9676000004487,45.43899999973772],[-73.96740000050971,45.43909999926809],[-73.96740000044655,45.43920000089271],[-73.96730000029645,45.43940000025812],[-73.96730000004602,45.439500000078546],[-73.96729999979704,45.43959999989724],[-73.96729999954945,45.43969999971417],[-73.96729999930328,45.439799999529335],[-73.96729999905855,45.439899999342764],[-73.96739999994016,45.43989999961856],[-73.96750000082106,45.439899999806805],[-73.96760000070971,45.439999999722275],[-73.9675999997196,45.44009999953532],[-73.96760000031486,45.440300000945314],[-73.96760000060718,45.44040000074787],[-73.96769999981355,45.44040000076798],[-73.96770000028395,45.44050000056807],[-73.96769999947759,45.44060000037164],[-73.96779999968648,45.44070000009866],[-73.96780000033779,45.44079999989279],[-73.96779999971233,45.4408999996904],[-73.96789999980061,45.44089999953187],[-73.96790000018547,45.4410999991152],[-73.9680000003659,45.44119999955851],[-73.96800000009942,45.44129999934773],[-73.96810000073248,45.44150000038266],[-73.96819999960724,45.44180000020988],[-73.96829999927918,45.442000000156526],[-73.96819999989766,45.442099999536445],[-73.96819999999731,45.442199999308464],[-73.96800000008423,45.44229999893246],[-73.96779999947051,45.442399999107124],[-73.96760000072007,45.44250000072187],[-73.96759999976538,45.44260000049108],[-73.96750000050639,45.442600000383216],[-73.96739999997587,45.44260000109288],[-73.96729999943722,45.44260000081513],[-73.96719999979442,45.44270000020969],[-73.96710000036336,45.44270000065215],[-73.9670999996435,45.44260000089163],[-73.96700000038096,45.44260000034601],[-73.96710000020326,45.442500001124124],[-73.96709999947137,45.44239999956043],[-73.96710000002656,45.44229999888959],[-73.96710000059059,45.44219999911682],[-73.96709999987782,45.442099999347526],[-73.96700000022783,45.44209999970347],[-73.96690000021908,45.442000000199414],[-73.96669999998329,45.44199999957753],[-73.96660000050716,45.44199999958255],[-73.96650000010214,45.44189999972827],[-73.96640000005118,45.44179999978327],[-73.9664000005807,45.441700000002044],[-73.9662999999249,45.4414000004017],[-73.96589999987597,45.441400001204514],[-73.9654999998399,45.44169999995359],[-73.9653000007577,45.441800000253934],[-73.96520000035426,45.441799999936926],[-73.96520000026261,45.44189999971439],[-73.9650999996892,45.44190000021033],[-73.96499999994238,45.441999999490825],[-73.96490000046913,45.4419999998072],[-73.96480000019969,45.44209999981278],[-73.96470000054838,45.44209999995473],[-73.96459999974896,45.442199999785544],[-73.96449999991958,45.44219999975313],[-73.96440000031203,45.442099999860574],[-73.96430000065793,45.442099999652335],[-73.9641999997249,45.44209999936175],[-73.96410000083071,45.44200000010184],[-73.96400000007293,45.44199999963547],[-73.9639999997267,45.441899999861775],[-73.96410000106452,45.44180000054891],[-73.96400000031667,45.44170000030395],[-73.96390000009559,45.441700000647764],[-73.96379999986644,45.44170000000422],[-73.96369999964395,45.441700000172915],[-73.96360000069899,45.44170000024889],[-73.9634999993967,45.441899999802125],[-73.96339999938328,45.44199999948225],[-73.96330000030281,45.44209999996914],[-73.96309999975237,45.4421999991152],[-73.96299999992728,45.4421999995692],[-73.96290000009411,45.44219999903583],[-73.96279999928642,45.442399998856175],[-73.96260000065402,45.442500000712904],[-73.96240000002061,45.44260000042598],[-73.96209999969417,45.44260000058983],[-73.96219999996475,45.44270000068457],[-73.96229999931111,45.44280000069381],[-73.96230000041481,45.44300000020567],[-73.96219999943403,45.442900000206514],[-73.96219999969868,45.44280000044641],[-73.9621000005283,45.442700000348935],[-73.96189999990159,45.44260000055952],[-73.96179999967292,45.44270000062675],[-73.96180000028534,45.4429000001439],[-73.96170000036986,45.44280000060088],[-73.96159999952282,45.44270000007253],[-73.96159999957207,45.44260000030993],[-73.96150000031544,45.44260000034814],[-73.96129999925095,45.44260000107208],[-73.96119999923634,45.44270000061301],[-73.96119999976007,45.44280000037146],[-73.96100000054125,45.442800000562556],[-73.96090000092713,45.442800000076865],[-73.96100000071304,45.442900000320655],[-73.96109999956741,45.44299999957909],[-73.9609000009167,45.443099999347965],[-73.9607999996797,45.44299999992581],[-73.96069999971816,45.44300000016622],[-73.96059999975594,45.4430000003191],[-73.96040000022224,45.4431000001158],[-73.96019999998049,45.44319999956334],[-73.95999999966153,45.443100000054024],[-73.95979999999312,45.44319999969861],[-73.95980000065893,45.44309999994261],[-73.95969999924286,45.443100000213214],[-73.95959999909707,45.4430999994913],[-73.95929999995568,45.443099999494585],[-73.9591999998217,45.443100000222124],[-73.95909999902716,45.44300000020999],[-73.9589999995371,45.44309999961489],[-73.95909999905545,45.44319999971796],[-73.95890000000374,45.44329999958191],[-73.95880000065925,45.4431999993048],[-73.95859999980239,45.443299999550476],[-73.95840000009566,45.44329999968995],[-73.95830000012377,45.44339999937836],[-73.95819999979926,45.443499998978844],[-73.95799999939656,45.44360000086617],[-73.95799999938954,45.44380000035291],[-73.95790000021888,45.444000000317786],[-73.95790000004355,45.44410000005571],[-73.95789999969709,45.4442999995263],[-73.95789999935617,45.44449999898988],[-73.95799999942436,45.44459999912954],[-73.95809999986118,45.44470000097815],[-73.95829999994704,45.444800001088105],[-73.95859999894418,45.44490000073674],[-73.95899999943786,45.44490000030391],[-73.95920000054731,45.445000000630266],[-73.95929999996618,45.44510000052585],[-73.95949999963683,45.44509999971117],[-73.95959999948208,45.44510000052222],[-73.95990000027003,45.445099999725514],[-73.96009999984642,45.44520000027858],[-73.96030000036917,45.445399999291055],[-73.96050000043277,45.445499999136715],[-73.96060000048803,45.445599999682884],[-73.9606999996117,45.445699999243715],[-73.96070000027072,45.44590000045515],[-73.96069999995582,45.44600000016098],[-73.96059999931616,45.4461000000188],[-73.96050000026757,45.446100000079845],[-73.960199999457,45.446300000052474],[-73.95989999996975,45.446299999831496],[-73.95969999940539,45.44619999985088],[-73.95949999967803,45.446200000115724],[-73.95929999994787,45.44620000003037],[-73.95919999984838,45.44610000015654],[-73.95890000014415,45.44610000000957],[-73.95870000077367,45.44610000067192],[-73.95849999975054,45.446199999791496],[-73.95839999998577,45.44629999951541],[-73.95820000029565,45.4463999999004],[-73.95810000071504,45.446399999662],[-73.95790000013871,45.4464999995234],[-73.95760000087307,45.44649999955938],[-73.95740000033999,45.446599999443045],[-73.95710000054123,45.44659999906771],[-73.95689999940089,45.446599999284665],[-73.95670000051867,45.44649999944908],[-73.95649999979248,45.44640000016886],[-73.95600000056712,45.4460000008663],[-73.95600000023092,45.44590000026412],[-73.95590000011123,45.44580000109605],[-73.95579999903283,45.44580000064981],[-73.95569999942873,45.44569999950319],[-73.95569999962677,45.4455999988937],[-73.9556000005693,45.44549999945363],[-73.95510000039329,45.44539999980014],[-73.95510000038452,45.445300000086206],[-73.95489999965288,45.44539999921347],[-73.95470000019527,45.44539999917134],[-73.95430000000802,45.445399999841264],[-73.95389999981701,45.44540000001026],[-73.95349999962234,45.44539999967827],[-73.95309999943113,45.445399999745156],[-73.95279999960738,45.445399999774644],[-73.9524999990359,45.4454999996307],[-73.95210000069612,45.44549999978756],[-73.95190000035379,45.4455999990552],[-73.95170000058886,45.445699998868356],[-73.95150000013737,45.44580000103177],[-73.95150000018383,45.445900000736124],[-73.95150000023166,45.4460000004387],[-73.95169999965587,45.44610000038639],[-73.9518999997855,45.446199999979406],[-73.95199999901173,45.446200000248155],[-73.95220000002931,45.446300000210556],[-73.95220000005435,45.44649999960056],[-73.95179999975929,45.44649999961366],[-73.95160000001907,45.446399999849156],[-73.95139999958255,45.44639999943131],[-73.95130000000604,45.44639999953842],[-73.95119999995345,45.446499999253874],[-73.95129999941719,45.44659999982688],[-73.95139999934707,45.44659999971838],[-73.95150000061209,45.44669999920761],[-73.95169999996293,45.44679999914363],[-73.95159999993288,45.44690000100191],[-73.9514000002861,45.446900000580726],[-73.951300000105,45.446799999203414],[-73.951199999821,45.44679999922573],[-73.95110000081469,45.44679999915544],[-73.95100000052936,45.446799999002636],[-73.95079999996385,45.446799999334246],[-73.95069999961575,45.44690000040565],[-73.95049999997826,45.446900001108105],[-73.95060000018614,45.447000000484245],[-73.95050000040384,45.44710000047491],[-73.95030000005686,45.44710000082986],[-73.95020000019181,45.44700000029165],[-73.9501999998706,45.446900000607855],[-73.95000000020129,45.44700000101978],[-73.95000000017048,45.447100000703166],[-73.94990000042694,45.447200000166504],[-73.94990000001869,45.44739999952588],[-73.94990000090142,45.44759999977302],[-73.94990000070209,45.44769999944658],[-73.95,45.44779999933769],[-73.9499999999801,45.447899999007056],[-73.9500999998245,45.44800000060473],[-73.95030000003266,45.44810000026671],[-73.95060000010768,45.448100000505136],[-73.95080000015669,45.448100000526274],[-73.95100000020298,45.44810000019722],[-73.95109999959989,45.44820000001804],[-73.95129999973582,45.44830000062565],[-73.95140000011293,45.44830000051573],[-73.95160000086508,45.448300000033214],[-73.95169999996892,45.44830000056551],[-73.95190000023337,45.44840000012039],[-73.95199999919913,45.4485000000498],[-73.95190000005468,45.44869999999324],[-73.95189999956933,45.44879999964909],[-73.95180000020103,45.448899998945],[-73.95170000048716,45.44899999905281],[-73.95149999992395,45.44910000115772],[-73.95139999932724,45.44920000100275],[-73.95120000049803,45.44920000022726],[-73.95110000047937,45.449300000705385],[-73.95090000002145,45.449300000310835],[-73.95080000029616,45.44920000033527],[-73.95069999961017,45.4492000008208],[-73.95060000019473,45.4492000003139],[-73.95060000041502,45.449100000666355],[-73.95040000067148,45.449100001193266],[-73.95040000080382,45.4493000004843],[-73.95020000035073,45.449300000663726],[-73.95019999999809,45.449200001020245],[-73.95019999963965,45.4491000004752],[-73.95010000040472,45.44910000042973],[-73.94999999989571,45.44920000084815],[-73.94999999989491,45.44930000049297],[-73.94989999996147,45.44950000045933],[-73.94969999955349,45.44960000030236],[-73.94960000000783,45.449699999458026],[-73.94930000055437,45.44999999909174],[-73.94890000042638,45.45030000043019],[-73.94869999927073,45.450400000310374],[-73.94850000004202,45.45040000020741],[-73.948399999791,45.450400000477025],[-73.94820000056536,45.4504000007486],[-73.94819999995691,45.45050000037448],[-73.94799999941462,45.45059999992271],[-73.94789999994404,45.45050000012977],[-73.94800000005863,45.45040000067498],[-73.94789999980422,45.45040000050684],[-73.94789999966576,45.4503000008822],[-73.94770000078684,45.45030000027695],[-73.94759999943584,45.45030000075033],[-73.94749999935547,45.450300000231344],[-73.94740000055998,45.45030000051964],[-73.94720000041013,45.45030000084355],[-73.94699999915409,45.45020000119483],[-73.9468999995852,45.450099998720354],[-73.94679999964576,45.449899999225636],[-73.94670000028111,45.449899999803236],[-73.94649999898583,45.44989999980594],[-73.94630000024473,45.449899999448455],[-73.94620000024946,45.450099998852735],[-73.94610000052735,45.45009999890637],[-73.9462000005624,45.44999999922141],[-73.94619999959829,45.449899999593285],[-73.94619999991394,45.44979999995846],[-73.94610000072197,45.449800000010086],[-73.94600000091424,45.44969999944141],[-73.94579999981994,45.44999999891799],[-73.94579999956268,45.449899999287204],[-73.94579999930677,45.44979999965468],[-73.94580000033062,45.4497000000154],[-73.94559999983747,45.44959999970198],[-73.94550000100199,45.44960000012682],[-73.94519999937079,45.44959999999616],[-73.94519999984212,45.44969999963124],[-73.9450999998448,45.44979999934553],[-73.94510000014213,45.44989999897777],[-73.94500000090218,45.449999999497855],[-73.94479999925196,45.44999999922474],[-73.94469999970426,45.44999999895189],[-73.94460000016296,45.44999999949128],[-73.94450000009712,45.4498999994138],[-73.94459999946945,45.44989999986244],[-73.94460000004862,45.44979999932702],[-73.94449999958167,45.44979999978253],[-73.9444000003854,45.4497999992457],[-73.94429999991712,45.44979999952608],[-73.94410000025694,45.449799999819284],[-73.94400000051985,45.44959999966272],[-73.94390000040232,45.44959999959162],[-73.94379999901277,45.449600000337725],[-73.9437000001723,45.44960000008655],[-73.94359999985336,45.449500000115194],[-73.9435999996553,45.44940000047588],[-73.9435999994586,45.44930000083478],[-73.94349999984989,45.449200000767945],[-73.94340000043587,45.44920000025643],[-73.94319999957594,45.449100001133026],[-73.94309999973504,45.44899999891383],[-73.94290000034353,45.44899999890478],[-73.9426999997916,45.448899998901375],[-73.94240000060037,45.44889999950606],[-73.94220000028162,45.44889999917479],[-73.94199999996722,45.44889999939318],[-73.94189999980901,45.44889999937103],[-73.94170000010135,45.44879999941152],[-73.94130000013836,45.44889999919441],[-73.94119999976805,45.44899999910849],[-73.94090000004485,45.44899999937483],[-73.9407000006522,45.448999999113006],[-73.9406000003157,45.448999998853246],[-73.9403999996477,45.44899999897087],[-73.9402999993162,45.448999999348274],[-73.94019999957457,45.449100001082016],[-73.94010000074461,45.44920000092321],[-73.94000000005771,45.4492000010393],[-73.9397999998327,45.44930000064729],[-73.9397000002455,45.44930000049647],[-73.93950000041968,45.44940000047563],[-73.93939999982199,45.44949999970534],[-73.93919999994878,45.44950000041809],[-73.93909999992898,45.44960000028094],[-73.93899999980701,45.44959999951929],[-73.93890000054249,45.44970000010219],[-73.93879999963983,45.44979999970222],[-73.9386999996628,45.44989999920936],[-73.9381999991249,45.45020000065826],[-73.93820000001845,45.45030000027994],[-73.93809999938564,45.45040000015518],[-73.93819999925964,45.45050000042764],[-73.9381000001121,45.45050000067384],[-73.9380999995545,45.450600000295786],[-73.93789999999429,45.450700000148366],[-73.93780000029933,45.45060000051594],[-73.9376999997093,45.45070000003545],[-73.93760000020504,45.450699999845206],[-73.93750000037022,45.45080000008475],[-73.93740000068792,45.450799999720076],[-73.9374000001757,45.45089999933649],[-73.93749999970055,45.45099999931452],[-73.9374999993677,45.45109999892679],[-73.93739999993238,45.45119999907017],[-73.93730000082795,45.4511999995155],[-73.93720000002068,45.45109999937079],[-73.93710000005323,45.45119999925351],[-73.93690000009067,45.450500000437785],[-73.93600000007503,45.45050000008593],[-73.93449999987133,45.449100000587435],[-73.92729999962,45.442199999545196],[-73.91610000063706,45.4447000008632],[-73.91569999984003,45.445000000482125],[-73.90640000008982,45.44810000039553],[-73.90539999949634,45.44649999937089],[-73.90230000030219,45.44749999980777],[-73.90220000007068,45.447500000123],[-73.90149999928776,45.44639999983749],[-73.90020000031721,45.446699999636614],[-73.90040000010002,45.44710000023046],[-73.900299999657,45.447200000355274],[-73.89869999947146,45.44739999949937],[-73.89840000014404,45.44749999938778],[-73.89809999975857,45.44759999938994],[-73.89510000068476,45.44690000041053],[-73.8941999995646,45.446699998897024],[-73.8930999997801,45.44669999962137],[-73.8930000001769,45.446900001133194],[-73.89310000062478,45.44690000077303],[-73.8926999995252,45.447100000133915],[-73.8923000004335,45.44720000021014],[-73.89240000060019,45.447300000133254],[-73.89239999978597,45.44739999980372],[-73.89230000100719,45.44739999954523],[-73.8923000000237,45.447500000114374],[-73.89219999978927,45.44749999977331],[-73.89209999955426,45.44749999934472],[-73.89199999956634,45.44740000006172],[-73.89209999968496,45.44730000001078],[-73.89199999980897,45.447300000393284],[-73.8915000000731,45.44789999897268],[-73.8880999994951,45.449399999968826],[-73.88559999913515,45.45170000014419],[-73.88479999992477,45.4521999990441],[-73.88440000038139,45.4525000002134],[-73.88120000028998,45.45269999990157],[-73.872600000288,45.45680000052488],[-73.86970000031184,45.45810000069662],[-73.86610000065598,45.46000000065503],[-73.86620000002905,45.46040000000837],[-73.8664999992521,45.46059999954584],[-73.86669999983171,45.46089999933837],[-73.86290000011034,45.46379999959364],[-73.85989999927978,45.46560000071513],[-73.86039999949429,45.4659999999348],[-73.85739999976792,45.4683999997609],[-73.85670000043321,45.46890000033022],[-73.8548999996482,45.47029999982095],[-73.85450000058985,45.470599999686726],[-73.85119999996073,45.467299999362],[-73.84970000020544,45.46580000069809],[-73.84659999927088,45.462800000036026],[-73.84420000033394,45.460200000795936],[-73.84410000014195,45.46000000086157],[-73.84089999987877,45.457200000507676],[-73.84040000053056,45.45710000018827],[-73.84039999980578,45.45700000070084],[-73.84049999929687,45.45690000101208],[-73.84220000005708,45.45639999934669],[-73.84040000073104,45.45659999912279]]]]}},{"type":"Feature","properties":{"harmonized_pdq_id":"PDQ_H_03","display_name":"PDQ 03","component_pdqs":[3],"source_pdq_values":[3],"geography_type":"longitudinal_analytical_composite","source_dataset":"Limite des secteurs de poste de quartier de police","source_dataset_id":"186892b8-bba5-426c-aa7e-9db8c43cbdfe","source_resource_id":"e18f0da9-3a16-4ba4-b378-59f698b47261","source_license":"Creative Commons Attribution 4.0 International","geometry_rule":"direct_source_polygon","historical_boundary_claim":false,"special_unit":false,"longitudinal_caveat":"This polygon is an IQAI longitudinal analytical composite based on official SPVM/Ville de Montréal PDQ territory geometry. It is used to compare harmonized reported-event totals consistently through time and should not be interpreted as a historical boundary snapshot for every year.","source_area_m2_planar":51217973.8573,"source_vintage":"2026-08-09T00:45:24.840Z","source_crs":"EPSG:32188","browser_crs":"EPSG:4326"},"geometry":{"type":"MultiPolygon","coordinates":[[[[-73.94010000040957,45.47020000006282],[-73.94009999982102,45.47030000024078],[-73.94010000051266,45.470400000412084],[-73.94000000070133,45.47039999962084],[-73.94009999991977,45.47049999968673],[-73.9399999999386,45.47049999979596],[-73.94000000045608,45.47059999996442],[-73.9401000006141,45.47059999985452],[-73.94020000036507,45.470699999827374],[-73.94010000002388,45.47069999912564],[-73.94010000072086,45.47079999928994],[-73.94000000073066,45.47089999956437],[-73.9398999996968,45.47079999942485],[-73.93979999918378,45.47079999936098],[-73.9398000002962,45.4706999991898],[-73.9398999990185,45.47059999999169],[-73.93980000013806,45.47059999992159],[-73.93969999997806,45.470599999768865],[-73.9396999999911,45.47049999959843],[-73.93960000001428,45.470500000257296],[-73.9396000002055,45.47040000008446],[-73.93970000001248,45.470400000326066],[-73.93970000002821,45.47030000015212],[-73.93979999965768,45.47030000030684],[-73.9397999994979,45.470200000131804],[-73.93970000007063,45.4701000006988],[-73.93979999934643,45.47010000085484],[-73.93989999990045,45.4701000009184],[-73.9400000004538,45.47010000089443],[-73.94010000040957,45.47020000006282]]],[[[-73.9393000002388,45.47030000046237],[-73.93919999970612,45.47040000004716],[-73.93910000009929,45.47049999953906],[-73.9390000001185,45.470499999672654],[-73.93900000014644,45.470599999842804],[-73.93889999998812,45.47059999988953],[-73.9387999994978,45.47069999911857],[-73.9387000004472,45.47069999988576],[-73.93869999994028,45.47079999915454],[-73.93869999944168,45.470899999321404],[-73.93870000023728,45.47100000128123],[-73.93859999936961,45.47100000106794],[-73.93859999996874,45.471100000327226],[-73.93850000063308,45.47120000018014],[-73.93840000094438,45.47129999994509],[-73.93839999992191,45.471400000105156],[-73.93829999970468,45.47149999978101],[-73.93819999923603,45.47150000011576],[-73.93809999976719,45.47159999961184],[-73.93800000039927,45.47159999976723],[-73.93790000040686,45.47169999998826],[-73.93780000086079,45.47169999996922],[-73.93770000003515,45.47169999986754],[-73.93759999920884,45.4716999996783],[-73.93749999966079,45.471699999396634],[-73.93740000011906,45.47169999992724],[-73.93730000056969,45.47169999947046],[-73.93730000016498,45.471799999620934],[-73.93709999943863,45.47179999935077],[-73.9370000000624,45.47189999967767],[-73.93690000015671,45.47189999887203],[-73.93690000032616,45.47199999901673],[-73.93669999982242,45.4722000010302],[-73.93659999939116,45.4722000008637],[-73.93650000023817,45.47220000060478],[-73.9363999998056,45.47220000026319],[-73.93630000065822,45.472200000729],[-73.93620000022435,45.47220000021233],[-73.9359999993685,45.47220000071599],[-73.93590000021852,45.47220000083161],[-73.93580000056791,45.47230000010163],[-73.93569999996085,45.47230000004772],[-73.93560000106555,45.47240000003781],[-73.93560000022146,45.47250000017738],[-73.93549999951868,45.47260000008326],[-73.93539999974178,45.472699999896285],[-73.935200000682,45.47280000002299],[-73.93520000040778,45.47289999925349],[-73.93510000085762,45.472999999697464],[-73.93490000020618,45.47309999929953],[-73.9347999997793,45.473200000380466],[-73.93470000014568,45.47320000124685],[-73.93460000045337,45.47330000034839],[-73.93450000064159,45.47330000104034],[-73.9343999995433,45.47330000074978],[-73.93429999972332,45.47330000036683],[-73.93419999990957,45.47330000079614],[-73.9341999993823,45.473200000676044],[-73.93429999958839,45.47309999922152],[-73.93419999960372,45.472999999525925],[-73.93420000035935,45.4728999993957],[-73.93409999997344,45.472899999739724],[-73.93400000085893,45.472899999091524],[-73.93389999919279,45.472899999265294],[-73.93380000008389,45.47289999934182],[-73.93359999985226,45.47280000001074],[-73.93340000070465,45.47279999955451],[-73.93330000028939,45.47269999996746],[-73.93320000022848,45.4726000002898],[-73.93310000036665,45.472599999756405],[-73.93300000051103,45.47260000003527],[-73.93290000065478,45.47260000022661],[-73.93269999966141,45.47260000035146],[-73.93260000004385,45.47269999951169],[-73.93239999997867,45.47270000000753],[-73.93219999944542,45.47279999938556],[-73.93220000026709,45.47289999951115],[-73.93209999988196,45.47289999990388],[-73.93199999995853,45.472999999434386],[-73.93190000067418,45.47299999964782],[-73.93180000022024,45.473099999003416],[-73.93169999947878,45.473099999047264],[-73.9315999997938,45.473200000922596],[-73.93159999955958,45.47330000104506],[-73.93159999931979,45.47340000026595],[-73.93129999985828,45.473500000616795],[-73.93120000096404,45.473500000215836],[-73.93109999951811,45.473500000636804],[-73.93099999934364,45.473500000065584],[-73.93090000064498,45.473400000183155],[-73.93080000065292,45.473400000336],[-73.93059999938791,45.47340000038391],[-73.93049999977471,45.47350000039057],[-73.93039999960322,45.473500000193894],[-73.93020000039559,45.47360000054952],[-73.93010000004527,45.47360000009086],[-73.92999999919344,45.473699999660795],[-73.92989999927434,45.47380000003774],[-73.92979999985417,45.473800000212734],[-73.92960000100504,45.47379999940026],[-73.92939999960909,45.47380000004687],[-73.92930000018568,45.473799999784134],[-73.92920000012744,45.47389999954686],[-73.92899999965155,45.47389999948957],[-73.92899999936053,45.473799999380084],[-73.92889999994136,45.47379999966699],[-73.92879999924261,45.47379999987115],[-73.92869999957578,45.473899999194565],[-73.92850000038607,45.47390000005666],[-73.92840000001117,45.473999999118256],[-73.92830000024122,45.47399999978101],[-73.92829999990799,45.473899999673556],[-73.92839999899905,45.47379999980272],[-73.92829999957604,45.473799999564356],[-73.92820000000542,45.47370000002665],[-73.92800000023774,45.47370000001552],[-73.92779999918855,45.47369999965899],[-73.92769999994535,45.47369999979452],[-73.92750000037273,45.47379999991905],[-73.92740000095074,45.47379999979258],[-73.92730000009142,45.473899999694204],[-73.927200000158,45.47399999950304],[-73.92710000038036,45.473999999115236],[-73.92699999992314,45.47409999964898],[-73.92689999996736,45.47409999908671],[-73.92680000001774,45.47409999933672],[-73.92670000006746,45.474099999499195],[-73.92649999986838,45.47419999876759],[-73.92639999974611,45.474199999567894],[-73.92619999948606,45.4741999991062],[-73.92609999935507,45.474199998744034],[-73.9259000003837,45.47419999955194],[-73.9258000002508,45.47419999892715],[-73.92570000012404,45.47419999911461],[-73.92559999932028,45.474099999112376],[-73.9256999992708,45.474099999013085],[-73.92580000075664,45.47399999961392],[-73.92570000013295,45.4738999996951],[-73.9256999992836,45.47379999958831],[-73.92569999972129,45.47370000037484],[-73.92559999980828,45.47360000036063],[-73.92559999913969,45.47350000024795],[-73.92559999975134,45.47340000012876],[-73.92549999927685,45.47330000092379],[-73.92540000042891,45.473200000723644],[-73.92540000010565,45.47309999880303],[-73.92530000064961,45.47309999953787],[-73.92530000051805,45.47299999941451],[-73.92519999999911,45.472899999040365],[-73.9251000000741,45.47270000024537],[-73.92509999902246,45.47260000011846],[-73.9249999995753,45.47250000045819],[-73.92499999998206,45.47240000032238],[-73.92479999994924,45.47220000073484],[-73.92470000046438,45.47210000080519],[-73.92459999893562,45.47210000093508],[-73.92449999996407,45.472100000967934],[-73.92449999996782,45.471999999027034],[-73.92430000019766,45.471899999593866],[-73.92420000084935,45.47179999922088],[-73.92410000058324,45.47169999966191],[-73.92390000002253,45.47159999952623],[-73.9237999993624,45.471499999702665],[-73.92360000004511,45.47139999993357],[-73.92340000016178,45.47130000071453],[-73.92339999957686,45.471200000561744],[-73.92329999963822,45.47120000044764],[-73.92330000004631,45.47130000060106],[-73.92330000044893,45.47139999985292],[-73.92319999993018,45.471300000400035],[-73.92309999981343,45.47130000011146],[-73.92309999976577,45.47120000085658],[-73.92299999982524,45.47120000047982],[-73.92299999994896,45.47110000032273],[-73.92290000019136,45.47110000075762],[-73.92289999921434,45.47100000060287],[-73.92279999963294,45.47100000094955],[-73.9226000000096,45.47089999942227],[-73.92239999982692,45.470799999344884],[-73.92239999973796,45.470699999181704],[-73.92219999934422,45.470599999651355],[-73.92219999961152,45.47049999948339],[-73.92219999988683,45.4704000002135],[-73.92229999978288,45.470300000220305],[-73.92229999987718,45.47020000004772],[-73.92239999925138,45.4701000008652],[-73.92249999980152,45.47010000086494],[-73.92259999991737,45.47000000060294],[-73.9226999996869,45.469900001152716],[-73.92280000036212,45.46979999891027],[-73.92289999942561,45.46969999928402],[-73.92289999974543,45.469599999099984],[-73.92290000007328,45.46949999981402],[-73.9227999998071,45.46939999997719],[-73.92269999989526,45.469300000049834],[-73.92260000076108,45.469300000220095],[-73.92249999985562,45.4690999999281],[-73.92250000089722,45.46900000063083],[-73.92239999966871,45.46890000043881],[-73.9223000000801,45.46880000105133],[-73.92209999973782,45.4688000006118],[-73.92200000021187,45.468800001158186],[-73.92190000067858,45.4688000007172],[-73.92189999985901,45.46890000091689],[-73.92180000014822,45.468900000388984],[-73.9216999992716,45.46900000087254],[-73.92159999938272,45.469000000170176],[-73.92150000077879,45.46900000027538],[-73.92140000089536,45.46900000029775],[-73.92129999973247,45.4690000002373],[-73.92119999935292,45.46890000079146],[-73.92120000013148,45.46880000059209],[-73.92119999962576,45.46869999949583],[-73.92119999912802,45.46859999929766],[-73.92109999963714,45.46849999975412],[-73.92109999931877,45.46839999955179],[-73.92120000020691,45.46829999958299],[-73.92120000002515,45.46800000075707],[-73.9213000000336,45.46790000069687],[-73.9214000009679,45.46780000054393],[-73.92140000013474,45.46770000123106],[-73.92150000079174,45.46749999896901],[-73.92159999939682,45.46739999954229],[-73.92159999948724,45.46729999931913],[-73.92159999967865,45.46709999976736],[-73.92159999977963,45.46700000043877],[-73.92159999987518,45.4669000002086],[-73.9215000001429,45.46680000008683],[-73.92140000077163,45.46670000077426],[-73.92129999919031,45.46660000048079],[-73.9211999992354,45.46649999919218],[-73.92120000004462,45.46639999895069],[-73.92109999964815,45.46639999961266],[-73.9210000003018,45.46619999970104],[-73.92090000032242,45.46609999994273],[-73.92090000038841,45.465999999697054],[-73.9208000006973,45.46600000009384],[-73.92080000094138,45.46589999984579],[-73.92069999929107,45.465799999913365],[-73.92069999972121,45.46570000056098],[-73.92059999928051,45.46570000078549],[-73.92059999988204,45.46560000053091],[-73.92059999921277,45.465500001179095],[-73.92059999980347,45.46539999912137],[-73.92049999939597,45.46529999900064],[-73.92009999966027,45.46450000104193],[-73.92000000005869,45.46450000073828],[-73.91959999921268,45.46380000030764],[-73.91959999904898,45.46370000002285],[-73.91880000063448,45.462999999499935],[-73.91869999985389,45.46299999986245],[-73.91860000068712,45.462899999832295],[-73.91849999931715,45.46279999972094],[-73.91840000016697,45.46279999981486],[-73.91830000061279,45.46270000041992],[-73.918300000204,45.46260000011701],[-73.91829999980318,45.46250000071218],[-73.91819999967397,45.46240000032677],[-73.91809999990564,45.46230000075062],[-73.91799999907948,45.46230000050059],[-73.91789999984154,45.46220000074572],[-73.91780000047626,45.46220000121511],[-73.91770000044666,45.46230000101083],[-73.91760000089671,45.462300000405925],[-73.91750000007406,45.46230000061798],[-73.91739999925078,45.462300000742474],[-73.91720000015974,45.46230000071952],[-73.9171000006133,45.46230000057672],[-73.91709999978035,45.46220000116842],[-73.91699999973525,45.462099998827306],[-73.91689999926909,45.46209999941264],[-73.91680000007432,45.46209999900595],[-73.91669999960688,45.4620999994162],[-73.91660000046438,45.461999999419476],[-73.91650000017249,45.461999999654],[-73.91639999987994,45.46199999980098],[-73.9163000002816,45.46209999927257],[-73.91619999928636,45.461999998932484],[-73.91610000027727,45.461999999712006],[-73.91599999998223,45.461999999508784],[-73.91590000096525,45.46199999921339],[-73.91579999939691,45.46199999973957],[-73.91570000037868,45.46199999926907],[-73.91560000008774,45.46199999961549],[-73.91549999978959,45.461999998974555],[-73.91540000077609,45.461999999141234],[-73.91520000018988,45.461999999221284],[-73.91509999989583,45.46199999912997],[-73.91489999980867,45.46189999926672],[-73.91459999921173,45.46179999942323],[-73.91440000071854,45.46169999957522],[-73.91450000048658,45.461700000281226],[-73.91439999955168,45.46160000015812],[-73.91430000024965,45.461499999939825],[-73.91430000054078,45.46140000051396],[-73.91420000049233,45.461300000207416],[-73.91399999936729,45.461200000559906],[-73.91390000021002,45.461100000883896],[-73.91380000011507,45.460999999322325],[-73.91370000030808,45.460999998903624],[-73.91349999985313,45.46089999927301],[-73.9133999995534,45.46079999915831],[-73.91320000034129,45.46069999989437],[-73.91309999964746,45.46059999951505],[-73.91299999927772,45.460600000285275],[-73.9127999998019,45.460599999758855],[-73.91280000019871,45.46050000031714],[-73.91270000057216,45.4604000004802],[-73.91260000054693,45.46039999999918],[-73.91240000032893,45.46030000023126],[-73.91230000048519,45.46030000038682],[-73.91220000064081,45.46030000045482],[-73.91210000043773,45.46039999988025],[-73.91189999912024,45.460400000484185],[-73.91170000035102,45.46039999982891],[-73.91170000057227,45.4605000001698],[-73.91160000037064,45.46049999971377],[-73.91139999966421,45.46059999977988],[-73.91129999929048,45.46059999996162],[-73.91120000019478,45.460600000051265],[-73.9110000007229,45.46059999997245],[-73.91099999970264,45.46069999941434],[-73.91089999923906,45.4607999995825],[-73.91079999978736,45.46079999932317],[-73.91070000007211,45.460899999311735],[-73.91060000044891,45.460899999777766],[-73.91050000020333,45.460999999591344],[-73.91040000010051,45.4612000005441],[-73.9104000005909,45.4613000008698],[-73.91039999979735,45.461400000298504],[-73.91029999959794,45.46149999992795],[-73.9102999999153,45.46160000024899],[-73.91030000022737,45.46169999966845],[-73.91019999918741,45.46169999978924],[-73.9100999993918,45.46180000013662],[-73.91000000073122,45.461800000073744],[-73.90990000079131,45.46179999992791],[-73.90969999963096,45.46179999937815],[-73.90959999933472,45.46169999955223],[-73.90949999975338,45.46179999937346],[-73.90930000004916,45.46169999959931],[-73.90909999924806,45.461699999797425],[-73.9089999994859,45.46169999976288],[-73.90880000018518,45.46179999974874],[-73.90869999896573,45.461799999456744],[-73.90850000006381,45.461899999813895],[-73.90839999994441,45.461899999255294],[-73.90830000044704,45.46199999892174],[-73.90799999966595,45.46209999947202],[-73.90790000039954,45.46220000058354],[-73.90780000000493,45.46209999918935],[-73.90790000047508,45.46209999937218],[-73.90799999957244,45.461999999159346],[-73.90820000055086,45.46179999935555],[-73.90799999922379,45.461599999690705],[-73.90789999983134,45.46140000074611],[-73.90769999970682,45.46120000053792],[-73.90759999951995,45.46099999952001],[-73.90739999991376,45.460999999437],[-73.9072000003673,45.4608999995713],[-73.90710000074208,45.46089999967267],[-73.90690000021114,45.460899999617354],[-73.90639999952533,45.460899999744356],[-73.90600000102062,45.46089999952261],[-73.90589999903418,45.46099999891368],[-73.90569999943307,45.460999999453385],[-73.90549999982949,45.46099999964292],[-73.90530000022349,45.46099999948225],[-73.90520000017816,45.46089999938961],[-73.90519999994119,45.4607999999568],[-73.90510000036389,45.46059999943452],[-73.90490000089505,45.46059999947297],[-73.9044999996813,45.460699999744094],[-73.90440000040608,45.46069999928018],[-73.90419999930936,45.46069999989839],[-73.90410000046376,45.46059999973332],[-73.90389999971694,45.46059999982502],[-73.90369999911427,45.46069999990276],[-73.9035000003606,45.46079999962196],[-73.9033000008986,45.46089999899164],[-73.90309999945603,45.46099999891616],[-73.90300000004775,45.461200000584],[-73.90289999989238,45.461200000609544],[-73.90289999988168,45.461100001181585],[-73.90279999973639,45.46120000054759],[-73.90270000085847,45.46120000039353],[-73.90259999967842,45.46140000081041],[-73.90250000044571,45.46140000048249],[-73.90240000034927,45.461500000392576],[-73.90239999948092,45.46159999981655],[-73.90230000013463,45.4616999996329],[-73.90220000043537,45.46179999936114],[-73.90209999911087,45.461899999905654],[-73.9022000005022,45.4618999996764],[-73.90220000056385,45.461999999090054],[-73.90230000008013,45.462200001201836],[-73.90239999944322,45.462200000804685],[-73.90240000028864,45.462400000517135],[-73.90230000081652,45.462500000319785],[-73.90230000003694,45.46270000002743],[-73.90200000028871,45.462800000099016],[-73.90180000007975,45.462899999508465],[-73.9016999999505,45.462999999679035],[-73.90140000022286,45.4628999993784],[-73.90130000009695,45.462700000104945],[-73.90120000026228,45.46260000013917],[-73.90110000019115,45.46260000038802],[-73.90089999971259,45.462500000321214],[-73.90069999994641,45.462400000799896],[-73.90060000022584,45.46240000060981],[-73.90050000050468,45.46240000033217],[-73.90039999951058,45.46240000087129],[-73.90020000007162,45.46240000077809],[-73.9001000005457,45.462500000454156],[-73.9001000007382,45.4625999998565],[-73.89989999931612,45.46260000014474],[-73.89980000019193,45.46270000045304],[-73.8996999994297,45.462799999777886],[-73.89959999959957,45.46289999990999],[-73.89960000019168,45.46299999930383],[-73.89959999951262,45.46309999960024],[-73.89949999983297,45.463099999346674],[-73.89950000068873,45.4633000008263],[-73.8992999994888,45.463500000638625],[-73.89909999971775,45.463600000705],[-73.89900000079578,45.463799999676205],[-73.89890000055141,45.46409999973366],[-73.8981000003043,45.46480000034308],[-73.89809999954613,45.46489999970813],[-73.89799999994283,45.46509999955983],[-73.89789999963651,45.465299999319406],[-73.89749999989164,45.46570000093041],[-73.89740000073024,45.4657000006358],[-73.89700000039083,45.46560000104614],[-73.89670000022143,45.465700000643494],[-73.89630000075651,45.46599999958084],[-73.89639999935108,45.46619999952099],[-73.89649999966228,45.466299999124956],[-73.89579999971508,45.46639999924911],[-73.89570000059727,45.46639999926561],[-73.89549999958774,45.46649999927936],[-73.89540000029133,45.466499999033786],[-73.89529999972184,45.46649999960494],[-73.89489999998288,45.466499999205595],[-73.8947999994104,45.466499999339],[-73.89470000011612,45.46649999938047],[-73.89460000082126,45.466499999334395],[-73.89450000024699,45.46649999920516],[-73.89429999933171,45.466600000714806],[-73.89400000030162,45.46680000062538],[-73.89379999999032,45.466900000352176],[-73.89370000042798,45.466999999743756],[-73.89360000025565,45.467000000624815],[-73.89339999989664,45.46700000032465],[-73.89329999998466,45.46690000071751],[-73.89320000042066,45.466800000120074],[-73.89309999993836,45.46670000033638],[-73.89300000029291,45.46670000069039],[-73.89290000064688,45.46670000095685],[-73.89270000006798,45.46670000033175],[-73.89249999990068,45.46660000092493],[-73.89240000042851,45.466600000753076],[-73.89230000095576,45.46660000049368],[-73.8920999994571,45.466600000620886],[-73.89190000051993,45.46660000128891],[-73.89180000068382,45.46670000082268],[-73.89169999975815,45.46670000094283],[-73.8915999993916,45.46680000030151],[-73.89159999995877,45.46690000052567],[-73.89159999924206,45.46699999985264],[-73.89149999945626,45.4671000000163],[-73.89140000059625,45.467200000087495],[-73.89139999974894,45.46739999962696],[-73.89139999996335,45.467499998941946],[-73.89140000042067,45.46770000116596],[-73.89139999958525,45.467900000687884],[-73.89130000042155,45.46800000065838],[-73.8913000004663,45.468099999963435],[-73.89120000090483,45.46810000054076],[-73.89110000005773,45.46810000013508],[-73.89099999921628,45.46810000054169],[-73.8909000002705,45.46820000015764],[-73.89080000052988,45.46820000038539],[-73.89079999969285,45.46829999968986],[-73.89070000078243,45.468199999625725],[-73.89059999985616,45.46829999988385],[-73.89049999993695,45.46829999984952],[-73.89049999985568,45.46840000004946],[-73.89039999949593,45.468499999227134],[-73.8901000004497,45.468599999429635],[-73.88980000033841,45.46869999884598],[-73.88949999974045,45.46869999908142],[-73.88929999976514,45.4686999987992],[-73.88909999979371,45.468699999066615],[-73.88900000044961,45.46869999951673],[-73.88879999972195,45.46859999906731],[-73.88880000047467,45.46869999925886],[-73.88849999987774,45.4686999995674],[-73.88829999990311,45.468699999333914],[-73.88820000025964,45.468800001076644],[-73.88810000073347,45.46880000073943],[-73.88790000040672,45.46880000070655],[-73.88789999995309,45.468699998716204],[-73.88779999932932,45.468699999019954],[-73.88769999998382,45.4686999992318],[-73.88770000008378,45.468800001223336],[-73.88770000016642,45.468900000513635],[-73.88760000037982,45.46900000082807],[-73.88760000028796,45.469100000115446],[-73.88749999997263,45.46920000034057],[-73.88729999950925,45.4692000001573],[-73.88709999935492,45.469299999806104],[-73.88689999981821,45.46929999981913],[-73.88680000046739,45.46939999942449],[-73.88669999988441,45.46939999966479],[-73.88659999930086,45.469399999817554],[-73.88650000052714,45.46950000005635],[-73.88630000028229,45.46949999992097],[-73.88619999952182,45.46959999990203],[-73.88609999986053,45.469599999613884],[-73.88600000019868,45.469599999238206],[-73.88590000000917,45.46969999895286],[-73.88580000017545,45.46969999930252],[-73.88589999948324,45.46979999912901],[-73.88580000075157,45.46979999947491],[-73.88569999986815,45.46990000081294],[-73.88559999944374,45.469799999017184],[-73.88559999989825,45.47000000025886],[-73.8854999995323,45.470000000347596],[-73.8854999995814,45.47010000051647],[-73.88540000019034,45.47020000068162],[-73.88530000074843,45.47020000059211],[-73.88499999936748,45.46979999912928],[-73.8848000006204,45.46979999906187],[-73.88470000060963,45.4697999993489],[-73.8845000001497,45.469900000734015],[-73.88439999934195,45.47000000093165],[-73.88430000025404,45.470000000865376],[-73.88429999945384,45.47010000013704],[-73.88429999993983,45.47020000030249],[-73.88409999990954,45.470300000078716],[-73.88410000004416,45.47040000024181],[-73.88400000024718,45.470399999915195],[-73.88400000020613,45.47050000007711],[-73.88390000023173,45.470499999663524],[-73.88389999979334,45.470699999083415],[-73.88359999968797,45.47110000063274],[-73.88349999993522,45.471100000767954],[-73.88340000018188,45.47110000081563],[-73.88330000042797,45.47110000077576],[-73.88330000043607,45.47120000092513],[-73.88320000033106,45.47130000004666],[-73.88320000016465,45.471400000193114],[-73.88289999966943,45.47189999909259],[-73.88279999937194,45.47179999937947],[-73.88259999989475,45.47169999982219],[-73.88250000036017,45.47169999998094],[-73.88239999954608,45.47170000005644],[-73.88230000001033,45.471700000040116],[-73.88219999981662,45.47179999917728],[-73.88220000044537,45.471899999312136],[-73.88210000055479,45.471899999121874],[-73.8819999996609,45.47199999898257],[-73.88190000087734,45.471999999513315],[-73.88190000098393,45.47210000054622],[-73.88179999946507,45.47210000099857],[-73.8816999992185,45.47210000045928],[-73.88159999982747,45.472200000861],[-73.88150000068791,45.47220000104272],[-73.88140000026276,45.472200000241344],[-73.88129999984311,45.472200000252265],[-73.88119999942894,45.47220000107546],[-73.88110000032128,45.472100000775384],[-73.88100000028292,45.4719999994893],[-73.8809000002147,45.47199999914888],[-73.88059999966053,45.471899999268224],[-73.88049999977291,45.4718999994769],[-73.88039999988472,45.47189999959801],[-73.88029999999597,45.47189999963157],[-73.88029999981751,45.47199999886718],[-73.88019999975134,45.47199999881377],[-73.88009999969061,45.471999999572645],[-73.88000000021253,45.472100001274946],[-73.87989999996779,45.472100000959486],[-73.87979999972248,45.472100000556445],[-73.87989999948685,45.4723000003221],[-73.87999999938694,45.47240000076656],[-73.87989999989057,45.47240000044857],[-73.87980000039362,45.47240000004299],[-73.87980000062169,45.47250000016827],[-73.87970000095335,45.47250000057555],[-73.87949999966332,45.47230000088026],[-73.87949999996813,45.47220000074978],[-73.87939999954973,45.47220000089694],[-73.87940000034095,45.47230000012394],[-73.87929999974513,45.472300000184156],[-73.87920000042766,45.47230000015258],[-73.87909999983671,45.47230000093752],[-73.87899999923917,45.47230000073512],[-73.87889999992,45.47230000044089],[-73.87880000060025,45.47230000005913],[-73.87870000084641,45.472400000618705],[-73.87860000006974,45.47240000006666],[-73.87849999978535,45.47250000045112],[-73.8785000002673,45.47259999967374],[-73.87840000042075,45.47259999984333],[-73.87830000057362,45.47259999992537],[-73.87810000065937,45.4726999999498],[-73.87799999935476,45.47269999977403],[-73.87779999930771,45.47270000005118],[-73.87760000070882,45.472799999193924],[-73.8773999990306,45.4727999996759],[-73.8774000001345,45.47289999979087],[-73.87729999940038,45.472999999117185],[-73.87719999959809,45.473099999250934],[-73.87720000036371,45.47320000116144],[-73.87710000060561,45.47340000041392],[-73.87709999990686,45.4735000005243],[-73.8771000004822,45.47359999972887],[-73.87729999919343,45.473799999989694],[-73.87739999971996,45.473899999982336],[-73.8773999995515,45.47399999918243],[-73.8773999993902,45.47409999928057],[-73.8773000003904,45.4741999994798],[-73.87720000027122,45.47419999949929],[-73.87710000015146,45.47419999943125],[-73.87700000089875,45.474099999177],[-73.87679999973719,45.4740999995061],[-73.87659999985232,45.474099999480806],[-73.87640000059433,45.47419999919893],[-73.87619999936078,45.474300000371244],[-73.87610000044434,45.47440000041574],[-73.87609999937047,45.4746000005983],[-73.87609999946876,45.474699999785024],[-73.87609999968073,45.474899999952854],[-73.87609999989128,45.475099999213825],[-73.87619999961936,45.4752999994135],[-73.87619999991448,45.47540000038705],[-73.8761000004586,45.475600000484995],[-73.87600000035927,45.475700000422805],[-73.87589999990678,45.475800000272486],[-73.87569999980964,45.4758999996371],[-73.87569999922127,45.475999999703085],[-73.87560000026726,45.47609999927984],[-73.87560000053979,45.47639999945531],[-73.87549999978208,45.47660000079656],[-73.875500000467,45.47679999999625],[-73.87549999988339,45.47700000009295],[-73.87550000023285,45.47710000013657],[-73.87540000026989,45.477199999522064],[-73.87529999995971,45.4772999997192],[-73.87520000022919,45.477600000798624],[-73.87510000036632,45.47800000000432],[-73.87519999953254,45.4780000000274],[-73.87519999936272,45.47810000005516],[-73.87489999981423,45.478499998921215],[-73.87469999960567,45.479000000142236],[-73.87460000006654,45.479199999699915],[-73.87439999946218,45.47939999943288],[-73.87409999929206,45.47959999971071],[-73.87400000042827,45.47980000051926],[-73.87380000070763,45.48000000007721],[-73.87349999976254,45.48029999964843],[-73.87330000035293,45.48049999921189],[-73.87310000083328,45.4805999993369],[-73.87289999932575,45.48069999911639],[-73.87260000066867,45.48079999902462],[-73.87240000016808,45.481000000597184],[-73.87210000031439,45.48110000009046],[-73.872199999847,45.48110000003972],[-73.87189999911246,45.48119999990858],[-73.87179999964873,45.48129999966702],[-73.87169999983767,45.48140000023711],[-73.87150000070298,45.4814999993427],[-73.87119999998664,45.48150000010001],[-73.8711000007354,45.48140000020716],[-73.87100000055938,45.48130000022806],[-73.8709000006722,45.481300000129195],[-73.8707999995053,45.48129999994694],[-73.87080000030282,45.481499999879944],[-73.8709000004152,45.48169999909445],[-73.87100000009697,45.48200000087359],[-73.87090000019394,45.48210000073107],[-73.87090000008416,45.48230000063904],[-73.87089999997299,45.48249999964016],[-73.87089999992205,45.482599999588],[-73.87089999987222,45.48269999953407],[-73.87079999984039,45.482799999292055],[-73.87079999939256,45.48299999917657],[-73.87079999918214,45.483100000915854],[-73.8706999995488,45.483200000577895],[-73.87059999956224,45.48330000015176],[-73.87029999969826,45.48340000027484],[-73.8700999996384,45.483699999454046],[-73.86969999925866,45.48389999973306],[-73.86979999990308,45.483899999080776],[-73.86969999965879,45.48399999965471],[-73.86970000005415,45.48409999867479],[-73.86980000037016,45.48420000064264],[-73.86989999974962,45.484300000724545],[-73.86989999998848,45.48450000055399],[-73.86999999973213,45.4846999995529],[-73.87000000067202,45.48479999945885],[-73.86999999999674,45.48499999927379],[-73.87000000061697,45.48520000087721],[-73.86980000051165,45.48509999893877],[-73.86969999986339,45.48530000119268],[-73.86959999929394,45.48530000085706],[-73.86950000012826,45.485500000224434],[-73.86940000048895,45.485500000610536],[-73.86919999911203,45.485400000330436],[-73.86919999970891,45.48499999982474],[-73.86930000033774,45.484799999797936],[-73.86930000063636,45.4846999998881],[-73.86940000014,45.48469999958984],[-73.86949999959482,45.48460000019338],[-73.86959999996971,45.48449999980476],[-73.86959999974678,45.48440000079115],[-73.86949999948995,45.484400000367124],[-73.86940000064381,45.48430000083497],[-73.8693000005628,45.48430000023531],[-73.86920000000707,45.484400000365355],[-73.86919999952819,45.48450000028101],[-73.86909999972256,45.48460000031755],[-73.8689999995637,45.48470000026587],[-73.86890000033071,45.48480000012188],[-73.86889999987102,45.485099998939425],[-73.86900000018339,45.48540000048872],[-73.86910000027375,45.485899999916754],[-73.86899999992448,45.48589999995491],[-73.86880000061294,45.485999999651845],[-73.86859999907105,45.48619999888823],[-73.86840000056516,45.48630000057632],[-73.86830000001856,45.48640000078274],[-73.86810000011148,45.4864000011677],[-73.86800000010982,45.48660000008519],[-73.86789999980101,45.4866000000599],[-73.867800000398,45.486699999819514],[-73.8675000002209,45.486699999853144],[-73.86730000055704,45.486800000509675],[-73.86849999933256,45.487799999995445],[-73.86899999936763,45.48819999963293],[-73.86900000015899,45.488099999781085],[-73.8690999992839,45.48809999974728],[-73.86919999968758,45.48809999962182],[-73.8693000000907,45.488099999408774],[-73.86930000035234,45.48799999955682],[-73.86940000058381,45.48800000015663],[-73.86959999949188,45.4879000003459],[-73.86969999953887,45.4878999997838],[-73.86969999909495,45.48779999993056],[-73.86980000024961,45.48780000017717],[-73.86990000012443,45.48780000034037],[-73.86990000060702,45.48770000048234],[-73.87000000030436,45.487700000558554],[-73.8701000000011,45.487700000547214],[-73.87010000013092,45.487600000688545],[-73.8701999996502,45.48760000059023],[-73.87030000022523,45.4875000005409],[-73.8704000008516,45.487500001163724],[-73.87049999961653,45.48740000094338],[-73.87060000057487,45.48729999882688],[-73.87080000001167,45.48719999960014],[-73.87090000010356,45.48709999991979],[-73.87090000010384,45.48700000005092],[-73.87090000010525,45.486900000180285],[-73.87100000077147,45.48680000040518],[-73.87110000015537,45.48680000041907],[-73.87120000029076,45.48670000046882],[-73.87130000007286,45.48660000043035],[-73.87149999986228,45.48640000098457],[-73.87150000008806,45.48630000110256],[-73.87169999938006,45.48609999949785],[-73.87179999978422,45.48599999990879],[-73.87179999948371,45.48590000002147],[-73.87189999982917,45.48589999933173],[-73.87200000080597,45.485799999562126],[-73.87200000015382,45.48569999967242],[-73.87210000015021,45.485699999708515],[-73.87230000024469,45.48560000052397],[-73.8723999999841,45.485500000402844],[-73.87260000011815,45.485400000689246],[-73.87269999958039,45.485400000201764],[-73.87280000032723,45.48540000052238],[-73.87299999912038,45.48550000080704],[-73.87310000004247,45.48550000086448],[-73.87310000007422,45.48559999986005],[-73.87310000011303,45.48569999975371],[-73.87310000015296,45.4857999996456],[-73.8732000003261,45.48579999961797],[-73.87339999939731,45.485800000204115],[-73.87349999956872,45.48579999991385],[-73.87359999973958,45.48579999953604],[-73.87369999991581,45.48579999997053],[-73.87380000009152,45.48580000031745],[-73.87399999951027,45.48589999974234],[-73.87420000021157,45.48589999982226],[-73.87449999994094,45.485999999178645],[-73.87469999971721,45.485999999286015],[-73.87479999975547,45.48589999976898],[-73.87490000010786,45.4859000000522],[-73.87500000002002,45.48599999923831],[-73.87510000029258,45.48609999923382],[-73.87530000042193,45.486099999189356],[-73.87540000012245,45.48619999892242],[-73.87559999997234,45.486300000936886],[-73.87569999974872,45.48630000052167],[-73.87579999981263,45.486199999234394],[-73.87590000069618,45.486199999540275],[-73.87609999989712,45.486199998997996],[-73.87610000014587,45.48630000068066],[-73.87620000034028,45.486400000608256],[-73.87629999901696,45.486400000571265],[-73.87640000025156,45.486400000438294],[-73.87660000032325,45.4863000009353],[-73.87660000046904,45.48619999925125],[-73.87670000006884,45.48619999886097],[-73.87670000005085,45.48609999897538],[-73.87679999928532,45.48599999951118],[-73.8768000003719,45.48589999961841],[-73.8771999999775,45.485699999743325],[-73.8773000001798,45.48559999983103],[-73.87740000000527,45.485600000626796],[-73.87740000003481,45.4855000007304],[-73.87759999995218,45.48530000046078],[-73.87770000002656,45.48520000109142],[-73.8775999996313,45.485200000560276],[-73.87760000057878,45.485099998854125],[-73.87770000030157,45.4849999994824],[-73.87769999980722,45.48489999957719],[-73.87780000028019,45.48480000011188],[-73.87779999961118,45.48470000020373],[-73.87780000022255,45.484600000289596],[-73.87779999955586,45.48450000037794],[-73.8778999991482,45.48440000082092],[-73.87799999966046,45.484300000271666],[-73.87809999982547,45.48420000053408],[-73.87819999962515,45.48409999890867],[-73.8783000003628,45.483999998990505],[-73.878399999468,45.483899998988434],[-73.87739999941527,45.483799999528244],[-73.87739999936625,45.48389999945446],[-73.87739999927162,45.484099999301606],[-73.87730000038898,45.484300000142504],[-73.87709999965763,45.48440000000931],[-73.8771000003639,45.48449999992246],[-73.87689999985619,45.48460000033458],[-73.87679999942257,45.48469999991507],[-73.87660000023368,45.484799999793935],[-73.87640000033595,45.48489999932312],[-73.87629999990152,45.484799999545366],[-73.87620000021806,45.48479999958598],[-73.87610000031442,45.48469999962969],[-73.87610000009592,45.48459999971862],[-73.87600000077119,45.484600000482814],[-73.8759000002972,45.48450000034988],[-73.87579999986306,45.484500000042836],[-73.87559999961101,45.484599999977355],[-73.87550000028344,45.48460000030383],[-73.87550000071955,45.4847000002141],[-73.87530000042369,45.48469999970995],[-73.87510000013155,45.484699999755435],[-73.87489999984312,45.484700000350564],[-73.87480000033467,45.48470000006482],[-73.87450000053273,45.48469999958629],[-73.87429999983685,45.48479999994179],[-73.87420000015406,45.484800000031136],[-73.87389999998912,45.484899999685524],[-73.87370000045848,45.48480000006877],[-73.87429999973544,45.48420000045738],[-73.87449999958828,45.48409999919408],[-73.87460000025018,45.48379999996719],[-73.87500000014762,45.483400000658726],[-73.87519999989851,45.483200000919076],[-73.8752000001112,45.48299999924111],[-73.87530000038437,45.48289999923243],[-73.8752000002252,45.48289999929931],[-73.87519999917748,45.48269999941466],[-73.87500000037421,45.48279999922574],[-73.87479999995658,45.48269999970202],[-73.87519999990515,45.48210000060583],[-73.87559999941634,45.4820000007588],[-73.8758000000466,45.48210000069291],[-73.87610000011567,45.48210000045442],[-73.87619999977386,45.482000000543614],[-73.87640000018565,45.48210000032785],[-73.87670000028541,45.48200000035565],[-73.8768999996482,45.48189999935124],[-73.87700000009936,45.48179999963366],[-73.87709999958741,45.48179999889279],[-73.87710000026388,45.481899998851574],[-73.87719999952166,45.48200000068277],[-73.87720000037733,45.48210000063746],[-73.87730000015559,45.48220000057623],[-73.87750000055502,45.48220000027684],[-73.87750000066458,45.48230000023055],[-73.87750000088712,45.48250000013272],[-73.87750000100012,45.48260000008116],[-73.87739999996258,45.482799999269844],[-73.87739999984277,45.482999999155595],[-73.87739999973954,45.483200000833975],[-73.87750000067216,45.48340000050964],[-73.87739999951678,45.483599999670574],[-73.87850000016755,45.483699999863596],[-73.8784999995519,45.48359999993588],[-73.87839999983885,45.48340000023845],[-73.8782999998155,45.48330000038424],[-73.87840000024865,45.4832000003654],[-73.87830000058142,45.483100000506546],[-73.87810000083203,45.48310000040453],[-73.87809999984711,45.48279999968217],[-73.87810000005302,45.48259999978889],[-73.8781000003705,45.4822999999358],[-73.87810000070435,45.48200000096675],[-73.87829999942491,45.481599999423715],[-73.87849999977456,45.4813000001681],[-73.8788999992817,45.48100000049885],[-73.87899999973004,45.48090000081373],[-73.87899999952916,45.48079999903586],[-73.87930000022273,45.480599999425515],[-73.87950000028825,45.480499999239974],[-73.87960000011275,45.480299999934836],[-73.87990000037445,45.48020000052304],[-73.88009999924623,45.48010000018352],[-73.88050000026593,45.48000000023208],[-73.88060000041123,45.48000000002399],[-73.88069999930809,45.47980000064077],[-73.88100000020408,45.479599999228256],[-73.88120000013615,45.4794999996478],[-73.88150000076939,45.47919999960434],[-73.88169999985797,45.479000000033004],[-73.88210000051514,45.47890000075837],[-73.88239999917323,45.47880000105915],[-73.88260000033664,45.47880000082464],[-73.88279999973358,45.47870000112944],[-73.88300000096778,45.478599999276376],[-73.88330000027919,45.47849999900532],[-73.88349999994232,45.47839999987777],[-73.8835999998516,45.47819999969472],[-73.88379999950807,45.478000000007796],[-73.88410000062717,45.477900000318115],[-73.88440000046404,45.47760000067293],[-73.88460000028864,45.47739999956318],[-73.88520000035305,45.47709999963169],[-73.88519999988051,45.47690000043848],[-73.88590000012275,45.47650000052262],[-73.88650000038797,45.47619999911192],[-73.88669999938753,45.47599999967684],[-73.8870000001347,45.47589999953396],[-73.88729999962598,45.47560000026433],[-73.88740000002912,45.47550000032718],[-73.88740000075238,45.475299999273425],[-73.88759999979641,45.475099999130016],[-73.88810000023715,45.47490000015984],[-73.8880999997835,45.474699999988665],[-73.88839999978974,45.47430000036927],[-73.8885000004998,45.47399999924752],[-73.88860000008545,45.47340000040076],[-73.88879999986155,45.472899999534505],[-73.88919999987328,45.472799999582115],[-73.88959999975334,45.47270000002719],[-73.88989999946183,45.47250000018376],[-73.89039999931553,45.47240000018158],[-73.8905999993091,45.47220000097744],[-73.8907000000539,45.47189999961738],[-73.89130000039692,45.47159999973915],[-73.89199999961032,45.47130000000484],[-73.89299999996214,45.47140000052227],[-73.89350000039866,45.47159999996308],[-73.8937000001187,45.47179999947533],[-73.89469999982141,45.47179999936272],[-73.89489999931764,45.47189999933022],[-73.89559999983942,45.4718999995631],[-73.8959999994045,45.471899999315234],[-73.89630000035724,45.47189999910552],[-73.89640000040947,45.4719999986992],[-73.89679999981647,45.47189999911204],[-73.89709999961187,45.47199999874269],[-73.89800000064649,45.47179999940907],[-73.8982999994783,45.47189999949269],[-73.89860000000142,45.4716999992611],[-73.89869999954094,45.471699999404755],[-73.89880000021995,45.47189999973841],[-73.89919999978443,45.47189999908261],[-73.8997999993636,45.47179999983085],[-73.89999999980654,45.47159999943895],[-73.9005999999976,45.471400000329034],[-73.90120000074796,45.4713000000085],[-73.90129999984694,45.471100000273516],[-73.90149999976593,45.47069999961376],[-73.90149999934295,45.47050000019058],[-73.90129999953464,45.47040000005728],[-73.90110000072116,45.47049999990001],[-73.90089999991339,45.470299999803245],[-73.9005999998783,45.47020000022605],[-73.89990000000148,45.47010000077006],[-73.89950000010626,45.4702999997182],[-73.89940000077814,45.470000000665024],[-73.89910000006296,45.4697999987705],[-73.89890000043638,45.469499999463224],[-73.89870000038256,45.469199999791726],[-73.89910000025067,45.46910000019577],[-73.89940000041786,45.469099999943936],[-73.89960000047614,45.4689000010583],[-73.90020000027806,45.46839999976053],[-73.90060000079252,45.468299999393835],[-73.90079999974793,45.46790000066653],[-73.90140000012659,45.46759999880569],[-73.90160000005547,45.46759999949741],[-73.90199999989959,45.467599998930474],[-73.90230000042412,45.46780000048461],[-73.90240000015537,45.46820000001896],[-73.90249999996954,45.468399999939095],[-73.90390000041886,45.469100000606204],[-73.90449999974878,45.46950000004214],[-73.9052999997038,45.46930000022629],[-73.90600000050428,45.46939999989413],[-73.90639999910928,45.46929999993667],[-73.90699999933256,45.46920000060582],[-73.90779999992529,45.46919999984276],[-73.90809999935277,45.46920000013955],[-73.90880000068161,45.46910000026894],[-73.90990000064471,45.46890000098137],[-73.91049999989791,45.46869999926174],[-73.91089999930452,45.46839999932501],[-73.91130000020522,45.468599998983],[-73.91140000001899,45.46829999999936],[-73.91180000049485,45.46820000000056],[-73.91210000024638,45.46800000017216],[-73.91290000050444,45.468000000582535],[-73.9134999997563,45.4679000003803],[-73.9140999994491,45.46780000062217],[-73.91370000077194,45.468100000098126],[-73.9132999998315,45.46829999976123],[-73.9130000002419,45.468599999331396],[-73.91260000034383,45.46890000031555],[-73.91249999947067,45.46920000032265],[-73.91279999989366,45.46930000015754],[-73.91320000069074,45.46940000014636],[-73.9135999995029,45.469199999980646],[-73.91389999969891,45.46939999981338],[-73.91440000006857,45.469900001065184],[-73.9149999999546,45.46990000039302],[-73.91559999940809,45.47000000034632],[-73.91599999970431,45.47050000019949],[-73.9162999999662,45.470699999083756],[-73.91680000034785,45.47069999972285],[-73.91700000075731,45.470500000114285],[-73.91699999974648,45.47020000050935],[-73.91750000081397,45.47019999988096],[-73.91779999944592,45.47079999910283],[-73.91810000050188,45.471300000012995],[-73.91849999933504,45.47169999985952],[-73.91889999967415,45.47240000048194],[-73.91920000028398,45.472800000040166],[-73.91919999985944,45.47320000053596],[-73.91959999954777,45.47359999999599],[-73.91980000024253,45.47379999963726],[-73.92019999905823,45.47359999990961],[-73.92069999981723,45.473900000007546],[-73.92099999988396,45.47389999971787],[-73.92139999990988,45.47379999949685],[-73.92190000084578,45.47379999940832],[-73.92280000020561,45.47540000086132],[-73.92340000027505,45.47589999965318],[-73.92420000045941,45.476800000712075],[-73.92449999937813,45.477000000347],[-73.92500000036851,45.47739999949411],[-73.9256999999521,45.477399998842664],[-73.92600000026214,45.47709999966781],[-73.92640000000443,45.476700000719575],[-73.92719999999582,45.47690000008937],[-73.92740000096806,45.47709999980872],[-73.92750000030401,45.4772999991397],[-73.92810000072544,45.47729999984919],[-73.92909999980714,45.47689999981772],[-73.92920000011603,45.47660000097292],[-73.9294999990937,45.47670000002215],[-73.92990000003115,45.47679999989754],[-73.92999999954642,45.477099999804985],[-73.93020000070626,45.477499999211794],[-73.93039999935748,45.477800000908836],[-73.93120000105391,45.47770000089347],[-73.93180000077639,45.47780000021019],[-73.93219999980093,45.47749999904362],[-73.93259999972535,45.47720000005609],[-73.93270000035893,45.47700000001638],[-73.93279999964128,45.476700000726396],[-73.9330999995028,45.47639999906133],[-73.93319999945948,45.476099999386804],[-73.93419999968006,45.47629999914768],[-73.93499999987877,45.476500000593276],[-73.93569999984997,45.47650000074479],[-73.9362000000958,45.47639999918738],[-73.93679999982318,45.47619999905191],[-73.9374999999111,45.4759999997236],[-73.93820000005518,45.47609999992409],[-73.9387999992551,45.476099999321356],[-73.93969999986892,45.47589999999926],[-73.94060000034382,45.4760000001112],[-73.94110000036683,45.475700000333255],[-73.94149999991653,45.47550000075858],[-73.94189999950879,45.475600000031186],[-73.9422000003037,45.475500000665754],[-73.94299999979361,45.47540000075264],[-73.94359999979987,45.47550000021321],[-73.9441999997166,45.47570000020238],[-73.94449999957908,45.47589999954164],[-73.94450000052242,45.476299998935474],[-73.94420000006254,45.476900000150586],[-73.94380000009053,45.47749999944772],[-73.94290000000821,45.47870000079434],[-73.94260000025231,45.478900000162724],[-73.94209999971368,45.47930000005856],[-73.94139999942409,45.47949999956484],[-73.94060000014758,45.47919999982682],[-73.9404000000435,45.47909999991026],[-73.93979999969453,45.47909999991996],[-73.9386000005804,45.479499999545325],[-73.93850000020039,45.48000000018735],[-73.93839999973498,45.480599999793775],[-73.93849999976871,45.48130000010569],[-73.93879999910203,45.48149999982556],[-73.93919999989082,45.481699999426006],[-73.93979999938716,45.4815999998986],[-73.94009999983595,45.481499999860084],[-73.940199999606,45.48120000062106],[-73.94050000005153,45.48120000040974],[-73.94099999981582,45.481300000393645],[-73.94099999955556,45.481499999456794],[-73.94040000020301,45.48239999965318],[-73.94069999997986,45.482899999615135],[-73.94100000008969,45.48330000059759],[-73.94139999970815,45.483500000536345],[-73.94209999938727,45.48350000017065],[-73.9423000003773,45.483200000846566],[-73.94229999980851,45.482999999146],[-73.94240000034256,45.48289999886904],[-73.94229999962612,45.48269999927897],[-73.94260000020284,45.48259999989198],[-73.94300000004743,45.48259999973309],[-73.94330000013561,45.482500000307226],[-73.94359999980746,45.48250000005634],[-73.94379999946712,45.48269999967292],[-73.94360000051132,45.482999998943384],[-73.94369999915413,45.48310000104189],[-73.94359999932762,45.4834000005479],[-73.9435000005203,45.48360000000438],[-73.94320000008304,45.483699999937016],[-73.94269999946394,45.48359999972749],[-73.9423000002166,45.48359999973252],[-73.94139999964298,45.483699999521974],[-73.94120000006683,45.48409999897215],[-73.94120000067112,45.48479999936368],[-73.94130000018207,45.48560000022514],[-73.94110000002705,45.48630000086237],[-73.94070000058656,45.48699999988606],[-73.94030000026699,45.487799999994934],[-73.9403000002892,45.48839999917724],[-73.94019999996951,45.488800000678836],[-73.9400999998494,45.48909999951911],[-73.94000000047562,45.489299999311115],[-73.93980000006148,45.48949999894287],[-73.93950000023274,45.48960000074575],[-73.93909999956487,45.489900000747106],[-73.93890000047546,45.49029999932962],[-73.93869999929628,45.49039999987964],[-73.93850000055122,45.49039999934617],[-73.93829999958562,45.49049999919311],[-73.93810000047301,45.49070000119917],[-73.93780000021681,45.49080000031638],[-73.93769999942208,45.49090000092569],[-73.93750000039154,45.49100000025518],[-73.93740000002174,45.49120000040641],[-73.93720000004306,45.49149999971948],[-73.93689999950891,45.49169999895981],[-73.93670000009709,45.4918000004749],[-73.9364999992259,45.491699999347496],[-73.93649999950293,45.491599999545556],[-73.93639999974124,45.49149999939487],[-73.9362999997075,45.49149999986014],[-73.93630000035458,45.49159999966025],[-73.936199999815,45.491800000539676],[-73.9358999993945,45.491800001148654],[-73.93569999999644,45.4920000007062],[-73.93560000046305,45.492200000142326],[-73.93539999953605,45.49230000027761],[-73.9354999994696,45.492499999276085],[-73.93529999986515,45.492599999225824],[-73.93510000049024,45.4929000010832],[-73.934999999121,45.493300000415935],[-73.93460000052502,45.49340000021195],[-73.93419999971717,45.49339999974461],[-73.93390000002253,45.4935000002649],[-73.93359999952824,45.49350000023139],[-73.93340000067045,45.493399999996946],[-73.93319999929344,45.49349999985926],[-73.93299999967827,45.49379999979138],[-73.9325000006785,45.49410000092938],[-73.93230000034568,45.49389999902513],[-73.93240000028162,45.493600000073094],[-73.93219999953942,45.49339999977775],[-73.93199999988187,45.49350000023171],[-73.93169999897147,45.49330000017016],[-73.93150000005457,45.49339999974755],[-73.93099999994547,45.49350000021189],[-73.93070000072917,45.493499999755684],[-73.93020000087408,45.4935999994147],[-73.92970000053425,45.493699999584464],[-73.92940000021737,45.49389999884097],[-73.92929999959514,45.49400000103745],[-73.92910000036224,45.49410000089997],[-73.92869999970172,45.494000001210296],[-73.92839999960874,45.4938999994565],[-73.92779999978997,45.49379999964023],[-73.92719999945825,45.493799999134474],[-73.92669999910035,45.49410000098081],[-73.92660000002388,45.49440000030869],[-73.92630000038977,45.4945999994932],[-73.92630000054476,45.494899999626234],[-73.92640000000439,45.49499999956105],[-73.92639999982177,45.495100001100795],[-73.92619999905607,45.49499999909365],[-73.92599999978023,45.495100000708646],[-73.92569999944328,45.49530000009445],[-73.92539999955423,45.49550000048309],[-73.925300000106,45.4957999994996],[-73.925099999111,45.49609999897564],[-73.92499999960833,45.496400000397415],[-73.92490000059213,45.49660000020325],[-73.92470000041462,45.49680000012562],[-73.9245999996368,45.49699999966115],[-73.92459999932267,45.49719999906863],[-73.92439999982939,45.497400001141365],[-73.92429999950002,45.49760000039136],[-73.92410000047458,45.497700000431415],[-73.92399999983742,45.49789999940924],[-73.92389999978299,45.498099999190096],[-73.92369999956699,45.498199999425026],[-73.92339999936563,45.498299999276206],[-73.92330000033749,45.49850000031334],[-73.9233000000667,45.49880000024155],[-73.92310000056737,45.49899999998096],[-73.92300000052688,45.49919999983464],[-73.92309999966922,45.49939999954864],[-73.92260000065866,45.49979999989431],[-73.92209999976845,45.50010000017984],[-73.92129999926772,45.50010000026642],[-73.92080000014269,45.500299999691755],[-73.91989999994476,45.50070000054426],[-73.91849999917952,45.50090000037136],[-73.91739999971763,45.50149999971957],[-73.91669999968511,45.5014999989656],[-73.91590000013574,45.50129999976735],[-73.91560000045213,45.501299999242555],[-73.91539999975541,45.50110000039887],[-73.91509999950148,45.50099999983078],[-73.91469999956684,45.50109999998736],[-73.9140999993665,45.50139999973357],[-73.91349999948018,45.50200000056309],[-73.91329999957982,45.50239999934451],[-73.91380000022525,45.50259999886097],[-73.91330000009094,45.502699999059196],[-73.91310000004017,45.502699999044],[-73.91310000012092,45.50290000094553],[-73.91289999936643,45.503299999865895],[-73.91279999967253,45.50379999929007],[-73.91269999958789,45.504000000751674],[-73.9127000008113,45.504300000379445],[-73.91270000073824,45.50479999913179],[-73.91270000071033,45.505400000096245],[-73.91280000064155,45.50589999915464],[-73.91220000044315,45.50669999984496],[-73.91179999956546,45.50689999917301],[-73.91150000048398,45.50709999952698],[-73.91150000012115,45.50730000037568],[-73.91139999926834,45.50740000015897],[-73.91089999919748,45.507600000077844],[-73.91060000060753,45.507599999911044],[-73.9102999994591,45.50759999986535],[-73.9099000006778,45.507700000184215],[-73.90980000014018,45.507899999870055],[-73.90970000017839,45.50809999945921],[-73.90969999987102,45.50830000117183],[-73.90960000013585,45.508500000658515],[-73.90930000018862,45.50840000027973],[-73.90910000043105,45.508400000456255],[-73.9088000009622,45.50850000046517],[-73.90859999911329,45.50840000027227],[-73.90830000019722,45.508300000861304],[-73.90790000059997,45.50840000046508],[-73.90759999900364,45.50850000002923],[-73.90729999947627,45.50850000019662],[-73.9068999992529,45.50840000089595],[-73.90640000009869,45.508300000569896],[-73.90600000098165,45.50840000071686],[-73.90570000030053,45.50860000018535],[-73.90540000015231,45.508700000261115],[-73.90529999958613,45.50899999996169],[-73.90510000030712,45.50919999931],[-73.90479999990272,45.50940000088414],[-73.90399999950871,45.50970000061365],[-73.90330000051624,45.51029999915082],[-73.90309999923382,45.510700000181856],[-73.90289999958534,45.51139999918247],[-73.9028000003774,45.51200000026716],[-73.9027000004613,45.51219999987978],[-73.90280000049643,45.512299999473115],[-73.9027999996896,45.51239999980781],[-73.90270000035471,45.51259999940428],[-73.90249999975475,45.51270000095041],[-73.90259999904868,45.512800000712794],[-73.90259999916718,45.51290000013559],[-73.90270000087784,45.51319999953601],[-73.90249999938091,45.513399999589154],[-73.90249999932963,45.51349999900205],[-73.90230000030915,45.51359999927643],[-73.90220000024289,45.51369999898793],[-73.90209999908743,45.51390000071909],[-73.90290000051442,45.51559999967489],[-73.90269999990723,45.515699999717896],[-73.90220000050492,45.51569999940024],[-73.90180000049253,45.515799999103955],[-73.901600001083,45.5159000008123],[-73.90140000036024,45.51590000100484],[-73.90139999967109,45.516000000376],[-73.90139999958278,45.516200000008375],[-73.90139999949932,45.51639999963376],[-73.90169999989756,45.51649999992618],[-73.90189999932403,45.51669999972778],[-73.90229999967751,45.516799999300574],[-73.90249999975175,45.517000000738754],[-73.90249999974483,45.517200000336295],[-73.90230000046178,45.5173000005454],[-73.90199999976264,45.51749999987634],[-73.90140000045434,45.51740000035032],[-73.90090000008111,45.51740000064283],[-73.90039999958273,45.51730000030292],[-73.9002000005374,45.51720000084185],[-73.90010000020564,45.51710000085831],[-73.8998999995811,45.517200000470645],[-73.89920000038244,45.51689999878254],[-73.89899999976312,45.516799999018964],[-73.89900000065934,45.51659999940571],[-73.89829999941495,45.51620000001516],[-73.898000000246,45.51610000068271],[-73.89739999970321,45.51620000045496],[-73.89710000027077,45.51640000044716],[-73.8971000003185,45.516600000063356],[-73.89719999912421,45.51679999934096],[-73.89689999965832,45.51700000058624],[-73.896499999488,45.51730000019438],[-73.89560000061594,45.517599999768294],[-73.89520000005747,45.51750000014467],[-73.89480000051752,45.517599999595504],[-73.89490000003258,45.51769999971284],[-73.8946999995997,45.5177999992064],[-73.89449999991555,45.517699999675386],[-73.8942999992198,45.51770000003343],[-73.89420000019282,45.51789999919635],[-73.89389999949925,45.51799999949487],[-73.89359999981463,45.517899999437674],[-73.89329999933383,45.51799999905937],[-73.89290000058925,45.518100000842935],[-73.89259999948496,45.51830000065082],[-73.89219999961233,45.5185000002044],[-73.89209999991803,45.51859999998226],[-73.89190000075466,45.518800000169],[-73.89129999977087,45.518800000028044],[-73.89049999983463,45.51889999964776],[-73.89020000011051,45.51869999945803],[-73.88960000066263,45.518300000293976],[-73.88930000027364,45.51830000087568],[-73.88890000023328,45.51850000057054],[-73.88860000005535,45.518500000212796],[-73.8883999997369,45.51820000036496],[-73.88799999999948,45.51810000073256],[-73.88750000047604,45.51830000040902],[-73.8875000001645,45.5186000001765],[-73.88739999994968,45.51889999987007],[-73.88760000027854,45.518999999210564],[-73.88729999998316,45.519099999249576],[-73.88729999997435,45.51920000125908],[-73.88709999960727,45.51940000022125],[-73.88710000014457,45.51960000062669],[-73.8868999996677,45.51969999992544],[-73.88669999957045,45.519700000471424],[-73.88650000059344,45.519799999962736],[-73.88639999970611,45.519999999425266],[-73.88650000014044,45.520099999651315],[-73.88580000080644,45.52050000013216],[-73.88519999990872,45.52069999980992],[-73.8841000005265,45.52089999955999],[-73.88389999964642,45.52080000042529],[-73.88369999948793,45.52080000021754],[-73.88329999976304,45.52089999982867],[-73.88270000031879,45.52099999967638],[-73.8821000002843,45.5209999997963],[-73.87929999951102,45.51989999983871],[-73.8766000001462,45.519899999578165],[-73.8761999998135,45.519899999345625],[-73.87570000036442,45.51990000000649],[-73.8748999999224,45.51979999974017],[-73.87370000084967,45.519700000174396],[-73.87330000065462,45.51969999968461],[-73.87280000041908,45.519700000252094],[-73.87260000078018,45.51960000020646],[-73.87229999988854,45.519600000233424],[-73.87189999912641,45.51960000024212],[-73.8716000007949,45.519600000221985],[-73.87150000077264,45.5195000004422],[-73.87069999938835,45.51950000065446],[-73.87019999964281,45.51950000063782],[-73.86969999942117,45.51960000043322],[-73.8692999998429,45.5195000001325],[-73.86909999917931,45.51950000045928],[-73.86890000040583,45.51940000022871],[-73.86880000040567,45.51930000078173],[-73.8686000000464,45.51899999961342],[-73.8680999990852,45.51889999919777],[-73.86780000064871,45.51879999978509],[-73.86649999950345,45.518999999686706],[-73.86629999943332,45.51889999939914],[-73.86539999941014,45.51909999917861],[-73.86529999984212,45.51920000067398],[-73.86479999999975,45.51930000062061],[-73.86450000070809,45.519300000853505],[-73.86400000017879,45.519300000696035],[-73.86369999960563,45.519300000631645],[-73.86359999955961,45.5189999998187],[-73.86360000037364,45.51879999939671],[-73.86380000065158,45.51849999995995],[-73.86410000037992,45.51799999955795],[-73.86459999963229,45.51799999928057],[-73.86440000008422,45.51789999924722],[-73.86419999996785,45.517899999092016],[-73.86400000020514,45.5177999992572],[-73.86390000021919,45.51769999999285],[-73.86359999918719,45.51769999966817],[-73.8634000000593,45.517500000343844],[-73.86319999929232,45.51740000000465],[-73.86270000044007,45.517200000876805],[-73.86240000012214,45.51689999937243],[-73.86220000012763,45.516599999473364],[-73.86179999972343,45.5164000005058],[-73.861499999837,45.516200000452095],[-73.86119999952145,45.51600000050487],[-73.86069999969095,45.515799998877554],[-73.86040000015697,45.51569999977885],[-73.85980000029107,45.51559999948301],[-73.85909999980824,45.51539999972925],[-73.85869999971675,45.515200000663256],[-73.8584999999782,45.51500000077522],[-73.85840000057684,45.515000000523855],[-73.85819999963407,45.51490000038714],[-73.85810000041391,45.51490000077244],[-73.85799999939299,45.514799998996544],[-73.85779999987072,45.51469999905151],[-73.85749999942523,45.51469999890307],[-73.85719999989645,45.514599999480566],[-73.85720000044581,45.514399999807466],[-73.85730000026457,45.51420000052972],[-73.85729999972315,45.51410000023967],[-73.85710000009205,45.51400000085715],[-73.85699999990024,45.51400000028267],[-73.85699999989801,45.51390000088733],[-73.85709999972876,45.51380000116594],[-73.85709999935843,45.513599999668074],[-73.85699999987716,45.51349999968908],[-73.85669999994127,45.513399999834235],[-73.85659999896293,45.51329999950632],[-73.8565999996767,45.51320000009655],[-73.85630000073321,45.5130000006719],[-73.85620000018842,45.51270000115489],[-73.85620000047012,45.51249999961676],[-73.85599999923485,45.51219999943785],[-73.85589999976327,45.51199999994315],[-73.8556000008683,45.51200000020033],[-73.85539999989588,45.51199999993937],[-73.85509999971873,45.51199999978719],[-73.85489999962317,45.511600000917475],[-73.8551999997045,45.51070000029938],[-73.85579999998636,45.51029999966746],[-73.85630000015009,45.51009999989595],[-73.85659999993786,45.510000000132635],[-73.85679999973034,45.50980000026286],[-73.85699999938817,45.50960000003613],[-73.85740000024481,45.50929999888348],[-73.8578999999896,45.50909999927196],[-73.8582000001181,45.50909999926773],[-73.85839999990773,45.50899999964663],[-73.85859999982176,45.50869999980165],[-73.85859999960326,45.50860000031385],[-73.85899999992174,45.50840000019845],[-73.85929999963713,45.508099999719214],[-73.85979999944047,45.50699999885927],[-73.85980000037999,45.50659999987215],[-73.85980000029494,45.506100000427935],[-73.8596999999894,45.505799999111844],[-73.85959999956562,45.505699999476576],[-73.859599999493,45.50550000039269],[-73.85960000002636,45.505200000851865],[-73.85950000084227,45.50510000021494],[-73.85949999984571,45.50489999931328],[-73.85960000049718,45.50469999948378],[-73.85970000001205,45.50460000002356],[-73.85970000044425,45.5044999995619],[-73.85979999995111,45.504199999981026],[-73.8601000001285,45.5039000007753],[-73.86009999985441,45.5037999994037],[-73.86039999918951,45.50369999944566],[-73.86079999971318,45.50359999962754],[-73.8612999994385,45.503599999383184],[-73.86190000052936,45.50350000003748],[-73.86250000010112,45.503299999760706],[-73.86280000029943,45.503100000200604],[-73.86319999938662,45.50290000048085],[-73.86340000071922,45.50269999869494],[-73.86329999992914,45.50220000025125],[-73.86319999916303,45.50120000000008],[-73.86330000094524,45.50070000061808],[-73.86319999896341,45.50009999957828],[-73.86300000008687,45.499399998908814],[-73.86280000072546,45.49899999948742],[-73.86259999989193,45.498700000256946],[-73.86219999991977,45.4986000008405],[-73.86160000054504,45.49840000105026],[-73.86149999956928,45.49819999968098],[-73.86100000003236,45.49789999998164],[-73.86099999901232,45.49770000062702],[-73.86099999953868,45.49730000098887],[-73.86099999957146,45.496799999828994],[-73.86120000004973,45.49630000077534],[-73.86139999956067,45.49579999953074],[-73.8618000000778,45.495500000231026],[-73.86229999954008,45.49540000038206],[-73.8625999990912,45.49530000079237],[-73.86280000013231,45.49510000068914],[-73.86299999993419,45.49499999906186],[-73.86319999925286,45.49469999942013],[-73.86330000039713,45.49460000022496],[-73.86330000025825,45.49439999985135],[-73.86340000069735,45.49430000056557],[-73.86349999949776,45.494200000295834],[-73.863499999945,45.4940000008061],[-73.8636999997422,45.493899998833285],[-73.8636999994881,45.49369999933523],[-73.86400000034823,45.4935999996329],[-73.86419999914038,45.49349999948012],[-73.8641999994117,45.49339999972361],[-73.86400000029275,45.493200000607125],[-73.86410000039012,45.49300000092563],[-73.86420000005089,45.49269999958331],[-73.86419999933294,45.49250000004453],[-73.86400000021749,45.492399999771855],[-73.86380000053526,45.492300000048985],[-73.86370000026469,45.49220000016843],[-73.86370000015586,45.49210000039046],[-73.86380000067366,45.49190000093167],[-73.86380000009821,45.491699999564844],[-73.86399999958562,45.49149999993726],[-73.8639999995963,45.491299999454355],[-73.86409999974336,45.49120000040157],[-73.86410000021706,45.49110000060415],[-73.86449999957,45.49090000040126],[-73.86480000004916,45.49070000054509],[-73.86509999971622,45.49070000130748],[-73.86529999911102,45.490599999174805],[-73.86549999981149,45.4905999991921],[-73.86570000050975,45.49059999885925],[-73.8658000002213,45.49059999901346],[-73.8658999999323,45.490599999080125],[-73.86610000013174,45.49049999914158],[-73.86629999962805,45.490399999753116],[-73.86649999976935,45.490200000198506],[-73.86679999970596,45.49000000046479],[-73.86680000053231,45.48990000064475],[-73.86690000028425,45.489900000735545],[-73.86699999922985,45.48980000092221],[-73.86719999977711,45.489700000841744],[-73.8673999996213,45.48960000131139],[-73.86730000033145,45.489499999132846],[-73.86730000027859,45.4893999993068],[-73.86750000016562,45.4892999995958],[-73.86749999976107,45.489199999767344],[-73.86769999986568,45.48909999970187],[-73.86789999943755,45.48890000035087],[-73.86799999997832,45.48890000037579],[-73.86819999977892,45.488900000167135],[-73.8682999997816,45.48880000009425],[-73.86839999943682,45.48870000083298],[-73.86849999950691,45.488399999095385],[-73.86859999938308,45.488299999651204],[-73.86870000017936,45.48819999921489],[-73.86830000010967,45.48789999968249],[-73.86719999973742,45.48689999974493],[-73.86699999960844,45.48709999974227],[-73.86690000029321,45.48719999960452],[-73.86680000020179,45.48719999951528],[-73.86670000010983,45.48719999933849],[-73.86660000008631,45.487299998938575],[-73.86639999927944,45.4874000007116],[-73.86610000015719,45.48760000038427],[-73.86600000092974,45.48770000034919],[-73.86580000032079,45.48760000045071],[-73.86560000000647,45.48760000095848],[-73.86529999950756,45.4874000008936],[-73.86500000073126,45.487400000655335],[-73.86490000065493,45.48729999904003],[-73.86470000011897,45.487299998872615],[-73.86440000059602,45.48729999886064],[-73.86409999929054,45.48740000062842],[-73.86380000075162,45.48750000069777],[-73.86370000018785,45.48760000045447],[-73.86359999927069,45.487700000122956],[-73.86350000056458,45.4878000005949],[-73.86340000068957,45.487800000227814],[-73.8631999996644,45.48780000013494],[-73.86309999951573,45.48770000055066],[-73.86290000005016,45.48780000068262],[-73.86279999991997,45.487899999644576],[-73.86269999987576,45.48790000046488],[-73.86250000027175,45.48799999989331],[-73.86189999978818,45.48829999967124],[-73.86180000031055,45.488299999701766],[-73.86170000083239,45.48829999964477],[-73.86160000026314,45.48839999934817],[-73.86149999932763,45.48839999912066],[-73.86139999952411,45.488500001344285],[-73.86129999968988,45.48850000093819],[-73.86119999986083,45.48850000134437],[-73.861100000611,45.48860000060225],[-73.86099999932462,45.48860000083792],[-73.86089999931701,45.48860000098201],[-73.8607999993646,45.48870000087749],[-73.86060000027206,45.48870000072499],[-73.86039999989804,45.488700000226345],[-73.86019999952758,45.488700000277355],[-73.86019999980203,45.48880000011375],[-73.8601000007212,45.48880000045437],[-73.86000000036054,45.48880000071146],[-73.85989999973827,45.48889999981745],[-73.8597999991996,45.48889999989999],[-73.85969999993965,45.48889999989097],[-73.85960000067918,45.4888999997944],[-73.85950000046184,45.48900000034679],[-73.85909999937383,45.489199999309285],[-73.85850000012675,45.4894999991548],[-73.85799999945397,45.48990000083648],[-73.85779999970892,45.49009999991222],[-73.85759999983541,45.49029999953089],[-73.85739999947958,45.49070000110208],[-73.85730000043996,45.49100000019066],[-73.8569000000692,45.49130000016607],[-73.85649999929613,45.49159999962568],[-73.85629999959195,45.491900000295836],[-73.85589999946507,45.49230000009484],[-73.85560000095334,45.49269999944427],[-73.85529999950299,45.493100000686056],[-73.85469999975746,45.49349999991247],[-73.85440000020189,45.49379999898058],[-73.85439999984413,45.49410000091685],[-73.85419999945583,45.49430000074032],[-73.85419999931479,45.494599999950026],[-73.85400000069336,45.494699999668924],[-73.8535000004583,45.49580000000756],[-73.85439999897683,45.49740000046964],[-73.85470000059877,45.49780000027368],[-73.85480000041184,45.49829999942772],[-73.85500000076365,45.49870000029872],[-73.85500000003947,45.49909999983527],[-73.85549999988191,45.49950000108545],[-73.85580000048618,45.49960000072644],[-73.85639999963827,45.49960000105602],[-73.85700000006767,45.4996000009295],[-73.85740000065337,45.499500001245345],[-73.85799999966976,45.49939999892047],[-73.8583000007468,45.49939999954538],[-73.85870000009223,45.49970000020276],[-73.85910000059587,45.500199999616875],[-73.85929999982291,45.500600000931584],[-73.85930000019911,45.50100000033455],[-73.85910000030181,45.501300000013096],[-73.85890000084699,45.501599999324114],[-73.85859999990333,45.50180000039368],[-73.85819999997572,45.50200000024264],[-73.8581000003662,45.50219999983762],[-73.85819999974389,45.50249999914564],[-73.85799999988679,45.50269999902615],[-73.85800000064823,45.50290000090494],[-73.85769999956055,45.503299999632056],[-73.85739999996618,45.50379999891193],[-73.85710000029361,45.50439999962288],[-73.85709999925187,45.50469999920601],[-73.8573000000068,45.50500000055199],[-73.85730000004686,45.50530000010031],[-73.85719999991072,45.505300000602126],[-73.85709999986013,45.50540000056211],[-73.85710000003554,45.505599999648304],[-73.8568999999779,45.50560000021342],[-73.85679999970552,45.50579999944503],[-73.85670000062406,45.5058999990429],[-73.856599999915,45.505999999456364],[-73.85659999913474,45.50610000079214],[-73.856499999489,45.506300000641325],[-73.85649999980325,45.50640000016871],[-73.85659999933142,45.506400000281815],[-73.85680000011263,45.50599999941625],[-73.8569000004722,45.505899999728584],[-73.85700000047247,45.5057999990529],[-73.85710000022098,45.5057999996273],[-73.85719999996329,45.50579999921438],[-73.85720000023753,45.50589999965063],[-73.85730000060305,45.50599999868374],[-73.85749999986717,45.506200000986006],[-73.85780000000368,45.50630000066128],[-73.85799999953113,45.506500000277335],[-73.85799999994408,45.50659999980118],[-73.85819999919758,45.506699999535904],[-73.85830000020555,45.50679999947755],[-73.85840000013432,45.50699999885151],[-73.85849999947607,45.50709999951795],[-73.85830000049732,45.507099998931025],[-73.85800000033429,45.5073000009261],[-73.85780000072084,45.507400000776435],[-73.85769999931426,45.50750000032906],[-73.85720000019526,45.5077000000204],[-73.85670000009662,45.507899999318504],[-73.85659999970706,45.50799999969557],[-73.85630000030005,45.50799999909535],[-73.85610000032845,45.50809999955684],[-73.85599999906717,45.50809999901113],[-73.85590000037051,45.5080999992697],[-73.855999999999,45.50770000010378],[-73.85599999927061,45.50759999970068],[-73.85610000040397,45.50740000033055],[-73.85610000078715,45.50730000081857],[-73.85619999975005,45.507099999557354],[-73.8565000001186,45.506499999694356],[-73.85630000064357,45.506700000054416],[-73.85610000102827,45.506899999157724],[-73.85599999949538,45.50709999944658],[-73.85600000022404,45.50720000075827],[-73.85599999966271,45.507300000272544],[-73.85589999963499,45.50750000045504],[-73.85590000017956,45.507599999960604],[-73.85589999999789,45.50779999987027],[-73.85580000055216,45.50780000004369],[-73.85560000039598,45.50789999963379],[-73.85530000024713,45.507900000008966],[-73.85509999971487,45.5078999992228],[-73.85500000009345,45.50789999959623],[-73.85479999945018,45.5079999995849],[-73.8546000001859,45.50819999871379],[-73.85450000068018,45.50830000084337],[-73.85450000067452,45.50850000072748],[-73.8543999991665,45.50860000007088],[-73.854399999632,45.50870000045701],[-73.85429999916468,45.508900000090144],[-73.85420000043669,45.50899999924272],[-73.85399999985326,45.50899999922987],[-73.85390000084334,45.50899999953807],[-73.85369999999241,45.509199998860076],[-73.85359999968205,45.50929999928655],[-73.8531000003214,45.509600000234194],[-73.85270000014722,45.5100999996338],[-73.85189999973142,45.51050000099921],[-73.85180000005685,45.5107000001767],[-73.85149999957822,45.51079999992],[-73.8514000005252,45.51099999963456],[-73.85120000042389,45.51119999990443],[-73.85109999983716,45.51129999900718],[-73.85080000057636,45.51149999903495],[-73.85060000010047,45.51149999936674],[-73.85039999944009,45.51160000058483],[-73.85010000011316,45.51160000079621],[-73.84989999928129,45.51160000080325],[-73.8496999995804,45.51170000079086],[-73.84960000057967,45.511800000366165],[-73.84929999975802,45.512000000040295],[-73.84910000014095,45.512099999869704],[-73.84879999980356,45.51230000001803],[-73.84869999943344,45.512399999698665],[-73.8487999997153,45.512599999178704],[-73.84889999944055,45.51280000036566],[-73.84889999916953,45.51290000067953],[-73.84889999990503,45.51310000039828],[-73.84880000041447,45.51329999955583],[-73.84880000036354,45.5135999995637],[-73.84869999960141,45.51359999892356],[-73.84860000061022,45.513699999389274],[-73.84869999965441,45.513800000419465],[-73.84860000031114,45.51390000088273],[-73.8483000001936,45.514100000552865],[-73.84809999955814,45.51440000007167],[-73.84719999961698,45.515799999345994],[-73.84709999963202,45.51600000052053],[-73.84610000006616,45.51689999910988],[-73.84460000021423,45.517300000657855],[-73.84299999971206,45.51730000022052],[-73.8411000002888,45.517200000499344],[-73.8406999993084,45.51710000079931],[-73.83760000078543,45.516899998802046],[-73.83690000038312,45.516799999174644],[-73.83600000020937,45.5166999997158],[-73.83540000077902,45.51649999970608],[-73.83490000075713,45.51649999995013],[-73.83389999943307,45.51650000017511],[-73.83300000015947,45.51649999981575],[-73.83229999987564,45.5165000001353],[-73.83219999947902,45.51640000009886],[-73.83180000004877,45.51659999965257],[-73.83160000055202,45.51669999935074],[-73.8313000003242,45.51679999902046],[-73.83090000001329,45.51700000080962],[-73.8302999990266,45.517000000601165],[-73.8296999996464,45.517100001072066],[-73.82870000066768,45.517000000522415],[-73.8282000008902,45.51679999975592],[-73.8277000002124,45.51650000015144],[-73.82740000021647,45.51620000028987],[-73.82690000016294,45.51590000075056],[-73.82670000062261,45.51579999946808],[-73.82650000027725,45.51579999899435],[-73.82620000040586,45.51579999942501],[-73.82589999927603,45.515699999712844],[-73.82489999984735,45.51559999917035],[-73.82469999939627,45.51539999951951],[-73.82470000027158,45.51530000015168],[-73.82469999986279,45.51519999988591],[-73.82459999988818,45.515100000372314],[-73.82440000087249,45.51500000044702],[-73.82430000020145,45.51500000094149],[-73.82419999920015,45.51479999900367],[-73.82399999983882,45.51479999864949],[-73.82409999954118,45.51469999904461],[-73.82400000023695,45.51459999899529],[-73.82380000022481,45.51449999981344],[-73.82359999936764,45.51449999966309],[-73.82339999975801,45.51429999949559],[-73.82329999984792,45.514199999728184],[-73.82320000059357,45.514200000155626],[-73.82290000049817,45.514100000633356],[-73.82270000036506,45.51400000041731],[-73.82249999999878,45.51400000013944],[-73.82239999982004,45.514000000769],[-73.82199999908997,45.514000000612235],[-73.8219999996363,45.5139000003214],[-73.82189999963227,45.51390000051277],[-73.82169999962272,45.5139000006329],[-73.82149999961123,45.51390000040286],[-73.82139999994,45.51380000076447],[-73.82140000026082,45.51369999867119],[-73.82150000007312,45.513599999523436],[-73.82160000080647,45.51349999938388],[-73.82150000022905,45.51349999922675],[-73.82149999926905,45.51329999953161],[-73.82160000077212,45.513299999686105],[-73.821499999433,45.51320000012952],[-73.82139999972846,45.51310000047909],[-73.82120000068527,45.51300000031622],[-73.82110000058688,45.51290000040083],[-73.82090000027725,45.51290000002126],[-73.82079999961206,45.51280000074297],[-73.82070000057632,45.512700000471014],[-73.82040000008372,45.51259999885808],[-73.82019999956033,45.512599999053265],[-73.82000000031489,45.51259999889471],[-73.81969999953097,45.512599999355395],[-73.81950000028583,45.51259999922124],[-73.8191999994998,45.51259999926862],[-73.81909999994959,45.51270000091869],[-73.81900000003549,45.512800000680734],[-73.81890000070061,45.51280000094364],[-73.81880000008032,45.51280000022275],[-73.81840000017944,45.51280000095569],[-73.81810000024801,45.513099999930056],[-73.81800000041838,45.513199999709066],[-73.81790000010069,45.513399999699246],[-73.81789999996225,45.513499999097185],[-73.81800000058128,45.51359999910209],[-73.81790000071831,45.51390000026716],[-73.81769999894848,45.514000000875996],[-73.8174000002121,45.514200000360844],[-73.81720000033185,45.51430000008357],[-73.81699999974221,45.51439999945627],[-73.81700000014234,45.51459999911302],[-73.81680000070162,45.514699999026824],[-73.81690000022964,45.51479999907686],[-73.81679999962192,45.51500000074771],[-73.81670000085883,45.51520000051912],[-73.81660000011075,45.51540000020143],[-73.81580000058968,45.51559999977457],[-73.81500000065716,45.51569999978083],[-73.8145000000559,45.51569999981673],[-73.81409999969462,45.515499999370824],[-73.8138000001423,45.51549999962878],[-73.81339999990368,45.51559999930924],[-73.8131999995145,45.51569999920296],[-73.81250000021302,45.51569999966358],[-73.81239999996257,45.51579999899361],[-73.81230000043286,45.515799998877775],[-73.81219999962772,45.515799999577716],[-73.81200000025495,45.51590000096324],[-73.81190000054625,45.515900000497695],[-73.81180000084204,45.51590000084442],[-73.81170000028104,45.516000000458725],[-73.8115000004467,45.51590000136288],[-73.81140000063284,45.51600000071245],[-73.81120000086504,45.51600000044391],[-73.81109999970548,45.51600000108163],[-73.81080000016918,45.51610000090982],[-73.81070000004475,45.51620000054364],[-73.81059999980855,45.51620000074109],[-73.81039999932975,45.51619999997356],[-73.81029999960366,45.516300000154125],[-73.81010000005767,45.516300000658454],[-73.80989999922494,45.516299999916235],[-73.80960000054209,45.516299999939065],[-73.80939999971459,45.5163000001211],[-73.80909999975471,45.516300000633926],[-73.80869999937835,45.51630000069315],[-73.8084000006936,45.516300000263946],[-73.80829999947056,45.51620000000344],[-73.80810000027994,45.51620000060445],[-73.80790000098803,45.516100000607054],[-73.8077999997294,45.516000000805356],[-73.80750000008113,45.51600000071476],[-73.80720000029595,45.51590000048458],[-73.8070999993146,45.51590000121942],[-73.80680000075981,45.51579999903393],[-73.80669999995374,45.51579999941815],[-73.8064999994443,45.51569999966566],[-73.80640000009608,45.51559999952631],[-73.80640000010408,45.515500000167336],[-73.80640000010813,45.51539999990677],[-73.8063000000087,45.51539999993898],[-73.8063000003787,45.51520000031149],[-73.8061000001501,45.515100000747466],[-73.80600000001697,45.51500000024968],[-73.80590000024343,45.51490000056148],[-73.8057000005003,45.514799999390895],[-73.80549999986502,45.51479999904333],[-73.805499999551,45.514900001114775],[-73.80540000033301,45.5149000003568],[-73.80539999954912,45.51479999918813],[-73.80530000051266,45.51479999924197],[-73.80520000019585,45.51479999921171],[-73.80509999987859,45.51479999909391],[-73.80499999964115,45.51490000095888],[-73.80479999993486,45.514900001182866],[-73.80460000022671,45.51490000105669],[-73.80439999923688,45.514900000583765],[-73.80419999952996,45.51490000065708],[-73.80410000007312,45.51500000083032],[-73.80280000032435,45.51510000000311],[-73.80209999945866,45.515000000358675],[-73.80130000041461,45.51510000070697],[-73.80110000043555,45.51500000048556],[-73.80070000018401,45.514900001057754],[-73.80050000047723,45.51490000095176],[-73.80039999958443,45.51500000058867],[-73.80030000076866,45.51490000049558],[-73.80030000005836,45.514799999327465],[-73.8000000003907,45.51479999933671],[-73.80000000021745,45.51469999906531],[-73.79999999987847,45.514499999417076],[-73.79999999971274,45.51440000004023],[-73.79990000012515,45.514200000207886],[-73.79979999996928,45.51400000028252],[-73.79959999942305,45.51380000072934],[-73.7994999992029,45.51349999933496],[-73.79950000010768,45.51320000024329],[-73.79949999955467,45.51309999994489],[-73.79939999931652,45.512999999934614],[-73.79949999973601,45.512900000239334],[-73.79949999936775,45.51259999931975],[-73.7995000002923,45.51229999928083],[-73.79930000027507,45.511999999722725],[-73.79929999990973,45.511800000879916],[-73.79929999954325,45.511600001130255],[-73.79919999975927,45.511499999117945],[-73.799100000516,45.51129999938315],[-73.79910000086697,45.51109999961413],[-73.79919999974966,45.51089999981358],[-73.79910000030002,45.51070000005837],[-73.79900000028684,45.510500001109996],[-73.79880000023229,45.510399999482324],[-73.79849999959183,45.51029999970705],[-73.79839999956353,45.51029999912275],[-73.79829999953952,45.510299999350764],[-73.79820000001077,45.51019999913942],[-73.79800000031467,45.510199999156825],[-73.79789999918619,45.510199999037546],[-73.79779999934178,45.51019999972721],[-73.79769999959915,45.510099999976894],[-73.79760000021115,45.51000000013638],[-73.79760000049228,45.50989999977999],[-73.7975000003571,45.50979999985042],[-73.79750000082186,45.50970000038989],[-73.7973999993015,45.50970000073382],[-73.79699999982158,45.509400001029015],[-73.79679999911822,45.50940000074788],[-73.79660000019597,45.50950000047625],[-73.79629999928586,45.50940000120759],[-73.79590000043866,45.50940000053685],[-73.79560000002706,45.509400000692615],[-73.79540000060518,45.50940000065647],[-73.79510000019165,45.509400000398934],[-73.79449999937138,45.509400001119495],[-73.79429999967113,45.5092999987924],[-73.79390000025934,45.50929999921827],[-73.79360000038062,45.509299999519136],[-73.79289999945922,45.5091999991925],[-73.79149999994732,45.50900000005716],[-73.79059999986154,45.508900000012325],[-73.79030000040268,45.50899999921633],[-73.7901000003453,45.50909999927111],[-73.78990000070911,45.509099999504095],[-73.78950000031925,45.50929999875781],[-73.78920000024796,45.5091999988346],[-73.78880000026831,45.50919999939991],[-73.78840000028634,45.509199999464386],[-73.7881999999946,45.50929999888879],[-73.78790000011995,45.50929999951698],[-73.78749999917767,45.50940000039633],[-73.78730000043096,45.509500000936875],[-73.78699999962811,45.509600000464644],[-73.78660000065318,45.50960000052211],[-73.7862999991824,45.509600000551444],[-73.78600000062158,45.509500000324444],[-73.78559999979646,45.50950000048422],[-73.78529999917262,45.509400001121875],[-73.78509999975351,45.50940000104863],[-73.78469999963494,45.50940000075465],[-73.78449999976806,45.5095000008944],[-73.78419999912649,45.50960000026642],[-73.78380000015362,45.50960000041729],[-73.78360000002698,45.509600000418956],[-73.78340000006483,45.50970000042895],[-73.78309999934243,45.509700000150765],[-73.78270000073846,45.50960000058915],[-73.7824999994848,45.50950000100667],[-73.78209999993865,45.50950000060512],[-73.78190000010193,45.5094000008668],[-73.7816000001522,45.50929999898296],[-73.78129999999565,45.5091999990096],[-73.78049999975454,45.50899999936645],[-73.779399999761,45.508899999786074],[-73.77929999908373,45.5088000001072],[-73.77739999944373,45.508699999843884],[-73.77690000054079,45.50860000049401],[-73.7763000005513,45.5086000000989],[-73.77620000077842,45.50850000039872],[-73.77569999996958,45.50850000067573],[-73.77509999976375,45.50850000027698],[-73.77440000102348,45.508600000701094],[-73.77390000057491,45.50869999977228],[-73.77319999979225,45.50880000004254],[-73.77260000024218,45.50880000000808],[-73.77199999941061,45.50879999952465],[-73.77170000083092,45.5088999993679],[-73.77139999991049,45.50899999932686],[-73.77109999934189,45.5091999988612],[-73.77080000000576,45.50919999957046],[-73.77059999980875,45.50940000093357],[-73.77029999940703,45.50950000069274],[-73.77020000062446,45.509600000072915],[-73.76989999916098,45.50960000022306],[-73.76960000025778,45.509600000479125],[-73.7694000001366,45.50960000081401],[-73.7692000000138,45.50960000079873],[-73.7687999998605,45.509500000258605],[-73.76850000020829,45.50950000032706],[-73.76820000043732,45.50940000104723],[-73.76779999904926,45.50940000096643],[-73.76740000021859,45.50940000037877],[-73.76699999938872,45.509500000554965],[-73.76649999931095,45.5096999999677],[-73.76609999963979,45.50970000022867],[-73.76579999991768,45.509799999859865],[-73.76499999915964,45.50980000038072],[-73.76339999938936,45.51009999916051],[-73.76659999992938,45.51320000026026],[-73.76680000070262,45.51349999940352],[-73.766400000515,45.51359999920267],[-73.76300000060515,45.51019999970933],[-73.7604999998486,45.50799999900569],[-73.75839999943615,45.50860000000806],[-73.75820000030068,45.50860000052778],[-73.75729999910695,45.50900000002605],[-73.75700000083326,45.50899999958396],[-73.75580000067605,45.50830000084093],[-73.75440000026063,45.506899999393504],[-73.75310000033838,45.505300000120414],[-73.75299999893559,45.50530000028797],[-73.75310000022952,45.50349999927298],[-73.75349999910996,45.502900000331614],[-73.75450000037614,45.502100000018096],[-73.75549999978583,45.50290000044265],[-73.75569999921655,45.50290000104877],[-73.75569999952286,45.502800000573544],[-73.75589999982655,45.50269999945132],[-73.75619999918486,45.50269999917816],[-73.75660000045791,45.50249999932495],[-73.75729999969059,45.503100000523396],[-73.75880000028752,45.502399999244545],[-73.75940000046582,45.50269999941232],[-73.7599000002082,45.50239999975318],[-73.7600000001747,45.5021000001897],[-73.7610999992155,45.50159999927813],[-73.76279999919846,45.5026999989636],[-73.7639999999368,45.502100000534504],[-73.76549999934025,45.50319999997021],[-73.76570000008216,45.50340000019767],[-73.7659999993707,45.50369999897376],[-73.76859999958593,45.50340000009398],[-73.76890000017269,45.5035999997881],[-73.76969999971912,45.50410000033938],[-73.77070000072639,45.50359999923249],[-73.77090000034511,45.50349999975624],[-73.77089999959787,45.50329999972418],[-73.77100000002373,45.503300000085325],[-73.77109999908075,45.503199999892686],[-73.77200000050848,45.50300000017637],[-73.77259999986984,45.503000000658666],[-73.77259999969154,45.50290000108397],[-73.77089999941919,45.50149999910428],[-73.77180000006008,45.5011999994995],[-73.77370000032828,45.500600001263535],[-73.772000000419,45.49929999943452],[-73.77340000093244,45.49850000027534],[-73.77370000022012,45.498400001177934],[-73.77390000035186,45.49840000051004],[-73.77429999924766,45.49860000013333],[-73.77520000018242,45.49919999921919],[-73.7759999991784,45.499800000659015],[-73.7762000005584,45.49990000009063],[-73.7762999997791,45.499800000683635],[-73.77649999913295,45.49990000049477],[-73.77700000038179,45.50029999971114],[-73.77730000011998,45.50049999905222],[-73.77740000041459,45.500600000627095],[-73.778000000374,45.500999999991016],[-73.77910000029495,45.500399999680674],[-73.77920000037794,45.50029999954092],[-73.77950000064632,45.50010000001234],[-73.78040000000779,45.499700000428746],[-73.78050000045879,45.499700000571245],[-73.78089999945497,45.50000000006433],[-73.78309999990867,45.49929999932584],[-73.78620000059951,45.501299999240025],[-73.78620000020283,45.50190000044422],[-73.7857999991913,45.502100000496185],[-73.78550000044609,45.502100000220494],[-73.78540000066248,45.5021999995449],[-73.78519999931717,45.5023000001425],[-73.78499999981757,45.50239999948367],[-73.78449999951758,45.502599999658756],[-73.78429999986176,45.502599999087124],[-73.78519999989132,45.50359999913897],[-73.78650000099854,45.50390000123197],[-73.78670000013364,45.50390000065287],[-73.78899999965991,45.50459999942636],[-73.79039999975275,45.50450000010755],[-73.79049999974212,45.504499999596035],[-73.79059999973572,45.504499999896794],[-73.7909000009889,45.50449999937073],[-73.7910000002048,45.50439999977198],[-73.79100000070942,45.50430000021762],[-73.790899999792,45.5043000002694],[-73.79429999988021,45.502299999428956],[-73.80060000004251,45.49919999969526],[-73.80179999895728,45.5003999995099],[-73.80910000064642,45.49689999998991],[-73.81019999974373,45.4968999993264],[-73.81070000081222,45.497199999151874],[-73.81160000030101,45.49809999947688],[-73.81180000025218,45.49829999926687],[-73.81199999986207,45.49860000015823],[-73.81290000042205,45.49939999937657],[-73.81290000009787,45.499600000459814],[-73.8132000000191,45.49970000039626],[-73.81439999946167,45.50119999978036],[-73.81450000001347,45.50119999985241],[-73.81479999979682,45.50149999927585],[-73.81469999999496,45.501499999464315],[-73.81430000011555,45.501800000855674],[-73.81460000075872,45.50209999987079],[-73.81510000013812,45.501900000194325],[-73.81510000005524,45.5020000006931],[-73.81519999946076,45.50200000015564],[-73.81519999955088,45.50209999975235],[-73.81479999997954,45.502299999671024],[-73.81520000012159,45.50269999909547],[-73.81570000011777,45.502499999511826],[-73.81560000062743,45.50259999917561],[-73.81580000028814,45.502599998935196],[-73.81589999948301,45.50259999958527],[-73.81630000060267,45.503000000533945],[-73.81790000022244,45.504699999509484],[-73.818000000571,45.5046999992181],[-73.81809999990891,45.504899998840244],[-73.81890000008238,45.5056999997874],[-73.81900000055887,45.5058999994837],[-73.81929999973701,45.506100000819316],[-73.81940000000846,45.50610000110242],[-73.82249999970928,45.50469999902512],[-73.82599999983141,45.50280000108189],[-73.82660000024582,45.50249999990435],[-73.82689999951607,45.50239999972652],[-73.82769999986716,45.502000000119175],[-73.8287000003773,45.50159999904654],[-73.82940000044738,45.501199999833425],[-73.8302999993304,45.50070000074793],[-73.83240000026215,45.499900000496375],[-73.83330000044532,45.49929999960092],[-73.8354000004078,45.49829999955624],[-73.83549999983768,45.49840000070816],[-73.8359000002024,45.498700000258246],[-73.83800000046395,45.49779999966932],[-73.83760000043445,45.49740000054443],[-73.83719999985128,45.496600000323326],[-73.83529999997505,45.49460000015024],[-73.83550000062448,45.49449999987422],[-73.83559999926011,45.49440000064214],[-73.83569999929088,45.49440000015191],[-73.83579999995442,45.49430000073694],[-73.83590000025914,45.49420000033389],[-73.83619999922155,45.49410000077667],[-73.83700000057011,45.49359999957581],[-73.83729999952321,45.49349999981818],[-73.83739999960687,45.49339999988788],[-73.83750000024641,45.49350000027059],[-73.83750000042825,45.493399999619015],[-73.8381000001907,45.493100000517664],[-73.83849999977822,45.49300000031742],[-73.8388999997722,45.492699999187764],[-73.83999999965602,45.492200000646626],[-73.8403999999402,45.49200000029691],[-73.84130000105456,45.491499999192094],[-73.8427999998652,45.49080000103051],[-73.84630000073423,45.48909999956178],[-73.8481000004291,45.488099999305845],[-73.84860000073975,45.48790000005053],[-73.84910000007227,45.48770000040189],[-73.8492999992919,45.487600000138016],[-73.84930000041334,45.48750000117796],[-73.85049999952678,45.48680000041007],[-73.85009999997956,45.4860999996543],[-73.85020000021544,45.48599999918288],[-73.85010000069238,45.4858999998846],[-73.849399999892,45.48480000000566],[-73.8486000004262,45.48359999947297],[-73.84809999981749,45.482899999514636],[-73.84770000017068,45.48230000062899],[-73.84730000008567,45.48169999938179],[-73.84719999927133,45.48159999927412],[-73.84679999976721,45.48090000072915],[-73.84640000004676,45.48029999978316],[-73.84569999991024,45.4798000004388],[-73.84640000064995,45.47929999986358],[-73.84720000004535,45.47890000060309],[-73.84690000006688,45.47859999869656],[-73.84669999973575,45.47839999937986],[-73.8465999994621,45.47829999958793],[-73.84669999915275,45.47829999936438],[-73.84830000021007,45.47780000084671],[-73.84860000027128,45.4776000007866],[-73.8491000007996,45.477399998965424],[-73.84949999956045,45.47770000058388],[-73.8492999995064,45.4772999994192],[-73.85639999969794,45.47379999974639],[-73.85689999996843,45.47389999993622],[-73.8569999996154,45.47330000088047],[-73.85450000058985,45.470599999686726],[-73.8548999996482,45.47029999982095],[-73.85670000043321,45.46890000033022],[-73.85739999976792,45.4683999997609],[-73.86039999949429,45.4659999999348],[-73.85989999927978,45.46560000071513],[-73.86290000011034,45.46379999959364],[-73.86669999983171,45.46089999933837],[-73.8664999992521,45.46059999954584],[-73.86620000002905,45.46040000000837],[-73.86610000065598,45.46000000065503],[-73.86970000031184,45.45810000069662],[-73.872600000288,45.45680000052488],[-73.88120000028998,45.45269999990157],[-73.88440000038139,45.4525000002134],[-73.88479999992477,45.4521999990441],[-73.88559999913515,45.45170000014419],[-73.8880999994951,45.449399999968826],[-73.8915000000731,45.44789999897268],[-73.89199999980897,45.447300000393284],[-73.89209999968496,45.44730000001078],[-73.89199999956634,45.44740000006172],[-73.89209999955426,45.44749999934472],[-73.89219999978927,45.44749999977331],[-73.8923000000237,45.447500000114374],[-73.89230000100719,45.44739999954523],[-73.89239999978597,45.44739999980372],[-73.89240000060019,45.447300000133254],[-73.8923000004335,45.44720000021014],[-73.8926999995252,45.447100000133915],[-73.89310000062478,45.44690000077303],[-73.8930000001769,45.446900001133194],[-73.8930999997801,45.44669999962137],[-73.8941999995646,45.446699998897024],[-73.89510000068476,45.44690000041053],[-73.89809999975857,45.44759999938994],[-73.89840000014404,45.44749999938778],[-73.89869999947146,45.44739999949937],[-73.900299999657,45.447200000355274],[-73.90040000010002,45.44710000023046],[-73.90020000031721,45.446699999636614],[-73.90149999928776,45.44639999983749],[-73.90220000007068,45.447500000123],[-73.90230000030219,45.44749999980777],[-73.90539999949634,45.44649999937089],[-73.90640000008982,45.44810000039553],[-73.91569999984003,45.445000000482125],[-73.91610000063706,45.4447000008632],[-73.92729999962,45.442199999545196],[-73.93449999987133,45.449100000587435],[-73.93600000007503,45.45050000008593],[-73.93690000009067,45.450500000437785],[-73.93710000005323,45.45119999925351],[-73.93690000055436,45.45119999863642],[-73.93690000046311,45.451300000943704],[-73.93699999981288,45.45140000045328],[-73.93709999927275,45.451400000269274],[-73.93709999952372,45.45150000077208],[-73.93719999958172,45.451600000100434],[-73.93730000067913,45.451600000634954],[-73.93740000077399,45.45180000028493],[-73.93719999915834,45.45180000020104],[-73.93710000026374,45.45179999957051],[-73.93709999924155,45.45190000007119],[-73.93689999972959,45.45199999994887],[-73.93680000020831,45.4520999995513],[-73.93659999945798,45.45219999890478],[-73.93650000033915,45.452299999139264],[-73.93639999960297,45.45240000109027],[-73.93639999990162,45.452500000675435],[-73.93629999990183,45.452600000732836],[-73.9363000000264,45.45270000031516],[-73.93620000082771,45.45270000069738],[-73.93620000077689,45.452800000278586],[-73.93620000072738,45.452899999858055],[-73.93620000067921,45.45299999943575],[-73.9362000006393,45.45309999991153],[-73.93630000067611,45.45319999910023],[-73.93639999979554,45.45329999910302],[-73.93640000043887,45.45350000093951],[-73.93659999972377,45.45340000106519],[-73.93670000016392,45.45340000122803],[-73.93689999976377,45.45340000129591],[-73.93700000020193,45.45340000119607],[-73.93709999963154,45.45350000058152],[-73.9374000001988,45.45350000039683],[-73.9374999995389,45.453500000763334],[-73.93769999948861,45.45350000032896],[-73.93789999985694,45.45360000090985],[-73.93790000026554,45.4537000004739],[-73.93800000064896,45.453600000833056],[-73.93819999967405,45.45360000042661],[-73.93839999998195,45.453600000564904],[-73.93839999999578,45.45370000013056],[-73.93859999938299,45.45370000082209],[-73.93869999962098,45.45380000059844],[-73.93880000021309,45.45390000028417],[-73.93869999943716,45.45399999972193],[-73.9385999995939,45.454099999966594],[-73.93850000066936,45.45419999921857],[-73.93849999959636,45.45429999967777],[-73.93859999984008,45.45450000088271],[-73.93860000021934,45.45460000043126],[-73.93860000060693,45.454700000877885],[-73.93869999950293,45.45470000019573],[-73.9387000000686,45.454800000639935],[-73.93879999914768,45.454800000769396],[-73.93899999986091,45.45480000075584],[-73.93899999967263,45.45490000030141],[-73.9391999994582,45.454899999941254],[-73.93929999999622,45.454900000527225],[-73.9393000003395,45.45500000006906],[-73.93939999976811,45.45499999967189],[-73.93950000048159,45.455000000082116],[-73.93960000079072,45.45509999994779],[-73.93960000038838,45.45519999948904],[-73.93959999999437,45.455299999928386],[-73.93959999959469,45.455399999466124],[-73.93990000014641,45.45549999944969],[-73.93999999982555,45.45570000118961],[-73.94010000049376,45.45570000107483],[-73.94020000054893,45.455800000404196],[-73.94009999970463,45.4558000006072],[-73.94019999994488,45.45590000083397],[-73.94029999968673,45.4559000005477],[-73.94049999909595,45.45600000013852],[-73.94049999901783,45.45609999966299],[-73.94060000039674,45.456100000007645],[-73.9406000002981,45.45600000048384],[-73.94060000019383,45.455900000058485],[-73.9406999996673,45.455800000795215],[-73.94079999968554,45.45590000049765],[-73.9408999994304,45.4559000005859],[-73.94099999917461,45.45590000058664],[-73.94110000049555,45.45580000096597],[-73.94129999962713,45.455800000531],[-73.94149999917124,45.45590000017193],[-73.94169999994362,45.45590000082996],[-73.94179999968252,45.455900000130306],[-73.94199999918706,45.45599999979414],[-73.94209999911477,45.456000000630816],[-73.94220000031333,45.45600000047518],[-73.94230000023268,45.45600000023695],[-73.94249999969766,45.456099999923666],[-73.9425999997988,45.45610000032193],[-73.94279999999205,45.45609999995603],[-73.94290000009117,45.45610000009169],[-73.94310000028747,45.456100000100314],[-73.9433000004811,45.45609999975877],[-73.94340000058396,45.45610000035648],[-73.9435999997904,45.456199999916315],[-73.94369999972363,45.456399999292856],[-73.94390000008042,45.45659999963363],[-73.94399999952215,45.45670000102278],[-73.94419999944695,45.45690000082964],[-73.94440000078856,45.45710000027398],[-73.94450000071562,45.457200000315105],[-73.94459999971829,45.457300000270536],[-73.9447000000468,45.45749999963206],[-73.94469999974118,45.45759999913199],[-73.94459999988479,45.45780000046307],[-73.94459999941353,45.45790000085823],[-73.94470000013224,45.457900000315774],[-73.94479999970355,45.45780000109654],[-73.94479999957875,45.45790000059054],[-73.94479999946236,45.45800000098262],[-73.94469999983909,45.45800000070852],[-73.94479999934026,45.45810000047312],[-73.94489999913962,45.45810000065902],[-73.94500000021692,45.45810000075239],[-73.94519999981233,45.45810000068644],[-73.94530000011883,45.4580000001302],[-73.94529999935847,45.45790000064129],[-73.94529999987805,45.45780000114565],[-73.9451000000589,45.457800000487836],[-73.94520000000949,45.45769999911538],[-73.94530000037774,45.457699998948776],[-73.94529999962144,45.45759999945463],[-73.94539999981222,45.457599999201136],[-73.94539999922166,45.45739999930409],[-73.9456000001799,45.45739999943202],[-73.9457999998639,45.457400000114546],[-73.94600000081675,45.45739999954209],[-73.94610000065641,45.45739999957695],[-73.94620000049544,45.45739999952424],[-73.9464000001785,45.45740000005606],[-73.94659999985181,45.45739999933785],[-73.94680000038447,45.45749999956669],[-73.94699999906565,45.457599999450885],[-73.94720000003286,45.457800001169566],[-73.94739999984553,45.45800000073603],[-73.94749999982422,45.45820000032383],[-73.94759999923616,45.45839999981939],[-73.94770000063852,45.458599999212645],[-73.94770000044265,45.45879999907174],[-73.94770000016972,45.45910000019697],[-73.94759999935005,45.459300000507355],[-73.94750000037816,45.45949999981604],[-73.94740000004424,45.45959999957288],[-73.94739999943243,45.45969999993771],[-73.94729999984885,45.459799999600484],[-73.94710000063617,45.459799999741946],[-73.94699999914975,45.45969999932811],[-73.94690000035781,45.459699999176806],[-73.94689999930331,45.459599999718456],[-73.94699999923874,45.45949999950119],[-73.94710000023372,45.45949999955628],[-73.94720000092458,45.45940000005899],[-73.94729999998394,45.45930000047877],[-73.94729999949931,45.45920000011126],[-73.9473000003018,45.459100000636845],[-73.94710000100663,45.45910000077889],[-73.94699999938598,45.459200000197555],[-73.94679999974036,45.45920000071551],[-73.94649999962405,45.4592000003884],[-73.94649999928346,45.459100000918596],[-73.94640000027015,45.45910000033053],[-73.94640000010766,45.4590000008583],[-73.94600000020766,45.458900000870656],[-73.9457999998258,45.45910000038752],[-73.94569999974844,45.459200000461436],[-73.94539999899195,45.45939999978366],[-73.94509999996357,45.45960000010372],[-73.94459999959545,45.45979999900023],[-73.94429999924866,45.459499999908616],[-73.94400000010509,45.459500000210134],[-73.9436999996769,45.459499999728685],[-73.94340000049796,45.45969999917946],[-73.94319999963243,45.45989999951541],[-73.94310000016058,45.46020000070301],[-73.94280000028351,45.46040000035519],[-73.94259999994718,45.46059999961354],[-73.94250000022326,45.460799999899116],[-73.94229999998309,45.460999999517384],[-73.94209999936282,45.46110000114416],[-73.9419999995546,45.461300000974546],[-73.94199999973027,45.46149999983573],[-73.94209999968602,45.461699999528285],[-73.9420999992334,45.461999999598966],[-73.94220000045347,45.46220000098142],[-73.94239999953842,45.46240000015312],[-73.94249999926926,45.462400000641615],[-73.94260000027109,45.46240000013779],[-73.94279999972942,45.46240000067704],[-73.9429000007363,45.4624000008104],[-73.94310000019065,45.46240000082436],[-73.9430999996799,45.4625000002391],[-73.9431999992573,45.46260000042629],[-73.94340000069352,45.46259999990734],[-73.94349999949964,45.46260000042382],[-73.94359999957672,45.46259999994796],[-73.94369999910181,45.46249999997555],[-73.94389999981811,45.462599999794755],[-73.9439999998996,45.46259999986855],[-73.94410000000059,45.46250000044345],[-73.94410000001507,45.462400000130565],[-73.94419999974869,45.46240000093042],[-73.94440000047851,45.46240000046282],[-73.94450000079749,45.462300000683086],[-73.94479999945092,45.462300000871586],[-73.94520000021295,45.46230000108708],[-73.94539999959461,45.46220000125669],[-73.94569999949493,45.46240000060784],[-73.94589999955762,45.46250000052911],[-73.94600000024455,45.462600000060824],[-73.94600000103448,45.46270000036744],[-73.94589999944122,45.46289999996514],[-73.94569999975619,45.462999999759944],[-73.9455000006414,45.463099999200516],[-73.94539999915914,45.4633000010453],[-73.94529999995453,45.46340000069131],[-73.9452999995106,45.46350000008879],[-73.94539999938623,45.46370000042368],[-73.94550000005162,45.463800000372395],[-73.9455999998858,45.46399999962215],[-73.94560000008345,45.46419999929011],[-73.94560000018782,45.464299999571395],[-73.94560000030064,45.46440000075072],[-73.94560000050909,45.464600000404666],[-73.94519999950403,45.464700000064006],[-73.94499999991811,45.46480000040012],[-73.94479999964683,45.464800000115865],[-73.94459999975814,45.46470000010702],[-73.9444000005824,45.4646000006434],[-73.9445000002054,45.464400000627286],[-73.94450000004169,45.464199999166915],[-73.94429999933499,45.46419999890895],[-73.94399999973469,45.4640999998262],[-73.9435999994298,45.46419999928755],[-73.94330000093291,45.46419999954494],[-73.94319999899399,45.464299999146405],[-73.94309999927371,45.46440000044962],[-73.94289999958934,45.46450000071339],[-73.9426999992868,45.46470000000181],[-73.94259999924903,45.4647999999615],[-73.9425999991723,45.46490000023238],[-73.94269999967574,45.46509999927956],[-73.94260000021487,45.46519999922993],[-73.9424000002343,45.46539999886677],[-73.94230000040967,45.46560000060853],[-73.94229999981327,45.4657000008674],[-73.94219999986844,45.46580000045878],[-73.94220000036967,45.46589999981002],[-73.94220000087923,45.466000000059324],[-73.94220000010434,45.466099999412016],[-73.9422000006166,45.46619999965782],[-73.9420999992872,45.46619999981197],[-73.94199999938884,45.46629999921918],[-73.94190000043884,45.46629999918901],[-73.94180000020941,45.46629999907623],[-73.94170000035679,45.46619999952836],[-73.94159999902406,45.466199999244786],[-73.9413999998305,45.466099999953585],[-73.94129999976003,45.46600000005297],[-73.94120000006407,45.466000000312754],[-73.94110000020518,45.466099999835095],[-73.94099999999332,45.466199999269435],[-73.94089999994176,45.46619999926791],[-73.94080000048528,45.46629999942229],[-73.94070000067583,45.46639999948869],[-73.94060000026865,45.46639999922583],[-73.94049999992876,45.46649999911739],[-73.94030000004322,45.46649999905016],[-73.94010000016206,45.466499999532566],[-73.94000000039719,45.46639999939965],[-73.93989999999239,45.46639999942379],[-73.93979999958691,45.466399999360384],[-73.93979999969595,45.46649999960204],[-73.93970000039178,45.46649999944682],[-73.93959999980817,45.46649999920897],[-73.93950000050266,45.46649999887867],[-73.93939999992473,45.46649999936556],[-73.93939999933482,45.46660000050792],[-73.93940000001805,45.46670000074379],[-73.93950000094962,45.46670000025558],[-73.93960000036817,45.466800000822275],[-73.93970000013402,45.46690000039853],[-73.93989999945684,45.46710000018394],[-73.94000000028565,45.46719999948833],[-73.940000000759,45.467299999714626],[-73.93999999995492,45.46739999994411],[-73.94010000021551,45.46749999915797],[-73.94019999955864,45.46759999918596],[-73.94029999927011,45.46770000092299],[-73.9401999999529,45.4678000005249],[-73.94010000028972,45.46790000093867],[-73.93999999978384,45.467900000150614],[-73.9398999995902,45.4680000003895],[-73.93980000019198,45.468000000321894],[-73.93950000072158,45.46800000049857],[-73.93950000031451,45.46809999981432],[-73.93949999991577,45.46820000002815],[-73.93950000079718,45.46830000023531],[-73.93950000039412,45.468399999545824],[-73.93949999999938,45.46849999975439],[-73.9395000008778,45.46859999905647],[-73.93950000048575,45.46869999926153],[-73.93959999963798,45.468800000694536],[-73.93970000045213,45.46880000093194],[-73.93979999983306,45.46869999908576],[-73.93989999919022,45.468699999153664],[-73.93999999982557,45.46869999912908],[-73.94009999979833,45.46859999971567],[-73.94020000025553,45.46859999951668],[-73.94029999943322,45.468599999235046],[-73.94049999907246,45.468599999304054],[-73.94049999916984,45.468699999507436],[-73.94029999995428,45.46890000073879],[-73.94019999981002,45.46900000032268],[-73.94020000066111,45.4691000005161],[-73.94009999998833,45.46920000001093],[-73.94010000066528,45.4693000002015],[-73.94000000074287,45.46939999960233],[-73.93999999996679,45.469499999794984],[-73.93989999919562,45.469499999819924],[-73.93979999984609,45.46959999903987],[-73.93979999999786,45.469699999225426],[-73.93970000012683,45.469799999256125],[-73.93970000011842,45.46990000123848],[-73.93970000009037,45.47000000051961],[-73.93970000007063,45.4701000006988],[-73.93960000079419,45.470100000455226],[-73.9395000002382,45.47010000012902],[-73.93939999913263,45.47019999989468],[-73.93929999968437,45.47020000028895],[-73.9393000002388,45.47030000046237]],[[-73.92330000051032,45.4711000002877],[-73.92319999947573,45.47110000098997],[-73.92329999963822,45.47120000044764],[-73.92330000051032,45.4711000002877]]],[[[-73.82130000011016,45.5138000004301],[-73.82119999959554,45.513900000301064],[-73.82120000019209,45.51400000058853],[-73.8209999998267,45.51400000038386],[-73.82079999946448,45.514000000728835],[-73.82060000038024,45.514000000720046],[-73.82029999983043,45.51400000005568],[-73.8201999997525,45.51409999994609],[-73.82010000067568,45.514100000358745],[-73.81989999910596,45.51400000064376],[-73.81969999923892,45.51410000024839],[-73.81960000015968,45.514100000223316],[-73.81929999908454,45.51410000053344],[-73.81920000000339,45.51410000015821],[-73.8191000003607,45.514199999982296],[-73.81879999984962,45.514100000492036],[-73.81840000044711,45.514199999708296],[-73.81820000025722,45.514100000614334],[-73.81799999948987,45.51400000027024],[-73.81819999905393,45.513800000651464],[-73.81810000027511,45.51369999902029],[-73.81809999961982,45.51339999993478],[-73.81819999922816,45.51319999977142],[-73.81839999985155,45.513100000075646],[-73.81889999976768,45.512900000354485],[-73.81929999932221,45.51280000026307],[-73.81950000042373,45.51270000043237],[-73.81989999962055,45.51270000034861],[-73.82019999966325,45.51270000116446],[-73.8203000003705,45.51280000096952],[-73.82039999970372,45.512800000380885],[-73.82039999926097,45.51270000097189],[-73.82059999965887,45.51280000073701],[-73.82060000045679,45.51290000014329],[-73.82069999967209,45.51300000049877],[-73.82100000002241,45.513000000112676],[-73.82120000068527,45.51300000031622],[-73.82129999985851,45.513100000144945],[-73.82139999938643,45.51319999988342],[-73.82149999926905,45.51329999953161],[-73.82149999911118,45.513399999831776],[-73.82150000022905,45.51349999922675],[-73.82139999931812,45.513599999279236],[-73.82140000026082,45.51369999867119],[-73.82130000011016,45.5138000004301]]],[[[-73.86090000011014,45.491000000234955],[-73.860299999838,45.49119999975138],[-73.85969999963436,45.49110000032769],[-73.8591999996012,45.490900000283695],[-73.85910000010404,45.49070000104728],[-73.85950000052753,45.490200000013495],[-73.86019999977401,45.4897000003702],[-73.86079999999387,45.48970000097016],[-73.8611999996355,45.48980000094047],[-73.86139999961898,45.49010000038921],[-73.8612000007628,45.490599999433286],[-73.86090000011014,45.491000000234955]]]]}},{"type":"Feature","properties":{"harmonized_pdq_id":"PDQ_H_04","display_name":"PDQ 04","component_pdqs":[4],"source_pdq_values":[4],"geography_type":"longitudinal_analytical_composite","source_dataset":"Limite des secteurs de poste de quartier de police","source_dataset_id":"186892b8-bba5-426c-aa7e-9db8c43cbdfe","source_resource_id":"e18f0da9-3a16-4ba4-b378-59f698b47261","source_license":"Creative Commons Attribution 4.0 International","geometry_rule":"direct_source_polygon","historical_boundary_claim":false,"special_unit":false,"longitudinal_caveat":"This polygon is an IQAI longitudinal analytical composite based on official SPVM/Ville de Montréal PDQ territory geometry. It is used to compare harmonized reported-event totals consistently through time and should not be interpreted as a historical boundary snapshot for every year.","source_area_m2_planar":15090832.4997,"source_vintage":"2026-08-09T00:45:24.840Z","source_crs":"EPSG:32188","browser_crs":"EPSG:4326"},"geometry":{"type":"MultiPolygon","coordinates":[[[[-73.81580000028814,45.502599998935196],[-73.81560000062743,45.50259999917561],[-73.81570000011777,45.502499999511826],[-73.81520000012159,45.50269999909547],[-73.81479999997954,45.502299999671024],[-73.81519999955088,45.50209999975235],[-73.81519999946076,45.50200000015564],[-73.81510000005524,45.5020000006931],[-73.81510000013812,45.501900000194325],[-73.81460000075872,45.50209999987079],[-73.81430000011555,45.501800000855674],[-73.81469999999496,45.501499999464315],[-73.81479999979682,45.50149999927585],[-73.81450000001347,45.50119999985241],[-73.81439999946167,45.50119999978036],[-73.8132000000191,45.49970000039626],[-73.81290000009787,45.499600000459814],[-73.81290000042205,45.49939999937657],[-73.81199999986207,45.49860000015823],[-73.81180000025218,45.49829999926687],[-73.81160000030101,45.49809999947688],[-73.81070000081222,45.497199999151874],[-73.81019999974373,45.4968999993264],[-73.80910000064642,45.49689999998991],[-73.80179999895728,45.5003999995099],[-73.80060000004251,45.49919999969526],[-73.79429999988021,45.502299999428956],[-73.790899999792,45.5043000002694],[-73.79100000070942,45.50430000021762],[-73.7910000002048,45.50439999977198],[-73.7909000009889,45.50449999937073],[-73.79059999973572,45.504499999896794],[-73.79049999974212,45.504499999596035],[-73.79039999975275,45.50450000010755],[-73.78899999965991,45.50459999942636],[-73.78670000013364,45.50390000065287],[-73.78650000099854,45.50390000123197],[-73.78519999989132,45.50359999913897],[-73.78429999986176,45.502599999087124],[-73.78449999951758,45.502599999658756],[-73.78499999981757,45.50239999948367],[-73.78519999931717,45.5023000001425],[-73.78540000066248,45.5021999995449],[-73.78550000044609,45.502100000220494],[-73.7857999991913,45.502100000496185],[-73.78620000020283,45.50190000044422],[-73.78620000059951,45.501299999240025],[-73.78309999990867,45.49929999932584],[-73.78089999945497,45.50000000006433],[-73.78050000045879,45.499700000571245],[-73.78040000000779,45.499700000428746],[-73.77950000064632,45.50010000001234],[-73.77920000037794,45.50029999954092],[-73.77910000029495,45.500399999680674],[-73.778000000374,45.500999999991016],[-73.77740000041459,45.500600000627095],[-73.77730000011998,45.50049999905222],[-73.77700000038179,45.50029999971114],[-73.77649999913295,45.49990000049477],[-73.7762999997791,45.499800000683635],[-73.7762000005584,45.49990000009063],[-73.7759999991784,45.499800000659015],[-73.77520000018242,45.49919999921919],[-73.77429999924766,45.49860000013333],[-73.77390000035186,45.49840000051004],[-73.76820000044007,45.49379999893576],[-73.76850000064556,45.49369999991182],[-73.77520000023904,45.49119999980964],[-73.77560000017276,45.49100000049998],[-73.77619999988443,45.49070000069576],[-73.77839999992598,45.4897000008127],[-73.78170000031679,45.48800000026352],[-73.78479999968245,45.486500000185366],[-73.78940000034866,45.48430000058928],[-73.7895999997983,45.484200000420095],[-73.78960000039048,45.48409999871173],[-73.78849999966721,45.48289999906761],[-73.78839999970131,45.482799999701044],[-73.78870000053521,45.48269999961439],[-73.78910000014459,45.482499999517],[-73.78959999919185,45.48220000014558],[-73.79100000020352,45.48169999954621],[-73.79139999997214,45.48169999936087],[-73.79310000008516,45.48179999886552],[-73.79430000026073,45.48189999898734],[-73.79449999957565,45.48189999914228],[-73.79459999923012,45.48189999863851],[-73.79399999954578,45.48100000075647],[-73.79430000018331,45.48140000012917],[-73.79470000072128,45.481799998994134],[-73.79480000020263,45.48179999921556],[-73.79479999982622,45.48189999916473],[-73.79589999962144,45.4831000004509],[-73.79600000012287,45.48310000051918],[-73.79609999934466,45.48310000050322],[-73.7961999998452,45.483100000396405],[-73.79750000036815,45.4824999995638],[-73.7975999998104,45.48250000003371],[-73.79810000014785,45.48230000028406],[-73.798499999498,45.48210000054779],[-73.79890000034304,45.48200000114636],[-73.79910000000854,45.48200000044505],[-73.79970000094869,45.4818999989873],[-73.79970000033147,45.48179999904004],[-73.80009999924435,45.48110000019422],[-73.80229999934741,45.48009999987491],[-73.81280000029774,45.4751999996532],[-73.81319999939986,45.47560000076848],[-73.81329999973744,45.475700000147704],[-73.81450000080162,45.47690000014093],[-73.8151000006655,45.477700000769005],[-73.81559999975337,45.47829999999371],[-73.83189999953659,45.47030000022523],[-73.8320000003451,45.470200000111795],[-73.84610000036665,45.463099998915055],[-73.84659999927088,45.462800000036026],[-73.84970000020544,45.46580000069809],[-73.85119999996073,45.467299999362],[-73.85450000058985,45.470599999686726],[-73.8569999996154,45.47330000088047],[-73.85689999996843,45.47389999993622],[-73.85639999969794,45.47379999974639],[-73.8492999995064,45.4772999994192],[-73.84949999956045,45.47770000058388],[-73.8491000007996,45.477399998965424],[-73.84860000027128,45.4776000007866],[-73.84830000021007,45.47780000084671],[-73.84669999915275,45.47829999936438],[-73.8465999994621,45.47829999958793],[-73.84669999973575,45.47839999937986],[-73.84690000006688,45.47859999869656],[-73.84720000004535,45.47890000060309],[-73.84640000064995,45.47929999986358],[-73.84569999991024,45.4798000004388],[-73.84640000004676,45.48029999978316],[-73.84679999976721,45.48090000072915],[-73.84719999927133,45.48159999927412],[-73.84730000008567,45.48169999938179],[-73.84770000017068,45.48230000062899],[-73.84809999981749,45.482899999514636],[-73.8486000004262,45.48359999947297],[-73.849399999892,45.48480000000566],[-73.85010000069238,45.4858999998846],[-73.85020000021544,45.48599999918288],[-73.85009999997956,45.4860999996543],[-73.85049999952678,45.48680000041007],[-73.84930000041334,45.48750000117796],[-73.8492999992919,45.487600000138016],[-73.84910000007227,45.48770000040189],[-73.84860000073975,45.48790000005053],[-73.8481000004291,45.488099999305845],[-73.84630000073423,45.48909999956178],[-73.8427999998652,45.49080000103051],[-73.84130000105456,45.491499999192094],[-73.8403999999402,45.49200000029691],[-73.83999999965602,45.492200000646626],[-73.8388999997722,45.492699999187764],[-73.83849999977822,45.49300000031742],[-73.8381000001907,45.493100000517664],[-73.83750000042825,45.493399999619015],[-73.83750000024641,45.49350000027059],[-73.83739999960687,45.49339999988788],[-73.83729999952321,45.49349999981818],[-73.83700000057011,45.49359999957581],[-73.83619999922155,45.49410000077667],[-73.83590000025914,45.49420000033389],[-73.83579999995442,45.49430000073694],[-73.83569999929088,45.49440000015191],[-73.83559999926011,45.49440000064214],[-73.83550000062448,45.49449999987422],[-73.83529999997505,45.49460000015024],[-73.83719999985128,45.496600000323326],[-73.83760000043445,45.49740000054443],[-73.83800000046395,45.49779999966932],[-73.8359000002024,45.498700000258246],[-73.83549999983768,45.49840000070816],[-73.8354000004078,45.49829999955624],[-73.83330000044532,45.49929999960092],[-73.83240000026215,45.499900000496375],[-73.8302999993304,45.50070000074793],[-73.82940000044738,45.501199999833425],[-73.8287000003773,45.50159999904654],[-73.82769999986716,45.502000000119175],[-73.82689999951607,45.50239999972652],[-73.82660000024582,45.50249999990435],[-73.82599999983141,45.50280000108189],[-73.82249999970928,45.50469999902512],[-73.81940000000846,45.50610000110242],[-73.81929999973701,45.506100000819316],[-73.81900000055887,45.5058999994837],[-73.81890000008238,45.5056999997874],[-73.81809999990891,45.504899998840244],[-73.818000000571,45.5046999992181],[-73.81790000022244,45.504699999509484],[-73.81630000060267,45.503000000533945],[-73.81589999948301,45.50259999958527],[-73.81580000028814,45.502599998935196]]]]}},{"type":"Feature","properties":{"harmonized_pdq_id":"PDQ_H_05","display_name":"PDQ 05","component_pdqs":[5],"source_pdq_values":[5],"geography_type":"longitudinal_analytical_composite","source_dataset":"Limite des secteurs de poste de quartier de police","source_dataset_id":"186892b8-bba5-426c-aa7e-9db8c43cbdfe","source_resource_id":"e18f0da9-3a16-4ba4-b378-59f698b47261","source_license":"Creative Commons Attribution 4.0 International","geometry_rule":"direct_source_polygon","historical_boundary_claim":false,"special_unit":false,"longitudinal_caveat":"This polygon is an IQAI longitudinal analytical composite based on official SPVM/Ville de Montréal PDQ territory geometry. It is used to compare harmonized reported-event totals consistently through time and should not be interpreted as a historical boundary snapshot for every year.","source_area_m2_planar":40058484.0563,"source_vintage":"2026-08-09T00:45:24.840Z","source_crs":"EPSG:32188","browser_crs":"EPSG:4326"},"geometry":{"type":"MultiPolygon","coordinates":[[[[-73.72279999901548,45.43199999979185],[-73.72270000040528,45.43170000067793],[-73.72299999985856,45.43139999962315],[-73.7234999999777,45.43109999984122],[-73.72410000085935,45.43089999960803],[-73.72460000017348,45.43100000012948],[-73.72499999946677,45.43100000028412],[-73.72529999949212,45.431299999045066],[-73.72530000030191,45.431500000694555],[-73.72520000068745,45.4317000006688],[-73.72510000042087,45.432000000465735],[-73.72489999949727,45.43210000020524],[-73.7245999999511,45.432100000182764],[-73.7244999998295,45.431999999786534],[-73.72430000040546,45.432100000272186],[-73.7241000007055,45.432099999594115],[-73.7238999997297,45.43209999946825],[-73.7236000001841,45.43209999951888],[-73.72339999960562,45.43200000040234],[-73.72329999993114,45.43199999976876],[-73.7228999999676,45.43209999987488],[-73.72279999901548,45.43199999979185]]],[[[-73.73380000020514,45.43219999928067],[-73.73389999997548,45.43209999980681],[-73.73419999952372,45.432099999699645],[-73.73430000002442,45.43229999961245],[-73.73440000009124,45.43239999952346],[-73.73429999909624,45.4326000011384],[-73.73420000043231,45.43270000095135],[-73.73400000076788,45.43290000031414],[-73.73379999952162,45.432900000425924],[-73.73369999953886,45.432900000799094],[-73.73369999972077,45.432700000994906],[-73.73369999999153,45.43239999947575],[-73.73379999900884,45.43229999919468],[-73.73380000020514,45.43219999928067]]],[[[-73.74249999913825,45.43370000091718],[-73.74240000034492,45.433599999118144],[-73.74240000040238,45.433499999228424],[-73.74219999959264,45.43349999964957],[-73.74220000046003,45.4335999995373],[-73.74209999993623,45.43370000085439],[-73.74199999981819,45.43370000129538],[-73.7417999994078,45.43359999932778],[-73.74129999953529,45.43380000091602],[-73.7409999998958,45.433700000887605],[-73.7400000007931,45.43380000060776],[-73.73959999972055,45.43390000067672],[-73.73919999970028,45.43380000047446],[-73.73859999994988,45.433599999396655],[-73.73790000034762,45.43359999899029],[-73.73739999935533,45.43359999903293],[-73.73720000074671,45.43359999879338],[-73.73690000046798,45.433499999693005],[-73.73689999948895,45.433000000223444],[-73.73709999916142,45.432600000477166],[-73.73729999959455,45.43239999927308],[-73.73759999952635,45.432099999498064],[-73.73780000027654,45.431900000099674],[-73.73810000004224,45.43180000062818],[-73.73830000087987,45.43170000026594],[-73.73830000017196,45.43150000132045],[-73.73849999958996,45.43139999880594],[-73.7385999997884,45.43099999990712],[-73.73880000080597,45.430800000517905],[-73.73889999976882,45.43090000011762],[-73.73929999924263,45.43070000071145],[-73.73979999930563,45.43050000056875],[-73.74029999976604,45.43050000081821],[-73.74080000022504,45.430500000678734],[-73.74239999959119,45.43089999968489],[-73.74299999944859,45.43109999979246],[-73.74380000057847,45.43119999933667],[-73.74399999946412,45.431099999785154],[-73.74539999982194,45.4313999996146],[-73.74579999975813,45.431600000568395],[-73.74600000014769,45.43170000096645],[-73.74629999971079,45.43190000041569],[-73.74639999913758,45.43209999964526],[-73.74639999907241,45.43229999947278],[-73.74639999901022,45.43249999929328],[-73.74629999932526,45.43270000061179],[-73.74610000022305,45.432900000465565],[-73.74589999997974,45.433000000065825],[-73.74579999937151,45.43310000013406],[-73.74569999965661,45.433000000315396],[-73.7455999999725,45.43310000020651],[-73.74540000069753,45.433199999825455],[-73.7453000000812,45.43339999934578],[-73.74510000049877,45.43349999933459],[-73.74499999958606,45.43370000128185],[-73.74469999939588,45.43380000084627],[-73.74419999975812,45.433900000841476],[-73.74380000055801,45.43380000054838],[-73.74330000009624,45.43370000043442],[-73.74319999997876,45.43370000102616],[-73.74309999975921,45.43380000051683],[-73.74309999975921,45.43380000051683],[-73.74309999985701,45.43370000063047],[-73.7430000000062,45.43359999935892],[-73.74280000011798,45.43359999902896],[-73.74270000065607,45.43370000086912],[-73.74269999985182,45.43380000075695],[-73.74259999985347,45.43390000070746],[-73.74259999985347,45.43390000070746],[-73.74249999925884,45.43380000080302],[-73.74249999913825,45.43370000091718]]],[[[-73.76650000013454,45.48770000072467],[-73.76689999954203,45.48740000131836],[-73.76640000054056,45.48750000033622],[-73.76509999991008,45.48699999931714],[-73.77320000023482,45.48239999986276],[-73.77200000048771,45.48079999929131],[-73.76689999980432,45.4769000004918],[-73.76649999998271,45.47660000026873],[-73.7668000003654,45.47639999906291],[-73.76850000035101,45.474999999546185],[-73.76690000002796,45.47320000082735],[-73.76219999995708,45.46880000088754],[-73.75769999933823,45.46590000012049],[-73.75040000061239,45.46060000002299],[-73.74080000017197,45.46839999967744],[-73.73749999995282,45.4708999989935],[-73.7372000004994,45.471100000820066],[-73.7372000004994,45.471100000820066],[-73.73360000035832,45.4738999997666],[-73.73360000038623,45.473999999845944],[-73.73319999937424,45.47430000122594],[-73.73310000037641,45.474300001067654],[-73.73309999951914,45.47440000024189],[-73.73190000017632,45.47540000116072],[-73.73159999963859,45.475699999868645],[-73.73140000053104,45.475700000264446],[-73.73140000051764,45.475800000312034],[-73.73060000050185,45.47639999954847],[-73.73049999906715,45.476399998918424],[-73.73039999920549,45.476600000965774],[-73.72810000012934,45.47839999922],[-73.72800000027561,45.478399999097476],[-73.72510000089888,45.48079999926574],[-73.72499999935849,45.48079999921949],[-73.72410000016491,45.48149999989786],[-73.72350000074726,45.48200000084035],[-73.7233999995894,45.482100000228456],[-73.72209999980534,45.48159999980781],[-73.71960000012231,45.480599999811325],[-73.71789999990958,45.47990000082759],[-73.71730000018815,45.47969999924304],[-73.71640000087089,45.479199999974796],[-73.71569999982144,45.478900000306304],[-73.71470000081877,45.478299999992444],[-73.71409999981304,45.47790000043136],[-73.7138000003743,45.47760000079396],[-73.71339999981647,45.477299999149494],[-73.71199999992366,45.47619999976512],[-73.71050000034954,45.47499999990646],[-73.70859999919504,45.4737999994923],[-73.70839999997418,45.47359999994886],[-73.70810000062127,45.47350000058794],[-73.70799999920256,45.473500000056916],[-73.7078999997295,45.473400000249065],[-73.70789999978307,45.47320000097237],[-73.70790000039712,45.473300001060345],[-73.70800000018014,45.473300000782025],[-73.71200000016918,45.47029999988366],[-73.71340000002904,45.46930000014768],[-73.71360000036276,45.46920000050966],[-73.71590000029238,45.467499999055086],[-73.71800000088834,45.465899999918186],[-73.71949999926899,45.46479999986353],[-73.72240000083603,45.462700000047334],[-73.72439999955095,45.461200000356364],[-73.72449999921098,45.461100000626445],[-73.72470000047923,45.46079999968648],[-73.72449999941658,45.46059999998373],[-73.72439999947657,45.46030000026447],[-73.72439999918994,45.46020000084591],[-73.7242999994364,45.46010000076457],[-73.72420000023494,45.45969999961499],[-73.72389999914667,45.458799999220226],[-73.72290000034755,45.45570000068174],[-73.72190000030612,45.45229999934141],[-73.72100000033174,45.44940000062507],[-73.72090000061753,45.449100000852845],[-73.72080000044483,45.448699999557846],[-73.72070000067077,45.448699999346246],[-73.72070000060913,45.448599999723946],[-73.72219999951811,45.44850000037569],[-73.72210000011779,45.448399999963264],[-73.72060000019648,45.448200000019035],[-73.72190000005617,45.44779999943744],[-73.72089999953715,45.44439999903592],[-73.71940000025265,45.43920000048106],[-73.71940000025265,45.43920000048106],[-73.72070000026103,45.43930000107051],[-73.72020000037018,45.43840000055581],[-73.72220000012956,45.4385000002822],[-73.72240000026424,45.43839999998648],[-73.72260000000254,45.43849999984448],[-73.72299999965583,45.43840000000442],[-73.7235000006797,45.438499999810205],[-73.72379999942329,45.43879999942035],[-73.72399999993013,45.4389999993113],[-73.72419999971675,45.43899999926572],[-73.72439999921984,45.43879999928263],[-73.72420000014112,45.43879999967703],[-73.72420000035434,45.43869999988006],[-73.72420000035434,45.43869999988006],[-73.72410000074255,45.43860000014781],[-73.7240999998556,45.4385000003495],[-73.7240999998556,45.4385000003495],[-73.72410000024749,45.43840000054691],[-73.72410000064006,45.43830000074258],[-73.72430000050942,45.43830000052161],[-73.72439999966782,45.43820000047596],[-73.72460000046362,45.43820000062771],[-73.72469999958462,45.43820000102471],[-73.72499999958075,45.43810000097822],[-73.72540000046345,45.43810000063144],[-73.72569999996493,45.43799999874559],[-73.72590000029179,45.43810000093026],[-73.72609999945671,45.43810000115837],[-73.72610000014592,45.43799999954825],[-73.7262000001903,45.4379999995301],[-73.72630000023437,45.43799999942434],[-73.72640000027809,45.43799999923105],[-73.72650000032147,45.43799999895022],[-73.72650000032147,45.43799999895022],[-73.72679999991738,45.43789999957234],[-73.72680000065685,45.43779999975827],[-73.72689999963094,45.43769999931499],[-73.72689999963094,45.43769999931499],[-73.72710000015046,45.437599999772964],[-73.7271999995592,45.43740000014281],[-73.72729999982182,45.437400000060954],[-73.72759999994103,45.43730000036986],[-73.72769999917956,45.437200000116626],[-73.72780000088191,45.43700000084227],[-73.72790000043955,45.43700000113635],[-73.72790000051319,45.436899999508],[-73.72790000051319,45.436899999508],[-73.72790000059476,45.43679999967759],[-73.72799999970084,45.43669999915312],[-73.72810000000604,45.43669999927061],[-73.72820000031089,45.43669999930053],[-73.72840000091959,45.43669999909772],[-73.72840000044233,45.43679999893074],[-73.7286000002524,45.43669999944715],[-73.72869999922912,45.436600000108],[-73.7289000007629,45.43659999992771],[-73.72900000088838,45.43659999925761],[-73.72909999973902,45.43659999940237],[-73.72920000021121,45.43649999962067],[-73.72930000016268,45.43649999958811],[-73.72940000011377,45.43649999946801],[-73.7295000000682,45.436500000160216],[-73.72949999988278,45.43640000032315],[-73.72969999943003,45.43639999964591],[-73.72980000048491,45.43640000007324],[-73.72990000026134,45.436400000415595],[-73.73009999980945,45.43639999993783],[-73.73020000071999,45.436300000176004],[-73.73049999951414,45.43629999989093],[-73.73079999959064,45.436300000615034],[-73.73150000014957,45.436699999786484],[-73.73210000003687,45.43689999935704],[-73.73249999997111,45.43720000062547],[-73.73249999959448,45.437100000800804],[-73.73269999978926,45.437200000094116],[-73.73269999924172,45.43729999991892],[-73.73299999948667,45.43740000008596],[-73.73330000027904,45.43740000054185],[-73.73359999955547,45.437500000033175],[-73.73379999927805,45.43760000009415],[-73.73409999985104,45.43760000024912],[-73.73430000007961,45.43749999979645],[-73.73450000088282,45.437399999890516],[-73.73459999961472,45.43729999989769],[-73.73500000060345,45.43710000047704],[-73.73510000033842,45.437100000766364],[-73.73520000007304,45.437100000968165],[-73.73529999980732,45.437100001082385],[-73.73550000055296,45.4371000010456],[-73.73570000038167,45.437000000833],[-73.7357999997515,45.43710000033774],[-73.73579999956623,45.43720000016386],[-73.73610000057714,45.43720000046409],[-73.73639999990752,45.437300000703765],[-73.73640000038195,45.43750000034563],[-73.73659999998401,45.43750000018493],[-73.73679999958466,45.43749999967407],[-73.7369000000273,45.437500000185814],[-73.73699999984665,45.43759999953031],[-73.73719999980526,45.43760000011804],[-73.73730000042309,45.43760000027925],[-73.73739999975864,45.43759999945572],[-73.73770000033457,45.43760000005395],[-73.73770000033457,45.43760000005395],[-73.73789999998128,45.437699999233864],[-73.73799999949888,45.43769999968439],[-73.73819999897741,45.43789999905119],[-73.73849999993374,45.437400000261086],[-73.73880000072377,45.437399999769454],[-73.73899999997428,45.437399999906454],[-73.73910000023999,45.43740000029226],[-73.73909999949495,45.43750000011462],[-73.73919999993693,45.437500000412484],[-73.73919999993693,45.437500000412484],[-73.73929999909659,45.43749999972565],[-73.73940000060158,45.43759999966527],[-73.73940000038789,45.437699999483044],[-73.73929999920377,45.43779999917738],[-73.73929999932508,45.438100000413],[-73.73929999932508,45.438100000413],[-73.73929999894222,45.43820000112219],[-73.73949999973713,45.438200000380654],[-73.73959999984265,45.43799999891052],[-73.74159999980434,45.43779999966925],[-73.7418000004668,45.4377999994],[-73.74199999930839,45.43769999986843],[-73.7421000001008,45.43769999942641],[-73.74230000041402,45.437700000082096],[-73.74239999990058,45.43779999919607],[-73.74249999959385,45.43779999930606],[-73.7427999999496,45.43779999910798],[-73.74290000050259,45.43789999957997],[-73.74299999933666,45.43779999943988],[-73.74320000000046,45.43779999941885],[-73.74349999971706,45.43789999899757],[-73.74370000044918,45.43799999881331],[-73.74399999931067,45.4379999990662],[-73.74410000021588,45.43789999976],[-73.74430000072911,45.43799999942555],[-73.74469999943105,45.43789999917319],[-73.74500000031962,45.43789999949485],[-73.74520000025204,45.43779999975852],[-73.74540000059628,45.437599999851386],[-73.7455999995328,45.43740000048983],[-73.74579999961412,45.43720000076851],[-73.74600000071342,45.43720000034304],[-73.74620000024676,45.437100000643774],[-73.74639999971558,45.43710000042127],[-73.74679999986364,45.43700000089414],[-73.7469999998253,45.43689999888972],[-73.74710000048772,45.436899999469595],[-73.74720000065246,45.437000000693274],[-73.7473000002126,45.43700000110047],[-73.74739999976845,45.43700000052026],[-73.74749999929132,45.43689999912229],[-73.7474999992634,45.43679999929015],[-73.74749999923624,45.43669999945627],[-73.7477000007489,45.43659999981684],[-73.74779999993929,45.436200000426574],[-73.74799999953042,45.43600000041084],[-73.74810000007875,45.435900001167205],[-73.74830000042265,45.43590000121516],[-73.74850000024863,45.43579999926449],[-73.74859999896648,45.43579999943512],[-73.74870000065734,45.43569999966011],[-73.74869999979708,45.43559999980861],[-73.74890000035883,45.43559999970531],[-73.7492000005635,45.43559999979499],[-73.74940000066582,45.4356999995705],[-73.74940000020693,45.435799999423196],[-73.749499999926,45.43590000045337],[-73.74940000057751,45.436000000920224],[-73.74930000087224,45.43610000039865],[-73.74930000023974,45.43620000024469],[-73.74930000088618,45.436300000086185],[-73.74940000003379,45.43640000029659],[-73.74959999948553,45.436499999709476],[-73.74969999951668,45.43659999965183],[-73.7496999995945,45.4366999994876],[-73.74980000015667,45.436799999337765],[-73.74980000041262,45.43689999916965],[-73.75000000040434,45.43710000040085],[-73.7500999996525,45.437200000884154],[-73.75030000075121,45.43720000012838],[-73.75040000070554,45.4373000003458],[-73.75049999951733,45.43730000065271],[-73.75049999973535,45.43740000047595],[-73.75059999999759,45.43739999979229],[-73.75069999955731,45.437499999744475],[-73.75079999999939,45.43749999978518],[-73.75079999999939,45.43749999978518],[-73.75099999960425,45.437499999606786],[-73.751000000707,45.43759999942463],[-73.75110000005041,45.43760000010497],[-73.75119999938944,45.43759999979794],[-73.75129999965179,45.43749999958102],[-73.75140000062672,45.43759999981544],[-73.75149999996863,45.4376000001456],[-73.75150000067713,45.437699999962604],[-73.75169999970907,45.437699999459696],[-73.75179999922648,45.43769999952684],[-73.75200000081648,45.43769999939287],[-73.75199999985257,45.437799999211855],[-73.75239999990809,45.43779999969997],[-73.75260000057264,45.437799999417315],[-73.75279999996154,45.437799999687165],[-73.75299999934889,45.437799999606824],[-73.7532000000129,45.43779999917348],[-73.75329999965506,45.43769999990985],[-73.75339999998916,45.437499999835026],[-73.75380000048014,45.43749999991864],[-73.75409999978523,45.43710000043943],[-73.75400000004308,45.437000000757365],[-73.75380000068198,45.436699999490806],[-73.75370000014854,45.43649999970282],[-73.75360000089765,45.43639999965904],[-73.75349999944814,45.43630000043073],[-73.75339999984568,45.4363000000525],[-73.75330000024688,45.43630000048658],[-73.75330000020422,45.43620000064335],[-73.75339999940785,45.436100000365045],[-73.75349999993517,45.4361000007412],[-73.75360000102988,45.43619999997378],[-73.75369999992598,45.43630000002184],[-73.75380000045388,45.43639999997698],[-73.75389999988388,45.43659999968341],[-73.75400000001832,45.4366999994591],[-73.75400000002311,45.436799999293726],[-73.75419999971119,45.43679999891108],[-73.75430000019776,45.43679999948686],[-73.75439999940176,45.43679999907809],[-73.75449999939062,45.43659999980878],[-73.75449999978237,45.43649999996971],[-73.75469999976835,45.43629999992904],[-73.75459999910979,45.4362000007603],[-73.75449999919645,45.43600000075377],[-73.75429999999022,45.435799999262095],[-73.75420000057407,45.435599999877766],[-73.75400000000849,45.43559999936276],[-73.7520000001739,45.43539999952265],[-73.751999999878,45.435299999664316],[-73.75189999948786,45.43529999977445],[-73.75200000086096,45.435199999801426],[-73.75209999979997,45.435200000506796],[-73.75250000065267,45.43519999974201],[-73.7528000004491,45.435300000136536],[-73.75349999934981,45.43530000011882],[-73.75370000087177,45.43539999956657],[-73.75389999963366,45.43529999985179],[-73.75419999987729,45.435400000166155],[-73.75440000043208,45.435499999288574],[-73.7546000002005,45.43569999971453],[-73.75480000010938,45.435900000682906],[-73.75490000059226,45.43600000058208],[-73.75489999962502,45.43610000043124],[-73.7551999999267,45.436100000959634],[-73.75539999961381,45.4362000001207],[-73.75570000006094,45.43639999992085],[-73.7558000004648,45.436499999923484],[-73.75589999994419,45.4365999998389],[-73.75599999977722,45.436699999664256],[-73.75609999984424,45.43689999923288],[-73.75600000017467,45.43700000096231],[-73.75609999973351,45.43700000086417],[-73.75630000012819,45.437000000402406],[-73.7562999990852,45.43710000023436],[-73.75640000051435,45.43720000059711],[-73.7565000003275,45.43739999979869],[-73.75649999964091,45.43749999962285],[-73.75669999986451,45.437699999900886],[-73.7566999995335,45.43779999971899],[-73.75690000024433,45.43799999873545],[-73.75709999982985,45.43820000099676],[-73.75799999992634,45.43879999971066],[-73.75850000016264,45.438999999078405],[-73.7588000000468,45.43909999894683],[-73.75910000100042,45.4392000007228],[-73.75930000022124,45.439200000410416],[-73.75969999981189,45.43930000032357],[-73.76079999982703,45.43950000065978],[-73.76119999911096,45.439500000028794],[-73.76150000002855,45.43959999999405],[-73.76180000098385,45.43960000028486],[-73.76190000002468,45.43960000050957],[-73.76219999969705,45.43959999975277],[-73.76290000105972,45.43970000040157],[-73.76359999977657,45.43979999946458],[-73.76399999990788,45.43979999982474],[-73.76419999997329,45.43979999992944],[-73.7641999998222,45.43970000014673],[-73.76429999998982,45.43960000028258],[-73.7644999992664,45.439400000288785],[-73.76460000093596,45.43930000105306],[-73.76460000008231,45.43920000126315],[-73.76470000018185,45.43899999944498],[-73.76479999943787,45.43899999892997],[-73.76489999977078,45.43879999962865],[-73.76499999967714,45.438700000036185],[-73.76499999939992,45.43860000023436],[-73.76510000005575,45.438500000549055],[-73.7651000008817,45.43840000074113],[-73.76510000043028,45.43830000093445],[-73.76520000037733,45.438200000258085],[-73.76539999960833,45.43830000077232],[-73.76559999959811,45.43849999983911],[-73.76569999972416,45.43869999994065],[-73.76589999963882,45.4388999993683],[-73.766200000408,45.43909999939401],[-73.76639999968283,45.43930000063339],[-73.7666000003682,45.4395000006125],[-73.76680000028172,45.43960000045116],[-73.76690000059764,45.43959999989499],[-73.76699999963922,45.4396000001541],[-73.7670999999586,45.43960000032265],[-73.76720000027758,45.43960000040368],[-73.76729999983147,45.43970000018414],[-73.76750000041014,45.43979999969203],[-73.76769999914242,45.43989999975223],[-73.76780000010993,45.43999999908643],[-73.76770000031014,45.44009999930765],[-73.76800000055813,45.44019999929024],[-73.76819999987329,45.44040000093927],[-73.76829999904886,45.4404000009599],[-73.76840000078047,45.440400000886974],[-73.76840000068722,45.44050000065846],[-73.7685999996505,45.440600000030095],[-73.76889999903125,45.44070000034199],[-73.7691999994691,45.44079999986179],[-73.76939999923351,45.440799999861],[-73.76960000027883,45.440800000406874],[-73.76960000080197,45.44069999973964],[-73.76970000051038,45.440700000333095],[-73.76980000038904,45.44060000017083],[-73.76989999992,45.440600000589605],[-73.76999999962463,45.44069999978849],[-73.77010000060965,45.440700000028734],[-73.77019999978437,45.440600000417746],[-73.77030000059192,45.44060000048329],[-73.77049999943277,45.44070000012633],[-73.77060000041578,45.44069999992884],[-73.77079999951502,45.440600000409816],[-73.77090000032013,45.44059999995009],[-73.77099999918507,45.440500000537455],[-73.77109999981701,45.44050000080288],[-73.77129999979717,45.44050000017429],[-73.77140000042787,45.440500000177074],[-73.77159999913599,45.440500000825935],[-73.77200000037764,45.4405000001641],[-73.77230000018544,45.44030000123066],[-73.77209999952086,45.44009999956047],[-73.7721999989923,45.4398999993064],[-73.77280000024875,45.439799999804585],[-73.7728999996411,45.43979999939689],[-73.77300000031558,45.439799999798424],[-73.77299999995799,45.439700000015215],[-73.773200000238,45.43959999987247],[-73.77330000006522,45.439400000436386],[-73.77359999982679,45.43930000054189],[-73.77389999980814,45.43920000075697],[-73.77419999992529,45.43920000087656],[-73.7744000007004,45.43930000090978],[-73.77459999962484,45.43940000059555],[-73.77469999991614,45.43959999998679],[-73.7745999995976,45.43960000017289],[-73.77469999944131,45.43969999977395],[-73.77480000023426,45.43959999971313],[-73.7748999991566,45.4397000000412],[-73.7748999991566,45.4397000000412],[-73.7747999996431,45.439800000184725],[-73.7748000003291,45.43999999974635],[-73.77480000003425,45.440099999526076],[-73.77470000045753,45.44030000115032],[-73.77469999952038,45.4405000006983],[-73.77489999916608,45.440800000271416],[-73.77490000022208,45.440999999797086],[-73.77500000052288,45.44109999911004],[-73.77500000059051,45.4411999988696],[-73.77500000059051,45.4411999988696],[-73.77509999990353,45.441199999235764],[-73.77510000014867,45.441299998993166],[-73.77510000040336,45.44140000054849],[-73.77500000081154,45.44150000083732],[-73.77519999963846,45.44189999958228],[-73.77529999945052,45.442199999904034],[-73.77550000003339,45.44270000050371],[-73.77580000017855,45.44300000011143],[-73.77620000013894,45.44329999921769],[-73.77660000052305,45.44360000050606],[-73.77709999900095,45.44389999989652],[-73.77720000081422,45.44409999963815],[-73.77770000051096,45.444399999072964],[-73.77809999956092,45.4445999989556],[-73.77850000006453,45.44490000072174],[-73.77880000055652,45.445099999844196],[-73.7788000009798,45.44519999953318],[-73.77909999934215,45.44529999997574],[-73.77940000024759,45.44549999930727],[-73.7796999994423,45.44569999874806],[-73.78050000010043,45.44600000042562],[-73.78129999976495,45.446499999423544],[-73.7817000004017,45.446599999557534],[-73.78189999973046,45.44669999893288],[-73.78209999989379,45.44669999919176],[-73.78290000054363,45.44669999942503],[-73.7834000001943,45.4469000011123],[-73.78459999958581,45.44730000008128],[-73.78470000008915,45.44739999979149],[-73.78479999966791,45.44749999941474],[-73.78510000038911,45.447599999351645],[-73.78559999947907,45.44769999983307],[-73.78579999933665,45.44769999901356],[-73.78620000033864,45.44769999902034],[-73.78639999911056,45.44759999930564],[-73.78659999989988,45.447599999782575],[-73.7868000001658,45.447499999361916],[-73.78689999968934,45.4473999996455],[-73.7874999999325,45.44740000010406],[-73.78760000062522,45.44749999997307],[-73.78789999980711,45.44769999940629],[-73.7879999990984,45.44769999927797],[-73.78820000067684,45.44779999929651],[-73.78850000005154,45.447899999300716],[-73.78880000026399,45.44789999887114],[-73.78890000031922,45.4480000011945],[-73.78909999996202,45.44800000089646],[-73.78920000106116,45.4480000006129],[-73.78930000088607,45.44800000114484],[-73.78940000070594,45.44800000068941],[-73.790599999419,45.44810000063181],[-73.79169999941018,45.4481000007791],[-73.79179999981868,45.44820000055959],[-73.79200000017066,45.448200000581146],[-73.79239999959555,45.44820000047684],[-73.79250000068042,45.44810000036473],[-73.79250000068042,45.44810000036473],[-73.79270000068213,45.448100000961205],[-73.79270000068213,45.448100000961205],[-73.79269999995789,45.448000000422354],[-73.79270000050829,45.44789999897864],[-73.79289999980142,45.44789999922669],[-73.7931000003712,45.44789999912128],[-73.79320000001621,45.447899998938894],[-73.79350000023172,45.44789999876303],[-73.7939000000945,45.44789999880371],[-73.79399999974065,45.4478999988208],[-73.79410000002996,45.44779999910417],[-73.79420000031472,45.44789999948888],[-73.79439999971743,45.44779999926537],[-73.79439999971743,45.44779999926537],[-73.79439999983181,45.44769999961876],[-73.79450000033933,45.44759999954779],[-73.79459999945742,45.44759999994077],[-73.79469999984879,45.447599999343076],[-73.79490000063952,45.447599999684705],[-73.79499999975585,45.447599999727494],[-73.7951000001501,45.447599999679426],[-73.79539999967943,45.44749999936433],[-73.79560000011526,45.44749999938103],[-73.79559999939036,45.44739999973119],[-73.79559999994471,45.44730000007627],[-73.7957000001848,45.44719999984808],[-73.79569999928589,45.447100000193394],[-73.79580000028031,45.447000000771986],[-73.7958999996387,45.44690000036563],[-73.7961999991577,45.44679999883662],[-73.79650000018425,45.44669999921349],[-73.79670000014103,45.44649999977134],[-73.796999999973,45.44639999973252],[-73.79720000035653,45.44639999964711],[-73.79750000085922,45.446099999843554],[-73.79769999959515,45.44600000011021],[-73.79779999972116,45.44600000039841],[-73.79810000003937,45.445699998998066],[-73.79810000003937,45.445699998998066],[-73.79800000077405,45.44549999960135],[-73.79789999966196,45.44530000011495],[-73.79790000000172,45.44519999952362],[-73.79800000016041,45.44509999994418],[-73.79809999996002,45.44490000058049],[-73.79829999943964,45.44470000097365],[-73.79839999927977,45.44459999923625],[-73.79850000005479,45.44449999920683],[-73.7986000004769,45.444399999088965],[-73.79870000055087,45.44429999978256],[-73.79880000026719,45.44419999948789],[-73.79900000023876,45.44410000014066],[-73.79920000078106,45.44400000043995],[-73.7992999999281,45.44400000031711],[-73.7993000003675,45.44390000060239],[-73.79949999949916,45.44399999980543],[-73.79959999992792,45.44400000031643],[-73.79989999992847,45.44400000042767],[-73.80020000005256,45.443900000036976],[-73.80049999952449,45.44390000037342],[-73.80079999968686,45.44370000048732],[-73.80109999937845,45.443700001046984],[-73.80159999948913,45.44339999926475],[-73.80179999936274,45.443299999499786],[-73.8019000007977,45.44320000006797],[-73.80229999992349,45.44300000002978],[-73.80249999970572,45.44289999993202],[-73.80260000020947,45.44270000014763],[-73.80270000045603,45.442600000907724],[-73.80279999971809,45.44239999914123],[-73.80279999910181,45.442299999400795],[-73.80269999995954,45.44219999924478],[-73.80260000015875,45.442199999646625],[-73.80259999963744,45.44200000015516],[-73.80250000010209,45.441899999819896],[-73.80250000002039,45.4418000000693],[-73.80249999993961,45.441700000317],[-73.80240000102121,45.44170000054148],[-73.8024999997808,45.441500000807046],[-73.80249999970279,45.44140000104945],[-73.80260000013104,45.44119999941276],[-73.80259999962811,45.44099999988617],[-73.80300000092306,45.4405000006963],[-73.80319999957854,45.44030000045398],[-73.80329999944689,45.4400999990669],[-73.80350000003067,45.43999999986391],[-73.80350000075634,45.43990000007774],[-73.80360000015209,45.439700000214835],[-73.80360000070387,45.439600000423845],[-73.8035999999784,45.43950000063451],[-73.80349999982883,45.439500000025866],[-73.80350000055911,45.43940000023091],[-73.80350000001212,45.43930000043761],[-73.80339999910507,45.43899999944883],[-73.80329999946353,45.438799999958405],[-73.80330000017996,45.43850000053548],[-73.80329999981005,45.43830000091368],[-73.80339999930482,45.43799999955208],[-73.8035000001008,45.43789999952722],[-73.80360000054397,45.43779999941396],[-73.80359999983509,45.43769999959302],[-73.80370000014423,45.43749999956269],[-73.80389999980842,45.43740000051529],[-73.8038999998515,45.437300000685305],[-73.80389999989548,45.437200000853565],[-73.80389999994038,45.43710000102005],[-73.8037999993551,45.43689999920381],[-73.80379999957943,45.43679999936456],[-73.8038000000308,45.436599999680844],[-73.80380000048588,45.436399999990094],[-73.80370000023908,45.436200000760515],[-73.80339999999026,45.4360000010315],[-73.80310000057761,45.43579999960566],[-73.80280000001393,45.43569999904729],[-73.80260000016293,45.43559999918148],[-73.8025000004697,45.43539999977203],[-73.80250000042665,45.43520000004087],[-73.8025000004065,45.43510000017265],[-73.80250000038727,45.43500000030267],[-73.80260000025692,45.43500000088711],[-73.80260000006199,45.43490000101584],[-73.8027999994419,45.434900001023166],[-73.80289999912877,45.434900000445616],[-73.80300000047569,45.43480000080234],[-73.80299999994594,45.434599999251574],[-73.80329999953778,45.43429999978703],[-73.80350000091491,45.434100000592835],[-73.80359999979383,45.434000000416624],[-73.80389999920509,45.43399999991824],[-73.80430000055668,45.43400000042201],[-73.80439999946637,45.434100000220695],[-73.80470000081448,45.43430000008603],[-73.8046999996005,45.43439999997185],[-73.80490000018878,45.434499999779085],[-73.80499999976502,45.43459999904208],[-73.80510000020452,45.43459999923595],[-73.80510000020452,45.43459999923595],[-73.8052999996526,45.43469999924231],[-73.80529999951172,45.43480000091804],[-73.80540000033004,45.434900000722195],[-73.80570000067999,45.43490000089316],[-73.80590000006052,45.43490000087165],[-73.80599999994396,45.43480000130501],[-73.80620000024659,45.43480000075569],[-73.8064000000284,45.43469999908195],[-73.80669999955444,45.43459999945061],[-73.8069000003147,45.43449999959469],[-73.806900000083,45.43429999983135],[-73.80689999996855,45.43419999994705],[-73.80689999985502,45.43410000006098],[-73.80700000040132,45.43400000050268],[-73.8070999993168,45.43390000085942],[-73.80719999979327,45.433900000114434],[-73.80729999981422,45.43400000007291],[-73.80729999981422,45.43400000007291],[-73.80740000047125,45.43400000005223],[-73.80840000045049,45.43390000055694],[-73.8096000000645,45.43380000110124],[-73.80979999939183,45.433800000549816],[-73.80999999952783,45.433700000652074],[-73.81020000022959,45.43359999950093],[-73.81020000022959,45.43359999950093],[-73.81069999997857,45.43329999963717],[-73.81099999921567,45.43300000057476],[-73.81130000079698,45.43290000052316],[-73.81149999950533,45.43290000059597],[-73.8123000008335,45.43309999988149],[-73.81250000001862,45.43319999990637],[-73.8128000003069,45.4331999994261],[-73.8130999993228,45.433199999961076],[-73.81340000089061,45.43319999970111],[-73.81389999998706,45.43310000002134],[-73.81400000047454,45.43300000061517],[-73.81419999953552,45.43300000045869],[-73.81429999970183,45.432999999797474],[-73.81470000056323,45.43289999996751],[-73.8147999992825,45.432900000672205],[-73.81500000019582,45.43280000009947],[-73.81510000053973,45.43290000044723],[-73.81539999924156,45.432900000341256],[-73.81539999924156,45.432900000341256],[-73.81569999952937,45.43300000025134],[-73.81589999925058,45.43309999972277],[-73.81620000038069,45.4330000003017],[-73.8163000004638,45.43290000068068],[-73.81650000000685,45.43280000018464],[-73.8165999991636,45.43290000012252],[-73.81680000074012,45.43280000089522],[-73.81679999977027,45.43270000098574],[-73.81720000008158,45.432499998779896],[-73.81740000046685,45.43239999939799],[-73.8175999997912,45.432499999503854],[-73.81759999996748,45.432399999585826],[-73.81759999996748,45.432399999585826],[-73.81780000056828,45.4322999995011],[-73.81800000046678,45.432199999966166],[-73.81800000046678,45.432199999966166],[-73.81809999979644,45.43209999965683],[-73.81819999926032,45.432200000005196],[-73.81830000101385,45.43199999958935],[-73.818199999178,45.43190000023152],[-73.81810000025187,45.431800000776306],[-73.81819999997995,45.43170000037126],[-73.8183000006384,45.431600000774125],[-73.81839999966611,45.43150000109222],[-73.81849999960903,45.431399999518725],[-73.81849999948457,45.43129999958212],[-73.81850000063909,45.43119999964023],[-73.81850000063909,45.43119999964023],[-73.81830000049393,45.43109999929024],[-73.81800000058891,45.43099999987601],[-73.81780000076236,45.43090000044596],[-73.8176999992043,45.43080000063054],[-73.81790000004575,45.43060000039241],[-73.81799999981526,45.430600000991944],[-73.81809999948149,45.430400000700764],[-73.81829999981294,45.43029999880578],[-73.81900000014797,45.43009999969232],[-73.81910000030724,45.430099999327666],[-73.82029999931457,45.42969999997863],[-73.82110000003539,45.429400000896926],[-73.82120000071036,45.42919999964557],[-73.8216000004609,45.428999999904136],[-73.82210000036882,45.428800000262626],[-73.82200000005344,45.428699999671984],[-73.82210000017233,45.428500000308965],[-73.82170000061551,45.42830000096962],[-73.82139999922884,45.42809999964947],[-73.82109999997088,45.427899999328226],[-73.8208999992581,45.42779999987564],[-73.82070000052856,45.42770000006559],[-73.820600000808,45.42760000002834],[-73.82070000011291,45.42740000005524],[-73.82090000033591,45.427499999866285],[-73.82100000035469,45.427400000532145],[-73.82100000096628,45.427300000523054],[-73.82089999936055,45.427300000755885],[-73.82080000031017,45.427300000893965],[-73.82080000031017,45.427300000893965],[-73.82069999984577,45.42720000093939],[-73.82110000048252,45.42689999926157],[-73.82120000010816,45.426899999759016],[-73.821299999815,45.42679999925265],[-73.82139999917429,45.42669999955776],[-73.82159999983077,45.426599999916064],[-73.82159999983077,45.426599999916064],[-73.82169999958562,45.426499999953876],[-73.82179999978,45.42649999992439],[-73.82189999997391,45.426499999807326],[-73.8221000003654,45.42650000021042],[-73.82220000077936,45.42659999985167],[-73.82240000024316,45.426599999732105],[-73.82259999971012,45.426600000162196],[-73.82269999990416,45.426699999364644],[-73.82280000045692,45.426799999376655],[-73.82299999970748,45.426899999123435],[-73.82309999933418,45.426899999757154],[-73.82320000023319,45.426899999399865],[-73.823399999479,45.42689999932974],[-73.82350000041762,45.42679999959309],[-73.82360000000594,45.42689999980565],[-73.82380000003718,45.42679999991622],[-73.824199999261,45.42659999998365],[-73.82430000090795,45.42659999956102],[-73.82490000095842,45.426300000542675],[-73.82519999967843,45.42610000073439],[-73.82529999916491,45.42610000034218],[-73.82529999928151,45.425899999378785],[-73.82519999974814,45.42579999973691],[-73.82519999934911,45.42569999970208],[-73.82520000022895,45.42559999966183],[-73.8250999999069,45.42539999988823],[-73.82509999968838,45.425299999845876],[-73.82510000053733,45.4251000006521],[-73.82510000053733,45.4251000006521],[-73.8251000003218,45.42500000060448],[-73.82520000003639,45.424900001148885],[-73.82529999995991,45.424900000755294],[-73.82539999988812,45.424900001173974],[-73.82549999981066,45.424900000605284],[-73.82569999966462,45.424900001004914],[-73.82579999959087,45.42490000107341],[-73.82599999996759,45.42500000099637],[-73.82610000077221,45.42510000084809],[-73.82629999982814,45.425200000246114],[-73.82640000023817,45.425299999832866],[-73.82650000100699,45.42540000022919],[-73.82649999986471,45.42550000027387],[-73.82650000013372,45.42569999945079],[-73.82640000007629,45.425699999995416],[-73.8262999995851,45.425899999624356],[-73.82620000044629,45.42589999909138],[-73.82610000075684,45.42600000120456],[-73.82610000018695,45.42610000033717],[-73.82609999962324,45.42620000036788],[-73.82610000033841,45.42630000039318],[-73.82610000049378,45.426500000442125],[-73.82619999991672,45.42669999930463],[-73.82630000046807,45.4266999998337],[-73.82630000005457,45.42689999897047],[-73.82619999968607,45.42710000116881],[-73.82610000042996,45.42720000056002],[-73.82620000020529,45.42730000028888],[-73.82629999926021,45.42730000082229],[-73.82639999956524,45.42740000037281],[-73.82650000022394,45.42749999983305],[-73.82659999996355,45.42760000010651],[-73.8267000000568,45.42770000028968],[-73.82689999960986,45.42799999948779],[-73.8272999994842,45.42799999953455],[-73.82740000024238,45.42809999909609],[-73.82749999943127,45.428099999478505],[-73.82759999989239,45.42809999886986],[-73.82759999989239,45.42809999886986],[-73.82809999966076,45.428099999019935],[-73.82820000012416,45.42809999878585],[-73.82820000012416,45.42809999878585],[-73.82820000074288,45.428200000578094],[-73.82820000074288,45.428200000578094],[-73.82829999961757,45.428300001153474],[-73.8284000004331,45.428300000743285],[-73.82859999951202,45.42830000056746],[-73.82870000011705,45.42820000080248],[-73.82880000075924,45.42820000094244],[-73.8289999994863,45.42820000096709],[-73.82909999976962,45.428300000838114],[-73.82909999976962,45.428300000838114],[-73.8291999991287,45.42840000062252],[-73.8293000001216,45.42840000032375],[-73.82939999984126,45.42840000084097],[-73.82949999955521,45.428400000370786],[-73.82959999927391,45.42840000071289],[-73.82970000027004,45.428400000963755],[-73.829800000386,45.428300001138616],[-73.8298999999214,45.42830000031874],[-73.83000000069435,45.42840000029863],[-73.83010000041055,45.42840000020301],[-73.83009999926509,45.428500000195626],[-73.83019999915737,45.42850000001196],[-73.83019999946742,45.428599999998646],[-73.83029999954104,45.42860000062676],[-73.83040000088687,45.4286000002638],[-73.83040000088687,45.4286000002638],[-73.83049999967629,45.428599999820676],[-73.83069999982004,45.428600000464094],[-73.8307999998912,45.42860000065449],[-73.83100000086516,45.428500000782506],[-73.83119999937283,45.42850000055514],[-73.83139999915646,45.428499999973894],[-73.8317999998934,45.428700000430766],[-73.83170000045092,45.42889999928111],[-73.83200000016834,45.42990000029326],[-73.83239999925219,45.431199999867005],[-73.83480000036768,45.43760000023582],[-73.83459999961066,45.437699999400635],[-73.83590000064606,45.43749999960794],[-73.83520000019513,45.43799999892271],[-73.83539999971613,45.43850000033078],[-73.83930000044688,45.44539999945234],[-73.83539999965659,45.44539999951677],[-73.83169999958132,45.4453999993935],[-73.83579999963476,45.449799999597126],[-73.8343000000831,45.45060000053952],[-73.83439999967369,45.45069999988305],[-73.83659999989243,45.45289999972162],[-73.84040000073104,45.45659999912279],[-73.84220000005708,45.45639999934669],[-73.84049999929687,45.45690000101208],[-73.84039999980578,45.45700000070084],[-73.84040000053056,45.45710000018827],[-73.84089999987877,45.457200000507676],[-73.84410000014195,45.46000000086157],[-73.84420000033394,45.460200000795936],[-73.84659999927088,45.462800000036026],[-73.84610000036665,45.463099998915055],[-73.8320000003451,45.470200000111795],[-73.83189999953659,45.47030000022523],[-73.81559999975337,45.47829999999371],[-73.8151000006655,45.477700000769005],[-73.81450000080162,45.47690000014093],[-73.81329999973744,45.475700000147704],[-73.81319999939986,45.47560000076848],[-73.81280000029774,45.4751999996532],[-73.80229999934741,45.48009999987491],[-73.80009999924435,45.48110000019422],[-73.79970000033147,45.48179999904004],[-73.79970000094869,45.4818999989873],[-73.79910000000854,45.48200000044505],[-73.79890000034304,45.48200000114636],[-73.798499999498,45.48210000054779],[-73.79810000014785,45.48230000028406],[-73.7975999998104,45.48250000003371],[-73.7975999998104,45.48250000003371],[-73.79750000036815,45.4824999995638],[-73.7961999998452,45.483100000396405],[-73.79609999934466,45.48310000050322],[-73.79609999934466,45.48310000050322],[-73.79600000012287,45.48310000051918],[-73.79600000012287,45.48310000051918],[-73.79589999962144,45.4831000004509],[-73.79479999982622,45.48189999916473],[-73.79480000020263,45.48179999921556],[-73.79470000072128,45.481799998994134],[-73.79430000018331,45.48140000012917],[-73.79399999954578,45.48100000075647],[-73.79459999923012,45.48189999863851],[-73.79449999957565,45.48189999914228],[-73.79430000026073,45.48189999898734],[-73.79310000008516,45.48179999886552],[-73.79139999997214,45.48169999936087],[-73.79100000020352,45.48169999954621],[-73.78959999919185,45.48220000014558],[-73.78910000014459,45.482499999517],[-73.78870000053521,45.48269999961439],[-73.78839999970131,45.482799999701044],[-73.78849999966721,45.48289999906761],[-73.78960000039048,45.48409999871173],[-73.7895999997983,45.484200000420095],[-73.78940000034866,45.48430000058928],[-73.78479999968245,45.486500000185366],[-73.78170000031679,45.48800000026352],[-73.77839999992598,45.4897000008127],[-73.77619999988443,45.49070000069576],[-73.77560000017276,45.49100000049998],[-73.77520000023904,45.49119999980964],[-73.76850000064556,45.49369999991182],[-73.76460000056844,45.4900999996369],[-73.76529999997551,45.49000000043637],[-73.76589999999689,45.48980000049964],[-73.76629999992629,45.489600001314706],[-73.76649999931266,45.48939999958472],[-73.76630000032743,45.489399998993676],[-73.76610000006552,45.48939999895528],[-73.76600000003755,45.48929999989147],[-73.76580000050338,45.488099999635466],[-73.76580000015237,45.48789999996322],[-73.76620000005015,45.487800000002046],[-73.76650000013454,45.48770000072467]]]]}},{"type":"Feature","properties":{"harmonized_pdq_id":"PDQ_H_07","display_name":"PDQ 07","component_pdqs":[7],"source_pdq_values":[7],"geography_type":"longitudinal_analytical_composite","source_dataset":"Limite des secteurs de poste de quartier de police","source_dataset_id":"186892b8-bba5-426c-aa7e-9db8c43cbdfe","source_resource_id":"e18f0da9-3a16-4ba4-b378-59f698b47261","source_license":"Creative Commons Attribution 4.0 International","geometry_rule":"direct_source_polygon","historical_boundary_claim":false,"special_unit":false,"longitudinal_caveat":"This polygon is an IQAI longitudinal analytical composite based on official SPVM/Ville de Montréal PDQ territory geometry. It is used to compare harmonized reported-event totals consistently through time and should not be interpreted as a historical boundary snapshot for every year.","source_area_m2_planar":43151744.3145,"source_vintage":"2026-08-09T00:45:24.840Z","source_crs":"EPSG:32188","browser_crs":"EPSG:4326"},"geometry":{"type":"MultiPolygon","coordinates":[[[[-73.67239999952132,45.53250000037026],[-73.67150000033142,45.532299999147504],[-73.67060000002799,45.5321999988785],[-73.66930000069472,45.53180000028007],[-73.6686999999316,45.53160000078092],[-73.66750000092291,45.53119999950276],[-73.6673999997295,45.531199999417005],[-73.66719999990245,45.53119999897911],[-73.66549999960557,45.530700000160145],[-73.66019999989449,45.52920000092888],[-73.65970000001444,45.52899999915122],[-73.65640000004547,45.528000000829046],[-73.65589999967148,45.52789999950053],[-73.6542999994217,45.5273000004155],[-73.65399999974655,45.52720000028272],[-73.65380000001755,45.527200000680075],[-73.65349999978099,45.52720000017051],[-73.65239999952212,45.527000000782536],[-73.65169999979697,45.52690000114512],[-73.65130000042585,45.52700000077543],[-73.65089999945215,45.52719999994242],[-73.65110000085006,45.52590000039957],[-73.65290000072231,45.523000000001616],[-73.65399999972223,45.521299999564604],[-73.65490000007308,45.51999999911276],[-73.65509999999075,45.51969999988999],[-73.65559999966776,45.51899999897254],[-73.65730000069293,45.51620000001699],[-73.65880000094629,45.51400000047433],[-73.65899999995027,45.51380000067866],[-73.6601999996286,45.51180000008791],[-73.66050000069372,45.51129999943325],[-73.66079999965602,45.51090000007356],[-73.66099999982472,45.51070000026425],[-73.66169999957937,45.50960000034703],[-73.66170000025674,45.509400000549526],[-73.66180000027421,45.509199999522586],[-73.66189999960221,45.509099999658],[-73.66199999966496,45.50889999934516],[-73.66210000030351,45.50869999983675],[-73.662199999499,45.5086000006007],[-73.66220000023546,45.50850000023473],[-73.66230000018025,45.50840000090657],[-73.66229999946084,45.50830000053914],[-73.66260000047367,45.507999999312176],[-73.66280000066436,45.507799999848025],[-73.66359999954045,45.50659999953787],[-73.66440000044545,45.50520000062175],[-73.66449999962357,45.50510000021016],[-73.66490000029779,45.504599999930846],[-73.66509999953256,45.50439999992009],[-73.6653000008032,45.50429999998986],[-73.66540000042761,45.50430000011436],[-73.66550000012232,45.50410000016784],[-73.665399999787,45.504000000587524],[-73.66530000108568,45.50390000091557],[-73.66530000108568,45.50390000091557],[-73.66510000036703,45.5035999990577],[-73.66490000068383,45.50339999998845],[-73.66579999979004,45.50369999886449],[-73.6675000010845,45.50290000045755],[-73.66729999981021,45.50280000063598],[-73.66699999994651,45.50280000049235],[-73.66679999990684,45.502699998891984],[-73.66679999990684,45.502699998891984],[-73.6674000001305,45.502399999828526],[-73.66780000015143,45.5021999995931],[-73.66799999984308,45.50200000071796],[-73.66829999992471,45.50170000128465],[-73.66889999991335,45.50130000009608],[-73.6692000003651,45.50090000046178],[-73.66930000036936,45.500900000770685],[-73.67239999983681,45.49840000066504],[-73.67239999919953,45.49829999922123],[-73.67260000023929,45.49829999954577],[-73.67300000066099,45.497899999648865],[-73.67309999988272,45.49779999967765],[-73.67309999988272,45.49779999967765],[-73.67310000057411,45.4977000000209],[-73.67310000057411,45.4977000000209],[-73.67379999988988,45.497099999169706],[-73.673900000123,45.49699999938225],[-73.67400000000238,45.49689999950602],[-73.67410000060471,45.49690000011084],[-73.67440000015048,45.49660000058362],[-73.67440000015048,45.49660000058362],[-73.67459999961021,45.496500000431205],[-73.67479999989247,45.49630000114496],[-73.67540000026511,45.49589999962386],[-73.67579999998904,45.4956000002455],[-73.67619999930696,45.49530000035093],[-73.67649999990081,45.49510000122395],[-73.67690000092182,45.49479999974869],[-73.67739999995125,45.494400000261436],[-73.67770000048348,45.494200000650494],[-73.67839999953591,45.49369999976073],[-73.67870000049655,45.49350000019739],[-73.67910000062311,45.4931000001957],[-73.679299999848,45.492900001010064],[-73.67990000014649,45.492499999906016],[-73.68030000058191,45.49219999988467],[-73.68130000059384,45.4915999995824],[-73.68160000038948,45.49129999975972],[-73.68189999983447,45.49120000047995],[-73.6823999998795,45.49090000022307],[-73.68269999962476,45.49080000063426],[-73.685499999729,45.48980000011747],[-73.68589999998291,45.48949999923872],[-73.68579999968308,45.48949999906596],[-73.68579999968308,45.48949999906596],[-73.68570000066231,45.48949999880354],[-73.68539999992387,45.48929999968991],[-73.6852999999795,45.48929999997869],[-73.6852999999795,45.48929999997869],[-73.68460000080695,45.488800000500795],[-73.68410000050048,45.48850000081881],[-73.68400000069174,45.48850000086925],[-73.68400000069174,45.48850000086925],[-73.68340000097758,45.48810000004447],[-73.68340000097758,45.48810000004447],[-73.68340000012537,45.48800000021887],[-73.68079999995291,45.48650000093556],[-73.68069999984479,45.48650000079721],[-73.68069999994097,45.48640000094221],[-73.68049999969456,45.48619999888838],[-73.68030000006723,45.48609999903779],[-73.67999999942721,45.48590000002177],[-73.67819999985494,45.484799999910294],[-73.6776999998955,45.484499999901495],[-73.6772000000329,45.48409999869329],[-73.6771000004175,45.48399999910549],[-73.67699999961711,45.4839999993287],[-73.67789999925864,45.4814999997895],[-73.67960000043509,45.474999999584654],[-73.6786999994356,45.46289999942498],[-73.68260000044691,45.464500000539466],[-73.68319999932027,45.464900000015],[-73.68380000029396,45.465299999007364],[-73.68589999961708,45.466600001291695],[-73.6862999996247,45.466899999905806],[-73.69229999973713,45.47020000015757],[-73.69370000005644,45.46440000095681],[-73.69550000067382,45.467099999862576],[-73.6957000005221,45.46629999950706],[-73.69679999972028,45.46599999958604],[-73.69920000020532,45.46759999909754],[-73.70140000001001,45.46930000015454],[-73.70139999933322,45.469399999412865],[-73.70319999992651,45.47059999968499],[-73.70370000052247,45.47089999948775],[-73.7044999994632,45.47130000043226],[-73.7052999994937,45.47169999934383],[-73.70579999923612,45.471999998897516],[-73.70709999973724,45.47279999967692],[-73.7078000006105,45.47330000035127],[-73.7078000006105,45.47330000035127],[-73.7078999997295,45.473400000249065],[-73.70799999920256,45.473500000056916],[-73.70810000062127,45.47350000058794],[-73.70839999997418,45.47359999994886],[-73.70859999919504,45.4737999994923],[-73.71050000034954,45.47499999990646],[-73.71199999992366,45.47619999976512],[-73.71339999981647,45.477299999149494],[-73.7138000003743,45.47760000079396],[-73.71409999981304,45.47790000043136],[-73.71470000081877,45.478299999992444],[-73.71569999982144,45.478900000306304],[-73.71640000087089,45.479199999974796],[-73.71730000018815,45.47969999924304],[-73.71789999990958,45.47990000082759],[-73.71960000012231,45.480599999811325],[-73.72209999980534,45.48159999980781],[-73.7233999995894,45.482100000228456],[-73.72350000074726,45.48200000084035],[-73.72410000016491,45.48149999989786],[-73.72499999935849,45.48079999921949],[-73.72510000089888,45.48079999926574],[-73.72800000027561,45.478399999097476],[-73.72810000012934,45.47839999922],[-73.73039999920549,45.476600000965774],[-73.73049999906715,45.476399998918424],[-73.73060000050185,45.47639999954847],[-73.73140000051764,45.475800000312034],[-73.73140000053104,45.475700000264446],[-73.73159999963859,45.475699999868645],[-73.73190000017632,45.47540000116072],[-73.73309999951914,45.47440000024189],[-73.73310000037641,45.474300001067654],[-73.73319999937424,45.47430000122594],[-73.73360000038623,45.473999999845944],[-73.73360000035832,45.4738999997666],[-73.7372000004994,45.471100000820066],[-73.7372000004994,45.471100000820066],[-73.73749999995282,45.4708999989935],[-73.74080000017197,45.46839999967744],[-73.75040000061239,45.46060000002299],[-73.75769999933823,45.46590000012049],[-73.76219999995708,45.46880000088754],[-73.76690000002796,45.47320000082735],[-73.76850000035101,45.474999999546185],[-73.7668000003654,45.47639999906291],[-73.76649999998271,45.47660000026873],[-73.76689999980432,45.4769000004918],[-73.77200000048771,45.48079999929131],[-73.77320000023482,45.48239999986276],[-73.76509999991008,45.48699999931714],[-73.76640000054056,45.48750000033622],[-73.76689999954203,45.48740000131836],[-73.76650000013454,45.48770000072467],[-73.76620000005015,45.487800000002046],[-73.76580000015237,45.48789999996322],[-73.76580000050338,45.488099999635466],[-73.76600000003755,45.48929999989147],[-73.76610000006552,45.48939999895528],[-73.76630000032743,45.489399998993676],[-73.76649999931266,45.48939999958472],[-73.76629999992629,45.489600001314706],[-73.76589999999689,45.48980000049964],[-73.76529999997551,45.49000000043637],[-73.76460000056844,45.4900999996369],[-73.76850000064556,45.49369999991182],[-73.76820000044007,45.49379999893576],[-73.77390000035186,45.49840000051004],[-73.77370000022012,45.498400001177934],[-73.77340000093244,45.49850000027534],[-73.772000000419,45.49929999943452],[-73.77370000032828,45.500600001263535],[-73.77180000006008,45.5011999994995],[-73.77089999941919,45.50149999910428],[-73.77259999969154,45.50290000108397],[-73.77259999986984,45.503000000658666],[-73.77200000050848,45.50300000017637],[-73.77109999908075,45.503199999892686],[-73.77100000002373,45.503300000085325],[-73.77089999959787,45.50329999972418],[-73.77090000034511,45.50349999975624],[-73.77070000072639,45.50359999923249],[-73.76969999971912,45.50410000033938],[-73.76890000017269,45.5035999997881],[-73.76859999958593,45.50340000009398],[-73.7659999993707,45.50369999897376],[-73.76570000008216,45.50340000019767],[-73.76549999934025,45.50319999997021],[-73.7639999999368,45.502100000534504],[-73.76279999919846,45.5026999989636],[-73.7610999992155,45.50159999927813],[-73.7600000001747,45.5021000001897],[-73.7599000002082,45.50239999975318],[-73.75940000046582,45.50269999941232],[-73.75880000028752,45.502399999244545],[-73.75729999969059,45.503100000523396],[-73.75660000045791,45.50249999932495],[-73.75619999918486,45.50269999917816],[-73.75589999982655,45.50269999945132],[-73.75569999952286,45.502800000573544],[-73.75569999921655,45.50290000104877],[-73.75549999978583,45.50290000044265],[-73.75450000037614,45.502100000018096],[-73.75349999910996,45.502900000331614],[-73.75310000022952,45.50349999927298],[-73.75299999893559,45.50530000028797],[-73.75310000033838,45.505300000120414],[-73.75440000026063,45.506899999393504],[-73.7341000004958,45.51419999978701],[-73.72870000031112,45.5161000005212],[-73.73570000058488,45.5209000002907],[-73.7336999997404,45.522299999205266],[-73.73360000022925,45.522299999480374],[-73.73209999911288,45.52339999894542],[-73.73180000064686,45.52360000092302],[-73.72829999967966,45.52150000112606],[-73.72529999997231,45.523800000620035],[-73.72279999974539,45.52580000068897],[-73.72209999993102,45.526400000048596],[-73.72159999949281,45.52669999943251],[-73.71839999969563,45.52480000070538],[-73.71800000076645,45.52510000014295],[-73.71710000006532,45.525499999359845],[-73.71449999989537,45.523900000196726],[-73.71300000097898,45.52519999972792],[-73.7122999996108,45.52500000059368],[-73.71200000081251,45.525000000744384],[-73.71190000093976,45.52480000075521],[-73.71129999992789,45.5244999997137],[-73.7111000005834,45.52439999956077],[-73.70920000018069,45.523199999642415],[-73.70900000021408,45.52310000029076],[-73.70709999970968,45.52380000070867],[-73.70700000072424,45.523900000292926],[-73.7068999996615,45.52390000059291],[-73.69909999949559,45.52669999915701],[-73.69830000044023,45.527000000590355],[-73.69549999979083,45.5280000004949],[-73.69310000008915,45.52850000022437],[-73.6926999998109,45.528300000770415],[-73.69269999999905,45.528599999924474],[-73.69179999990601,45.52879999929285],[-73.6892999995497,45.52889999966109],[-73.68810000038093,45.528799999570765],[-73.6868999995526,45.5288999994962],[-73.68730000078428,45.530099999413224],[-73.6871999989786,45.53009999956494],[-73.6871999989786,45.53009999956494],[-73.6871999989786,45.53009999956494],[-73.68650000041683,45.530099999052545],[-73.68620000011921,45.53009999893536],[-73.68599999965046,45.53020000080712],[-73.68529999985148,45.5302000010418],[-73.68450000030626,45.53040000014032],[-73.68349999995452,45.53060000013483],[-73.68329999969137,45.53059999999088],[-73.6830999994301,45.53060000039661],[-73.682900000655,45.53070000042828],[-73.67980000003526,45.531500000360914],[-73.67729999976744,45.53209999968858],[-73.67640000070931,45.532299999072904],[-73.67559999997576,45.532400000609385],[-73.67399999914859,45.532500000421074],[-73.67279999942886,45.53250000068427],[-73.67239999952132,45.53250000037026]]]]}},{"type":"Feature","properties":{"harmonized_pdq_id":"PDQ_H_08","display_name":"PDQ 08","component_pdqs":[8],"source_pdq_values":[8],"geography_type":"longitudinal_analytical_composite","source_dataset":"Limite des secteurs de poste de quartier de police","source_dataset_id":"186892b8-bba5-426c-aa7e-9db8c43cbdfe","source_resource_id":"e18f0da9-3a16-4ba4-b378-59f698b47261","source_license":"Creative Commons Attribution 4.0 International","geometry_rule":"direct_source_polygon","historical_boundary_claim":false,"special_unit":false,"longitudinal_caveat":"This polygon is an IQAI longitudinal analytical composite based on official SPVM/Ville de Montréal PDQ territory geometry. It is used to compare harmonized reported-event totals consistently through time and should not be interpreted as a historical boundary snapshot for every year.","source_area_m2_planar":18270151.0546,"source_vintage":"2026-08-09T00:45:24.840Z","source_crs":"EPSG:32188","browser_crs":"EPSG:4326"},"geometry":{"type":"MultiPolygon","coordinates":[[[[-73.7078000006105,45.47330000035127],[-73.70709999973724,45.47279999967692],[-73.70579999923612,45.471999998897516],[-73.7052999994937,45.47169999934383],[-73.7044999994632,45.47130000043226],[-73.70370000052247,45.47089999948775],[-73.70319999992651,45.47059999968499],[-73.70139999933322,45.469399999412865],[-73.70140000001001,45.46930000015454],[-73.69920000020532,45.46759999909754],[-73.69679999972028,45.46599999958604],[-73.6957000005221,45.46629999950706],[-73.69550000067382,45.467099999862576],[-73.69370000005644,45.46440000095681],[-73.69229999973713,45.47020000015757],[-73.6862999996247,45.466899999905806],[-73.68589999961708,45.466600001291695],[-73.68380000029396,45.465299999007364],[-73.68319999932027,45.464900000015],[-73.68260000044691,45.464500000539466],[-73.6786999994356,45.46289999942498],[-73.67960000091358,45.459200000324444],[-73.68150000010834,45.45700000027765],[-73.68190000079073,45.45619999985915],[-73.68219999956757,45.45509999969789],[-73.68219999952963,45.454399999514955],[-73.6821000004255,45.453900000291355],[-73.68200000000567,45.45350000047322],[-73.68169999997696,45.45309999940621],[-73.68110000030939,45.45270000022841],[-73.68039999962899,45.45240000062784],[-73.67949999993039,45.452099999834594],[-73.67880000020278,45.45199999941829],[-73.67779999916694,45.45200000001023],[-73.67669999955024,45.45219999902205],[-73.67540000000834,45.45240000046586],[-73.67430000058737,45.452799999741224],[-73.67350000006105,45.453099999701124],[-73.67030000026227,45.45309999938421],[-73.67030000054228,45.4534000006955],[-73.66999999929949,45.453700000741726],[-73.67019999986483,45.454799999980075],[-73.67010000006428,45.455099999884744],[-73.67000000048913,45.45519999978312],[-73.66980000027912,45.455399999313514],[-73.66959999936469,45.455499998990746],[-73.66959999994289,45.45560000118636],[-73.66940000052514,45.45570000050764],[-73.66929999993486,45.455800000683915],[-73.66869999969522,45.45610000050752],[-73.66860000099676,45.45620000006106],[-73.66839999998562,45.45639999980543],[-73.6682000001187,45.45659999919081],[-73.65689999945042,45.45219999894316],[-73.6561000008844,45.45159999982811],[-73.65410000017796,45.45130000102751],[-73.65259999928928,45.45060000028568],[-73.64839999980197,45.44899999919318],[-73.64789999997211,45.4485999995362],[-73.64730000090584,45.448399999926224],[-73.64679999985202,45.44820000006577],[-73.6464000004144,45.447899998934865],[-73.64499999939251,45.44769999921898],[-73.6448999997628,45.44759999960244],[-73.644000000255,45.44779999958977],[-73.6438000000659,45.44779999958721],[-73.64320000031185,45.44830000011136],[-73.64309999943478,45.44849999959582],[-73.64259999930863,45.448100001001926],[-73.64159999981861,45.448000000899604],[-73.64130000051557,45.44769999916836],[-73.64030000048888,45.447300000465226],[-73.63999999965694,45.447100000328454],[-73.64000000029614,45.44700000068337],[-73.6398000003783,45.447000000875725],[-73.63960000045962,45.4470000007179],[-73.63949999986077,45.44700000050847],[-73.63929999994306,45.44700000072522],[-73.63900000024914,45.446699999200625],[-73.6381000001127,45.447200000257894],[-73.63769999968736,45.44740000011799],[-73.63709999949718,45.44779999959925],[-73.63690000058637,45.447799999211924],[-73.6357999999315,45.448200000587654],[-73.63209999987862,45.44949999984067],[-73.63049999967576,45.44859999961897],[-73.6303000003707,45.44849999975671],[-73.62959999997993,45.44810000035785],[-73.63000000026412,45.447699999032395],[-73.6316000000529,45.446900000965655],[-73.63350000085372,45.446000000324055],[-73.63509999961039,45.44540000003248],[-73.6391000002868,45.44389999994984],[-73.6399999998938,45.443499999428184],[-73.64109999977171,45.44309999956584],[-73.64230000055251,45.442600000702896],[-73.64330000014905,45.44219999974127],[-73.64399999989878,45.44190000028406],[-73.64569999986342,45.44129999941853],[-73.64609999927389,45.44109999922359],[-73.6462999998394,45.44099999994687],[-73.64679999999721,45.44079999964434],[-73.64740000035661,45.44050000066637],[-73.64749999969716,45.44050000025984],[-73.64789999988751,45.44030000093086],[-73.64910000005509,45.4396000001215],[-73.6494000003859,45.43950000069356],[-73.64949999974533,45.43940000055729],[-73.64989999916631,45.439200000485435],[-73.64990000024146,45.43909999890057],[-73.64990000024146,45.43909999890057],[-73.65000000057059,45.43899999921809],[-73.6500000008896,45.438400000467816],[-73.65010000017298,45.43789999967831],[-73.65019999947924,45.43799999941234],[-73.65040000031988,45.43889999986923],[-73.6507999994254,45.43870000022773],[-73.65080000019599,45.43860000043413],[-73.65310000004422,45.437399999985814],[-73.65380000096022,45.4368999990603],[-73.65589999979842,45.436300000357875],[-73.65609999971731,45.43610000019785],[-73.65799999971637,45.4352999995817],[-73.65850000028779,45.43510000005183],[-73.65970000011346,45.43459999944933],[-73.66210000015658,45.433299999329165],[-73.66540000038485,45.43229999921541],[-73.66559999995195,45.43210000027674],[-73.6656999998438,45.43200000022337],[-73.66579999951048,45.431999999992264],[-73.66560000040225,45.43190000045535],[-73.66549999963361,45.43190000051296],[-73.66499999961005,45.43210000020281],[-73.66480000064165,45.4319000002554],[-73.66490000050256,45.43170000098425],[-73.66499999964729,45.43160000063791],[-73.66499999965625,45.43150000071964],[-73.66539999978549,45.43129999917761],[-73.66590000096573,45.43089999965046],[-73.66590000007857,45.42930000055122],[-73.66599999996362,45.428999999363235],[-73.66599999973467,45.42840000045308],[-73.66659999970501,45.42860000061627],[-73.66709999967266,45.42879999997819],[-73.667299999412,45.42889999964148],[-73.66760000042773,45.42879999991298],[-73.66770000046739,45.428899999783305],[-73.66810000058358,45.42899999938971],[-73.66860000049478,45.42909999941014],[-73.66889999946889,45.42909999893577],[-73.669400000318,45.42909999908999],[-73.66969999996206,45.428999999250564],[-73.66999999982552,45.428899999520944],[-73.67069999916295,45.42870000037037],[-73.67120000019283,45.4285000008026],[-73.67159999957359,45.4284000008141],[-73.67169999994468,45.42820000086395],[-73.67229999986348,45.42820000083732],[-73.6727999997751,45.427999999648655],[-73.67349999912535,45.42799999946966],[-73.67369999967121,45.42789999967582],[-73.67410000075846,45.427999998983815],[-73.67440000034144,45.42789999937843],[-73.67470000063068,45.42789999986606],[-73.6749999996396,45.42789999956768],[-73.6756999996429,45.42770000033334],[-73.67590000040637,45.42770000026853],[-73.67599999992339,45.42760000011861],[-73.67719999962023,45.42770000031882],[-73.6799999993326,45.4278999991507],[-73.68360000029995,45.428200000514536],[-73.68469999977785,45.42830000071823],[-73.68680000002807,45.42830000069107],[-73.68699999956252,45.42840000096563],[-73.68729999994507,45.428400000755104],[-73.68759999931528,45.428500000632475],[-73.68800000010728,45.42850000077465],[-73.68819999995623,45.4286999998149],[-73.68829999935997,45.42889999961923],[-73.68829999981284,45.429099999547915],[-73.68859999954961,45.42919999948578],[-73.68919999965175,45.429400000591],[-73.69010000050572,45.42959999997133],[-73.6912000008074,45.429899999546244],[-73.69179999959943,45.42999999962383],[-73.6915999989968,45.43019999952396],[-73.68800000053108,45.42919999964541],[-73.6868999994633,45.429099999743855],[-73.68590000048525,45.428999999310804],[-73.68309999960225,45.42930000098478],[-73.68180000096682,45.429400000549684],[-73.68080000058836,45.42930000046801],[-73.67979999990395,45.42919999882931],[-73.6780000005851,45.42879999980237],[-73.67710000024185,45.42860000044108],[-73.67600000046578,45.428400000868656],[-73.67459999985404,45.42850000055854],[-73.67420000034359,45.42850000028147],[-73.67329999946688,45.4286000005851],[-73.67300000062662,45.42869999998733],[-73.67040000046487,45.429500000765955],[-73.67039999975755,45.42960000072075],[-73.6690999998785,45.42999999956286],[-73.66870000025517,45.43019999970995],[-73.66879999960452,45.4302999994937],[-73.66870000038077,45.43029999875124],[-73.66879999991528,45.430400001232535],[-73.66879999991528,45.430400001232535],[-73.6689999993239,45.43029999891438],[-73.66929999954542,45.43029999918756],[-73.66940000013795,45.43040000114203],[-73.6697000002668,45.430299999525296],[-73.66989999998697,45.43029999916983],[-73.67320000052891,45.42919999907485],[-73.67349999910455,45.42909999915663],[-73.6736999997008,45.429099999344935],[-73.6738999993771,45.42919999914548],[-73.67399999995423,45.429099998971765],[-73.67390000029602,45.42909999918305],[-73.67389999993748,45.428999999220814],[-73.67419999966236,45.42899999922301],[-73.67489999987336,45.42899999946214],[-73.67530000036045,45.42899999998611],[-73.67559999960908,45.429099998974536],[-73.67599999952547,45.42909999974764],[-73.67650000021386,45.4291999993791],[-73.67690000029083,45.429099999738646],[-73.67730000015672,45.42930000127927],[-73.6775999999211,45.429500000364165],[-73.67779999981332,45.4297000004804],[-73.67829999968527,45.42999999931885],[-73.67899999904971,45.43019999951911],[-73.68009999986451,45.43029999899301],[-73.68049999931094,45.43029999930626],[-73.68080000081136,45.43029999906885],[-73.68110000006173,45.4304000006871],[-73.68139999953677,45.43040000067679],[-73.68159999970189,45.43029999879111],[-73.68189999992684,45.4302999992661],[-73.6830999995442,45.43029999958776],[-73.68320000022418,45.43040000115965],[-73.6834000002986,45.43040000056219],[-73.6834999998308,45.43060000090882],[-73.68349999996157,45.43079999987774],[-73.68270000039571,45.430799999965586],[-73.68250000018563,45.430800000237404],[-73.68229999984004,45.430900000091015],[-73.68219999924844,45.431000000301225],[-73.68209999927456,45.43089999966302],[-73.68199999965704,45.43079999983482],[-73.68190000039588,45.430700000816614],[-73.6814000007507,45.43070000048579],[-73.68030000009084,45.430600000939585],[-73.67930000033351,45.43050000034311],[-73.67889999947565,45.43050000032905],[-73.67830000027888,45.430400000889215],[-73.67750000058612,45.43019999977009],[-73.67600000013199,45.42990000028678],[-73.67339999968134,45.429300000649754],[-73.67319999965791,45.42930000083512],[-73.67129999921607,45.429999999642725],[-73.6692000005444,45.43070000043014],[-73.6693999993896,45.430999999844154],[-73.66959999986237,45.430900000083874],[-73.6699999998385,45.4308000003413],[-73.67099999945462,45.43040000079185],[-73.67119999952942,45.43040000085922],[-73.67139999981306,45.4302999988366],[-73.67150000031333,45.430299999013094],[-73.67159999981705,45.430500000781066],[-73.67169999970746,45.43060000071967],[-73.67160000009537,45.430700000651406],[-73.67160000037308,45.4308999996149],[-73.67139999981245,45.43090000024857],[-73.67129999914161,45.430999999913965],[-73.67090000004926,45.43109999970492],[-73.67119999939584,45.43109999948864],[-73.67160000051408,45.43099999954393],[-73.67229999988523,45.430999999521504],[-73.67279999962064,45.43100000009257],[-73.67369999989313,45.43090000017377],[-73.67489999943697,45.43090000025636],[-73.67600000046271,45.43109999953579],[-73.67640000011907,45.43119999973504],[-73.67679999990926,45.43129999943151],[-73.67729999973669,45.4312999992014],[-73.67729999973669,45.4312999992014],[-73.67839999977987,45.43160000047167],[-73.67899999952853,45.431800000180374],[-73.67960000074763,45.43190000041541],[-73.68020000024896,45.43210000010987],[-73.68059999962887,45.43210000007356],[-73.68109999947187,45.43229999922312],[-73.68140000006666,45.43229999921148],[-73.68150000026628,45.432299999632384],[-73.6820000006016,45.432399999430366],[-73.68279999976815,45.43239999974748],[-73.68360000059897,45.43229999995252],[-73.68369999930763,45.432399999255175],[-73.68350000071264,45.43270000098111],[-73.6829000009881,45.43290000024181],[-73.68239999981176,45.43290000069055],[-73.68209999987181,45.43290000062788],[-73.6814000004467,45.43280000051979],[-73.68029999970068,45.43260000110889],[-73.67950000013651,45.432299999769896],[-73.67759999965622,45.4317000007523],[-73.6775000008572,45.43180000042993],[-73.67950000021956,45.43249999957845],[-73.67989999934444,45.43260000099586],[-73.68059999946415,45.43280000029847],[-73.68190000036128,45.43300000064242],[-73.6830999996943,45.43309999996032],[-73.68340000015198,45.43300000020213],[-73.68429999985878,45.4321999993724],[-73.68470000050227,45.43239999918705],[-73.68440000019218,45.43309999995645],[-73.68540000041585,45.43339999973062],[-73.68549999958113,45.43329999946289],[-73.68560000095256,45.43320000000209],[-73.6857000004314,45.43290000066652],[-73.68609999946916,45.43310000005626],[-73.68599999920474,45.4333999997328],[-73.68630000034588,45.43359999922008],[-73.68670000010017,45.433599999418696],[-73.68739999978825,45.43339999977379],[-73.68820000015698,45.433200000284764],[-73.68900000019345,45.43309999957893],[-73.68950000095995,45.43290000014643],[-73.69000000086228,45.43290000011546],[-73.6906000007459,45.43290000024871],[-73.69060000026971,45.43280000035222],[-73.69060000059714,45.43260000055186],[-73.6907000006704,45.43249999931509],[-73.69060000092081,45.43239999894477],[-73.69049999926834,45.432399999294226],[-73.6902999997967,45.432399999724105],[-73.69020000069645,45.432399998906824],[-73.69019999965454,45.43229999990237],[-73.69029999991032,45.4321999999101],[-73.6903999999321,45.43219999973843],[-73.69069999999877,45.432199999598026],[-73.6907999995703,45.432299999884606],[-73.69089999976725,45.43229999927493],[-73.69079999987744,45.43280000029676],[-73.69089999941033,45.432900000485375],[-73.6909999993916,45.432900000688406],[-73.6912000006283,45.432899999929816],[-73.69159999927314,45.4329000000681],[-73.69159999958704,45.43280000017024],[-73.6915999999015,45.432700000270586],[-73.69159999925108,45.43249999956834],[-73.69149999997492,45.43249999898958],[-73.69139999942347,45.43249999922528],[-73.69119999959771,45.43249999943189],[-73.69120000062033,45.432399999525835],[-73.69129999971773,45.432399999467656],[-73.69139999948482,45.432299999414695],[-73.69150000017706,45.43219999927087],[-73.69170000022255,45.432199999438424],[-73.69190000047932,45.43229999916338],[-73.69189999941428,45.43239999907129],[-73.69199999969113,45.43270000080587],[-73.69220000096992,45.432800000894964],[-73.69269999998987,45.43280000074466],[-73.69259999983758,45.43260000043038],[-73.69259999966218,45.43249999962814],[-73.69290000003943,45.43249999910827],[-73.6931999991022,45.432600001304905],[-73.69319999918885,45.432399999697786],[-73.69369999934803,45.43249999957187],[-73.69440000034717,45.43229999927952],[-73.6950000003953,45.432099999877934],[-73.69500000026642,45.43229999969622],[-73.69419999955278,45.43249999915241],[-73.69479999911015,45.43310000001132],[-73.69570000043836,45.43349999900949],[-73.6968000002467,45.433700001264285],[-73.69880000086951,45.43449999957419],[-73.69930000008101,45.43459999919721],[-73.6995000000684,45.4344999993376],[-73.69979999966321,45.434599999462414],[-73.70000000051837,45.434599999493784],[-73.70010000031563,45.434699998795764],[-73.700700000107,45.43469999896795],[-73.70090000003825,45.4346999992248],[-73.70109999996828,45.43469999913149],[-73.7013000001203,45.43480000125193],[-73.70150000096861,45.434900000319665],[-73.70180000000829,45.43490000072372],[-73.70199999954067,45.435000000716315],[-73.70240000024351,45.435000000825305],[-73.70250000009973,45.435000000859226],[-73.70269999981127,45.435000000664395],[-73.7029000000067,45.43509999997816],[-73.70310000007224,45.43509999998221],[-73.70340000017312,45.43510000068145],[-73.70370000089181,45.4352000004496],[-73.70390000033511,45.43510000009591],[-73.70430000046892,45.4351000007512],[-73.70459999998111,45.43490000037819],[-73.70480000062675,45.43500000086553],[-73.70490000029955,45.4349000007368],[-73.70509999965932,45.43490000083959],[-73.70529999901784,45.43490000059222],[-73.70840000032652,45.43610000012561],[-73.70879999985635,45.43610000032138],[-73.70980000005993,45.43600000023644],[-73.71049999992042,45.43600000097725],[-73.71149999987603,45.4361000000928],[-73.71320000040996,45.43650000025412],[-73.71360000043033,45.43659999967166],[-73.71389999923447,45.436899999284186],[-73.71409999987321,45.437300000022155],[-73.71469999999873,45.43740000026382],[-73.71499999950568,45.437400000193556],[-73.71530000029128,45.43740000023283],[-73.71540000012352,45.43749999959024],[-73.71569999898836,45.43760000019914],[-73.71610000017016,45.43760000002451],[-73.71619999950616,45.43759999976379],[-73.71690000092377,45.43769999979047],[-73.71709999997097,45.43779999939322],[-73.71970000045226,45.43840000050201],[-73.72020000037018,45.43840000055581],[-73.72070000026103,45.43930000107051],[-73.71940000025265,45.43920000048106],[-73.71940000025265,45.43920000048106],[-73.72089999953715,45.44439999903592],[-73.72190000005617,45.44779999943744],[-73.72060000019648,45.448200000019035],[-73.72210000011779,45.448399999963264],[-73.72219999951811,45.44850000037569],[-73.72070000060913,45.448599999723946],[-73.72070000067077,45.448699999346246],[-73.72080000044483,45.448699999557846],[-73.72090000061753,45.449100000852845],[-73.72100000033174,45.44940000062507],[-73.72190000030612,45.45229999934141],[-73.72290000034755,45.45570000068174],[-73.72389999914667,45.458799999220226],[-73.72420000023494,45.45969999961499],[-73.7242999994364,45.46010000076457],[-73.72439999918994,45.46020000084591],[-73.72439999947657,45.46030000026447],[-73.72449999941658,45.46059999998373],[-73.72470000047923,45.46079999968648],[-73.72449999921098,45.461100000626445],[-73.72439999955095,45.461200000356364],[-73.72240000083603,45.462700000047334],[-73.71949999926899,45.46479999986353],[-73.71800000088834,45.465899999918186],[-73.71590000029238,45.467499999055086],[-73.71360000036276,45.46920000050966],[-73.71340000002904,45.46930000014768],[-73.71200000016918,45.47029999988366],[-73.70800000018014,45.473300000782025],[-73.70790000039712,45.473300001060345],[-73.70789999978307,45.47320000097237],[-73.7078999997295,45.473400000249065],[-73.7078000006105,45.47330000035127],[-73.7078000006105,45.47330000035127]]]]}},{"type":"Feature","properties":{"harmonized_pdq_id":"PDQ_H_09_11","display_name":"PDQ 09-11","component_pdqs":[9,11],"source_pdq_values":[9],"geography_type":"longitudinal_analytical_composite","source_dataset":"Limite des secteurs de poste de quartier de police","source_dataset_id":"186892b8-bba5-426c-aa7e-9db8c43cbdfe","source_resource_id":"e18f0da9-3a16-4ba4-b378-59f698b47261","source_license":"Creative Commons Attribution 4.0 International","geometry_rule":"integrated_source_polygon_only","historical_boundary_claim":false,"special_unit":false,"longitudinal_caveat":"This polygon is an IQAI longitudinal analytical composite based on official SPVM/Ville de Montréal PDQ territory geometry. It is used to compare harmonized reported-event totals consistently through time and should not be interpreted as a historical boundary snapshot for every year.","source_area_m2_planar":18316332.0434,"source_vintage":"2026-08-09T00:45:24.840Z","source_crs":"EPSG:32188","browser_crs":"EPSG:4326"},"geometry":{"type":"MultiPolygon","coordinates":[[[[-73.65019999955064,45.49290000132052],[-73.64879999949481,45.49230000034032],[-73.64839999989027,45.492199999933334],[-73.64850000008153,45.4920000009472],[-73.64820000000825,45.491800000510565],[-73.64860000026314,45.49190000072412],[-73.6503999992787,45.48980000096524],[-73.65030000000996,45.489600000717054],[-73.65060000015065,45.489600000623945],[-73.65109999999109,45.48900000020358],[-73.65079999973466,45.488900000001856],[-73.64819999945814,45.48770000084431],[-73.64509999992022,45.48630000107032],[-73.64200000053913,45.48489999961414],[-73.64180000072514,45.484799999823984],[-73.63890000003897,45.483500000076546],[-73.63530000068742,45.481899999322096],[-73.63210000021682,45.48039999955063],[-73.63200000067201,45.48039999997085],[-73.6304000006728,45.47959999957983],[-73.63050000008265,45.47959999966056],[-73.63049999947901,45.47949999968881],[-73.63069999986807,45.47929999963566],[-73.6309999997226,45.47900000068661],[-73.62999999974878,45.47849999949186],[-73.62949999942022,45.47829999964242],[-73.62880000061239,45.47839999920677],[-73.62750000002097,45.47870000075663],[-73.62649999994186,45.47890000031961],[-73.62629999976203,45.478900000267515],[-73.62600000044824,45.479000000414274],[-73.6255000004645,45.47910000011877],[-73.62509999996847,45.47909999976211],[-73.62480000003083,45.479200000353764],[-73.62459999918798,45.479300000002766],[-73.62459999918798,45.479300000002766],[-73.62450000030967,45.4793000001555],[-73.62420000080495,45.479399999167306],[-73.62389999940316,45.47959999916324],[-73.62380000025712,45.479699998673766],[-73.62359999972175,45.47980000106186],[-73.62359999963294,45.47990000102872],[-73.62349999969142,45.479900000307154],[-73.62289999972495,45.48059999925657],[-73.62279999960504,45.48069999967469],[-73.62279999960504,45.48069999967469],[-73.62270000040868,45.480799999102665],[-73.62270000040868,45.480799999102665],[-73.62260000086461,45.48090000114122],[-73.62239999942666,45.481100000453736],[-73.62220000041367,45.48130000030623],[-73.62199999998617,45.481499999802985],[-73.62049999955461,45.48259999937695],[-73.61950000051145,45.48320000015214],[-73.61880000088345,45.48350000024584],[-73.61810000021637,45.48349999993531],[-73.61679999939028,45.48340000041517],[-73.61600000077777,45.483500000258694],[-73.61500000061963,45.48389999955044],[-73.61259999922945,45.48259999995715],[-73.61409999964928,45.48110000088168],[-73.61429999984321,45.48100000075321],[-73.61470000034636,45.48059999953761],[-73.61269999999843,45.479800001033645],[-73.61249999919453,45.47980000111581],[-73.61039999939374,45.47880000041787],[-73.60949999991203,45.47839999929969],[-73.60879999924312,45.478099999608],[-73.60740000034748,45.47739999899642],[-73.60590000022148,45.47680000012758],[-73.60539999915744,45.47660000091372],[-73.60489999962462,45.4770999996448],[-73.60450000047028,45.47690000000705],[-73.60380000015451,45.47660000019165],[-73.60300000035377,45.4761999998699],[-73.602199999506,45.47590000025335],[-73.60210000000754,45.4758000005579],[-73.60150000030639,45.47550000064666],[-73.60140000047541,45.47550000037467],[-73.60120000088851,45.47540000042492],[-73.60109999995653,45.47540000079114],[-73.60049999950762,45.47529999930108],[-73.59819999939069,45.47409999958522],[-73.59740000002644,45.473799999535565],[-73.5972999999485,45.47370000010117],[-73.59720000022442,45.47360000057716],[-73.59960000067619,45.47230000076382],[-73.60049999967998,45.47160000001158],[-73.60139999943786,45.4708999992797],[-73.60259999980954,45.47000000098185],[-73.60270000014131,45.46990000096274],[-73.60309999935193,45.469699999387025],[-73.60309999935193,45.469699999387025],[-73.60309999992052,45.469599999241524],[-73.6026000000998,45.46910000056091],[-73.60270000012098,45.468900000368954],[-73.60390000048649,45.46820000013873],[-73.60479999978926,45.467700000455366],[-73.60630000035628,45.46690000048696],[-73.60749999945642,45.466199999984],[-73.60809999962507,45.46600000023714],[-73.60880000015965,45.46560000068078],[-73.60989999918147,45.465099999374026],[-73.61249999945817,45.46389999943556],[-73.61289999963252,45.46370000022233],[-73.61380000087344,45.46340000082874],[-73.6146999995027,45.46299999946809],[-73.61540000009295,45.462700000014635],[-73.61630000030752,45.46240000066762],[-73.61699999905633,45.462099999477594],[-73.61820000089402,45.46170000021274],[-73.6187999999252,45.461499999893434],[-73.61970000015236,45.460999999196794],[-73.61999999959106,45.460899999079466],[-73.62119999939254,45.460299999992465],[-73.62150000022355,45.46000000069322],[-73.62200000048692,45.45969999952143],[-73.6227000005245,45.45920000039332],[-73.6243000006676,45.45810000078734],[-73.62539999995487,45.45740000000458],[-73.626100000346,45.456900000533],[-73.62679999987819,45.45639999942786],[-73.6273000003622,45.45610000006056],[-73.62749999983822,45.45590000028721],[-73.62769999985419,45.45580000054657],[-73.628100000219,45.455499999614936],[-73.62849999937666,45.455099999566414],[-73.62899999942145,45.45470000037948],[-73.6290999989766,45.454600000374406],[-73.62959999931515,45.45419999942522],[-73.62980000003905,45.45389999963309],[-73.6307999997906,45.45299999965154],[-73.63119999976139,45.45270000031386],[-73.6316999992412,45.45240000038773],[-73.63200000035788,45.45219999964152],[-73.63400000019944,45.45119999873422],[-73.63429999996916,45.45119999915053],[-73.63440000031886,45.45119999941365],[-73.63449999938774,45.451199998690896],[-73.63460000108563,45.45130000104707],[-73.63470000033297,45.45130000104888],[-73.6350999993072,45.45070000003111],[-73.63530000073484,45.4504000003206],[-73.63570000107248,45.44979999980436],[-73.63480000049566,45.4506000003344],[-73.63270000029095,45.45040000080112],[-73.63320000007751,45.44950000021247],[-73.63239999959052,45.44960000034753],[-73.63209999987862,45.44949999984067],[-73.6357999999315,45.448200000587654],[-73.63690000058637,45.447799999211924],[-73.63709999949718,45.44779999959925],[-73.63769999968736,45.44740000011799],[-73.6381000001127,45.447200000257894],[-73.63900000024914,45.446699999200625],[-73.63929999994306,45.44700000072522],[-73.63949999986077,45.44700000050847],[-73.63960000045962,45.4470000007179],[-73.6398000003783,45.447000000875725],[-73.64000000029614,45.44700000068337],[-73.63999999965694,45.447100000328454],[-73.64030000048888,45.447300000465226],[-73.64130000051557,45.44769999916836],[-73.64159999981861,45.448000000899604],[-73.64259999930863,45.448100001001926],[-73.64309999943478,45.44849999959582],[-73.64320000031185,45.44830000011136],[-73.6438000000659,45.44779999958721],[-73.644000000255,45.44779999958977],[-73.6448999997628,45.44759999960244],[-73.64499999939251,45.44769999921898],[-73.6464000004144,45.447899998934865],[-73.64679999985202,45.44820000006577],[-73.64730000090584,45.448399999926224],[-73.64789999997211,45.4485999995362],[-73.64839999980197,45.44899999919318],[-73.65259999928928,45.45060000028568],[-73.65410000017796,45.45130000102751],[-73.6561000008844,45.45159999982811],[-73.65689999945042,45.45219999894316],[-73.6682000001187,45.45659999919081],[-73.66839999998562,45.45639999980543],[-73.66860000099676,45.45620000006106],[-73.66869999969522,45.45610000050752],[-73.66929999993486,45.455800000683915],[-73.66940000052514,45.45570000050764],[-73.66959999994289,45.45560000118636],[-73.66959999936469,45.455499998990746],[-73.66980000027912,45.455399999313514],[-73.67000000048913,45.45519999978312],[-73.67010000006428,45.455099999884744],[-73.67019999986483,45.454799999980075],[-73.66999999929949,45.453700000741726],[-73.67030000054228,45.4534000006955],[-73.67030000026227,45.45309999938421],[-73.67350000006105,45.453099999701124],[-73.67430000058737,45.452799999741224],[-73.67540000000834,45.45240000046586],[-73.67669999955024,45.45219999902205],[-73.67779999916694,45.45200000001023],[-73.67880000020278,45.45199999941829],[-73.67949999993039,45.452099999834594],[-73.68039999962899,45.45240000062784],[-73.68110000030939,45.45270000022841],[-73.68169999997696,45.45309999940621],[-73.68200000000567,45.45350000047322],[-73.6821000004255,45.453900000291355],[-73.68219999952963,45.454399999514955],[-73.68219999956757,45.45509999969789],[-73.68190000079073,45.45619999985915],[-73.68150000010834,45.45700000027765],[-73.67960000091358,45.459200000324444],[-73.6786999994356,45.46289999942498],[-73.67960000043509,45.474999999584654],[-73.67789999925864,45.4814999997895],[-73.67569999946484,45.48320000041116],[-73.67470000063047,45.48239999968423],[-73.67439999958103,45.48210000030097],[-73.6742999995849,45.48210000085893],[-73.67320000046897,45.482599999948704],[-73.66949999953424,45.483500000029366],[-73.66410000024598,45.481499999622876],[-73.66170000005901,45.48019999983396],[-73.660500000195,45.4814999998845],[-73.6579999998113,45.47990000083802],[-73.65600000084633,45.47880000091787],[-73.65610000067326,45.48440000031695],[-73.65569999965791,45.48670000061065],[-73.6525999991435,45.49070000123074],[-73.6506000000854,45.49279999953227],[-73.65039999927633,45.492699999640635],[-73.650600000495,45.49290000107146],[-73.65039999943367,45.49300000066022],[-73.65019999955064,45.49290000132052]]]]}},{"type":"Feature","properties":{"harmonized_pdq_id":"PDQ_H_10","display_name":"PDQ 10","component_pdqs":[10],"source_pdq_values":[10],"geography_type":"longitudinal_analytical_composite","source_dataset":"Limite des secteurs de poste de quartier de police","source_dataset_id":"186892b8-bba5-426c-aa7e-9db8c43cbdfe","source_resource_id":"e18f0da9-3a16-4ba4-b378-59f698b47261","source_license":"Creative Commons Attribution 4.0 International","geometry_rule":"direct_source_polygon","historical_boundary_claim":false,"special_unit":false,"longitudinal_caveat":"This polygon is an IQAI longitudinal analytical composite based on official SPVM/Ville de Montréal PDQ territory geometry. It is used to compare harmonized reported-event totals consistently through time and should not be interpreted as a historical boundary snapshot for every year.","source_area_m2_planar":11096855.4751,"source_vintage":"2026-08-09T00:45:24.840Z","source_crs":"EPSG:32188","browser_crs":"EPSG:4326"},"geometry":{"type":"MultiPolygon","coordinates":[[[[-73.75439999963363,45.51410000048896],[-73.75479999975352,45.51410000070654],[-73.75490000009948,45.514099999866495],[-73.75570000011952,45.51420000017518],[-73.75650000041418,45.51430000027802],[-73.75700000042355,45.51450000000715],[-73.75729999921393,45.515699999068374],[-73.75719999954948,45.516000000947855],[-73.75710000009661,45.51630000002394],[-73.75609999960083,45.516499999912945],[-73.75519999944227,45.51730000029326],[-73.75299999990185,45.5179999995054],[-73.75239999951137,45.51789999933568],[-73.75189999919287,45.51779999959983],[-73.75180000009249,45.517600000082986],[-73.7518999992578,45.51730000031886],[-73.75200000062517,45.51679999909155],[-73.75260000026886,45.51510000060063],[-73.75299999928993,45.51469999887451],[-73.75320000035951,45.51459999909073],[-73.7536000004759,45.51429999999893],[-73.75369999974633,45.51410000056141],[-73.75390000044219,45.514099999819884],[-73.75409999986475,45.514100000530675],[-73.75439999963363,45.51410000048896]]],[[[-73.69649999998866,45.54629999950428],[-73.69640000029833,45.54619999990024],[-73.69610000017167,45.546199999682216],[-73.69310000000333,45.54529999903149],[-73.6927999997192,45.545099999698095],[-73.69240000009887,45.5451000001236],[-73.68899999967165,45.54400000005234],[-73.68180000066177,45.54180000005098],[-73.68159999933778,45.54160000006117],[-73.6775999999997,45.540300000783475],[-73.6774999996695,45.54020000072952],[-73.67690000063888,45.54010000120736],[-73.67699999972642,45.54020000089032],[-73.67690000050644,45.54020000101861],[-73.67050000007353,45.53930000073468],[-73.66490000015327,45.53900000046921],[-73.66480000050116,45.53900000080397],[-73.66099999971759,45.53810000052962],[-73.65689999946574,45.53739999972411],[-73.65560000040153,45.53700000035225],[-73.65539999922548,45.53700000085181],[-73.65220000021262,45.536200000018574],[-73.64890000042641,45.53559999911549],[-73.64579999942028,45.535100000365475],[-73.6458999998892,45.53500000056682],[-73.64639999953226,45.534199999606265],[-73.6468999999539,45.533299999114696],[-73.64780000082874,45.532299998715175],[-73.64790000084463,45.53209999986708],[-73.64799999997041,45.53199999997837],[-73.64800000015086,45.53190000002546],[-73.64819999954689,45.531699999975096],[-73.64829999964685,45.53150000075554],[-73.64840000084318,45.53140000050337],[-73.64860000001369,45.53109999976848],[-73.64870000019539,45.530899999277615],[-73.64870000042293,45.530800000205105],[-73.64879999962375,45.5307999995668],[-73.64889999984987,45.53059999979004],[-73.64890000100463,45.53050000071103],[-73.64899999967338,45.53049999989832],[-73.6490000006514,45.530400000817785],[-73.64909999994394,45.53030000083566],[-73.64920000016262,45.53020000076304],[-73.64899999973542,45.530099999071446],[-73.64940000061628,45.52960000038759],[-73.64969999976744,45.52920000087815],[-73.6501000005692,45.528799999672714],[-73.65029999929877,45.52810000025544],[-73.65050000104388,45.52779999961513],[-73.65070000066825,45.527499999511335],[-73.65089999926832,45.527299999978155],[-73.65089999945215,45.52719999994242],[-73.65130000042585,45.52700000077543],[-73.65169999979697,45.52690000114512],[-73.65239999952212,45.527000000782536],[-73.65349999978099,45.52720000017051],[-73.65380000001755,45.527200000680075],[-73.65399999974655,45.52720000028272],[-73.6542999994217,45.5273000004155],[-73.65589999967148,45.52789999950053],[-73.65640000004547,45.528000000829046],[-73.65970000001444,45.52899999915122],[-73.66019999989449,45.52920000092888],[-73.66549999960557,45.530700000160145],[-73.66719999990245,45.53119999897911],[-73.6673999997295,45.531199999417005],[-73.66750000092291,45.53119999950276],[-73.6686999999316,45.53160000078092],[-73.66930000069472,45.53180000028007],[-73.67060000002799,45.5321999988785],[-73.67150000033142,45.532299999147504],[-73.67239999952132,45.53250000037026],[-73.67279999942886,45.53250000068427],[-73.67399999914859,45.532500000421074],[-73.67559999997576,45.532400000609385],[-73.67640000070931,45.532299999072904],[-73.67729999976744,45.53209999968858],[-73.67980000003526,45.531500000360914],[-73.682900000655,45.53070000042828],[-73.6830999994301,45.53060000039661],[-73.68329999969137,45.53059999999088],[-73.68349999995452,45.53060000013483],[-73.68450000030626,45.53040000014032],[-73.68529999985148,45.5302000010418],[-73.68599999965046,45.53020000080712],[-73.68620000011921,45.53009999893536],[-73.68650000041683,45.530099999052545],[-73.6871999989786,45.53009999956494],[-73.68730000078428,45.530099999413224],[-73.6868999995526,45.5288999994962],[-73.68810000038093,45.528799999570765],[-73.6892999995497,45.52889999966109],[-73.69179999990601,45.52879999929285],[-73.69269999999905,45.528599999924474],[-73.6926999998109,45.528300000770415],[-73.69310000008915,45.52850000022437],[-73.69549999979083,45.5280000004949],[-73.69830000044023,45.527000000590355],[-73.69909999949559,45.52669999915701],[-73.7068999996615,45.52390000059291],[-73.70700000072424,45.523900000292926],[-73.70709999970968,45.52380000070867],[-73.70900000021408,45.52310000029076],[-73.70920000018069,45.523199999642415],[-73.7111000005834,45.52439999956077],[-73.71129999992789,45.5244999997137],[-73.71190000093976,45.52480000075521],[-73.71200000081251,45.525000000744384],[-73.7122999996108,45.52500000059368],[-73.71300000097898,45.52519999972792],[-73.71449999989537,45.523900000196726],[-73.71710000006532,45.525499999359845],[-73.71800000076645,45.52510000014295],[-73.71839999969563,45.52480000070538],[-73.72159999949281,45.52669999943251],[-73.72209999993102,45.526400000048596],[-73.72279999974539,45.52580000068897],[-73.72529999997231,45.523800000620035],[-73.72829999967966,45.52150000112606],[-73.73180000064686,45.52360000092302],[-73.73209999911288,45.52339999894542],[-73.73360000022925,45.522299999480374],[-73.7336999997404,45.522299999205266],[-73.73570000058488,45.5209000002907],[-73.72870000031112,45.5161000005212],[-73.7341000004958,45.51419999978701],[-73.75440000026063,45.506899999393504],[-73.75580000067605,45.50830000084093],[-73.75700000083326,45.50899999958396],[-73.75729999910695,45.50900000002605],[-73.75820000030068,45.50860000052778],[-73.75839999943615,45.50860000000806],[-73.7604999998486,45.50799999900569],[-73.76300000060515,45.51019999970933],[-73.76279999963694,45.5101999992884],[-73.76250000010975,45.510199999795674],[-73.76220000031826,45.510299998961344],[-73.76190000074969,45.51039999913648],[-73.76149999953363,45.510600000171905],[-73.76109999989129,45.510600000920526],[-73.7609000000677,45.51070000020807],[-73.76039999978016,45.51089999987141],[-73.7602000002193,45.51099999972703],[-73.75999999964334,45.51119999956239],[-73.7598000002541,45.51119999928406],[-73.75959999984978,45.51129999898546],[-73.75909999994808,45.51170000077745],[-73.75900000000873,45.5117000007945],[-73.7587000000975,45.51190000005649],[-73.75870000005531,45.51200000037182],[-73.75839999934887,45.512100000324985],[-73.75829999997828,45.51209999972789],[-73.7581999996812,45.51219999935701],[-73.75800000059245,45.51229999983544],[-73.75779999951058,45.51239999906657],[-73.7575000002095,45.51249999934512],[-73.75710000056812,45.51270000109059],[-73.7569000009876,45.51270000113388],[-73.75670000012569,45.512700000829845],[-73.75659999977871,45.51280000084728],[-73.7562999996853,45.51270000096808],[-73.75619999925222,45.51270000033457],[-73.75599999967295,45.512700000601754],[-73.75580000009217,45.51270000051878],[-73.75569999988745,45.51259999914447],[-73.75549999938278,45.512599999438144],[-73.75540000040768,45.51259999900091],[-73.75530000015641,45.51259999937882],[-73.75509999966651,45.5124999995677],[-73.75509999968108,45.512399999261675],[-73.75509999970049,45.51229999985369],[-73.75500000017259,45.5121999996579],[-73.75489999972348,45.512100000274714],[-73.75490000009535,45.51199999996087],[-73.75499999948515,45.511900000520065],[-73.75540000040726,45.51160000037825],[-73.75530000064713,45.51160000075517],[-73.755099999821,45.51170000066953],[-73.75459999959084,45.511900000103594],[-73.75440000030305,45.51199999968334],[-73.75420000064591,45.5120000003987],[-73.75400000029731,45.51210000017846],[-73.75380000028292,45.51210000019423],[-73.75369999969465,45.51219999948335],[-73.75360000015337,45.512200000171184],[-73.75339999931467,45.512299999797726],[-73.7532000006925,45.512199999350415],[-73.75299999904607,45.51219999976877],[-73.75299999914641,45.51229999917797],[-73.75289999914217,45.512700000473416],[-73.75250000048295,45.51280000019937],[-73.75179999968651,45.51319999971378],[-73.75100000063026,45.513499999331245],[-73.75089999972813,45.51390000059212],[-73.75079999985152,45.51410000028566],[-73.75060000025178,45.514599999657136],[-73.75040000036667,45.51600000089408],[-73.74799999981042,45.51769999978206],[-73.7470000003948,45.51769999961534],[-73.74669999969228,45.517500000490436],[-73.74600000006131,45.51799999942519],[-73.74489999982411,45.51889999911424],[-73.74460000015299,45.51889999939988],[-73.7440000003904,45.519300001059534],[-73.74349999986319,45.519600000405184],[-73.74319999991103,45.519899999343274],[-73.74279999976694,45.520500000906566],[-73.74260000065574,45.520899999944255],[-73.74260000060889,45.521299999655106],[-73.74239999924082,45.52160000084753],[-73.74219999983143,45.52200000000768],[-73.74190000019587,45.522500001061765],[-73.74180000014907,45.52310000025422],[-73.74170000051616,45.523299999753135],[-73.7402999995414,45.523700000557085],[-73.73979999988961,45.52540000001472],[-73.73919999962067,45.52580000119539],[-73.73869999935849,45.52610000077851],[-73.73819999926354,45.52600000060571],[-73.73749999923116,45.52559999919961],[-73.73730000058664,45.52569999918725],[-73.73679999974817,45.526100000423014],[-73.7360999999688,45.52639999989809],[-73.73570000059699,45.52669999914816],[-73.73499999972789,45.52720000004367],[-73.73489999936979,45.52730000060187],[-73.73479999993411,45.527400000169],[-73.73479999991129,45.52750000020931],[-73.73469999994511,45.52759999968646],[-73.73460000000445,45.52759999993737],[-73.73440000049034,45.527899999380764],[-73.73420000014258,45.52820000025942],[-73.73419999926294,45.52840000031172],[-73.73390000026623,45.528799999566495],[-73.73350000041512,45.52910000088379],[-73.73340000044536,45.52920000099416],[-73.73310000015263,45.52940000078517],[-73.73280000029361,45.529599999780274],[-73.732599999658,45.52969999956989],[-73.73240000001546,45.52969999990579],[-73.73210000021969,45.529599999752456],[-73.73200000042634,45.529500000423226],[-73.73159999999602,45.52950000044597],[-73.7310999999328,45.52959999985647],[-73.7306000006611,45.529699999774415],[-73.7301999999456,45.529999999387215],[-73.72970000058584,45.53020000074991],[-73.72939999980328,45.530400000686676],[-73.72890000046442,45.53060000033288],[-73.72869999962138,45.53069999957529],[-73.72870000033461,45.53079999955545],[-73.72849999971224,45.5308999993435],[-73.72850000007244,45.53099999932085],[-73.72860000017398,45.531099998987315],[-73.72869999991792,45.53109999949051],[-73.72869999935368,45.53119999946619],[-73.72860000051948,45.531400000704686],[-73.728200000203,45.531700000421],[-73.72800000063228,45.53180000021531],[-73.72769999942057,45.53199999923052],[-73.7277999998862,45.532099999579074],[-73.72780000029451,45.53219999953517],[-73.72769999988202,45.53219999914513],[-73.72780000070348,45.532299999489496],[-73.72810000051666,45.53250000094213],[-73.72840000008377,45.53279999974724],[-73.72870000029073,45.53309999954732],[-73.72879999936465,45.53319999990403],[-73.72929999953992,45.533600000408036],[-73.73009999975977,45.534399999175044],[-73.72989999912828,45.53449999955073],[-73.72970000035154,45.534600000470554],[-73.72840000019848,45.533500001122626],[-73.72690000034255,45.53209999920805],[-73.72680000002423,45.532199998886604],[-73.72670000063576,45.532299999373826],[-73.72659999961647,45.5324000006748],[-73.72659999918046,45.53250000062716],[-73.72650000018758,45.53260000093318],[-73.72649999957214,45.532699999982555],[-73.7265000002413,45.53279999992744],[-73.72649999963082,45.53289999987311],[-73.72640000054122,45.53290000014203],[-73.72639999975422,45.533000000086275],[-73.72640000024822,45.533100000026245],[-73.72639999945899,45.533199999067136],[-73.72629999983735,45.533199999249526],[-73.72639999995437,45.533299999003574],[-73.72649999975648,45.533299999633144],[-73.7265000004298,45.5333999995675],[-73.72640000045044,45.533399998938265],[-73.72639999967407,45.533500000673406],[-73.72630000080112,45.533500000854275],[-73.72640000017152,45.53360000060458],[-73.726299999841,45.533600000788326],[-73.72620000079047,45.53360000088199],[-73.72620000093414,45.5337000008121],[-73.72609999914535,45.533700000823636],[-73.72599999991691,45.53370000074257],[-73.7259000003008,45.533800000503305],[-73.72589999991415,45.53390000043091],[-73.72580000033058,45.53390000017544],[-73.72579999976739,45.534000000101614],[-73.72570000000624,45.53399999975893],[-73.72570000054685,45.53409999968117],[-73.7255999993314,45.53410000015366],[-73.72559999969545,45.53420000007445],[-73.72549999957917,45.53419999955739],[-73.72539999946613,45.534199999852575],[-73.72479999970106,45.53460000125156],[-73.72479999992746,45.53470000026394],[-73.72470000020982,45.53470000084537],[-73.72470000026323,45.53480000075617],[-73.72460000036445,45.53480000035055],[-73.72460000024131,45.534900000259924],[-73.72450000016853,45.53490000066694],[-73.72439999961489,45.53499999999487],[-73.72400000017446,45.535299999207176],[-73.72320000008644,45.53590000058266],[-73.72309999952049,45.53590000066478],[-73.72300000023459,45.53590000065687],[-73.72290000094836,45.53590000056142],[-73.72279999910103,45.535900000383414],[-73.72279999963617,45.53600000027197],[-73.72290000038035,45.536000000452134],[-73.72280000017197,45.536100000158775],[-73.72269999925021,45.53609999989141],[-73.72259999961204,45.536100000433834],[-73.72249999997001,45.53609999998889],[-73.72249999997477,45.53619999987492],[-73.72240000015869,45.53620000024263],[-73.72229999998966,45.53629999950788],[-73.7221999999957,45.536299999700816],[-73.72210000000136,45.5362999998062],[-73.72209999929848,45.53639999969008],[-73.72190000023475,45.53639999963641],[-73.72149999985653,45.53659999914241],[-73.72140000061208,45.536599999533365],[-73.72130000052533,45.536699998815706],[-73.72119999982256,45.5366999990344],[-73.72109999911945,45.536699999165535],[-73.72099999969645,45.53669999920668],[-73.72090000027308,45.536699999160255],[-73.72080000041281,45.53680000070216],[-73.72070000081155,45.536800000480994],[-73.72059999993304,45.536800001074596],[-73.72049999935645,45.53690000055377],[-73.72039999958045,45.53690000097016],[-73.7202999997525,45.53700000027101],[-73.72020000002397,45.53690000064046],[-73.72009999984436,45.53700000066673],[-73.71999999988981,45.537000000733286],[-73.7198999999349,45.53700000071229],[-73.71979999997967,45.53700000060376],[-73.71970000002412,45.53700000040768],[-73.71960000006823,45.53700000012408],[-73.71950000011552,45.53700000065275],[-73.7194999999305,45.537100000523026],[-73.7193999994351,45.53719999993351],[-73.71930000040764,45.53720000028531],[-73.71920000009945,45.53720000055201],[-73.7190999997874,45.537199999831365],[-73.71899999947856,45.537199999923],[-73.71889999916937,45.53719999992708],[-73.71880000014028,45.53719999984118],[-73.7186999998339,45.53720000057004],[-73.71860000080416,45.53720000030906],[-73.71850000049365,45.53719999996299],[-73.7184000001863,45.53720000042921],[-73.71839999933327,45.53730000029712],[-73.7183000001253,45.53729999977386],[-73.71810000043486,45.537300000266804],[-73.71799999994896,45.537300000383205],[-73.71789999946274,45.53730000041203],[-73.71780000025659,45.5373000003509],[-73.71760000056291,45.537299999968454],[-73.71740000087141,45.53730000013568],[-73.71719999989816,45.53729999995517],[-73.71709999941278,45.537300000183535],[-73.71689999972148,45.53730000037517],[-73.71679999923512,45.537300000340906],[-73.71670000002888,45.53730000021668],[-73.71659999954186,45.53730000000732],[-73.71650000071453,45.537199999841214],[-73.71640000040759,45.53720000035629],[-73.71630000083157,45.53710000001481],[-73.71630000028655,45.53700000014631],[-73.71630000102259,45.5369000002736],[-73.71640000080154,45.536900000746876],[-73.71640000008057,45.53680000087516],[-73.71640000063377,45.5366999991996],[-73.71650000044141,45.53659999970866],[-73.71649999954518,45.536499999832],[-73.71639999975719,45.53639999956624],[-73.71630000106809,45.53620000022536],[-73.71619999924563,45.53599999989606],[-73.71620000016891,45.535900000905315],[-73.71630000019596,45.53580000067508],[-73.71640000058255,45.53580000024723],[-73.71650000008131,45.535700000740974],[-73.71660000029347,45.53570000103821],[-73.7166000004994,45.53559999934397],[-73.7166999992536,45.53559999955641],[-73.71679999928443,45.535599998779055],[-73.71690000028052,45.535499998916215],[-73.71690000092984,45.53530000001764],[-73.71619999950731,45.5350000000282],[-73.71609999925761,45.53500000028079],[-73.71600000028795,45.535000000443404],[-73.71600000028812,45.535100000348045],[-73.71609999943503,45.535100000185096],[-73.71609999961308,45.53520000008764],[-73.71620000021727,45.53519999983441],[-73.71619999929284,45.53529999973729],[-73.71630000060782,45.53539999929458],[-73.71629999986195,45.53549999919363],[-73.71639999972027,45.53549999966659],[-73.71640000043269,45.53559999956116],[-73.71639999987228,45.53570000125603],[-73.71630000093985,45.5357000007813],[-73.71619999908428,45.53559999943058],[-73.71619999944977,45.53570000112368],[-73.7160999994183,45.535800000368305],[-73.71600000031111,45.535800000531104],[-73.71609999960096,45.535900000258565],[-73.71600000031654,45.53590000042168],[-73.71600000032261,45.536000000310516],[-73.71589999958022,45.53600000038882],[-73.71590000069008,45.536100000273805],[-73.71600000032933,45.53610000019757],[-73.71600000033672,45.536200000082864],[-73.71600000034476,45.53629999996641],[-73.71600000035346,45.5363999998482],[-73.71600000036281,45.53649999972824],[-73.71600000037282,45.536599999606494],[-73.71600000038347,45.53669999948305],[-73.71600000040168,45.53680000115746],[-73.71600000041367,45.53690000103047],[-73.71580000051438,45.5370000000678],[-73.71570000004466,45.537100000739734],[-73.71559999991236,45.53710000055416],[-73.71550000018786,45.53720000014798],[-73.71539999987768,45.53719999978765],[-73.71540000010918,45.53729999965315],[-73.71520000029486,45.53739999943232],[-73.7150000002505,45.53739999989742],[-73.71420000012054,45.53759999977858],[-73.71410000038102,45.53759999917894],[-73.7139999996776,45.53769999925216],[-73.71389999976358,45.537699999377594],[-73.71379999984924,45.53769999941549],[-73.71369999971692,45.53779999922321],[-73.71360000090515,45.537799999083944],[-73.71360000051766,45.53790000073954],[-73.713600000124,45.53800000059371],[-73.71349999967696,45.53800000036994],[-73.71339999923298,45.53800000095849],[-73.71330000006573,45.53800000055723],[-73.71330000042137,45.538100000408235],[-73.71319999979953,45.53810000082199],[-73.71319999997858,45.538200000671544],[-73.71310000045618,45.538200000095856],[-73.71300000093686,45.538200000332466],[-73.71290000013676,45.538200000483926],[-73.71269999981607,45.53820000052183],[-73.71270000038993,45.53830000036885],[-73.71260000069208,45.53830000025562],[-73.71250000099388,45.53830000005485],[-73.71249999993343,45.538399999903106],[-73.71240000005767,45.53839999961513],[-73.71230000018498,45.53840000013942],[-73.71219999999745,45.538499999521434],[-73.71219999968696,45.53859999936478],[-73.71210000073957,45.53859999971226],[-73.7120000005114,45.538599999974565],[-73.71199999984702,45.538699999816764],[-73.71190000071836,45.53869999908965],[-73.71189999987736,45.53879999893043],[-73.71179999929403,45.53879999901831],[-73.71179999955689,45.53889999885525],[-73.7116000005114,45.53900000039976],[-73.71150000058876,45.53910000095749],[-73.7112999990146,45.539200000178184],[-73.7112000002846,45.539200000637166],[-73.71100000038716,45.539300000227506],[-73.71350000006535,45.54089999985419],[-73.7138999998442,45.541200000526075],[-73.7155000001873,45.54260000029486],[-73.71759999991063,45.544800000227],[-73.71720000038735,45.54499999967177],[-73.71689999985591,45.54490000035889],[-73.715899999704,45.54389999955454],[-73.71389999953419,45.541800000173374],[-73.71310000080683,45.54109999947705],[-73.71229999996285,45.54059999991303],[-73.71069999989246,45.53960000004228],[-73.70949999935709,45.5407999993585],[-73.70880000065308,45.541699999568394],[-73.70779999988956,45.54230000044184],[-73.70769999962467,45.54250000008821],[-73.70779999996547,45.5426000006629],[-73.70769999975055,45.542700000530125],[-73.7075999999367,45.54270000053877],[-73.70760000046191,45.54280000030633],[-73.70759999970721,45.54290000007443],[-73.7074999993074,45.54319999928625],[-73.7073000004662,45.54329999952387],[-73.70730000046997,45.543400001081466],[-73.7072000005149,45.543500000496316],[-73.707200000336,45.543600000251054],[-73.70720000015773,45.543700000004016],[-73.70700000082583,45.54369999995748],[-73.70689999924022,45.54370000025632],[-73.70679999932864,45.54380000021542],[-73.70659999964299,45.54380000036901],[-73.7063999996413,45.5438999999221],[-73.7062999994719,45.54379999994403],[-73.70619999960188,45.543900000275826],[-73.70610000022036,45.54389999987031],[-73.7061000006549,45.54399999961681],[-73.70599999981847,45.5440000000262],[-73.70590000033961,45.54409999919127],[-73.70579999932527,45.544099999425875],[-73.70559999940615,45.54419999937241],[-73.70500000040458,45.544000000189165],[-73.70480000069999,45.544099999636195],[-73.70469999968554,45.544099999807706],[-73.7046000002889,45.544199999632376],[-73.70450000037712,45.54419999962681],[-73.70440000046504,45.544199999533724],[-73.70430000035893,45.54429999909523],[-73.70419999898834,45.54429999882965],[-73.70399999936627,45.54439999867014],[-73.70389999948674,45.54450000057702],[-73.70389999986628,45.54460000031281],[-73.703800000527,45.544600000593256],[-73.70369999993238,45.5447000005231],[-73.70369999995856,45.544800000256004],[-73.70349999928872,45.54480000038269],[-73.70330000049644,45.544899999887],[-73.70270000044866,45.54480000008045],[-73.7026000001173,45.54470000047916],[-73.70249999931941,45.54470000052398],[-73.70240000008432,45.54480000021131],[-73.7024000003674,45.54489999994186],[-73.70250000023961,45.54489999998623],[-73.70270000079866,45.54499999954024],[-73.7028000005634,45.545099999949635],[-73.7027000002287,45.54539999934088],[-73.702600000112,45.5454999991925],[-73.70249999964749,45.545600000755094],[-73.7026000001225,45.54570000042796],[-73.7025000001128,45.545700000471285],[-73.70240000039144,45.545800000141824],[-73.70239999940007,45.54589999985708],[-73.70219999995379,45.54590000040482],[-73.70210000062683,45.54599999980845],[-73.70189999954351,45.54599999983382],[-73.70169999974281,45.5460000004066],[-73.70160000047909,45.54599999966071],[-73.70149999993768,45.54599999972938],[-73.70130000013778,45.546000000501664],[-73.70120000031952,45.54610000001629],[-73.70109999959958,45.5460999997351],[-73.70110000014694,45.54619999944223],[-73.70099999999452,45.5463999993832],[-73.7009000000259,45.546399999825404],[-73.70090000022049,45.54649999952786],[-73.70069999976506,45.54659999895174],[-73.70050000039711,45.54659999922235],[-73.70040000007235,45.54659999922748],[-73.70029999974732,45.54659999914503],[-73.70010000031961,45.54649999901446],[-73.69979999987918,45.546499999515454],[-73.69970000036156,45.54659999950713],[-73.69960000003442,45.546599998811956],[-73.69940000077001,45.54670000045495],[-73.69919999976857,45.54670000115186],[-73.69900000004338,45.54670000059653],[-73.69880000063496,45.546800000287654],[-73.69869999995687,45.54680000060484],[-73.69859999927847,45.5468000008345],[-73.69840000008823,45.54690000072292],[-73.69770000077642,45.5461000001318],[-73.69650000006484,45.546399999208255],[-73.69649999998866,45.54629999950428]]],[[[-73.69579999979396,45.548099999984835],[-73.69589999991504,45.548000000733545],[-73.69579999954303,45.547900000635174],[-73.69589999960945,45.54790000015831],[-73.6959000002869,45.54770000080003],[-73.6960999997127,45.54770000048468],[-73.69630000042113,45.547700000716816],[-73.69640000022166,45.54759999922161],[-73.69649999975749,45.547599999120244],[-73.69670000011205,45.547599999552475],[-73.69689999966968,45.54749999905302],[-73.69710000095104,45.547499999683154],[-73.69720000026417,45.54739999928453],[-73.69729999966675,45.547499999067725],[-73.69750000037052,45.547399999313654],[-73.69760000008031,45.54729999946221],[-73.69770000036759,45.547300000108685],[-73.69780000065143,45.54729999976781],[-73.69789999965431,45.54729999934159],[-73.69799999994069,45.54729999972547],[-73.69809999986953,45.54720000033394],[-73.69819999997485,45.5471999996432],[-73.6983000006524,45.547100000073506],[-73.69840000058298,45.54710000010781],[-73.69849999944795,45.54700000036441],[-73.6990999996792,45.546900000311275],[-73.69939999978844,45.54700000044334],[-73.69939999998871,45.54719999982545],[-73.6994000001914,45.54739999920052],[-73.69919999980058,45.547700000745785],[-73.69909999966127,45.547800001091886],[-73.69889999987652,45.54780000036135],[-73.69870000009692,45.547800001080304],[-73.69840000042215,45.54780000060241],[-73.69820000063959,45.54780000044598],[-73.69799999976189,45.54790000051906],[-73.69779999962549,45.547900000562734],[-73.6976000002466,45.548000000830896],[-73.6974000001547,45.5480999998485],[-73.69720000063991,45.5482000003128],[-73.696999999438,45.54819999985748],[-73.69670000020054,45.548200000313166],[-73.69659999986624,45.54830000026169],[-73.69639999967976,45.5481999999832],[-73.69630000036041,45.54819999999661],[-73.69579999992033,45.54819999965701],[-73.69579999979396,45.548099999984835]]]]}},{"type":"Feature","properties":{"harmonized_pdq_id":"PDQ_H_12","display_name":"PDQ 12","component_pdqs":[12],"source_pdq_values":[12],"geography_type":"longitudinal_analytical_composite","source_dataset":"Limite des secteurs de poste de quartier de police","source_dataset_id":"186892b8-bba5-426c-aa7e-9db8c43cbdfe","source_resource_id":"e18f0da9-3a16-4ba4-b378-59f698b47261","source_license":"Creative Commons Attribution 4.0 International","geometry_rule":"direct_source_polygon","historical_boundary_claim":false,"special_unit":false,"longitudinal_caveat":"This polygon is an IQAI longitudinal analytical composite based on official SPVM/Ville de Montréal PDQ territory geometry. It is used to compare harmonized reported-event totals consistently through time and should not be interpreted as a historical boundary snapshot for every year.","source_area_m2_planar":5280650.84812,"source_vintage":"2026-08-09T00:45:24.840Z","source_crs":"EPSG:32188","browser_crs":"EPSG:4326"},"geometry":{"type":"MultiPolygon","coordinates":[[[[-73.58560000048766,45.48240000016583],[-73.59070000010091,45.479599999298955],[-73.59240000106612,45.47839999942238],[-73.59379999996293,45.477399999391835],[-73.59509999910276,45.47639999873464],[-73.59559999905149,45.47609999971356],[-73.59569999994285,45.47609999966312],[-73.59600000004814,45.4757000006492],[-73.59819999939069,45.47409999958522],[-73.60049999950762,45.47529999930108],[-73.60109999995653,45.47540000079114],[-73.60120000088851,45.47540000042492],[-73.60140000047541,45.47550000037467],[-73.60150000030639,45.47550000064666],[-73.60210000000754,45.4758000005579],[-73.602199999506,45.47590000025335],[-73.60300000035377,45.4761999998699],[-73.60380000015451,45.47660000019165],[-73.60450000047028,45.47690000000705],[-73.60489999962462,45.4770999996448],[-73.60539999915744,45.47660000091372],[-73.60590000022148,45.47680000012758],[-73.60740000034748,45.47739999899642],[-73.60879999924312,45.478099999608],[-73.60949999991203,45.47839999929969],[-73.61039999939374,45.47880000041787],[-73.61249999919453,45.47980000111581],[-73.61269999999843,45.479800001033645],[-73.61470000034636,45.48059999953761],[-73.61429999984321,45.48100000075321],[-73.61409999964928,45.48110000088168],[-73.61259999922945,45.48259999995715],[-73.61500000061963,45.48389999955044],[-73.61600000007755,45.48430000032058],[-73.61689999973393,45.48480000008666],[-73.61689999977958,45.48509999881703],[-73.616300000087,45.485700000385776],[-73.61560000041561,45.48650000070217],[-73.6152999999574,45.4869000000436],[-73.61820000083084,45.48819999975118],[-73.61820000014333,45.48850000100282],[-73.61800000041224,45.4893999990731],[-73.61739999931359,45.4901000003547],[-73.6163999998818,45.49129999971339],[-73.61560000070268,45.49190000080752],[-73.61560000057509,45.492000000561326],[-73.61549999969559,45.492000000935164],[-73.61510000061317,45.49269999977684],[-73.61469999934629,45.49310000064082],[-73.61140000036025,45.49169999917575],[-73.60929999937245,45.49379999952058],[-73.60840000030666,45.49320000032253],[-73.60680000012256,45.4953000004833],[-73.6059999997665,45.495100001181925],[-73.60539999918252,45.494899999074335],[-73.60500000040945,45.49479999971351],[-73.60450000066004,45.49479999929645],[-73.6037999994772,45.49479999953638],[-73.60329999959238,45.49489999896799],[-73.60290000073081,45.49510000125288],[-73.60280000102158,45.49520000100236],[-73.60160000007853,45.4955000001892],[-73.6013000006075,45.495500000270255],[-73.60119999994245,45.495400000131575],[-73.60109999925395,45.49550000018803],[-73.6005000003124,45.495500000535344],[-73.60039999963529,45.495500000287585],[-73.598899999722,45.49550000045453],[-73.59879999946592,45.49540000001426],[-73.59869999964711,45.49549999976851],[-73.59690000021138,45.495400000640466],[-73.59630000078162,45.49530000083086],[-73.59640000059022,45.49489999958041],[-73.59610000013541,45.495300000092335],[-73.59499999914816,45.495300000567134],[-73.59310000024243,45.494999999188074],[-73.59290000001002,45.4948999994456],[-73.59279999958927,45.494999999442925],[-73.59199999997928,45.49499999956837],[-73.59179999913471,45.494899999700195],[-73.59159999953346,45.49499999888035],[-73.59070000013254,45.49499999895861],[-73.59009999964204,45.49510000106891],[-73.58989999970574,45.4951000011725],[-73.58959999980101,45.49510000112125],[-73.58959999972843,45.495200000817455],[-73.58829999933629,45.49599999919515],[-73.5882000003603,45.49620000112222],[-73.58720000024566,45.49650000032669],[-73.58700000002382,45.49640000017898],[-73.58669999961486,45.496400000610336],[-73.58650000063236,45.49630000048436],[-73.58609999994107,45.4963000003335],[-73.58579999918082,45.49620000052453],[-73.58550000018526,45.49630000107933],[-73.58540000047753,45.496200000620526],[-73.58370000063847,45.496400000279905],[-73.58359999964956,45.496400000622415],[-73.58340000022906,45.49640000014316],[-73.58309999981988,45.49640000011835],[-73.58299999987571,45.49650000050772],[-73.58290000040078,45.49640000056333],[-73.58189999983999,45.49649999991072],[-73.5817000000908,45.49660000062565],[-73.58170000006655,45.49650000005462],[-73.58040000041419,45.49609999960217],[-73.58029999995485,45.49609999885512],[-73.58019999957088,45.495999999240354],[-73.57940000051337,45.495700000256704],[-73.57930000076209,45.495699999533564],[-73.57919999901861,45.49559999993719],[-73.57850000027013,45.49520000114503],[-73.57829999998003,45.495200000735565],[-73.57799999980718,45.494999999621584],[-73.57780000022515,45.49499999923608],[-73.57790000032544,45.4948999997732],[-73.57340000025987,45.49290000080323],[-73.57320000076018,45.493000001096554],[-73.57330000034798,45.49290000112668],[-73.57260000007284,45.49249999928639],[-73.57229999990139,45.492499999693045],[-73.57249999922604,45.492400000066986],[-73.57490000038923,45.49059999917143],[-73.57559999963159,45.490099999861485],[-73.57680000018227,45.489099999600896],[-73.57679999960436,45.488899999993784],[-73.57689999964923,45.4888000003991],[-73.57720000064899,45.48880000050839],[-73.57819999977079,45.48800000026983],[-73.58059999939289,45.48570000040833],[-73.58060000006395,45.48560000054507],[-73.58079999932356,45.48570000038973],[-73.58070000034616,45.485500000264835],[-73.58150000031051,45.48499999983931],[-73.58160000049895,45.484899999660506],[-73.58170000032757,45.48489999926953],[-73.58239999936906,45.48440000007832],[-73.58310000010154,45.483899999251584],[-73.58329999953226,45.48369999956445],[-73.58399999921791,45.483300000265245],[-73.58430000022304,45.48310000081193],[-73.58459999910104,45.48279999975319],[-73.58509999993768,45.48220000047707],[-73.58560000048766,45.48240000016583]],[[-73.58509999954417,45.48230000040009],[-73.58519999967437,45.482400000465134],[-73.58590000000798,45.482699999675276],[-73.58609999955713,45.48269999937562],[-73.58559999970005,45.48250000008566],[-73.5853000002371,45.48230000060038],[-73.58509999993768,45.48220000047707],[-73.58509999954417,45.48230000040009]]]]}},{"type":"Feature","properties":{"harmonized_pdq_id":"PDQ_H_13","display_name":"PDQ 13","component_pdqs":[13],"source_pdq_values":[13],"geography_type":"longitudinal_analytical_composite","source_dataset":"Limite des secteurs de poste de quartier de police","source_dataset_id":"186892b8-bba5-426c-aa7e-9db8c43cbdfe","source_resource_id":"e18f0da9-3a16-4ba4-b378-59f698b47261","source_license":"Creative Commons Attribution 4.0 International","geometry_rule":"direct_source_polygon","historical_boundary_claim":false,"special_unit":false,"longitudinal_caveat":"This polygon is an IQAI longitudinal analytical composite based on official SPVM/Ville de Montréal PDQ territory geometry. It is used to compare harmonized reported-event totals consistently through time and should not be interpreted as a historical boundary snapshot for every year.","source_area_m2_planar":16902280.0242,"source_vintage":"2026-08-09T00:45:24.840Z","source_crs":"EPSG:32188","browser_crs":"EPSG:4326"},"geometry":{"type":"MultiPolygon","coordinates":[[[[-73.59200000006895,45.413899999522165],[-73.59250000077635,45.41349999973291],[-73.59289999957426,45.41330000039002],[-73.5934000002007,45.41320000003735],[-73.59379999971868,45.413300000045034],[-73.59479999967506,45.413399999877996],[-73.59509999995048,45.41369999955286],[-73.595399999416,45.41359999931819],[-73.59570000087639,45.41369999965218],[-73.59569999984664,45.41379999898063],[-73.59600000034094,45.41389999942385],[-73.59590000061455,45.41410000018462],[-73.59599999962764,45.414300000309716],[-73.59579999975965,45.414500000383924],[-73.59529999956436,45.414599999520796],[-73.59510000000078,45.41479999925832],[-73.59439999998574,45.4149999990217],[-73.59410000029352,45.41510000110463],[-73.59379999934862,45.414999999292014],[-73.59229999903046,45.414699999501856],[-73.59170000029265,45.41469999953804],[-73.5908999999749,45.414599999872884],[-73.59069999910123,45.414500000271204],[-73.59080000054578,45.41439999979344],[-73.59090000036127,45.414300000127504],[-73.59150000024425,45.414100000254415],[-73.59200000006895,45.413899999522165]]],[[[-73.570500000867,45.42420000009958],[-73.57100000000887,45.42369999881775],[-73.57179999943827,45.42339999980808],[-73.57359999959785,45.42190000043443],[-73.57509999987192,45.42170000114209],[-73.57620000046398,45.42129999934267],[-73.57799999998916,45.421099999882294],[-73.57930000015402,45.42080000071552],[-73.58099999970237,45.42060000084622],[-73.58210000057834,45.42080000039083],[-73.58249999945602,45.420499998924484],[-73.58409999993533,45.42039999910393],[-73.5848000002825,45.42060000100427],[-73.58629999922722,45.422100000183605],[-73.5865000007311,45.42330000001505],[-73.58569999981411,45.423800001308],[-73.58500000023493,45.424299999969435],[-73.5840000004076,45.424500000136774],[-73.58199999996256,45.42420000002256],[-73.58100000036833,45.424299999984285],[-73.58010000010081,45.42440000029619],[-73.57919999901327,45.42469999898699],[-73.57740000027593,45.425200000215646],[-73.57589999927548,45.425699999950396],[-73.57449999973123,45.42600000113023],[-73.57349999984797,45.42610000108914],[-73.57299999977009,45.4262000004887],[-73.57240000058276,45.42610000081879],[-73.5719000002501,45.426000000783446],[-73.57130000000993,45.42589999893209],[-73.57089999976937,45.42579999954059],[-73.57029999974762,45.425799999647346],[-73.57010000044842,45.42520000006166],[-73.57019999967297,45.42469999968977],[-73.570500000867,45.42420000009958]]],[[[-73.57160000062244,45.42650000029201],[-73.57129999944392,45.42639999987557],[-73.57140000033812,45.4262000003884],[-73.5717000005512,45.42620000053942],[-73.5721999997409,45.42630000054759],[-73.57299999941303,45.42640000050106],[-73.57369999939962,45.42640000002128],[-73.57449999955732,45.42620000024973],[-73.57500000002405,45.42600000057232],[-73.57520000001325,45.42589999954418],[-73.5760999997191,45.42589999918797],[-73.57640000018782,45.425799999578615],[-73.57689999936123,45.4255999996696],[-73.57760000096287,45.42559999958441],[-73.57789999975034,45.425499999630674],[-73.57809999924622,45.4253999998152],[-73.57819999998084,45.425300000663015],[-73.5784999992601,45.42530000005231],[-73.5784999992601,45.42530000005231],[-73.57890000042978,45.42529999981064],[-73.57919999916777,45.425200000036675],[-73.5795999996623,45.425100000917084],[-73.57969999977365,45.42500000044678],[-73.5800000006234,45.42490000126447],[-73.58019999965231,45.42469999952791],[-73.58039999993129,45.42459999927002],[-73.5806999993375,45.42459999918009],[-73.58109999946008,45.42469999936896],[-73.58139999939596,45.42469999923989],[-73.58170000045352,45.424799999255534],[-73.58170000030002,45.42490000108719],[-73.58260000088553,45.42500000083713],[-73.58280000003143,45.42479999905071],[-73.58320000016573,45.42490000088078],[-73.58439999981377,45.42500000060117],[-73.58319999985038,45.42540000011417],[-73.58279999976108,45.4255000001369],[-73.58239999953682,45.42559999965706],[-73.58180000042069,45.42589999902825],[-73.58000000065104,45.426599999735906],[-73.5784999996984,45.42689999930817],[-73.57760000027038,45.42720000055591],[-73.57640000010625,45.42740000049283],[-73.57519999938607,45.427400000444145],[-73.5740999994541,45.427200000370554],[-73.5723000001589,45.426799999393246],[-73.57160000062244,45.42650000029201]]],[[[-73.61390000051537,45.45769999892916],[-73.61380000018774,45.457699999615684],[-73.61369999985813,45.45769999931482],[-73.613400000754,45.45749999987005],[-73.61320000018014,45.45739999992012],[-73.61299999930422,45.45739999998025],[-73.60720000061986,45.45470000096769],[-73.60689999950472,45.45450000054646],[-73.6067000005912,45.454199999130225],[-73.60659999914978,45.45399999987653],[-73.60589999955245,45.45199999974273],[-73.60589999985505,45.45179999972806],[-73.60579999972558,45.45179999971],[-73.6057000006084,45.451600000481896],[-73.6057000006084,45.451600000481896],[-73.60560000096388,45.45130000069298],[-73.60539999974833,45.450699999907016],[-73.60520000000066,45.45030000058015],[-73.60489999995983,45.44940000028574],[-73.6048999999883,45.44910000057446],[-73.6050000004127,45.448299999972974],[-73.60520000057026,45.44820000080079],[-73.60549999941693,45.447799999166605],[-73.60560000020554,45.447699999816315],[-73.60620000007282,45.44710000004376],[-73.60629999966895,45.44700000096923],[-73.60920000002791,45.444599999094486],[-73.61040000001097,45.44360000045977],[-73.61049999987793,45.44319999942274],[-73.61070000047593,45.44270000066554],[-73.61099999940804,45.44260000046585],[-73.61179999984174,45.43950000013628],[-73.6112999994346,45.439400000926796],[-73.60840000051957,45.43899999936257],[-73.6008000004355,45.43769999940485],[-73.59960000089514,45.43749999961126],[-73.5994000000343,45.43750000015668],[-73.59900000007649,45.4373000005717],[-73.5986999998429,45.43730000013172],[-73.59780000023075,45.43720000056784],[-73.59069999996531,45.43610000010511],[-73.58750000068125,45.435599999928414],[-73.58590000006106,45.43530000002767],[-73.58380000053981,45.43500000096697],[-73.58639999991509,45.433100000174875],[-73.5867000001254,45.43290000074678],[-73.58690000007346,45.43289999994217],[-73.58709999956987,45.43280000069609],[-73.58719999936822,45.43280000088737],[-73.58750000027692,45.43260000114671],[-73.58759999966074,45.43249999929174],[-73.58789999953768,45.432199999488596],[-73.5883999992375,45.431999999857226],[-73.5887999999305,45.431800000226374],[-73.58899999985674,45.43170000033326],[-73.58899999991321,45.43150000050639],[-73.5897000006754,45.43099999956143],[-73.58990000002348,45.43089999987852],[-73.59059999949146,45.43040000056493],[-73.59140000007905,45.42979999978529],[-73.59159999985802,45.42969999980375],[-73.59169999967287,45.429600000606804],[-73.59179999913324,45.42950000042096],[-73.59190000082341,45.42930000109079],[-73.59200000052586,45.42909999896806],[-73.59180000014298,45.42899999974613],[-73.59069999954498,45.428700000349714],[-73.59079999987637,45.42850000015587],[-73.59089999975016,45.42850000070713],[-73.59119999938213,45.42860000000305],[-73.59139999984937,45.42870000028247],[-73.59179999947506,45.42869999986107],[-73.59190000098006,45.42870000043543],[-73.59210000047892,45.42879999948824],[-73.59229999932793,45.42870000006384],[-73.5925000000263,45.428600000285975],[-73.59310000021352,45.427799999862174],[-73.59289999901067,45.4274999998768],[-73.59250000069173,45.427300000575194],[-73.59179999956163,45.42679999931832],[-73.59149999946403,45.426699999767436],[-73.59089999984381,45.42699999918983],[-73.590400000448,45.42740000002087],[-73.5902000002775,45.42750000064172],[-73.59020000107779,45.427599999725885],[-73.59009999955897,45.42789999940641],[-73.5902000004536,45.42799999964743],[-73.59040000062711,45.42830000073511],[-73.59059999989871,45.428400000621735],[-73.59050000025853,45.42850000067635],[-73.59020000030925,45.42830000046975],[-73.59000000036667,45.42809999900759],[-73.58980000056356,45.4278999998877],[-73.58970000047121,45.42789999927348],[-73.58899999964603,45.42840000049173],[-73.58879999947395,45.42860000041031],[-73.58839999964093,45.42880000015346],[-73.58819999994323,45.42889999994685],[-73.58810000005786,45.428699999806184],[-73.58840000037202,45.428500000257124],[-73.5896000001328,45.42750000044359],[-73.58959999911282,45.427400000457986],[-73.58969999976401,45.427200001181255],[-73.58999999971616,45.42710000097008],[-73.59069999954012,45.42649999980631],[-73.59079999983432,45.42630000043492],[-73.59109999980836,45.42600000089781],[-73.59150000027202,45.425899998813485],[-73.59190000067755,45.42559999979147],[-73.59230000007295,45.42540000027689],[-73.59260000004176,45.42520000037881],[-73.5929999999061,45.42490000106746],[-73.59410000007037,45.424200000661344],[-73.59570000101917,45.42300000068697],[-73.59590000049332,45.423200000447224],[-73.59350000094581,45.425000000545495],[-73.59329999938053,45.42510000033887],[-73.59289999924498,45.42530000066702],[-73.59249999986258,45.425599999606646],[-73.59219999997958,45.425799999227905],[-73.59190000050333,45.42610000076451],[-73.59190000043499,45.42630000078146],[-73.59209999975906,45.4265999998828],[-73.59279999950267,45.426999999326355],[-73.59329999933784,45.42730000052603],[-73.59359999981885,45.42749999982448],[-73.5936999997959,45.427599999708846],[-73.59389999986566,45.42770000012809],[-73.59410000062051,45.42770000021359],[-73.59440000019185,45.42730000019367],[-73.59460000028726,45.42710000122197],[-73.59500000007142,45.42669999950758],[-73.59569999992108,45.42579999911498],[-73.59650000046017,45.42490000073583],[-73.59699999986856,45.42429999994096],[-73.59769999958313,45.42380000062623],[-73.59820000002803,45.423399999979615],[-73.59850000052946,45.42319999981184],[-73.59869999980769,45.423000000716065],[-73.59920000032736,45.422800001175126],[-73.59949999991564,45.422499999187444],[-73.59949999932311,45.42240000001315],[-73.59960000017314,45.42209999991105],[-73.60010000070417,45.42180000081264],[-73.60049999947803,45.421499999353614],[-73.60059999981722,45.42129999932454],[-73.60100000008717,45.420999999686174],[-73.60129999966436,45.42090000028192],[-73.60170000043189,45.420499998962235],[-73.60190000033141,45.42039999967833],[-73.60200000018112,45.42019999928506],[-73.60209999932746,45.41999999969768],[-73.60240000002008,45.41979999996473],[-73.6027000000301,45.41950000111131],[-73.60289999994457,45.41950000108617],[-73.60310000058193,45.419399998782914],[-73.60369999955148,45.41909999966243],[-73.60420000047515,45.41880000045432],[-73.60460000047011,45.41860000081814],[-73.60510000012864,45.4184000004915],[-73.60569999966872,45.41819999906086],[-73.60709999907081,45.417900000195964],[-73.60750000036757,45.41770000026947],[-73.60799999974147,45.41750000071455],[-73.60809999936279,45.417500000605244],[-73.60850000069675,45.41730000076203],[-73.60929999999156,45.41699999972653],[-73.6096000002875,45.41679999987426],[-73.61000000033323,45.41660000015373],[-73.61040000011246,45.41640000082528],[-73.61089999950623,45.41620000112776],[-73.61090000027448,45.415999998953765],[-73.61120000063795,45.4158999995542],[-73.61160000060445,45.41589999908215],[-73.61199999929413,45.41589999901035],[-73.61220000054696,45.415999999086665],[-73.61229999990982,45.41589999961042],[-73.61240000054003,45.415899999334954],[-73.6126999998778,45.41589999978558],[-73.61280000073654,45.415799999868355],[-73.61329999982826,45.41589999922162],[-73.61339999962878,45.41579999967998],[-73.61380000016814,45.4157999996019],[-73.61410000025414,45.4157999999742],[-73.61449999951462,45.415799999245785],[-73.61459999957613,45.415699999551336],[-73.61519999996611,45.41569999980479],[-73.61539999924354,45.415699999489696],[-73.61560000068094,45.415799999915215],[-73.61569999963702,45.415899999643315],[-73.61589999948721,45.41579999916067],[-73.61589999935607,45.41569999986752],[-73.61609999991242,45.415700000125206],[-73.61619999957328,45.41579999941662],[-73.61629999958915,45.41589999951826],[-73.6164000002197,45.41589999934033],[-73.61649999965962,45.41579999978451],[-73.61649999974532,45.41569999959126],[-73.61680000058013,45.41570000007029],[-73.61690000023873,45.41560000016054],[-73.61739999946859,45.41560000027219],[-73.61880000075043,45.41550000043882],[-73.61980000005339,45.41510000083052],[-73.62010000038475,45.41499999873613],[-73.62019999937607,45.41489999952494],[-73.62070000009525,45.414899999587284],[-73.6209000003828,45.41489999953928],[-73.62110000066963,45.41489999914109],[-73.6212000002734,45.414799999051986],[-73.62209999998136,45.414799999789075],[-73.62250000012858,45.41489999914924],[-73.62260000072835,45.41499999914997],[-73.62260000027204,45.41489999894296],[-73.62280000056036,45.41489999916758],[-73.62349999977837,45.414999998755306],[-73.62409999914648,45.41499999905185],[-73.62480000062176,45.41510000056706],[-73.62490000052362,45.415200000351255],[-73.6250999995581,45.41510000084527],[-73.6253999997724,45.41510000123402],[-73.62569999998499,45.41510000083485],[-73.62609999941803,45.4151000008776],[-73.62650000012768,45.41510000041804],[-73.62700000077592,45.41499999879289],[-73.6273999995031,45.41499999878321],[-73.6277000004665,45.41499999942931],[-73.62800000015051,45.414999999288945],[-73.62829999983482,45.41499999926049],[-73.62849999919887,45.414999999404145],[-73.62920000083894,45.41489999963665],[-73.62929999970397,45.41489999896527],[-73.6294000001697,45.414799999794624],[-73.62950000013757,45.41479999984674],[-73.62950000042397,45.41459999942193],[-73.63020000009661,45.414699999348315],[-73.63029999988848,45.41469999960012],[-73.63049999947167,45.41469999984104],[-73.63069999905406,45.41469999973179],[-73.63099999975722,45.41459999959644],[-73.63200000017417,45.41469999947993],[-73.63360000009695,45.41479999949198],[-73.63359999966097,45.41510000101653],[-73.6326999998949,45.41499999889934],[-73.63259999979716,45.415100000955285],[-73.63250000070477,45.415400000624885],[-73.63250000074663,45.415499999924194],[-73.632500000791,45.4156000001216],[-73.63270000051159,45.4157999995996],[-73.63339999986498,45.41579999949987],[-73.63539999987375,45.41550000056897],[-73.636399999871,45.415400000213666],[-73.63770000044619,45.41539999987984],[-73.63980000029788,45.41540000006693],[-73.6412000008272,45.415700000032196],[-73.64240000088164,45.41589999907904],[-73.64309999937633,45.41609999930646],[-73.64379999981186,45.41640000081792],[-73.64419999999163,45.416599999928614],[-73.64450000077888,45.416800000000045],[-73.64549999997425,45.41750000055538],[-73.6469000004198,45.41829999881055],[-73.6477000000335,45.41880000001931],[-73.6484999997198,45.41929999918094],[-73.64900000054489,45.41950000070598],[-73.64929999916201,45.41970000067051],[-73.64969999992495,45.419900000202254],[-73.65000000029195,45.419999999992456],[-73.6503000004411,45.420099999893125],[-73.65049999992159,45.42009999931043],[-73.65080000020703,45.42019999969574],[-73.65140000011968,45.420399998998114],[-73.65179999955846,45.420499999141455],[-73.65199999916592,45.42060000054218],[-73.65229999963773,45.420700000578435],[-73.65459999969273,45.41689999996351],[-73.6553999992108,45.41549999968314],[-73.6563000003071,45.414000000411036],[-73.65719999985166,45.412499999951685],[-73.65909999925853,45.4089999995488],[-73.65949999986185,45.40919999933115],[-73.65770000090875,45.412599999375516],[-73.65679999948325,45.414000000826384],[-73.65589999976466,45.41569999993323],[-73.65319999974396,45.42100000045029],[-73.65339999965663,45.42119999949089],[-73.65399999987473,45.421499999593685],[-73.65449999981327,45.42190000054239],[-73.65510000050264,45.422200000229125],[-73.65550000087148,45.42249999923818],[-73.65550000087148,45.42249999923818],[-73.65560000033938,45.42259999901372],[-73.65570000016551,45.422700000499184],[-73.65589999909855,45.422800000433135],[-73.65600000041253,45.42280000068007],[-73.65630000036208,45.42300000014051],[-73.65650000013689,45.42309999991741],[-73.65669999999,45.42310000017688],[-73.65700000028974,45.423200000423975],[-73.65710000102945,45.42319999970868],[-73.65730000036926,45.423299999881706],[-73.65739999990971,45.42349999992717],[-73.65759999956059,45.42359999956928],[-73.65939999966824,45.41929999935735],[-73.65969999992325,45.41939999887837],[-73.65779999991717,45.423699998858474],[-73.65779999994126,45.423800000712966],[-73.6580000000818,45.42390000054867],[-73.65830000052914,45.4240000009668],[-73.65849999968044,45.42419999997277],[-73.65859999978736,45.424299999791],[-73.65869999991713,45.42430000037543],[-73.65880000004412,45.424299999972476],[-73.65890000017339,45.42430000038183],[-73.65899999988474,45.42439999984871],[-73.65919999915323,45.4244999993738],[-73.65919999909212,45.424599999414745],[-73.65929999986601,45.424699999512114],[-73.65929999986601,45.424699999512114],[-73.65960000047932,45.42500000107056],[-73.65979999909469,45.425100000435435],[-73.65990000063655,45.42510000086725],[-73.66010000013628,45.42520000060373],[-73.66060000062888,45.42549999976497],[-73.66100000052403,45.42569999911917],[-73.66120000025619,45.425799999618434],[-73.66139999941363,45.42589999886679],[-73.66149999981086,45.42589999879933],[-73.66149999998885,45.42600000061519],[-73.66169999986042,45.42600000111883],[-73.6618999993301,45.42610000038765],[-73.66210000078607,45.4262000002016],[-73.66250000009136,45.42649999968638],[-73.66259999983214,45.42659999956265],[-73.66269999992632,45.426699999349154],[-73.66289999971325,45.42669999955158],[-73.66289999962086,45.42659999954751],[-73.66299999997766,45.426599999966655],[-73.66309999905627,45.426600000300084],[-73.66320000003203,45.42669999964761],[-73.66330000008587,45.42679999980702],[-73.66350000022557,45.42679999985824],[-73.66359999970751,45.42689999975411],[-73.66389999980781,45.426899999811724],[-73.66390000038683,45.42699999891003],[-73.66420000069071,45.42720000087174],[-73.66459999957114,45.427600000138504],[-73.6648000008752,45.4276999996984],[-73.66500000033179,45.42779999980887],[-73.66510000039803,45.427899999273116],[-73.66510000039803,45.427899999273116],[-73.66519999921621,45.427899999568254],[-73.66530000109276,45.42799999975294],[-73.66530000109276,45.42799999975294],[-73.66530000031544,45.428099998833936],[-73.6654000007642,45.428099998951645],[-73.66549999993477,45.42809999898365],[-73.66560000014381,45.428200000704315],[-73.66560000014381,45.428200000704315],[-73.66569999949049,45.42820000056096],[-73.66580000022401,45.428300000304326],[-73.66580000022401,45.428300000304326],[-73.66589999974936,45.42830000088548],[-73.66599999973467,45.42840000045308],[-73.66599999996362,45.428999999363235],[-73.66590000007857,45.42930000055122],[-73.66590000096573,45.43089999965046],[-73.66539999978549,45.43129999917761],[-73.66499999965625,45.43150000071964],[-73.66499999964729,45.43160000063791],[-73.66490000050256,45.43170000098425],[-73.66480000064165,45.4319000002554],[-73.66499999961005,45.43210000020281],[-73.66549999963361,45.43190000051296],[-73.66560000040225,45.43190000045535],[-73.66579999951048,45.431999999992264],[-73.6656999998438,45.43200000022337],[-73.66559999995195,45.43210000027674],[-73.66540000038485,45.43229999921541],[-73.66210000015658,45.433299999329165],[-73.65970000011346,45.43459999944933],[-73.65850000028779,45.43510000005183],[-73.65799999971637,45.4352999995817],[-73.65609999971731,45.43610000019785],[-73.65589999979842,45.436300000357875],[-73.65380000096022,45.4368999990603],[-73.65310000004422,45.437399999985814],[-73.65080000019599,45.43860000043413],[-73.6507999994254,45.43870000022773],[-73.65040000031988,45.43889999986923],[-73.65019999947924,45.43799999941234],[-73.65010000017298,45.43789999967831],[-73.6500000008896,45.438400000467816],[-73.65000000057059,45.43899999921809],[-73.64990000024146,45.43909999890057],[-73.64990000024146,45.43909999890057],[-73.64989999916631,45.439200000485435],[-73.64949999974533,45.43940000055729],[-73.6494000003859,45.43950000069356],[-73.64910000005509,45.4396000001215],[-73.64789999988751,45.44030000093086],[-73.64749999969716,45.44050000025984],[-73.64740000035661,45.44050000066637],[-73.64679999999721,45.44079999964434],[-73.6462999998394,45.44099999994687],[-73.64609999927389,45.44109999922359],[-73.64569999986342,45.44129999941853],[-73.64399999989878,45.44190000028406],[-73.64330000014905,45.44219999974127],[-73.64230000055251,45.442600000702896],[-73.64109999977171,45.44309999956584],[-73.6399999998938,45.443499999428184],[-73.6391000002868,45.44389999994984],[-73.63509999961039,45.44540000003248],[-73.63350000085372,45.446000000324055],[-73.6316000000529,45.446900000965655],[-73.63000000026412,45.447699999032395],[-73.62959999997993,45.44810000035785],[-73.62880000025926,45.44859999987938],[-73.62839999981477,45.44910000104686],[-73.62740000010795,45.45009999912303],[-73.62680000021922,45.45070000016069],[-73.62649999998084,45.45099999947409],[-73.62490000024621,45.45180000020897],[-73.62369999978158,45.45289999990066],[-73.62249999916217,45.453800000323966],[-73.62139999960525,45.45439999930664],[-73.62020000035818,45.45500000022027],[-73.61579999954834,45.45690000055169],[-73.61569999935394,45.45690000020193],[-73.61560000043981,45.456900000663175],[-73.61529999985876,45.45690000062569],[-73.61519999998477,45.457000000206676],[-73.61509999975928,45.45710000059857],[-73.61490000101166,45.45719999984931],[-73.61479999990257,45.4572999999759],[-73.6145000004837,45.457499999457674],[-73.61419999911247,45.45759999958965],[-73.61409999989512,45.45769999909444],[-73.613999999566,45.457699999056224],[-73.61390000051537,45.45769999892916]]]]}},{"type":"Feature","properties":{"harmonized_pdq_id":"PDQ_H_15","display_name":"PDQ 15","component_pdqs":[15],"source_pdq_values":[15],"geography_type":"longitudinal_analytical_composite","source_dataset":"Limite des secteurs de poste de quartier de police","source_dataset_id":"186892b8-bba5-426c-aa7e-9db8c43cbdfe","source_resource_id":"e18f0da9-3a16-4ba4-b378-59f698b47261","source_license":"Creative Commons Attribution 4.0 International","geometry_rule":"direct_source_polygon","historical_boundary_claim":false,"special_unit":false,"longitudinal_caveat":"This polygon is an IQAI longitudinal analytical composite based on official SPVM/Ville de Montréal PDQ territory geometry. It is used to compare harmonized reported-event totals consistently through time and should not be interpreted as a historical boundary snapshot for every year.","source_area_m2_planar":15464381.6335,"source_vintage":"2026-08-09T00:45:24.840Z","source_crs":"EPSG:32188","browser_crs":"EPSG:4326"},"geometry":{"type":"MultiPolygon","coordinates":[[[[-73.58509999993768,45.48220000047707],[-73.5853000002371,45.48230000060038],[-73.58559999970005,45.48250000008566],[-73.58609999955713,45.48269999937562],[-73.58590000000798,45.482699999675276],[-73.58519999967437,45.482400000465134],[-73.58509999954417,45.48230000040009],[-73.58509999993768,45.48220000047707]]],[[[-73.58509999993768,45.48220000047707],[-73.58459999910104,45.48279999975319],[-73.58430000022304,45.48310000081193],[-73.58399999921791,45.483300000265245],[-73.58329999953226,45.48369999956445],[-73.58310000010154,45.483899999251584],[-73.58239999936906,45.48440000007832],[-73.58170000032757,45.48489999926953],[-73.58160000049895,45.484899999660506],[-73.58150000031051,45.48499999983931],[-73.58070000034616,45.485500000264835],[-73.58079999932356,45.48570000038973],[-73.58060000006395,45.48560000054507],[-73.58059999939289,45.48570000040833],[-73.57819999977079,45.48800000026983],[-73.57720000064899,45.48880000050839],[-73.57689999964923,45.4888000003991],[-73.57689999964923,45.4888000003991],[-73.57679999960436,45.488899999993784],[-73.57680000018227,45.489099999600896],[-73.57559999963159,45.490099999861485],[-73.57490000038923,45.49059999917143],[-73.57249999922604,45.492400000066986],[-73.57229999990139,45.492499999693045],[-73.57170000038289,45.49230000045435],[-73.57000000018589,45.49139999976294],[-73.56780000063296,45.490399999962825],[-73.56720000103051,45.490099999727434],[-73.56709999991875,45.49000000023815],[-73.56649999932749,45.489700000804795],[-73.56639999996037,45.48970000048663],[-73.56639999996037,45.48970000048663],[-73.56529999934837,45.48909999963436],[-73.56519999976456,45.48910000006555],[-73.56309999958701,45.48729999938923],[-73.56250000044062,45.48770000012537],[-73.56240000077575,45.487700000804985],[-73.56200000020324,45.487900000498094],[-73.56199999988812,45.48800000031999],[-73.56119999990202,45.488500000687196],[-73.5608999995156,45.48860000066075],[-73.56089999981401,45.48870000046999],[-73.56039999983624,45.48899999990674],[-73.56030000042873,45.48899999964764],[-73.56010000066102,45.48919999937003],[-73.55999999962096,45.489199999749005],[-73.55989999986015,45.48920000003975],[-73.55969999979274,45.48929999925785],[-73.55939999910836,45.48949999957245],[-73.55870000036127,45.48980000086694],[-73.5583999998812,45.49000000033718],[-73.55799999958543,45.490199999439575],[-73.5576000002985,45.490399999833244],[-73.55749999986526,45.49080000072269],[-73.55730000041827,45.49059999909258],[-73.55630000025711,45.49110000027328],[-73.55609999964348,45.491000000821366],[-73.55599999984283,45.49110000016451],[-73.55579999999298,45.49109999995402],[-73.5556000001437,45.4911000002932],[-73.5552000004441,45.49109999992106],[-73.55490000003061,45.49110000052278],[-73.55460000089577,45.49110000033597],[-73.55439999976686,45.49110000037443],[-73.55430000048165,45.49110000026174],[-73.55410000041643,45.49120000043955],[-73.55390000021217,45.491199999602145],[-73.55370000000927,45.49120000021425],[-73.55349999980609,45.49120000047618],[-73.55329999995496,45.49110000062256],[-73.55310000010506,45.49110000018399],[-73.5528999991954,45.49120000006082],[-73.55279999973375,45.491200000434766],[-73.55270000027117,45.491199999821326],[-73.55270000013651,45.49129999958485],[-73.55279999981853,45.491399999959874],[-73.55289999985374,45.49149999934563],[-73.55320000005472,45.49169999901202],[-73.5533999991222,45.491900000583215],[-73.55359999978504,45.492200000644274],[-73.55370000009444,45.49230000021535],[-73.55370000045185,45.49239999995934],[-73.553199999528,45.491800000566656],[-73.5530000002438,45.49159999954175],[-73.55260000018629,45.49139999954563],[-73.55250000085886,45.49129999989518],[-73.55159999964017,45.49090000059567],[-73.55119999949007,45.49059999949814],[-73.55040000059803,45.490299999600055],[-73.55010000021272,45.49019999951263],[-73.54910000059199,45.48990000064556],[-73.548800000152,45.48990000052437],[-73.5487000004314,45.489900000008774],[-73.54640000083383,45.48949999902242],[-73.5441999999483,45.48899999963179],[-73.54409999926281,45.48900000048869],[-73.54389999952753,45.48890000033584],[-73.54189999975597,45.48860000066045],[-73.54110000012525,45.488500000841704],[-73.54040000054542,45.4882999989741],[-73.54010000033107,45.488199999584275],[-73.54000000064458,45.48809999973343],[-73.53990000027164,45.488099999612935],[-73.53979999996069,45.48819999922258],[-73.53979999996069,45.48819999922258],[-73.53920000006197,45.48850000097672],[-73.53290000059167,45.49059999889809],[-73.52649999990686,45.49279999910607],[-73.5193999996546,45.495200000561454],[-73.51929999951116,45.495200000403884],[-73.51780000006548,45.49569999947763],[-73.51779999926855,45.49559999979224],[-73.51779999926855,45.49559999979224],[-73.51909999996546,45.495100001031524],[-73.52630000026255,45.49249999932147],[-73.53899999940066,45.488199999805026],[-73.53899999947485,45.48809999998735],[-73.53880000043648,45.48799999988767],[-73.53870000077721,45.487700000147456],[-73.53849999984804,45.48760000041601],[-73.53820000073688,45.48729999906152],[-73.53809999999802,45.48709999949635],[-73.53779999963025,45.48689999960548],[-73.53749999917133,45.48650000102963],[-73.53730000031888,45.485999999767735],[-73.53720000007839,45.4856000005473],[-73.53710000045723,45.484999999668794],[-73.53720000072084,45.4846000000348],[-73.53739999943996,45.48420000088259],[-73.5376000004376,45.48339999996103],[-73.53799999981683,45.48220000003301],[-73.5383000006059,45.4814999993237],[-73.53829999949315,45.481100000471564],[-73.53909999975913,45.4788000002691],[-73.53929999991024,45.478299999191236],[-73.53980000049462,45.477700000667355],[-73.54000000026001,45.477700000995824],[-73.54069999949348,45.47629999919543],[-73.54110000040843,45.47579999979717],[-73.541199999524,45.47570000063131],[-73.54099999977525,45.476199999865464],[-73.54029999990763,45.47770000083194],[-73.54079999992427,45.47709999966731],[-73.54100000051228,45.477000000031424],[-73.54129999999581,45.47679999990979],[-73.54200000031041,45.476299999224885],[-73.54289999961325,45.47590000028959],[-73.54430000029676,45.47500000006307],[-73.54499999942252,45.47460000068923],[-73.54529999970826,45.47450000083419],[-73.54590000033009,45.474199998692924],[-73.54680000001943,45.473799999476114],[-73.54820000042187,45.47320000085881],[-73.5498000005201,45.47240000039742],[-73.55189999991312,45.47140000036655],[-73.55200000029049,45.471300000666275],[-73.5473999998939,45.471000000482036],[-73.5474999998474,45.47089999931541],[-73.5490000002743,45.471000001129376],[-73.54920000060142,45.47089999872674],[-73.54759999968252,45.47069999973543],[-73.55229999970477,45.471100000249145],[-73.55229999970477,45.471100000249145],[-73.55300000013523,45.47069999926661],[-73.55369999994114,45.47040000039627],[-73.55450000013913,45.47030000021121],[-73.5552000006578,45.47020000049652],[-73.55580000055018,45.470000000255325],[-73.5562000009814,45.4699000010854],[-73.55640000001594,45.469900000594855],[-73.55680000005168,45.47000000049999],[-73.55900000020681,45.471100000780325],[-73.55929999936431,45.47120000032502],[-73.55939999909144,45.47110000044205],[-73.56049999942026,45.47120000005339],[-73.56070000049554,45.47120000013173],[-73.56140000041974,45.47170000000892],[-73.56140000041974,45.47170000000892],[-73.56299999973622,45.472300000438764],[-73.56310000030042,45.47230000013281],[-73.56390000025334,45.47269999940888],[-73.56400000024715,45.47270000011505],[-73.56410000023983,45.47269999983382],[-73.5647999999466,45.47299999927536],[-73.5647999999466,45.47299999927536],[-73.5647999999466,45.47299999927536],[-73.56700000017172,45.47379999947235],[-73.56900000043412,45.47450000072761],[-73.56919999999559,45.4746000003796],[-73.56960000061943,45.474600000316784],[-73.57009999956466,45.47450000046172],[-73.57020000027639,45.47460000029656],[-73.57100000047446,45.47469999992181],[-73.57149999910715,45.47460000023956],[-73.57250000034426,45.47450000065971],[-73.57230000050497,45.47409999939641],[-73.57219999973029,45.473899999523326],[-73.57220000014755,45.47370000028129],[-73.5723000006616,45.47359999994649],[-73.57219999970462,45.47330000087708],[-73.57199999928348,45.472999999090376],[-73.57179999971056,45.472699999636724],[-73.57160000098358,45.47240000071644],[-73.57179999954808,45.47230000016206],[-73.57229999963637,45.46649999923695],[-73.57240000017569,45.46649999888781],[-73.57269999985651,45.46639999891602],[-73.57600000053013,45.46660000111257],[-73.57590000019465,45.467800000557816],[-73.57749999977122,45.467900000811674],[-73.57770000030872,45.46759999938808],[-73.57929999996927,45.4677000005282],[-73.57959999976579,45.46700000024048],[-73.57970000019425,45.466600000822794],[-73.57980000005817,45.46639999899611],[-73.58029999937997,45.46660000084069],[-73.58050000030458,45.46580000060745],[-73.58059999937008,45.46529999919876],[-73.58059999986561,45.464700000543125],[-73.58059999947665,45.4644000007421],[-73.58079999952484,45.46440000072184],[-73.58090000037873,45.46429999899281],[-73.58079999989286,45.4642999995845],[-73.5808999998751,45.4638999998263],[-73.58090000065415,45.463500000630766],[-73.58000000055954,45.4634000007489],[-73.58090000104514,45.46330000102246],[-73.58089999986065,45.46260000009015],[-73.5799000001599,45.46249999999599],[-73.58090000005888,45.462500000720965],[-73.58070000018859,45.46160000021698],[-73.58049999993953,45.46059999981838],[-73.58050000011228,45.460300000700585],[-73.580499999727,45.459499999976885],[-73.58050000008959,45.458900000709576],[-73.58060000022805,45.45800000091137],[-73.58079999902817,45.45710000038006],[-73.58049999958767,45.4570000003638],[-73.5808999999967,45.45690000085455],[-73.58129999936395,45.45610000001013],[-73.5814000000296,45.4560000003968],[-73.5818999997916,45.45519999980663],[-73.58159999979424,45.455000000446034],[-73.58199999991577,45.45500000015162],[-73.58229999958779,45.45450000103092],[-73.58239999949525,45.45439999961463],[-73.58290000013825,45.45390000019122],[-73.5829999992068,45.453800000039365],[-73.58339999925704,45.453299999005296],[-73.5821000002737,45.45289999958504],[-73.58359999954983,45.453099999513796],[-73.58420000011726,45.45260000024076],[-73.58449999988326,45.45250000052666],[-73.58519999970429,45.451899999760734],[-73.58540000025795,45.451800000226434],[-73.58620000032698,45.45130000080485],[-73.58599999976421,45.450999998974495],[-73.58630000011192,45.45109999904779],[-73.58699999967658,45.45060000018095],[-73.5872000001284,45.45050000017161],[-73.5882999998662,45.449400000104504],[-73.588900000424,45.44879999960273],[-73.5888999993042,45.448699999991675],[-73.58910000011139,45.44869999983484],[-73.58979999995141,45.4480000005473],[-73.59080000057166,45.447000001043286],[-73.58970000057651,45.44639999940548],[-73.59090000035344,45.44690000105183],[-73.59130000106026,45.446499999291746],[-73.59130000081969,45.446399999639496],[-73.59140000035568,45.44639999975398],[-73.59200000021563,45.44580000064852],[-73.59209999959226,45.4456999986858],[-73.59229999912355,45.44539999932096],[-73.5923999998252,45.44529999978703],[-73.59260000012333,45.4452999998011],[-73.592600000101,45.44539999947296],[-73.59260000014592,45.445200000127485],[-73.59260000016879,45.44510000045211],[-73.59370000045784,45.44390000072853],[-73.5937999994115,45.443900000541994],[-73.5937999998746,45.443800000843375],[-73.59589999988957,45.44140000049497],[-73.5959000004817,45.44129999895249],[-73.59609999942997,45.44129999913811],[-73.59650000011838,45.44079999971854],[-73.59530000012872,45.44019999901652],[-73.59669999950233,45.44060000024558],[-73.59929999960288,45.43749999984813],[-73.5994000000343,45.43750000015668],[-73.59960000089514,45.43749999961126],[-73.6008000004355,45.43769999940485],[-73.60840000051957,45.43899999936257],[-73.6112999994346,45.439400000926796],[-73.61179999984174,45.43950000013628],[-73.61099999940804,45.44260000046585],[-73.61070000047593,45.44270000066554],[-73.61049999987793,45.44319999942274],[-73.61040000001097,45.44360000045977],[-73.60920000002791,45.444599999094486],[-73.60629999966895,45.44700000096923],[-73.60620000007282,45.44710000004376],[-73.60560000020554,45.447699999816315],[-73.60549999941693,45.447799999166605],[-73.60520000057026,45.44820000080079],[-73.6050000004127,45.448299999972974],[-73.6048999999883,45.44910000057446],[-73.60489999995983,45.44940000028574],[-73.60520000000066,45.45030000058015],[-73.60539999974833,45.450699999907016],[-73.60560000096388,45.45130000069298],[-73.6057000006084,45.451600000481896],[-73.6057000006084,45.451600000481896],[-73.60579999972558,45.45179999971],[-73.60589999985505,45.45179999972806],[-73.60589999955245,45.45199999974273],[-73.60659999914978,45.45399999987653],[-73.6067000005912,45.454199999130225],[-73.60689999950472,45.45450000054646],[-73.60720000061986,45.45470000096769],[-73.61299999930422,45.45739999998025],[-73.61320000018014,45.45739999992012],[-73.613400000754,45.45749999987005],[-73.61369999985813,45.45769999931482],[-73.61380000018774,45.457699999615684],[-73.61390000051537,45.45769999892916],[-73.613999999566,45.457699999056224],[-73.61409999989512,45.45769999909444],[-73.61419999911247,45.45759999958965],[-73.6145000004837,45.457499999457674],[-73.61479999990257,45.4572999999759],[-73.61490000101166,45.45719999984931],[-73.61509999975928,45.45710000059857],[-73.61519999998477,45.457000000206676],[-73.61529999985876,45.45690000062569],[-73.61560000043981,45.456900000663175],[-73.61569999935394,45.45690000020193],[-73.61579999954834,45.45690000055169],[-73.62020000035818,45.45500000022027],[-73.62139999960525,45.45439999930664],[-73.62249999916217,45.453800000323966],[-73.62369999978158,45.45289999990066],[-73.62490000024621,45.45180000020897],[-73.62649999998084,45.45099999947409],[-73.62680000021922,45.45070000016069],[-73.62740000010795,45.45009999912303],[-73.62839999981477,45.44910000104686],[-73.62880000025926,45.44859999987938],[-73.62959999997993,45.44810000035785],[-73.6303000003707,45.44849999975671],[-73.63049999967576,45.44859999961897],[-73.63209999987862,45.44949999984067],[-73.63239999959052,45.44960000034753],[-73.63320000007751,45.44950000021247],[-73.63270000029095,45.45040000080112],[-73.63480000049566,45.4506000003344],[-73.63570000107248,45.44979999980436],[-73.63530000073484,45.4504000003206],[-73.6350999993072,45.45070000003111],[-73.63470000033297,45.45130000104888],[-73.63460000108563,45.45130000104707],[-73.63449999938774,45.451199998690896],[-73.63440000031886,45.45119999941365],[-73.63429999996916,45.45119999915053],[-73.63400000019944,45.45119999873422],[-73.63200000035788,45.45219999964152],[-73.6316999992412,45.45240000038773],[-73.63119999976139,45.45270000031386],[-73.6307999997906,45.45299999965154],[-73.62980000003905,45.45389999963309],[-73.62959999931515,45.45419999942522],[-73.6290999989766,45.454600000374406],[-73.62899999942145,45.45470000037948],[-73.62849999937666,45.455099999566414],[-73.628100000219,45.455499999614936],[-73.62769999985419,45.45580000054657],[-73.62749999983822,45.45590000028721],[-73.6273000003622,45.45610000006056],[-73.62679999987819,45.45639999942786],[-73.626100000346,45.456900000533],[-73.62539999995487,45.45740000000458],[-73.6243000006676,45.45810000078734],[-73.6227000005245,45.45920000039332],[-73.62200000048692,45.45969999952143],[-73.62150000022355,45.46000000069322],[-73.62119999939254,45.460299999992465],[-73.61999999959106,45.460899999079466],[-73.61970000015236,45.460999999196794],[-73.6187999999252,45.461499999893434],[-73.61820000089402,45.46170000021274],[-73.61699999905633,45.462099999477594],[-73.61630000030752,45.46240000066762],[-73.61540000009295,45.462700000014635],[-73.6146999995027,45.46299999946809],[-73.61380000087344,45.46340000082874],[-73.61289999963252,45.46370000022233],[-73.61249999945817,45.46389999943556],[-73.60989999918147,45.465099999374026],[-73.60880000015965,45.46560000068078],[-73.60809999962507,45.46600000023714],[-73.60749999945642,45.466199999984],[-73.60630000035628,45.46690000048696],[-73.60479999978926,45.467700000455366],[-73.60390000048649,45.46820000013873],[-73.60270000012098,45.468900000368954],[-73.6026000000998,45.46910000056091],[-73.60309999992052,45.469599999241524],[-73.60309999935193,45.469699999387025],[-73.60309999935193,45.469699999387025],[-73.60270000014131,45.46990000096274],[-73.60259999980954,45.47000000098185],[-73.60139999943786,45.4708999992797],[-73.60049999967998,45.47160000001158],[-73.59960000067619,45.47230000076382],[-73.59720000022442,45.47360000057716],[-73.5972999999485,45.47370000010117],[-73.59740000002644,45.473799999535565],[-73.59819999939069,45.47409999958522],[-73.59600000004814,45.4757000006492],[-73.59569999994285,45.47609999966312],[-73.59559999905149,45.47609999971356],[-73.59509999910276,45.47639999873464],[-73.59379999996293,45.477399999391835],[-73.59240000106612,45.47839999942238],[-73.59070000010091,45.479599999298955],[-73.58560000048766,45.48240000016583],[-73.58509999993768,45.48220000047707]]]]}},{"type":"Feature","properties":{"harmonized_pdq_id":"PDQ_H_16","display_name":"PDQ 16","component_pdqs":[16],"source_pdq_values":[16],"geography_type":"longitudinal_analytical_composite","source_dataset":"Limite des secteurs de poste de quartier de police","source_dataset_id":"186892b8-bba5-426c-aa7e-9db8c43cbdfe","source_resource_id":"e18f0da9-3a16-4ba4-b378-59f698b47261","source_license":"Creative Commons Attribution 4.0 International","geometry_rule":"direct_source_polygon","historical_boundary_claim":false,"special_unit":false,"longitudinal_caveat":"This polygon is an IQAI longitudinal analytical composite based on official SPVM/Ville de Montréal PDQ territory geometry. It is used to compare harmonized reported-event totals consistently through time and should not be interpreted as a historical boundary snapshot for every year.","source_area_m2_planar":10252978.4534,"source_vintage":"2026-08-09T00:45:24.840Z","source_crs":"EPSG:32188","browser_crs":"EPSG:4326"},"geometry":{"type":"MultiPolygon","coordinates":[[[[-73.56960000061943,45.474600000316784],[-73.56919999999559,45.4746000003796],[-73.56900000043412,45.47450000072761],[-73.56700000017172,45.47379999947235],[-73.5647999999466,45.47299999927536],[-73.56410000023983,45.47269999983382],[-73.56400000024715,45.47270000011505],[-73.56390000025334,45.47269999940888],[-73.56310000030042,45.47230000013281],[-73.56299999973622,45.472300000438764],[-73.56140000041974,45.47170000000892],[-73.56070000049554,45.47120000013173],[-73.56049999942026,45.47120000005339],[-73.55939999909144,45.47110000044205],[-73.55910000028805,45.47100000115805],[-73.55879999998534,45.470899999285486],[-73.55680000064449,45.46990000126149],[-73.5562000000749,45.46979999914637],[-73.55649999970363,45.46959999934355],[-73.55649999954872,45.46950000009843],[-73.5565999999448,45.46939999993691],[-73.55680000095599,45.46920000024574],[-73.55710000033386,45.46909999989985],[-73.55760000044008,45.469099999925064],[-73.55790000043146,45.46900000017556],[-73.55840000029913,45.46880000088525],[-73.55869999984063,45.46869999902962],[-73.55900000014395,45.46849999982055],[-73.55919999971829,45.46829999949558],[-73.55949999996913,45.46809999985911],[-73.55959999998475,45.46770000102088],[-73.55960000022576,45.46749999976201],[-73.55950000107215,45.467299999336966],[-73.5595000000516,45.467000000575155],[-73.55949999997067,45.466600000701035],[-73.55959999990068,45.4661999999576],[-73.55970000018318,45.46550000115666],[-73.55969999987424,45.464899999827],[-73.55979999956901,45.46379999980783],[-73.55990000012157,45.463400000404114],[-73.55999999913809,45.46319999960297],[-73.55999999926071,45.46299999908576],[-73.55999999944795,45.46270000009647],[-73.55999999957336,45.46250000046154],[-73.5599999996995,45.46230000081958],[-73.55999999982447,45.46209999937089],[-73.55999999995208,45.46189999971485],[-73.56000000014437,45.461599999767714],[-73.56000000020946,45.461500000381704],[-73.55999999906052,45.46130000070524],[-73.56010000030041,45.460999999446855],[-73.56009999996729,45.46069999945249],[-73.56010000091544,45.460400000341494],[-73.56020000004077,45.46010000074886],[-73.56020000074534,45.45989999922249],[-73.56020000017385,45.459699999489466],[-73.56020000059718,45.45940000032597],[-73.56049999942529,45.45849999991637],[-73.56390000024948,45.453800000509716],[-73.56410000013727,45.45350000055901],[-73.56429999918313,45.45319999934288],[-73.56429999933536,45.453099999809034],[-73.5644999997466,45.45280000002054],[-73.56459999998627,45.45270000065992],[-73.56470000059655,45.45250000076559],[-73.56489999932509,45.45219999934613],[-73.56509999975371,45.45199999981411],[-73.56519999991998,45.451800000357515],[-73.56539999992236,45.4515000007244],[-73.56550000001404,45.45119999872085],[-73.5659999990117,45.450700000107055],[-73.56610000056409,45.45060000029533],[-73.56619999984154,45.45040000081433],[-73.5663999998286,45.45009999935635],[-73.56649999961466,45.44999999918487],[-73.5667000006848,45.449799999473],[-73.56660000018545,45.44969999973817],[-73.56699999936669,45.44930000048746],[-73.56719999988476,45.4492000003798],[-73.5675999995212,45.448899999501755],[-73.56800000003392,45.44859999990611],[-73.56840000072995,45.44820000017355],[-73.56850000043204,45.448000000393876],[-73.56860000047034,45.447899999246616],[-73.56879999960852,45.44779999901313],[-73.56899999965516,45.44750000006407],[-73.56879999913606,45.44739999958768],[-73.56879999901874,45.44729999995189],[-73.56909999982176,45.447100000457134],[-73.56930000008754,45.44710000077427],[-73.56950000020173,45.446900000557356],[-73.57009999959475,45.44640000011686],[-73.57100000046651,45.44559999947885],[-73.57170000039255,45.444800000371764],[-73.57270000027461,45.44410000038145],[-73.57339999954212,45.44370000025815],[-73.57400000055758,45.44310000003523],[-73.57490000003371,45.442500000944314],[-73.57540000105207,45.441800000545165],[-73.57600000046551,45.441400000799625],[-73.57639999937508,45.441099999287886],[-73.57689999938349,45.440899999918685],[-73.57730000022296,45.44060000062662],[-73.57760000008386,45.44019999884815],[-73.57820000015501,45.43970000026121],[-73.5786999999528,45.439300000610416],[-73.57909999913032,45.43899999943066],[-73.57939999954223,45.43860000001029],[-73.58000000001007,45.43810000082539],[-73.58380000053981,45.43500000096697],[-73.58590000006106,45.43530000002767],[-73.58750000068125,45.435599999928414],[-73.59069999996531,45.43610000010511],[-73.59780000023075,45.43720000056784],[-73.5986999998429,45.43730000013172],[-73.59900000007649,45.4373000005717],[-73.5994000000343,45.43750000015668],[-73.59929999960288,45.43749999984813],[-73.59669999950233,45.44060000024558],[-73.59530000012872,45.44019999901652],[-73.59650000011838,45.44079999971854],[-73.59609999942997,45.44129999913811],[-73.5959000004817,45.44129999895249],[-73.59589999988957,45.44140000049497],[-73.5937999998746,45.443800000843375],[-73.5937999994115,45.443900000541994],[-73.59370000045784,45.44390000072853],[-73.59260000016879,45.44510000045211],[-73.59260000014592,45.445200000127485],[-73.592600000101,45.44539999947296],[-73.59260000012333,45.4452999998011],[-73.5923999998252,45.44529999978703],[-73.59229999912355,45.44539999932096],[-73.59209999959226,45.4456999986858],[-73.59200000021563,45.44580000064852],[-73.59140000035568,45.44639999975398],[-73.59130000081969,45.446399999639496],[-73.59130000106026,45.446499999291746],[-73.59090000035344,45.44690000105183],[-73.58970000057651,45.44639999940548],[-73.59080000057166,45.447000001043286],[-73.58979999995141,45.4480000005473],[-73.58910000011139,45.44869999983484],[-73.5888999993042,45.448699999991675],[-73.588900000424,45.44879999960273],[-73.5882999998662,45.449400000104504],[-73.5872000001284,45.45050000017161],[-73.58699999967658,45.45060000018095],[-73.58630000011192,45.45109999904779],[-73.58599999976421,45.450999998974495],[-73.58620000032698,45.45130000080485],[-73.58540000025795,45.451800000226434],[-73.58519999970429,45.451899999760734],[-73.58449999988326,45.45250000052666],[-73.58420000011726,45.45260000024076],[-73.58359999954983,45.453099999513796],[-73.5821000002737,45.45289999958504],[-73.58339999925704,45.453299999005296],[-73.5829999992068,45.453800000039365],[-73.58290000013825,45.45390000019122],[-73.58239999949525,45.45439999961463],[-73.58229999958779,45.45450000103092],[-73.58199999991577,45.45500000015162],[-73.58159999979424,45.455000000446034],[-73.5818999997916,45.45519999980663],[-73.5814000000296,45.4560000003968],[-73.58129999936395,45.45610000001013],[-73.5808999999967,45.45690000085455],[-73.58049999958767,45.4570000003638],[-73.58079999902817,45.45710000038006],[-73.58060000022805,45.45800000091137],[-73.58050000008959,45.458900000709576],[-73.580499999727,45.459499999976885],[-73.58050000011228,45.460300000700585],[-73.58049999993953,45.46059999981838],[-73.58070000018859,45.46160000021698],[-73.58090000005888,45.462500000720965],[-73.5799000001599,45.46249999999599],[-73.58089999986065,45.46260000009015],[-73.58090000104514,45.46330000102246],[-73.58000000055954,45.4634000007489],[-73.58090000065415,45.463500000630766],[-73.5808999998751,45.4638999998263],[-73.58079999989286,45.4642999995845],[-73.58090000037873,45.46429999899281],[-73.58079999952484,45.46440000072184],[-73.58059999947665,45.4644000007421],[-73.58059999986561,45.464700000543125],[-73.58059999937008,45.46529999919876],[-73.58050000030458,45.46580000060745],[-73.58029999937997,45.46660000084069],[-73.57980000005817,45.46639999899611],[-73.57970000019425,45.466600000822794],[-73.57959999976579,45.46700000024048],[-73.57929999996927,45.4677000005282],[-73.57770000030872,45.46759999938808],[-73.57749999977122,45.467900000811674],[-73.57590000019465,45.467800000557816],[-73.57600000053013,45.46660000111257],[-73.57269999985651,45.46639999891602],[-73.57240000017569,45.46649999888781],[-73.57229999963637,45.46649999923695],[-73.57179999954808,45.47230000016206],[-73.57160000098358,45.47240000071644],[-73.57179999971056,45.472699999636724],[-73.57199999928348,45.472999999090376],[-73.57219999970462,45.47330000087708],[-73.5723000006616,45.47359999994649],[-73.57220000014755,45.47370000028129],[-73.57219999973029,45.473899999523326],[-73.57230000050497,45.47409999939641],[-73.57250000034426,45.47450000065971],[-73.57149999910715,45.47460000023956],[-73.57100000047446,45.47469999992181],[-73.57020000027639,45.47460000029656],[-73.57009999956466,45.47450000046172],[-73.56960000061943,45.474600000316784]]],[[[-73.54170000006764,45.474300001181106],[-73.54150000081822,45.47430000112953],[-73.54140000055358,45.47430000052271],[-73.5412999991508,45.474400000788975],[-73.54119999995173,45.47450000006529],[-73.54099999960482,45.47460000009531],[-73.54079999929466,45.47460000061819],[-73.54069999977868,45.47460000029815],[-73.54050000075195,45.47470000035035],[-73.54030000101763,45.47480000005086],[-73.5399000004836,45.474900000146384],[-73.53960000003636,45.474999999309944],[-73.53929999980781,45.47509999948345],[-73.53920000068689,45.47509999964983],[-73.53910000028691,45.47509999972908],[-73.53899999988685,45.475099999720804],[-73.5388999997533,45.474999999576895],[-73.53880000080902,45.47499999939304],[-73.53859999956569,45.47509999971165],[-73.53840000004459,45.475099999631524],[-73.53829999964415,45.47509999901043],[-73.53820000052326,45.47509999920122],[-73.53809999924671,45.474999999257214],[-73.53820000074946,45.47500000005301],[-73.53819999969613,45.47490000000363],[-73.53819999992194,45.47479999995204],[-73.53809999917635,45.4747000000026],[-73.53799999948379,45.47470000001848],[-73.53779999975359,45.47460000063262],[-73.5377000002377,45.47460000038582],[-73.53760000073915,45.47440000083605],[-73.53749999920488,45.4743000012544],[-73.53749999938923,45.47419999939261],[-73.53749999957485,45.474099999328764],[-73.53739999966471,45.474099999719336],[-73.53730000029338,45.47399999905677],[-73.53719999999744,45.47389999920509],[-73.53710000005586,45.47380000016383],[-73.53709999967039,45.47370000009313],[-73.53699999918847,45.47370000013371],[-73.5368999999223,45.47349999993944],[-73.53689999989146,45.47340000076321],[-73.53680000008553,45.47330000055066],[-73.53670000063396,45.473200001148534],[-73.53660000075502,45.47299999887458],[-73.53650000030665,45.47279999920579],[-73.53639999928767,45.47260000034245],[-73.5360000008732,45.472300000845664],[-73.53579999910257,45.47220000061613],[-73.5356000005977,45.472100000933494],[-73.53540000030617,45.47189999899736],[-73.5354000003719,45.47179999979299],[-73.53529999989782,45.47159999993138],[-73.53519999971219,45.47150000008634],[-73.53520000013147,45.471399999974984],[-73.53510000047655,45.471300000038724],[-73.5350999997945,45.471200000824034],[-73.53500000067025,45.47110000079656],[-73.53500000016471,45.47100000067846],[-73.53500000043229,45.47079999953671],[-73.53490000091371,45.4706999994148],[-73.534799999191,45.47059999920424],[-73.53460000044161,45.47049999954247],[-73.53449999960371,45.47039999996535],[-73.5343999998422,45.470400000429166],[-73.5343000000801,45.470399999905574],[-73.53419999994946,45.47030000006389],[-73.53419999958057,45.47019999993166],[-73.5342000001225,45.470000000561434],[-73.5341999997539,45.46990000042396],[-73.5017999993485,45.46729999965876],[-73.50179999940622,45.466900000708705],[-73.52809999938256,45.46910000070709],[-73.53330000067986,45.46949999941544],[-73.53240000030951,45.467599999601006],[-73.53219999973807,45.46729999981948],[-73.531900000137,45.46720000012207],[-73.53179999972218,45.46699999973435],[-73.53039999894406,45.4669000000753],[-73.52319999944032,45.466299999132204],[-73.504599999507,45.46489999998461],[-73.5045999994054,45.46460000019818],[-73.50640000086938,45.464700000145335],[-73.5318999995964,45.466800000264385],[-73.5322000008601,45.46670000048231],[-73.5324000000874,45.4667000006195],[-73.53259999940842,45.466800000600294],[-73.53280000026834,45.46680000093654],[-73.53290000005828,45.46680000007365],[-73.53320000070872,45.466800000558784],[-73.53340000006013,45.46670000055091],[-73.53349999926772,45.46660000076706],[-73.53359999998355,45.46660000109078],[-73.53369999993846,45.46649999933015],[-73.5338000008197,45.46639999927965],[-73.53390000006853,45.4662999991403],[-73.5342000002598,45.46619999949613],[-73.53440000083732,45.466099999526136],[-73.53470000036303,45.466000000365156],[-73.53520000033872,45.46560000041361],[-73.53529999953543,45.465500000834275],[-73.53550000059892,45.46519999938691],[-73.53570000045842,45.46509999982289],[-73.53619999953936,45.46480000015927],[-73.5364999999046,45.464600000516135],[-73.53909999949293,45.46289999979289],[-73.53920000013082,45.46189999970869],[-73.53930000021407,45.46159999959609],[-73.53940000059418,45.46110000059663],[-73.53949999948334,45.460799999367275],[-73.53960000019711,45.46040000042872],[-73.53960000022082,45.46000000099198],[-73.5397999999432,45.459599999505585],[-73.53979999986238,45.459300000338416],[-73.53999999991655,45.459000000583245],[-73.54030000068146,45.458499999644744],[-73.54089999979004,45.457599999227995],[-73.54120000041398,45.45730000012577],[-73.54129999979659,45.45710000018388],[-73.54150000074964,45.456800000385414],[-73.54160000074563,45.45659999926321],[-73.5416999995819,45.45649999932181],[-73.54200000028837,45.456100000379536],[-73.5420999998396,45.455900000594866],[-73.54220000039125,45.45580000020275],[-73.54229999931157,45.45570000062181],[-73.54250000024601,45.45539999899846],[-73.54260000063046,45.455199999650944],[-73.54279999948893,45.45490000017626],[-73.54289999920893,45.454700000548776],[-73.54310000002498,45.454600000440585],[-73.54320000071134,45.454399999639676],[-73.54329999941334,45.45419999964478],[-73.54339999995655,45.4540999999719],[-73.54360000066937,45.45409999939503],[-73.54379999998908,45.4539000003317],[-73.543900000397,45.45380000021586],[-73.54410000010138,45.453700000141026],[-73.5441999997511,45.45370000018368],[-73.54430000007662,45.45350000108773],[-73.5444000001727,45.45340000052724],[-73.54440000049443,45.45319999966607],[-73.54460000019998,45.45300000007001],[-73.54479999977052,45.45280000011676],[-73.54479999986519,45.4527000005764],[-73.54490000022228,45.452600000463825],[-73.54500000022601,45.452500000262084],[-73.54509999943997,45.45229999862428],[-73.54529999988578,45.45209999957027],[-73.54569999952597,45.45189999950522],[-73.54590000084325,45.451799999844006],[-73.54620000030492,45.45160000036317],[-73.54630000008147,45.45150000080553],[-73.5464000007824,45.451400000258346],[-73.54679999965657,45.451099999447926],[-73.54660000059708,45.451099999328164],[-73.54639999973867,45.45080000014293],[-73.54640000049754,45.45050000051087],[-73.54650000018518,45.45030000027638],[-73.54659999991866,45.449999999459585],[-73.54669999999828,45.44989999952344],[-73.54680000012452,45.44969999990485],[-73.54690000059936,45.449599999788184],[-73.54700000072161,45.4495000004822],[-73.54710000048975,45.44940000018723],[-73.5471999999053,45.449300000702905],[-73.54730000024523,45.44920000022906],[-73.54739999957174,45.44899999916105],[-73.5476999994409,45.44869999963049],[-73.54789999998212,45.448600000010764],[-73.54829999960684,45.44859999984621],[-73.5483999991934,45.44859999981129],[-73.54850000005834,45.448599999688305],[-73.5486000009232,45.448599999477764],[-73.54889999968361,45.44860000012219],[-73.54910000013503,45.44859999981361],[-73.54930000058692,45.44860000005469],[-73.54940000017355,45.448600000044195],[-73.54959999934657,45.44859999976055],[-73.54979999979852,45.44860000002601],[-73.55000000025015,45.448599999941315],[-73.55009999983703,45.44860000021783],[-73.55030000028822,45.44859999960786],[-73.5504999997173,45.44849999993369],[-73.55069999971786,45.44839999990732],[-73.55099999934679,45.44829999991747],[-73.55110000015657,45.44820000059828],[-73.55130000047264,45.44820000003712],[-73.55159999926015,45.448100000268006],[-73.55179999922369,45.448100000631264],[-73.55190000082298,45.4480000006078],[-73.55210000043267,45.44800000044592],[-73.55229999967422,45.44789999940932],[-73.55259999983723,45.447899999334105],[-73.55279999909324,45.447899998846616],[-73.55309999953049,45.44769999910285],[-73.55319999940563,45.44759999973472],[-73.553300000205,45.447499999376994],[-73.55339999937354,45.44739999983056],[-73.55350000074554,45.447300000193785],[-73.55360000059194,45.447300000105656],[-73.55370000043825,45.44729999992998],[-73.55379999982502,45.447200000029724],[-73.55389999949534,45.447200000578874],[-73.55399999916473,45.447200000140654],[-73.55399999963043,45.44710000050145],[-73.55390000013688,45.44710000003974],[-73.55389999950106,45.44700000039928],[-73.55399999974753,45.4467999988743],[-73.55410000027898,45.44669999960193],[-73.55410000056796,45.44659999905414],[-73.55420000056957,45.44649999969094],[-73.55430000028112,45.4464999998899],[-73.55430000015397,45.44629999968574],[-73.55439999927249,45.446200000142575],[-73.5544999993161,45.44610000050968],[-73.55460000028478,45.44600000078704],[-73.55470000039092,45.4460000006356],[-73.55489999932462,45.44600000007071],[-73.55499999943142,45.4460000005565],[-73.55520000092221,45.44600000036493],[-73.55540000022874,45.44569999903891],[-73.55549999980505,45.44569999908723],[-73.55559999938127,45.44569999904798],[-73.55559999918528,45.44580000051143],[-73.55580000012588,45.44590000073118],[-73.55599999998539,45.4459000009394],[-73.55619999984455,45.445900000797444],[-73.55630000001273,45.4458000004832],[-73.55639999976586,45.44580000064336],[-73.5565999992719,45.44580000070104],[-73.55669999902476,45.44580000059858],[-73.55669999983392,45.44569999913481],[-73.5568000000445,45.445599999279125],[-73.55690000072218,45.4455999990011],[-73.55699999984124,45.44569999920159],[-73.5570999994171,45.44569999874903],[-73.55709999931558,45.44580000111231],[-73.55719999906803,45.44580000057211],[-73.55730000009966,45.445800000843576],[-73.55739999985285,45.44580000102816],[-73.55749999960597,45.445800001125164],[-73.55750000027908,45.445699998761576],[-73.55760000035475,45.44559999910544],[-73.55759999957593,45.44549999943861],[-73.55770000040017,45.44539999969104],[-73.55779999944629,45.44539999952577],[-73.55789999977067,45.44539999927231],[-73.55800000009586,45.445399999831146],[-73.55810000042005,45.445399999402596],[-73.55820000002714,45.44549999945569],[-73.5582999992504,45.44549999975246],[-73.55840000066587,45.44559999962782],[-73.55850000006474,45.44559999884956],[-73.55860000074277,45.44559999888296],[-73.55859999947549,45.445499999216366],[-73.55859999948673,45.44539999954736],[-73.55869999981132,45.44539999949339],[-73.55879999979389,45.44529999968129],[-73.55889999942318,45.44519999978007],[-73.5591000006443,45.445199999958845],[-73.55929999925522,45.44529999946132],[-73.55939999940344,45.44529999969446],[-73.55949999985194,45.44539999951068],[-73.5596000006539,45.44549999923741],[-73.55959999985296,45.445599998905095],[-73.5597999999315,45.445599999658555],[-73.56000000000871,45.44559999916197],[-73.56020000034584,45.44569999888044],[-73.56039999944875,45.445900000609214],[-73.56050000016863,45.446000000439156],[-73.5605999999636,45.44610000018032],[-73.56070000011205,45.44619999983199],[-73.5608000006149,45.44630000029402],[-73.56099999972646,45.44639999950001],[-73.5610999991289,45.44659999934622],[-73.5610999997019,45.446699998993864],[-73.56109999899763,45.4467999995403],[-73.56129999970669,45.447100000194595],[-73.56139999978318,45.44749999992261],[-73.56149999998972,45.44769999937957],[-73.56170000017516,45.44779999913457],[-73.56170000089229,45.448000001085724],[-73.56170000068653,45.448299999950635],[-73.5618000006055,45.44869999924427],[-73.56199999985726,45.44910000087898],[-73.56179999978406,45.44949999968334],[-73.56130000077212,45.45009999940269],[-73.56109999919946,45.45060000009055],[-73.56039999951956,45.45189999960847],[-73.55990000027404,45.452999999648],[-73.55970000052001,45.453900000223506],[-73.5595000001683,45.45500000021226],[-73.55949999984504,45.45529999960772],[-73.55870000051121,45.4567000013557],[-73.55790000002885,45.45820000020137],[-73.55760000040688,45.45869999969922],[-73.55719999919208,45.45949999996675],[-73.55680000007082,45.46020000021094],[-73.55680000092673,45.46089999963419],[-73.55669999919027,45.46149999977643],[-73.55679999990716,45.461700000156036],[-73.55640000056671,45.462999999421754],[-73.55640000047168,45.46330000109444],[-73.55640000040766,45.46350000070103],[-73.5564000003125,45.463799999647776],[-73.55630000008722,45.46409999931814],[-73.55640000015848,45.46429999905703],[-73.55630000053876,45.46450000026743],[-73.5562999999192,45.46480000006154],[-73.55630000057997,45.46509999983919],[-73.55639999986509,45.46529999954332],[-73.55639999978186,45.46560000109468],[-73.55639999972571,45.46580000062037],[-73.55630000021888,45.465899999769874],[-73.55630000088529,45.46619999948951],[-73.55590000050361,45.46680000096389],[-73.55500000011055,45.46729999967188],[-73.55460000059682,45.46739999918442],[-73.55360000003171,45.467599998940145],[-73.55279999934695,45.467700000968854],[-73.55220000022798,45.46780000065542],[-73.55199999966804,45.46780000099188],[-73.55179999910776,45.46780000097819],[-73.55149999954605,45.46780000075039],[-73.55130000026469,45.467800000760505],[-73.55119999998448,45.467800000634554],[-73.55110000009628,45.468000000768775],[-73.55100000012035,45.46809999973906],[-73.55080000008354,45.46819999994348],[-73.55069999909644,45.46820000027992],[-73.55059999929134,45.468399999962294],[-73.55050000050737,45.46839999922285],[-73.55040000004385,45.46849999946073],[-73.55030000050564,45.468599999608855],[-73.55009999967378,45.46859999931828],[-73.55010000002105,45.468699999478865],[-73.54990000010946,45.46880000079639],[-73.54959999982168,45.46890000023531],[-73.54929999996425,45.469099999937896],[-73.54899999926447,45.46929999974574],[-73.54879999979411,45.469299999877954],[-73.548500000102,45.469499999265],[-73.54839999927408,45.46959999953242],[-73.54829999937147,45.46969999971013],[-73.54820000039338,45.4697999988983],[-73.54809999978511,45.469900000697415],[-73.54800000010061,45.470000000607115],[-73.54800000104524,45.47019999997728],[-73.54789999937488,45.470299999795],[-73.5478999996711,45.470399999925675],[-73.54780000002825,45.47049999965146],[-73.54770000003181,45.4705999992881],[-73.54759999968252,45.47069999973543],[-73.54920000060142,45.47089999872674],[-73.5490000002743,45.471000001129376],[-73.5474999998474,45.47089999931541],[-73.5473999998939,45.471000000482036],[-73.55200000029049,45.471300000666275],[-73.55189999991312,45.47140000036655],[-73.5498000005201,45.47240000039742],[-73.54820000042187,45.47320000085881],[-73.54680000001943,45.473799999476114],[-73.54590000033009,45.474199998692924],[-73.54529999970826,45.47450000083419],[-73.54499999942252,45.47460000068923],[-73.54430000029676,45.47500000006307],[-73.54289999961325,45.47590000028959],[-73.54200000031041,45.476299999224885],[-73.54129999999581,45.47679999990979],[-73.54100000051228,45.477000000031424],[-73.54079999992427,45.47709999966731],[-73.54029999990763,45.47770000083194],[-73.54099999977525,45.476199999865464],[-73.541199999524,45.47570000063131],[-73.54110000040843,45.47579999979717],[-73.54069999949348,45.47629999919543],[-73.54000000026001,45.477700000995824],[-73.53980000049462,45.477700000667355],[-73.53990000052578,45.47719999994639],[-73.54019999932224,45.477100000034326],[-73.54090000096973,45.47580000049476],[-73.54149999994577,45.474899999665865],[-73.54180000007702,45.474400000685876],[-73.54170000006764,45.474300001181106]]],[[[-73.54800000104524,45.47019999997728],[-73.5481000004538,45.47020000020553],[-73.54809999982463,45.47030000033837],[-73.54800000104524,45.47019999997728]]]]}},{"type":"Feature","properties":{"harmonized_pdq_id":"PDQ_H_20","display_name":"PDQ 20","component_pdqs":[20],"source_pdq_values":[20],"geography_type":"longitudinal_analytical_composite","source_dataset":"Limite des secteurs de poste de quartier de police","source_dataset_id":"186892b8-bba5-426c-aa7e-9db8c43cbdfe","source_resource_id":"e18f0da9-3a16-4ba4-b378-59f698b47261","source_license":"Creative Commons Attribution 4.0 International","geometry_rule":"direct_source_polygon","historical_boundary_claim":false,"special_unit":false,"longitudinal_caveat":"This polygon is an IQAI longitudinal analytical composite based on official SPVM/Ville de Montréal PDQ territory geometry. It is used to compare harmonized reported-event totals consistently through time and should not be interpreted as a historical boundary snapshot for every year.","source_area_m2_planar":5880905.05102,"source_vintage":"2026-08-09T00:45:24.840Z","source_crs":"EPSG:32188","browser_crs":"EPSG:4326"},"geometry":{"type":"MultiPolygon","coordinates":[[[[-73.58700000049704,45.51569999901549],[-73.58550000006896,45.51500000059348],[-73.58490000071804,45.51469999923409],[-73.58469999920187,45.51469999923125],[-73.58469999893904,45.51459999897847],[-73.5822999994464,45.5134999993146],[-73.58209999962118,45.5134999992577],[-73.582000001032,45.51339999972285],[-73.57939999970665,45.512200000114],[-73.57930000052465,45.51209999999297],[-73.5781999999312,45.51160000094353],[-73.57799999924603,45.5114999988008],[-73.57799999943141,45.51129999908082],[-73.57809999984386,45.511199999729804],[-73.57809999975942,45.511099999415606],[-73.57820000014085,45.51070000081466],[-73.57830000041638,45.51060000037824],[-73.57840000033912,45.51050000075257],[-73.57849999990528,45.51039999923819],[-73.57850000039421,45.51029999890953],[-73.57859999911989,45.51029999943442],[-73.57870000054012,45.51019999953981],[-73.57870000067537,45.510099999207874],[-73.57889999975878,45.50999999948518],[-73.5795000004411,45.5094000007752],[-73.57950000044016,45.50929999952944],[-73.57980000017334,45.50880000005584],[-73.5800999999387,45.508199999385035],[-73.57980000031414,45.508099999322965],[-73.57859999932505,45.50740000084589],[-73.57779999950294,45.5070999993539],[-73.5774999992675,45.50689999914361],[-73.57670000070733,45.50650000032406],[-73.57650000027816,45.50639999996488],[-73.57639999950112,45.50640000030267],[-73.57630000000366,45.50640000055208],[-73.576199999958,45.506300000315754],[-73.5761000006374,45.506300000389984],[-73.5759999998444,45.506200000877165],[-73.57589999942088,45.50620000077703],[-73.57579999915906,45.50610000108702],[-73.5757000001921,45.50610000081084],[-73.57560000045905,45.505999999143974],[-73.5755000003892,45.505999998693454],[-73.57549999980293,45.505899999188124],[-73.57539999991123,45.50589999954977],[-73.57530000001822,45.505899998924036],[-73.57510000035639,45.505799999702106],[-73.57499999965984,45.505699999305065],[-73.57490000012169,45.505699999228796],[-73.5747999999575,45.50559999955442],[-73.57469999931764,45.50560000020363],[-73.57459999968462,45.50550000035207],[-73.57450000050012,45.505499999925405],[-73.57440000011854,45.50539999989752],[-73.57429999983236,45.505400000196325],[-73.57419999998196,45.505299999991244],[-73.57409999987257,45.50530000011488],[-73.5739999997631,45.50530000015095],[-73.57390000062198,45.505200000580885],[-73.57369999951996,45.505100000696196],[-73.57359999976416,45.50510000038189],[-73.57359999998451,45.50500000086027],[-73.57350000040563,45.50500000045832],[-73.57339999954812,45.50500000086947],[-73.57340000025337,45.50510000039048],[-73.57330000049839,45.505100000713405],[-73.57329999974712,45.5052000002336],[-73.5731000002332,45.50540000055075],[-73.57299999994468,45.5055000001258],[-73.57299999994284,45.505599999638456],[-73.57290000058185,45.50559999961091],[-73.57290000040436,45.5057000000218],[-73.57280000015541,45.5058999989238],[-73.57270000026423,45.505899999621356],[-73.5726999997321,45.505999999127326],[-73.57270000048223,45.50610000043039],[-73.57260000023682,45.50610000104063],[-73.57259999952807,45.50620000054319],[-73.57249999949961,45.506300000566064],[-73.57249999989398,45.506400000064396],[-73.5724000003969,45.50640000049908],[-73.57229999970112,45.50659999983884],[-73.57229999974317,45.50670000023195],[-73.5722000008585,45.50679999998269],[-73.57220000072277,45.50689999947255],[-73.57210000034006,45.506899999645135],[-73.5721000000275,45.50699999913334],[-73.57200000025796,45.50709999870426],[-73.57199999977219,45.50720000088858],[-73.5718999994718,45.50730000036877],[-73.57190000008687,45.50740000074921],[-73.57180000009825,45.5074000006589],[-73.57180000053535,45.507500000137846],[-73.57170000063093,45.50760000033724],[-73.57169999961164,45.507699999813575],[-73.57160000037136,45.5076999995477],[-73.57160000053995,45.507899999393565],[-73.5714999996668,45.50789999994101],[-73.57149999957377,45.50799999941149],[-73.57129999997443,45.50830000044278],[-73.57019999965969,45.507799999612274],[-73.57010000024302,45.507799999833075],[-73.5701000002559,45.50770000035918],[-73.56959999945342,45.50750000029952],[-73.56950000056729,45.507499999994764],[-73.56950000036345,45.507400000515744],[-73.56890000086975,45.50720000058863],[-73.5687999999557,45.50720000057215],[-73.56879999971001,45.50709999928823],[-73.56819999902469,45.50679999978435],[-73.56810000009902,45.506800000053765],[-73.5669999997606,45.50630000067215],[-73.56690000044033,45.50630000079114],[-73.56689999972255,45.50620000039158],[-73.5664999993013,45.50610000049214],[-73.56640000050153,45.50599999886981],[-73.56489999903557,45.50520000009689],[-73.56479999994023,45.50530000059463],[-73.56470000045105,45.505200000170035],[-73.56460000051878,45.505200000075675],[-73.56460000003739,45.50510000055653],[-73.56439999911989,45.50500000058458],[-73.56429999954247,45.50500000112721],[-73.56429999958954,45.50489999890474],[-73.56379999933678,45.50469999945543],[-73.56359999996332,45.50469999940283],[-73.56359999997366,45.50459999987465],[-73.56280000064643,45.504200000732965],[-73.56269999960062,45.5043000003108],[-73.5626999999245,45.504199999875595],[-73.56189999984085,45.503799998902615],[-73.56179999982825,45.50379999905666],[-73.56170000063214,45.50369999957882],[-73.56049999939488,45.50320000030281],[-73.56069999994114,45.50290000081475],[-73.56069999997044,45.502800001255],[-73.56079999949235,45.50280000116427],[-73.56120000097744,45.50229999939953],[-73.56120000012271,45.50219999982969],[-73.56129999986256,45.502200000200965],[-73.56170000081873,45.50180000071109],[-73.56160000022545,45.50170000111136],[-73.56039999958678,45.50129999929745],[-73.56029999962149,45.50119999945043],[-73.55959999988299,45.50100000050336],[-73.5595000005852,45.500899999950406],[-73.55840000013366,45.50060000102605],[-73.55829999982915,45.50049999941613],[-73.5571999994656,45.5001999997134],[-73.55719999929765,45.5001000001064],[-73.55629999970972,45.499800000273524],[-73.55620000005767,45.49990000053658],[-73.55620000037996,45.49980000002423],[-73.55500000030051,45.49939999894033],[-73.55490000039991,45.499399999352995],[-73.55490000046599,45.49929999973184],[-73.55440000023734,45.49919999905974],[-73.55429999941157,45.499199999847406],[-73.5543000005392,45.49909999932242],[-73.55310000063936,45.49870000072612],[-73.55289999947627,45.49869999993761],[-73.55289999970846,45.49880000046895],[-73.55279999920997,45.49809999978568],[-73.55289999903897,45.49740000096762],[-73.55300000023459,45.49670000017551],[-73.55299999982962,45.49660000050717],[-73.55300000029882,45.4964000002648],[-73.55289999908337,45.496300001053164],[-73.55300000036364,45.496099999438414],[-73.55289999967881,45.49599999932143],[-73.5526000004212,45.49589999960001],[-73.55270000013853,45.49520000068631],[-73.55290000012805,45.49450000032479],[-73.55319999952897,45.49349999972659],[-73.55330000026986,45.49320000072211],[-73.5516000001172,45.491000000364174],[-73.55159999964017,45.49090000059567],[-73.55250000085886,45.49129999989518],[-73.55260000018629,45.49139999954563],[-73.5530000002438,45.49159999954175],[-73.553199999528,45.491800000566656],[-73.55370000045185,45.49239999995934],[-73.55370000009444,45.49230000021535],[-73.55359999978504,45.492200000644274],[-73.5533999991222,45.491900000583215],[-73.55320000005472,45.49169999901202],[-73.55289999985374,45.49149999934563],[-73.55279999981853,45.491399999959874],[-73.55270000013651,45.49129999958485],[-73.55270000027117,45.491199999821326],[-73.55279999973375,45.491200000434766],[-73.5528999991954,45.49120000006082],[-73.55310000010506,45.49110000018399],[-73.55329999995496,45.49110000062256],[-73.55349999980609,45.49120000047618],[-73.55370000000927,45.49120000021425],[-73.55390000021217,45.491199999602145],[-73.55410000041643,45.49120000043955],[-73.55430000048165,45.49110000026174],[-73.55439999976686,45.49110000037443],[-73.55460000089577,45.49110000033597],[-73.55490000003061,45.49110000052278],[-73.5552000004441,45.49109999992106],[-73.5556000001437,45.4911000002932],[-73.55579999999298,45.49109999995402],[-73.55599999984283,45.49110000016451],[-73.55609999964348,45.491000000821366],[-73.55630000025711,45.49110000027328],[-73.55730000041827,45.49059999909258],[-73.55749999986526,45.49080000072269],[-73.5576000002985,45.490399999833244],[-73.55799999958543,45.490199999439575],[-73.5583999998812,45.49000000033718],[-73.55870000036127,45.48980000086694],[-73.55939999910836,45.48949999957245],[-73.55969999979274,45.48929999925785],[-73.55989999986015,45.48920000003975],[-73.55999999962096,45.489199999749005],[-73.56010000066102,45.48919999937003],[-73.56030000042873,45.48899999964764],[-73.56039999983624,45.48899999990674],[-73.56089999981401,45.48870000046999],[-73.5608999995156,45.48860000066075],[-73.56119999990202,45.488500000687196],[-73.56199999988812,45.48800000031999],[-73.56200000020324,45.487900000498094],[-73.56240000077575,45.487700000804985],[-73.56250000044062,45.48770000012537],[-73.56309999958701,45.48729999938923],[-73.56519999976456,45.48910000006555],[-73.56529999934837,45.48909999963436],[-73.56639999996037,45.48970000048663],[-73.56649999932749,45.489700000804795],[-73.56709999991875,45.49000000023815],[-73.56720000103051,45.490099999727434],[-73.56780000063296,45.490399999962825],[-73.57000000018589,45.49139999976294],[-73.57170000038289,45.49230000045435],[-73.57229999990139,45.492499999693045],[-73.57260000007284,45.49249999928639],[-73.57330000034798,45.49290000112668],[-73.57320000076018,45.493000001096554],[-73.57340000025987,45.49290000080323],[-73.57790000032544,45.4948999997732],[-73.57780000022515,45.49499999923608],[-73.57799999980718,45.494999999621584],[-73.57829999998003,45.495200000735565],[-73.57850000027013,45.49520000114503],[-73.57919999901861,45.49559999993719],[-73.57930000076209,45.495699999533564],[-73.57940000051337,45.495700000256704],[-73.58019999957088,45.495999999240354],[-73.58029999995485,45.49609999885512],[-73.58040000041419,45.49609999960217],[-73.58170000006655,45.49650000005462],[-73.5817000000908,45.49660000062565],[-73.58189999983999,45.49649999991072],[-73.58290000040078,45.49640000056333],[-73.58299999987571,45.49650000050772],[-73.58309999981988,45.49640000011835],[-73.58340000022906,45.49640000014316],[-73.58359999964956,45.496400000622415],[-73.58370000063847,45.496400000279905],[-73.58540000047753,45.496200000620526],[-73.58550000018526,45.49630000107933],[-73.58579999918082,45.49620000052453],[-73.58609999994107,45.4963000003335],[-73.58650000063236,45.49630000048436],[-73.58669999961486,45.496400000610336],[-73.58700000002382,45.49640000017898],[-73.58720000024566,45.49650000032669],[-73.5882000003603,45.49620000112222],[-73.58829999933629,45.49599999919515],[-73.58959999972843,45.495200000817455],[-73.58959999980101,45.49510000112125],[-73.58989999970574,45.4951000011725],[-73.59009999964204,45.49510000106891],[-73.59070000013254,45.49499999895861],[-73.59159999953346,45.49499999888035],[-73.59179999913471,45.494899999700195],[-73.59199999997928,45.49499999956837],[-73.59279999958927,45.494999999442925],[-73.59290000001002,45.4948999994456],[-73.59310000024243,45.494999999188074],[-73.59499999914816,45.495300000567134],[-73.59610000013541,45.495300000092335],[-73.59640000059022,45.49489999958041],[-73.59630000078162,45.49530000083086],[-73.59690000021138,45.495400000640466],[-73.59869999964711,45.49549999976851],[-73.59879999946592,45.49540000001426],[-73.598899999722,45.49550000045453],[-73.60039999963529,45.495500000287585],[-73.6005000003124,45.495500000535344],[-73.60109999925395,45.49550000018803],[-73.60119999994245,45.495400000131575],[-73.6013000006075,45.495500000270255],[-73.60160000007853,45.4955000001892],[-73.60280000102158,45.49520000100236],[-73.60290000073081,45.49510000125288],[-73.60329999959238,45.49489999896799],[-73.6037999994772,45.49479999953638],[-73.60450000066004,45.49479999929645],[-73.60469999953669,45.494799999726844],[-73.6048999998291,45.49489999950788],[-73.60500000103755,45.494999999115436],[-73.60510000004453,45.49510000043539],[-73.60520000068347,45.495200000764754],[-73.60520000007314,45.49530000046041],[-73.6051000002432,45.49540000042037],[-73.60500000005943,45.49550000029136],[-73.60489999952183,45.49560000007337],[-73.60460000040668,45.49569999951037],[-73.6045000000883,45.49579999983829],[-73.60419999938622,45.49599999970512],[-73.60340000005847,45.49679999968058],[-73.60230000078744,45.49780000045066],[-73.60199999973466,45.498099999513975],[-73.6015999993551,45.49850000091309],[-73.60139999995214,45.498800000259564],[-73.60089999978148,45.49919999969721],[-73.60079999952413,45.499299999423656],[-73.60040000007902,45.499700000134474],[-73.59859999954193,45.50110000034639],[-73.59749999976299,45.50180000039539],[-73.5963999999479,45.50229999962539],[-73.59499999946135,45.50269999918638],[-73.5942000003704,45.503199999914436],[-73.59410000061673,45.503399999555405],[-73.5940000001559,45.503599999102356],[-73.59380000025402,45.50379999882663],[-73.59370000058843,45.50400000079572],[-73.5936999996535,45.50419999987448],[-73.59360000084062,45.5044999994744],[-73.59360000083171,45.50489999938787],[-73.59350000025717,45.50520000066442],[-73.59340000018462,45.50559999955097],[-73.59339999919187,45.505699999963355],[-73.59310000063564,45.506200000334864],[-73.59260000070577,45.506799999698586],[-73.59209999985465,45.507300000928545],[-73.59169999996853,45.5077000003043],[-73.59140000017776,45.5079999997981],[-73.59130000078447,45.508400000247725],[-73.59119999997746,45.50879999968292],[-73.59119999941628,45.50909999984393],[-73.59130000024761,45.50950000053699],[-73.59249999985414,45.51009999999183],[-73.59279999984008,45.510299999390874],[-73.59379999981996,45.51080000041282],[-73.59419999998138,45.510900000019305],[-73.59460000028068,45.51100000002299],[-73.5955999993695,45.511199999590254],[-73.59630000096244,45.51139999893854],[-73.59650000042316,45.51149999873933],[-73.59659999956874,45.51160000091165],[-73.59680000026881,45.51170000018266],[-73.59690000040054,45.51190000059109],[-73.5969000005029,45.51199999999215],[-73.5969000006071,45.51210000029131],[-73.59679999989977,45.51219999988826],[-73.59700000052219,45.51229999969851],[-73.59699999980543,45.512499999385476],[-73.59689999995705,45.512700001150556],[-73.5969000001683,45.512900000822654],[-73.59710000006916,45.51309999982804],[-73.59740000088365,45.51309999998057],[-73.5977000004185,45.513100000246176],[-73.59809999979781,45.51310000027453],[-73.5983999991288,45.513000000219876],[-73.59880000036006,45.513000000495],[-73.5990000009614,45.51310000038908],[-73.59859999997377,45.51349999922395],[-73.59860000053338,45.51359999949643],[-73.5983999992778,45.51369999945545],[-73.59800000003976,45.514100000644596],[-73.59750000059766,45.51440000005942],[-73.59719999991698,45.51449999952643],[-73.59700000067664,45.51459999971614],[-73.59530000038961,45.51459999897377],[-73.5950999999907,45.514699999435365],[-73.59489999934394,45.5145999990401],[-73.59260000051736,45.51449999942415],[-73.59240000080992,45.5145999996588],[-73.59229999994449,45.514499999263],[-73.59190000088819,45.51449999962088],[-73.59170000007929,45.5144999992756],[-73.59140000072546,45.51469999905787],[-73.59130000104008,45.514799999192135],[-73.59109999925052,45.51490000074639],[-73.59100000005719,45.51490000036612],[-73.59089999958528,45.514900000799166],[-73.59069999926731,45.51479999935275],[-73.59080000039316,45.51490000114367],[-73.59080000076831,45.51510000073774],[-73.59069999931208,45.51520000034109],[-73.59049999947534,45.515499999516614],[-73.59040000049993,45.51549999951074],[-73.59030000007645,45.515799999225614],[-73.58979999964376,45.51569999901558],[-73.58839999961022,45.516200000647835],[-73.58820000045961,45.51620000047208],[-73.58800000002994,45.51620000084701],[-73.58740000023373,45.51590000098383],[-73.58700000049704,45.51569999901549]]]]}},{"type":"Feature","properties":{"harmonized_pdq_id":"PDQ_H_21_22","display_name":"PDQ 21-22","component_pdqs":[21,22],"source_pdq_values":[21],"geography_type":"longitudinal_analytical_composite","source_dataset":"Limite des secteurs de poste de quartier de police","source_dataset_id":"186892b8-bba5-426c-aa7e-9db8c43cbdfe","source_resource_id":"e18f0da9-3a16-4ba4-b378-59f698b47261","source_license":"Creative Commons Attribution 4.0 International","geometry_rule":"integrated_source_polygon_only","historical_boundary_claim":false,"special_unit":false,"longitudinal_caveat":"This polygon is an IQAI longitudinal analytical composite based on official SPVM/Ville de Montréal PDQ territory geometry. It is used to compare harmonized reported-event totals consistently through time and should not be interpreted as a historical boundary snapshot for every year.","source_area_m2_planar":10288214.4324,"source_vintage":"2026-08-09T00:45:24.840Z","source_crs":"EPSG:32188","browser_crs":"EPSG:4326"},"geometry":{"type":"MultiPolygon","coordinates":[[[[-73.5495000002147,45.53879999961926],[-73.54889999973123,45.53869999905492],[-73.54879999990524,45.53859999969572],[-73.54819999965405,45.538300000281914],[-73.54769999981826,45.53800000098003],[-73.54730000008101,45.537699999503914],[-73.54660000004037,45.53700000028638],[-73.54600000067391,45.53600000003977],[-73.54530000020966,45.535100000065455],[-73.5445999996479,45.534399999071404],[-73.54420000048714,45.53280000017363],[-73.54340000000025,45.53109999916164],[-73.54289999953893,45.5302000011299],[-73.54250000005327,45.53159999989837],[-73.54230000010395,45.53160000034553],[-73.5414999997382,45.53150000047793],[-73.54200000079653,45.53009999905761],[-73.54169999960507,45.529999999203454],[-73.54239999952073,45.528699999871336],[-73.54220000036361,45.52860000013775],[-73.54250000041503,45.528000000427966],[-73.5428999995844,45.52730000012115],[-73.54260000011442,45.52729999991149],[-73.54329999971523,45.52590000069256],[-73.54300000000593,45.52590000063372],[-73.54339999978777,45.52510000004976],[-73.54360000055124,45.524700000989654],[-73.54369999989368,45.52439999943906],[-73.54380000073658,45.524100000484054],[-73.54390000051693,45.52380000052621],[-73.54429999974901,45.522399999433716],[-73.53909999994143,45.52150000059266],[-73.53910000022712,45.521699999951494],[-73.53969999921624,45.522500000933775],[-73.53960000039288,45.52260000066215],[-73.53949999993516,45.52270000030181],[-73.53959999964296,45.5229000000901],[-73.53960000042413,45.523100000299394],[-73.53950000036215,45.52349999932615],[-73.53940000009229,45.52370000075537],[-73.53890000008691,45.525100000468875],[-73.53879999997899,45.5252999995168],[-73.53879999959508,45.52539999958038],[-73.53880000010777,45.52559999970182],[-73.53879999972361,45.52569999886028],[-73.53870000060215,45.525699999487834],[-73.53849999979808,45.525699999581335],[-73.53769999978324,45.527100000681536],[-73.53760000084579,45.52730000040785],[-73.53740000016857,45.52749999952996],[-73.53710000059317,45.52800000117938],[-73.53650000076165,45.52860000017218],[-73.53620000017308,45.529100001161176],[-73.53610000010427,45.52920000040935],[-73.53599999968166,45.52930000046818],[-73.53600000074205,45.52940000046091],[-73.535899999788,45.52950000042884],[-73.53579999975987,45.529600000307184],[-73.53579999918533,45.52969999939531],[-73.53569999937737,45.52970000009633],[-73.5356999999066,45.5298000000822],[-73.53559999992079,45.529799999795884],[-73.53560000027292,45.52989999978004],[-73.53550000010986,45.529899999406254],[-73.53550000028487,45.52999999938869],[-73.53539999994457,45.52999999892743],[-73.5353999999425,45.53009999890818],[-73.5352999994255,45.53009999925924],[-73.53529999924743,45.530200001037954],[-73.53519999983344,45.53020000130116],[-73.53519999947659,45.530300000378645],[-73.53509999988535,45.53030000055435],[-73.53509999935196,45.53040000052997],[-73.53510000009895,45.530500000503444],[-73.53500000015322,45.53050000059173],[-73.53500000072313,45.53060000056349],[-73.5348999997121,45.5306999996349],[-73.534900000105,45.530799999603204],[-73.53479999984333,45.53089999948316],[-73.5346999992273,45.53099999927392],[-73.53459999953719,45.531099998975094],[-73.53459999939888,45.53119999893651],[-73.53449999949326,45.53119999948691],[-73.53440000037578,45.53130000080898],[-73.53430000029284,45.531300001184334],[-73.53419999936233,45.531400000530425],[-73.53410000038238,45.531400000730365],[-73.53400000012205,45.53140000084315],[-73.53389999986169,45.53140000086839],[-73.53380000060616,45.531500000761895],[-73.53370000016848,45.531500000612105],[-73.53359999973074,45.53150000037478],[-73.53349999929348,45.53150000094976],[-73.53329999969861,45.531500000936866],[-73.53330000086008,45.53140000098043],[-73.53320000059938,45.53140000039289],[-73.53309999905885,45.53140000061803],[-73.53300000007886,45.531400000754864],[-73.53289999981853,45.53140000080454],[-73.53280000032551,45.53130000080861],[-73.53270000024227,45.531300000683174],[-73.53259999999958,45.53119999871093],[-73.5325000001129,45.53109999934885],[-73.53239999930041,45.53099999989771],[-73.53239999949673,45.53089999993278],[-73.53230000049581,45.530799999490256],[-73.53229999958975,45.53070000042195],[-73.53229999996358,45.53060000045171],[-73.5323000003375,45.530500000479705],[-73.53219999966292,45.53040000084291],[-73.53229999980536,45.53030000053076],[-73.53220000076567,45.53020000089],[-73.53220000003589,45.53009999911159],[-73.53220000058748,45.52999999913076],[-73.53219999985892,45.52989999914851],[-73.53220000041125,45.529800000064],[-73.53219999968287,45.529700000078215],[-73.53220000078697,45.529500000100704],[-73.53220000061121,45.52930000011651],[-73.53210000041109,45.5291000012743],[-73.53209999985962,45.528999999476504],[-73.53219999970766,45.52899999922738],[-73.53220000026033,45.52889999922719],[-73.53229999993113,45.52889999889059],[-73.5323000003072,45.528799999788525],[-73.53239999980076,45.52879999936444],[-73.53239999999924,45.52869999936082],[-73.53249999931604,45.528699999749065],[-73.53259999975724,45.528600000044115],[-73.532700000177,45.528600000256986],[-73.53289999973562,45.528599999520594],[-73.53309999905612,45.52869999933927],[-73.53330000025004,45.528699999701765],[-73.5333999995664,45.52869999930215],[-73.53370000007678,45.52869999937699],[-73.53400000058721,45.528699999563834],[-73.53419999922026,45.528699999251195],[-73.53429999981749,45.52869999986302],[-73.53430000049003,45.52859999985748],[-73.53420000007053,45.52860000014544],[-73.53419999964012,45.52850000013848],[-73.53429999988242,45.528499999850546],[-73.53430000055515,45.5283999998415],[-73.53440000062074,45.52840000036595],[-73.53439999983614,45.52830000035555],[-73.53449999972449,45.52830000079251],[-73.53450000004302,45.52820000078003],[-73.53459999961224,45.52830000024208],[-73.53459999975358,45.52820000022965],[-73.53469999946462,45.52820000049157],[-73.53479999917563,45.52820000066597],[-73.5347999989627,45.52810000065188],[-73.53489999977667,45.52810000073841],[-73.5350000005906,45.528100000737375],[-73.53510000012423,45.52810000064917],[-73.53519999965783,45.52810000047345],[-73.53529999919193,45.528100001110026],[-73.53529999937336,45.52800000109406],[-73.53540000000987,45.528000000742914],[-73.53550000047291,45.527899999386776],[-73.53559999965191,45.52789999886099],[-73.5356999995845,45.52779999912785],[-73.5357000003377,45.52769999910642],[-73.53560000023293,45.52769999972003],[-73.5355999998832,45.527599999697195],[-73.53569999981134,45.52759999998347],[-73.53569999928455,45.52749999995894],[-73.53559999953357,45.527499999672585],[-73.53560000046429,45.52739999964584],[-73.53549999961082,45.527400000172136],[-73.53540000003694,45.52739999971068],[-73.53529999936555,45.52730000003363],[-73.53529999954783,45.5272000000036],[-73.5352000003288,45.52720000026681],[-73.5350999998295,45.52720000044281],[-73.53500000061034,45.52720000053092],[-73.53490000011095,45.52720000053187],[-73.53479999961148,45.52720000044529],[-73.534699999112,45.52720000027116],[-73.53459999989263,45.52720000000912],[-73.53450000067377,45.527200000559354],[-73.534400000671,45.52710000009075],[-73.53430000034903,45.52710000046624],[-73.53420000002701,45.52710000075418],[-73.53409999945329,45.52700000092121],[-73.53409999920173,45.52690000088606],[-73.53400000051417,45.52690000099845],[-73.53400000043881,45.52679999916182],[-73.53390000075123,45.52669999914822],[-73.53389999957417,45.52659999910808],[-73.53389999967796,45.52649999996562],[-73.5338999997813,45.52639999992157],[-73.53389999988474,45.52629999987577],[-73.53379999969981,45.52629999981354],[-73.53379999998053,45.526199999765936],[-73.53380000026189,45.526100000616395],[-73.53359999932043,45.526100000229484],[-73.53349999949025,45.52610000080437],[-73.53339999965948,45.52610000039187],[-73.53329999971585,45.52600000074067],[-73.53320000006217,45.526000000153054],[-73.5330999991288,45.5260000003781],[-73.53299999989385,45.52590000046232],[-73.53290000041771,45.52590000051186],[-73.53280000043465,45.52580000131932],[-73.53259999927616,45.52580000098133],[-73.53250000000024,45.525699998824685],[-73.53229999957554,45.52559999970289],[-73.53220000063061,45.52559999913951],[-73.53210000040599,45.52559999938879],[-73.53190000014884,45.52569999878288],[-73.53179999974688,45.525699998769596],[-73.53179999973182,45.52559999961139],[-73.53179999971631,45.52549999955158],[-73.53179999970095,45.52539999949004],[-73.53179999968565,45.52529999942672],[-73.53179999967097,45.52520000026148],[-73.53170000031692,45.52510000009353],[-73.5317000004791,45.52500000002487],[-73.53170000064188,45.52490000085432],[-73.53170000080425,45.52480000078218],[-73.53169999968657,45.5247000007086],[-73.5316999998481,45.52459999883325],[-73.53170000001127,45.52449999965567],[-73.53170000017401,45.52439999957649],[-73.53170000033687,45.52429999949552],[-73.53170000066335,45.524100000228195],[-73.53169999954636,45.52400000014233],[-73.53169999970959,45.52390000005435],[-73.53169999987341,45.523800000864455],[-73.5316000000188,45.523499999496515],[-73.53149999925569,45.52209999950627],[-73.52970000031189,45.52190000002103],[-73.52909999954221,45.52180000044547],[-73.52899999982077,45.521899999905415],[-73.52799999943906,45.521800000015865],[-73.52720000020479,45.5220999993091],[-73.52809999923683,45.52549999960384],[-73.52759999925394,45.52559999918541],[-73.52739999990295,45.524499999787],[-73.52660000045825,45.52200000010329],[-73.52649999976471,45.52180000060172],[-73.52620000070243,45.52160000025987],[-73.52589999992657,45.5214000009232],[-73.5263000000141,45.520800000486624],[-73.52249999965692,45.508899999813806],[-73.52109999915832,45.504000001054756],[-73.52080000061929,45.50400000028426],[-73.52000000013413,45.50070000084495],[-73.51910000005766,45.498199999736094],[-73.51880000029387,45.497799999635895],[-73.51839999981887,45.49679999981417],[-73.51819999958776,45.496500000456514],[-73.51800000071417,45.495799999315665],[-73.51770000031672,45.495699999718994],[-73.51790000073106,45.49540000008674],[-73.5171000001434,45.49290000117142],[-73.5171999990408,45.49279999902113],[-73.51699999945772,45.49219999992054],[-73.51689999982229,45.4920000008656],[-73.51640000001001,45.489600000959605],[-73.51549999943597,45.48660000070254],[-73.51529999958477,45.48570000019789],[-73.51549999951253,45.48570000023006],[-73.51609999929576,45.48570000002517],[-73.51649999941847,45.4866999999537],[-73.51690000058795,45.4878999997524],[-73.51690000026765,45.488099999392475],[-73.51699999942932,45.48850000091011],[-73.51720000004194,45.488600000475635],[-73.51719999977328,45.48870000028425],[-73.51729999983662,45.4888000002873],[-73.51730000102437,45.4889000000922],[-73.51719999923615,45.48889999989623],[-73.51719999917381,45.48939999979505],[-73.5171999999173,45.48960000118193],[-73.51730000029436,45.489700001169126],[-73.51740000000382,45.49010000042431],[-73.51759999979262,45.49059999927263],[-73.51770000008936,45.49070000069178],[-73.51800000015037,45.4913000001081],[-73.51819999926393,45.49180000050011],[-73.51820000015775,45.492200000398576],[-73.51829999963115,45.492400000108184],[-73.51880000001364,45.494399999799136],[-73.51900000019343,45.494799999718104],[-73.51910000070583,45.49499999953564],[-73.51909999996546,45.495100001031524],[-73.51779999926855,45.49559999979224],[-73.51780000006548,45.49569999947763],[-73.51929999951116,45.495200000403884],[-73.51960000066273,45.495699999958916],[-73.51989999990941,45.495700000281175],[-73.52030000018424,45.49570000008493],[-73.52069999999159,45.49579999997155],[-73.52109999993526,45.49589999935558],[-73.5211000001757,45.49599999903581],[-73.52140000050755,45.49609999959622],[-73.52179999997666,45.496200001023105],[-73.52249999961491,45.49640000051355],[-73.52269999954531,45.49650000020908],[-73.52329999945024,45.496700000217395],[-73.52429999938154,45.49719999894421],[-73.52530000038112,45.49780000021936],[-73.52619999986892,45.49829999892213],[-73.5269999994382,45.49899999992957],[-73.52789999955934,45.49980000017604],[-73.52830000039806,45.5002999997025],[-73.5289999995881,45.50130000005668],[-73.52950000014746,45.502000000464534],[-73.52990000074647,45.503200000106986],[-73.53000000036737,45.50369999952596],[-73.53009999957028,45.50439999968037],[-73.53019999942138,45.50530000049612],[-73.53009999997012,45.50599999916284],[-73.52999999995606,45.50659999996344],[-73.52979999966543,45.50769999983955],[-73.53199999968774,45.50809999920854],[-73.53220000002217,45.50779999948887],[-73.53219999988991,45.507600000541295],[-73.53239999933123,45.50699999929533],[-73.53260000004755,45.50669999971698],[-73.53280000040748,45.5065000001684],[-73.53300000019306,45.506400000660165],[-73.53329999986943,45.50630000048741],[-73.5334999997883,45.50630000049935],[-73.533899999626,45.50630000037259],[-73.53409999954481,45.50630000023388],[-73.53440000082438,45.506400000666126],[-73.53469999932675,45.50650000030956],[-73.53479999937962,45.506699999469866],[-73.53490000014168,45.506899999435234],[-73.53529999977845,45.50720000096071],[-73.54270000068094,45.50450000019287],[-73.54260000075165,45.50129999946973],[-73.5427000005279,45.49890000034501],[-73.54260000058004,45.498500000459465],[-73.54119999942014,45.491499999766376],[-73.54030000058656,45.490000000304704],[-73.53920000006197,45.48850000097672],[-73.53979999996069,45.48819999922258],[-73.53990000027164,45.488099999612935],[-73.54000000064458,45.48809999973343],[-73.54010000033107,45.488199999584275],[-73.54040000054542,45.4882999989741],[-73.54110000012525,45.488500000841704],[-73.54189999975597,45.48860000066045],[-73.54389999952753,45.48890000033584],[-73.54409999926281,45.48900000048869],[-73.5441999999483,45.48899999963179],[-73.54640000083383,45.48949999902242],[-73.5487000004314,45.489900000008774],[-73.548800000152,45.48990000052437],[-73.54910000059199,45.48990000064556],[-73.55010000021272,45.49019999951263],[-73.55040000059803,45.490299999600055],[-73.55119999949007,45.49059999949814],[-73.55159999964017,45.49090000059567],[-73.5516000001172,45.491000000364174],[-73.55330000026986,45.49320000072211],[-73.55319999952897,45.49349999972659],[-73.55290000012805,45.49450000032479],[-73.55270000013853,45.49520000068631],[-73.5526000004212,45.49589999960001],[-73.55289999967881,45.49599999932143],[-73.55300000036364,45.496099999438414],[-73.55289999908337,45.496300001053164],[-73.55300000029882,45.4964000002648],[-73.55299999982962,45.49660000050717],[-73.55300000023459,45.49670000017551],[-73.55289999903897,45.49740000096762],[-73.55279999920997,45.49809999978568],[-73.55289999970846,45.49880000046895],[-73.55289999947627,45.49869999993761],[-73.55310000063936,45.49870000072612],[-73.5543000005392,45.49909999932242],[-73.55429999941157,45.499199999847406],[-73.55440000023734,45.49919999905974],[-73.55490000046599,45.49929999973184],[-73.55490000039991,45.499399999352995],[-73.55500000030051,45.49939999894033],[-73.55620000037996,45.49980000002423],[-73.55620000005767,45.49990000053658],[-73.55629999970972,45.499800000273524],[-73.55719999929765,45.5001000001064],[-73.5571999994656,45.5001999997134],[-73.55829999982915,45.50049999941613],[-73.55840000013366,45.50060000102605],[-73.5595000005852,45.500899999950406],[-73.55959999988299,45.50100000050336],[-73.56029999962149,45.50119999945043],[-73.56039999958678,45.50129999929745],[-73.56160000022545,45.50170000111136],[-73.56170000081873,45.50180000071109],[-73.56129999986256,45.502200000200965],[-73.56120000012271,45.50219999982969],[-73.56120000097744,45.50229999939953],[-73.56079999949235,45.50280000116427],[-73.56069999997044,45.502800001255],[-73.56069999994114,45.50290000081475],[-73.56049999939488,45.50320000030281],[-73.56170000063214,45.50369999957882],[-73.56179999982825,45.50379999905666],[-73.56189999984085,45.503799998902615],[-73.5626999999245,45.504199999875595],[-73.56269999960062,45.5043000003108],[-73.56280000064643,45.504200000732965],[-73.56359999997366,45.50459999987465],[-73.56359999996332,45.50469999940283],[-73.56379999933678,45.50469999945543],[-73.56429999958954,45.50489999890474],[-73.56429999954247,45.50500000112721],[-73.56439999911989,45.50500000058458],[-73.56460000003739,45.50510000055653],[-73.56460000051878,45.505200000075675],[-73.56470000045105,45.505200000170035],[-73.56479999994023,45.50530000059463],[-73.56489999903557,45.50520000009689],[-73.56640000050153,45.50599999886981],[-73.5664999993013,45.50610000049214],[-73.56689999972255,45.50620000039158],[-73.56690000044033,45.50630000079114],[-73.5669999997606,45.50630000067215],[-73.56810000009902,45.506800000053765],[-73.56819999902469,45.50679999978435],[-73.56879999971001,45.50709999928823],[-73.5687999999557,45.50720000057215],[-73.56890000086975,45.50720000058863],[-73.56950000036345,45.507400000515744],[-73.56950000056729,45.507499999994764],[-73.56959999945342,45.50750000029952],[-73.5701000002559,45.50770000035918],[-73.57010000024302,45.507799999833075],[-73.57019999965969,45.507799999612274],[-73.57129999997443,45.50830000044278],[-73.57129999952926,45.50840000080628],[-73.57120000032886,45.508400000190186],[-73.57119999970683,45.50850000055205],[-73.57120000036367,45.508600000011484],[-73.57110000081015,45.50860000020793],[-73.57110000001148,45.508700000566364],[-73.57110000049168,45.50880000002241],[-73.5710000005839,45.508800000131515],[-73.57100000088727,45.5088999995859],[-73.57099999991216,45.50899999993918],[-73.57089999965012,45.50899999996094],[-73.57089999977684,45.50909999941193],[-73.57089999990374,45.50919999886114],[-73.57079999928858,45.50919999969542],[-73.57079999923864,45.50929999914302],[-73.57080000047095,45.509400000387714],[-73.5706000003563,45.5098999998953],[-73.57049999977993,45.50989999956706],[-73.57050000048118,45.509999999901694],[-73.57049999990171,45.51009999933552],[-73.57039999949566,45.51019999925118],[-73.57040000002048,45.51029999958066],[-73.57039999926457,45.51039999900931],[-73.5703000003633,45.51039999940477],[-73.57009999997071,45.51089999974875],[-73.57009999996575,45.511000000066225],[-73.57009999995991,45.5110999994821],[-73.56999999981873,45.511099999615695],[-73.57000000091698,45.51119999992896],[-73.56989999952154,45.51149999910741],[-73.56980000016291,45.51170000057732],[-73.56970000009446,45.51190000015341],[-73.56969999938326,45.51200000045373],[-73.56960000020754,45.51200000023653],[-73.56960000059823,45.51209999963458],[-73.56950000060965,45.51239999931427],[-73.56950000082519,45.51249999960522],[-73.56949999975994,45.51259999899534],[-73.5693000000121,45.5130000001636],[-73.56929999987469,45.513100000444204],[-73.56909999950038,45.51349999942775],[-73.56899999955965,45.513599998957446],[-73.56890000013831,45.51390000073185],[-73.56890000057318,45.514000000096445],[-73.56879999913559,45.51400000008007],[-73.56859999962396,45.514499999279984],[-73.56859999943482,45.514699998886755],[-73.56839999996953,45.515100000130815],[-73.56829999979874,45.5151999999195],[-73.56809999960343,45.51579999927164],[-73.56800000009777,45.51579999945354],[-73.56800000022467,45.515900000584566],[-73.56749999933827,45.51689999879928],[-73.56749999986286,45.517000000810555],[-73.56720000004452,45.51749999965181],[-73.56709999953287,45.517799999645106],[-73.56709999934864,45.5178999998413],[-73.56699999960112,45.51799999934217],[-73.56699999924228,45.51810000133461],[-73.56700000016045,45.51820000062501],[-73.56689999970598,45.51830000093331],[-73.56659999941013,45.5188999991629],[-73.56659999962247,45.51899999933949],[-73.566599999835,45.51909999951431],[-73.566299999474,45.51979999973371],[-73.56620000085375,45.519999999559055],[-73.56569999959896,45.52109999921121],[-73.5656000003959,45.521299999365716],[-73.56560000012372,45.52140000130003],[-73.56570000039451,45.521600000783025],[-73.565699999532,45.52250000098327],[-73.56560000041347,45.52270000018862],[-73.56560000087867,45.52299999961285],[-73.56549999924285,45.52319999961433],[-73.56519999988745,45.52449999964477],[-73.56510000071178,45.52480000111624],[-73.5643999997968,45.526900000427],[-73.56429999980985,45.52720000017202],[-73.56410000013335,45.527899999371925],[-73.56400000041882,45.52800000056951],[-73.56380000010068,45.52889999915285],[-73.56359999966766,45.52939999998556],[-73.56340000050011,45.529999999506785],[-73.56310000039481,45.53079999984628],[-73.56290000009285,45.531600000056436],[-73.56259999933377,45.532500000596805],[-73.56240000034687,45.5330999998394],[-73.5621999996757,45.53370000046909],[-73.5617000004246,45.535299999222914],[-73.56150000007138,45.536000000071866],[-73.56109999903762,45.53659999888763],[-73.560800000046,45.53719999974767],[-73.56039999922629,45.537900001228614],[-73.56009999997444,45.53850000011307],[-73.55979999947176,45.53910000084643],[-73.55939999997987,45.539899999299685],[-73.55920000005668,45.53989999964017],[-73.55599999926599,45.539599999428006],[-73.55590000062304,45.53950000000028],[-73.55580000009026,45.53950000030013],[-73.552600000381,45.539200000206755],[-73.5495000002147,45.53879999961926]],[[-73.54920000022592,45.510099999323295],[-73.54790000001601,45.5101999996691],[-73.54650000053556,45.512399999179614],[-73.54640000065255,45.512399999349604],[-73.54629999991414,45.51290000086692],[-73.54550000042462,45.512399999640394],[-73.54550000047705,45.51229999934822],[-73.54559999993538,45.5121000002765],[-73.54640000029622,45.50929999937302],[-73.54659999943794,45.50889999934798],[-73.54659999949777,45.50870000043845],[-73.54629999894873,45.50860000059186],[-73.54679999922004,45.50699999964731],[-73.5470000003018,45.50689999903135],[-73.54719999978674,45.506899999352825],[-73.54719999939692,45.50679999986394],[-73.55119999905877,45.506600000359335],[-73.5519999999911,45.50540000037535],[-73.55210000027647,45.50539999980189],[-73.5521000001712,45.505300000286404],[-73.55130000054908,45.505400000137655],[-73.5472999992041,45.50559999958867],[-73.5471999998439,45.50559999955911],[-73.54719999945596,45.50550000004736],[-73.54749999989139,45.50469999921462],[-73.5487999996321,45.504599999723425],[-73.55210000050639,45.50440000006804],[-73.55239999989125,45.50439999962264],[-73.55250000062209,45.50420000053059],[-73.55249999993286,45.50379999877438],[-73.55279999941261,45.50290000042203],[-73.54800000060204,45.50330000002428],[-73.54789999985067,45.503200000155935],[-73.54819999993744,45.50239999986069],[-73.54820000034226,45.502299999392484],[-73.54879999983979,45.50230000020112],[-73.55280000014636,45.5020000007234],[-73.55229999920942,45.49970000070474],[-73.55159999982955,45.499399998954665],[-73.55140000057688,45.49980000030436],[-73.55089999955972,45.49970000051871],[-73.55090000030808,45.49960000090267],[-73.55090000052328,45.49939999896631],[-73.55099999971678,45.49929999973513],[-73.5509999995805,45.49909999958807],[-73.55089999968004,45.4989999995723],[-73.55080000084085,45.49909999962088],[-73.55079999991469,45.4991999992458],[-73.55069999908856,45.499199999581485],[-73.5505999995434,45.499600001009014],[-73.55049999928782,45.49960000026948],[-73.55050000039135,45.49970000078455],[-73.54930000006819,45.49960000076233],[-73.54940000029588,45.49929999919554],[-73.54930000057206,45.49929999920497],[-73.54930000031457,45.499199999582366],[-73.54930000056493,45.49880000017393],[-73.5493999997735,45.497999999464],[-73.54960000008799,45.49560000000403],[-73.54999999919221,45.49169999936519],[-73.54889999921615,45.49169999953528],[-73.54860000074687,45.494799999460376],[-73.5482999996723,45.49650000078647],[-73.54820000040381,45.497899999554384],[-73.54810000032062,45.49860000049462],[-73.54800000007717,45.49950000050133],[-73.54789999973725,45.49979999993208],[-73.54789999947674,45.50009999966317],[-73.54589999971421,45.4999000000317],[-73.54649999979931,45.494799999866686],[-73.5453999996076,45.49479999962646],[-73.54480000002711,45.49990000031117],[-73.54450000027308,45.503100000749406],[-73.54430000039896,45.50420000059701],[-73.54419999987196,45.50430000017591],[-73.54360000007199,45.50720000053971],[-73.5433999998932,45.50779999977915],[-73.54330000036157,45.50789999940625],[-73.54320000047653,45.507999999844],[-73.54310000070619,45.50799999982475],[-73.542999999656,45.507999999718415],[-73.54279999983599,45.50789999977266],[-73.54270000014064,45.50779999993181],[-73.54269999989218,45.50500000052205],[-73.53559999966028,45.507499999883926],[-73.53670000006284,45.50889999972378],[-73.53719999951412,45.509800000365665],[-73.53770000081798,45.511299999670705],[-73.53829999985875,45.51300000036627],[-73.53859999923705,45.51380000055861],[-73.53859999962468,45.51459999903499],[-73.53859999980163,45.51559999967185],[-73.53849999950518,45.51600000105031],[-73.53829999978679,45.517200000701514],[-73.5382000004094,45.51789999959612],[-73.5382000008137,45.51840000054612],[-73.53829999980636,45.51850000054094],[-73.53840000005182,45.519099999534966],[-73.53870000089664,45.520199999076446],[-73.53880000062709,45.52050000070232],[-73.53890000035229,45.52070000028087],[-73.53899999950643,45.52089999976503],[-73.53899999940187,45.52119999928237],[-73.54440000026786,45.52209999984799],[-73.54459999904624,45.52160000049769],[-73.54480000068529,45.52089999957214],[-73.54500000028558,45.52030000106379],[-73.54470000107425,45.520199999017564],[-73.54499999932455,45.51930000035241],[-73.54590000012985,45.51669999988853],[-73.54620000037346,45.515799999316485],[-73.54639999981958,45.51500000093034],[-73.54669999954669,45.514399999552474],[-73.54680000005499,45.51410000014299],[-73.54710000016289,45.51369999905971],[-73.54749999982934,45.513000000679725],[-73.54759999984017,45.512800000781354],[-73.54920000032345,45.51019999965416],[-73.54920000022592,45.510099999323295]],[[-73.53139999998379,45.521199999786916],[-73.52889999977889,45.52140000121093],[-73.52889999976723,45.521600000573045],[-73.53149999977556,45.522000000284635],[-73.53139999998379,45.521199999786916]],[[-73.53039999939637,45.5130000003477],[-73.52819999907501,45.51300000043797],[-73.52809999972678,45.514499999394225],[-73.52819999951737,45.51459999930032],[-73.52830000023617,45.515599999500694],[-73.52829999978282,45.516000000425514],[-73.52839999964512,45.51700000119228],[-73.52860000046,45.51840000085434],[-73.52859999991989,45.518500000139234],[-73.52869999966804,45.519400000936734],[-73.52880000059639,45.52070000029855],[-73.52889999979584,45.521099999905],[-73.53139999951658,45.520900000270125],[-73.53119999967551,45.52060000064759],[-73.53120000004435,45.520199999146264],[-73.53120000064285,45.519899999576445],[-73.53110000007666,45.51950000009957],[-73.53100000080127,45.51920000067903],[-73.53089999972336,45.51899999953175],[-73.53070000035592,45.51850000036924],[-73.53039999993972,45.51810000066556],[-73.53050000064711,45.51749999982812],[-73.53020000035359,45.51669999958126],[-73.52999999991233,45.5157999989805],[-73.52990000056617,45.51529999972517],[-73.52980000013044,45.51469999918913],[-73.53000000088997,45.514000000832596],[-73.53020000046303,45.51380000069433],[-73.53019999972236,45.51359999925842],[-73.5302999992638,45.5134999995018],[-73.5303999998146,45.513499999028305],[-73.53039999973099,45.51339999965564],[-73.53039999956349,45.51320000000517],[-73.53039999939637,45.5130000003477]],[[-73.52969999962289,45.50809999946849],[-73.52969999974192,45.508199998934316],[-73.52959999961762,45.508199998794986],[-73.52959999956106,45.50830000095864],[-73.52950000030448,45.508400000193895],[-73.5292999995529,45.50880000000897],[-73.52929999965596,45.50899999981414],[-73.52919999939468,45.50899999932467],[-73.5291999999094,45.50909999967442],[-73.52909999980872,45.50919999944547],[-73.52910000048492,45.50940000103611],[-73.52899999967615,45.50950000071452],[-73.5288999997771,45.509700000642745],[-73.52869999913426,45.510099999315784],[-73.52870000004438,45.51019999964608],[-73.52859999967076,45.51029999896016],[-73.52860000040398,45.51039999928698],[-73.52850000061237,45.5107000000549],[-73.5284000002798,45.5108000000849],[-73.52839999975853,45.51099999981988],[-73.52819999995891,45.51149999873332],[-73.52820000003729,45.51180000054559],[-73.52820000008923,45.51200000024523],[-73.52820000016753,45.512299999331596],[-73.52810000016058,45.51249999936081],[-73.52809999955967,45.5129000005037],[-73.53050000008123,45.512900000405146],[-73.53049999982105,45.51280000102197],[-73.53050000057888,45.51259999865062],[-73.53050000031898,45.51249999926219],[-73.53050000005915,45.51239999987199],[-73.5306000007847,45.512299999831306],[-73.53060000034749,45.5121999995378],[-73.53059999991086,45.512100000142354],[-73.53060000075371,45.511999999844974],[-73.53069999998065,45.51180000030931],[-73.5306999993673,45.51170000090689],[-73.53069999941928,45.51149999939689],[-73.53079999996719,45.511299999755735],[-73.53089999980705,45.511100000020164],[-73.53100000035431,45.51079999987158],[-73.53109999979873,45.51039999929461],[-73.53129999986061,45.51000000004005],[-73.53190000026814,45.508400000374735],[-73.52969999962289,45.50809999946849]]]]}},{"type":"Feature","properties":{"harmonized_pdq_id":"PDQ_H_23","display_name":"PDQ 23","component_pdqs":[23],"source_pdq_values":[23],"geography_type":"longitudinal_analytical_composite","source_dataset":"Limite des secteurs de poste de quartier de police","source_dataset_id":"186892b8-bba5-426c-aa7e-9db8c43cbdfe","source_resource_id":"e18f0da9-3a16-4ba4-b378-59f698b47261","source_license":"Creative Commons Attribution 4.0 International","geometry_rule":"direct_source_polygon","historical_boundary_claim":false,"special_unit":false,"longitudinal_caveat":"This polygon is an IQAI longitudinal analytical composite based on official SPVM/Ville de Montréal PDQ territory geometry. It is used to compare harmonized reported-event totals consistently through time and should not be interpreted as a historical boundary snapshot for every year.","source_area_m2_planar":6494914.42984,"source_vintage":"2026-08-09T00:45:24.840Z","source_crs":"EPSG:32188","browser_crs":"EPSG:4326"},"geometry":{"type":"MultiPolygon","coordinates":[[[[-73.5513000000944,45.56739999928925],[-73.5492000000498,45.56669999998786],[-73.54860000063582,45.56700000017233],[-73.54720000009368,45.566600000469506],[-73.54690000037505,45.56650000051249],[-73.54499999970218,45.56579999997893],[-73.54270000063624,45.56499999982934],[-73.54110000036563,45.564500000437654],[-73.54079999899228,45.56489999928453],[-73.54069999952237,45.564899999862476],[-73.54050000046462,45.564799999587095],[-73.5406999992568,45.56430000092263],[-73.53660000014305,45.5627999997717],[-73.5339000002775,45.56200000077254],[-73.52970000039333,45.560499999665524],[-73.52689999934661,45.55969999942783],[-73.52589999920245,45.55990000088558],[-73.52570000006901,45.55990000106335],[-73.52559999992292,45.559800000664545],[-73.52550000108731,45.5592999996255],[-73.5241999999629,45.558700001240624],[-73.52399999966015,45.55859999896463],[-73.52500000067616,45.557499998886385],[-73.52509999978693,45.55709999964854],[-73.52489999972343,45.55699999981995],[-73.52409999968329,45.55650000107109],[-73.52379999964461,45.55689999992682],[-73.52350000025697,45.556899999946495],[-73.5205999999284,45.56039999972841],[-73.52039999998047,45.56030000017785],[-73.52130000058453,45.55920000024158],[-73.52070000038994,45.558900000548284],[-73.521599999812,45.55770000028391],[-73.52130000001954,45.55749999913318],[-73.52159999909789,45.5572000000906],[-73.52099999928004,45.556800000558525],[-73.51909999983882,45.55890000032119],[-73.51849999996752,45.55870000113239],[-73.521399999923,45.555699999994644],[-73.52240000036643,45.555099999141945],[-73.52250000018509,45.55499999974498],[-73.52459999986091,45.552400000162656],[-73.52670000056575,45.549900000910625],[-73.52750000044215,45.54910000028345],[-73.5281000000335,45.546499999661705],[-73.52830000065582,45.54610000010104],[-73.53130000012249,45.54549999943776],[-73.53160000001591,45.54519999959475],[-73.53230000016643,45.54450000103468],[-73.53030000028096,45.5448000002011],[-73.52899999964976,45.544999999621204],[-73.52929999926289,45.5443999994164],[-73.52940000027753,45.54419999945861],[-73.53300000039445,45.54360000041713],[-73.53340000060429,45.5430999997099],[-73.53219999978626,45.54329999912606],[-73.53220000086404,45.54309999962679],[-73.53379999986484,45.542700000017],[-73.53360000017271,45.542300000581875],[-73.53160000036209,45.54269999988855],[-73.53160000005995,45.541999999738024],[-73.53459999993503,45.54140000015992],[-73.5363999999375,45.539400000007035],[-73.54019999976977,45.53559999953363],[-73.54050000039769,45.534700000726815],[-73.54120000021587,45.532900000293374],[-73.5412000001786,45.53280000036176],[-73.54090000091594,45.53280000018633],[-73.5414999997382,45.53150000047793],[-73.54230000010395,45.53160000034553],[-73.54250000005327,45.53159999989837],[-73.54289999953893,45.5302000011299],[-73.54340000000025,45.53109999916164],[-73.54420000048714,45.53280000017363],[-73.5445999996479,45.534399999071404],[-73.54530000020966,45.535100000065455],[-73.54600000067391,45.53600000003977],[-73.54660000004037,45.53700000028638],[-73.54730000008101,45.537699999503914],[-73.54769999981826,45.53800000098003],[-73.54819999965405,45.538300000281914],[-73.54879999990524,45.53859999969572],[-73.54889999973123,45.53869999905492],[-73.54889999973123,45.53869999905492],[-73.5495000002147,45.53879999961926],[-73.552600000381,45.539200000206755],[-73.55580000009026,45.53950000030013],[-73.55590000062304,45.53950000000028],[-73.55599999926599,45.539599999428006],[-73.55920000005668,45.53989999964017],[-73.55910000067158,45.540200000445125],[-73.55859999948426,45.54099999904376],[-73.5585999996451,45.5410999988316],[-73.55790000045408,45.54240000101944],[-73.55750000060411,45.543199999553565],[-73.55709999959699,45.54389999953755],[-73.55670000019657,45.54460000073329],[-73.55640000040925,45.54529999970518],[-73.55600000033716,45.54600000007722],[-73.55570000092867,45.54659999914832],[-73.55529999961257,45.547299999609116],[-73.55530000033659,45.54739999928583],[-73.55520000060969,45.54800000068457],[-73.55509999987612,45.54890000089028],[-73.55499999980452,45.549799999065996],[-73.5550000001022,45.550599999680735],[-73.55490000046373,45.55100000125689],[-73.55480000022146,45.5516999997276],[-73.55480000042263,45.55240000048773],[-73.55470000031556,45.5530999995983],[-73.55469999961996,45.553699999722205],[-73.55459999982502,45.55440000038473],[-73.55449999908429,45.55450000089811],[-73.55460000009596,45.55460000038708],[-73.55449999968243,45.55460000044829],[-73.55460000036757,45.55480000038243],[-73.55439999965927,45.555299999025316],[-73.55439999922548,45.555500000796044],[-73.55430000046448,45.556299999594536],[-73.55419999966627,45.55639999891203],[-73.55429999943006,45.55639999911382],[-73.5542999993873,45.55690000028081],[-73.55449999924524,45.5611000007507],[-73.55460000094135,45.561100000689095],[-73.5544999998544,45.56120000018482],[-73.55460000010422,45.56440000089351],[-73.55459999991973,45.564699999917366],[-73.55450000004083,45.56519999951554],[-73.55440000003786,45.56519999948867],[-73.55430000055982,45.56540000079642],[-73.5543999996367,45.56540000091129],[-73.55399999914773,45.56599999965442],[-73.55369999968295,45.56619999939203],[-73.553800000214,45.566400000518826],[-73.55359999979345,45.56640000095182],[-73.55369999984373,45.566500001020216],[-73.55339999911348,45.56690000042271],[-73.55329999993741,45.56690000033232],[-73.55339999906163,45.56699999975514],[-73.55269999964271,45.567900000197305],[-73.55259999997367,45.56790000039421],[-73.55139999961087,45.567700000895336],[-73.5513000000944,45.56739999928925]]]]}},{"type":"Feature","properties":{"harmonized_pdq_id":"PDQ_H_24_26","display_name":"PDQ 24-26","component_pdqs":[24,26],"source_pdq_values":[26],"geography_type":"longitudinal_analytical_composite","source_dataset":"Limite des secteurs de poste de quartier de police","source_dataset_id":"186892b8-bba5-426c-aa7e-9db8c43cbdfe","source_resource_id":"e18f0da9-3a16-4ba4-b378-59f698b47261","source_license":"Creative Commons Attribution 4.0 International","geometry_rule":"integrated_source_polygon_only","historical_boundary_claim":false,"special_unit":false,"longitudinal_caveat":"This polygon is an IQAI longitudinal analytical composite based on official SPVM/Ville de Montréal PDQ territory geometry. It is used to compare harmonized reported-event totals consistently through time and should not be interpreted as a historical boundary snapshot for every year.","source_area_m2_planar":24082503.9743,"source_vintage":"2026-08-09T00:45:24.840Z","source_crs":"EPSG:32188","browser_crs":"EPSG:4326"},"geometry":{"type":"MultiPolygon","coordinates":[[[[-73.64690000028608,45.53009999959106],[-73.64540000011756,45.52970000028298],[-73.63590000037135,45.52700000068734],[-73.63580000027876,45.52690000079274],[-73.63570000030667,45.52690000085012],[-73.62609999951158,45.52410000009523],[-73.6259000008415,45.52419999942378],[-73.62559999991639,45.524199999430664],[-73.62550000000505,45.52410000036906],[-73.62500000063064,45.524000000499335],[-73.6246000002438,45.523900000088894],[-73.62400000001071,45.523700000395046],[-73.6239999992265,45.52360000119889],[-73.62380000073613,45.52360000126163],[-73.62340000046561,45.523399999241455],[-73.6233000002946,45.52339999924229],[-73.62289999949436,45.52329999916812],[-73.62210000066847,45.52410000028505],[-73.62069999981387,45.52360000112558],[-73.62030000023972,45.524000000522356],[-73.61879999965252,45.525900000625235],[-73.61460000059739,45.524199999681315],[-73.61230000039885,45.52569999942904],[-73.61209999939757,45.525599999644925],[-73.61080000015423,45.525000000598446],[-73.60799999965337,45.52380000052601],[-73.60620000072754,45.52290000002371],[-73.60280000103084,45.52150000060086],[-73.60109999991823,45.520700000461],[-73.59920000018863,45.519899999392095],[-73.59869999939183,45.51970000025162],[-73.59840000018,45.51950000047813],[-73.59749999975722,45.51909999944476],[-73.59659999929667,45.51870000029123],[-73.59650000035768,45.518600000042866],[-73.59590000026498,45.518300000858474],[-73.59530000014806,45.51799999940679],[-73.59329999990557,45.517100001000045],[-73.5918999999018,45.51639999966804],[-73.59190000052419,45.516100000791695],[-73.59190000052419,45.516100000791695],[-73.5917000003129,45.51620000067268],[-73.5914999998812,45.5161999999768],[-73.5914999998812,45.5161999999768],[-73.59130000073179,45.5162000007294],[-73.5913000002947,45.51610000050283],[-73.5912000002562,45.516100000298266],[-73.5912000002562,45.516100000298266],[-73.59110000021903,45.51610000090601],[-73.59080000055398,45.51600000107509],[-73.59070000003959,45.51590000110267],[-73.59030000007645,45.515799999225614],[-73.59040000049993,45.51549999951074],[-73.59049999947534,45.515499999516614],[-73.59069999931208,45.51520000034109],[-73.59080000076831,45.51510000073774],[-73.59080000039316,45.51490000114367],[-73.59069999926731,45.51479999935275],[-73.59089999958528,45.514900000799166],[-73.59089999958528,45.514900000799166],[-73.59100000005719,45.51490000036612],[-73.59109999925052,45.51490000074639],[-73.59130000104008,45.514799999192135],[-73.59140000072546,45.51469999905787],[-73.59170000007929,45.5144999992756],[-73.59190000088819,45.51449999962088],[-73.59229999994449,45.514499999263],[-73.59240000080992,45.5145999996588],[-73.59260000051736,45.51449999942415],[-73.59489999934394,45.5145999990401],[-73.5950999999907,45.514699999435365],[-73.59530000038961,45.51459999897377],[-73.59700000067664,45.51459999971614],[-73.59719999991698,45.51449999952643],[-73.59750000059766,45.51440000005942],[-73.59800000003976,45.514100000644596],[-73.5983999992778,45.51369999945545],[-73.59860000053338,45.51359999949643],[-73.59859999997377,45.51349999922395],[-73.5990000009614,45.51310000038908],[-73.59880000036006,45.513000000495],[-73.5983999991288,45.513000000219876],[-73.59809999979781,45.51310000027453],[-73.5977000004185,45.513100000246176],[-73.59740000088365,45.51309999998057],[-73.59710000006916,45.51309999982804],[-73.5969000001683,45.512900000822654],[-73.59689999995705,45.512700001150556],[-73.59699999980543,45.512499999385476],[-73.59700000052219,45.51229999969851],[-73.59679999989977,45.51219999988826],[-73.5969000006071,45.51210000029131],[-73.5969000005029,45.51199999999215],[-73.59690000040054,45.51190000059109],[-73.59680000026881,45.51170000018266],[-73.59659999956874,45.51160000091165],[-73.59650000042316,45.51149999873933],[-73.59630000096244,45.51139999893854],[-73.5955999993695,45.511199999590254],[-73.59460000028068,45.51100000002299],[-73.59419999998138,45.510900000019305],[-73.59379999981996,45.51080000041282],[-73.59279999984008,45.510299999390874],[-73.59249999985414,45.51009999999183],[-73.59130000024761,45.50950000053699],[-73.59119999941628,45.50909999984393],[-73.59119999997746,45.50879999968292],[-73.59130000078447,45.508400000247725],[-73.59140000017776,45.5079999997981],[-73.59169999996853,45.5077000003043],[-73.59209999985465,45.507300000928545],[-73.59260000070577,45.506799999698586],[-73.59310000063564,45.506200000334864],[-73.59339999919187,45.505699999963355],[-73.59340000018462,45.50559999955097],[-73.59350000025717,45.50520000066442],[-73.59360000083171,45.50489999938787],[-73.59360000084062,45.5044999994744],[-73.5936999996535,45.50419999987448],[-73.59370000058843,45.50400000079572],[-73.59380000025402,45.50379999882663],[-73.5940000001559,45.503599999102356],[-73.59410000061673,45.503399999555405],[-73.5942000003704,45.503199999914436],[-73.59499999946135,45.50269999918638],[-73.5963999999479,45.50229999962539],[-73.59749999976299,45.50180000039539],[-73.59859999954193,45.50110000034639],[-73.60040000007902,45.499700000134474],[-73.60079999952413,45.499299999423656],[-73.60089999978148,45.49919999969721],[-73.60139999995214,45.498800000259564],[-73.6015999993551,45.49850000091309],[-73.60199999973466,45.498099999513975],[-73.60230000078744,45.49780000045066],[-73.60340000005847,45.49679999968058],[-73.60419999938622,45.49599999970512],[-73.6045000000883,45.49579999983829],[-73.60460000040668,45.49569999951037],[-73.60489999952183,45.49560000007337],[-73.60500000005943,45.49550000029136],[-73.6051000002432,45.49540000042037],[-73.60520000007314,45.49530000046041],[-73.60520000068347,45.495200000764754],[-73.60510000004453,45.49510000043539],[-73.60500000103755,45.494999999115436],[-73.6048999998291,45.49489999950788],[-73.60469999953669,45.494799999726844],[-73.60450000066004,45.49479999929645],[-73.60500000040945,45.49479999971351],[-73.60539999918252,45.494899999074335],[-73.6059999997665,45.495100001181925],[-73.60680000012256,45.4953000004833],[-73.60840000030666,45.49320000032253],[-73.60929999937245,45.49379999952058],[-73.61140000036025,45.49169999917575],[-73.61469999934629,45.49310000064082],[-73.61510000061317,45.49269999977684],[-73.61549999969559,45.492000000935164],[-73.61560000057509,45.492000000561326],[-73.61560000070268,45.49190000080752],[-73.6163999998818,45.49129999971339],[-73.61739999931359,45.4901000003547],[-73.61800000041224,45.4893999990731],[-73.61820000014333,45.48850000100282],[-73.61820000083084,45.48819999975118],[-73.6152999999574,45.4869000000436],[-73.61560000041561,45.48650000070217],[-73.616300000087,45.485700000385776],[-73.61689999977958,45.48509999881703],[-73.61689999973393,45.48480000008666],[-73.61600000007755,45.48430000032058],[-73.61500000061963,45.48389999955044],[-73.61600000077777,45.483500000258694],[-73.61679999939028,45.48340000041517],[-73.61810000021637,45.48349999993531],[-73.61880000088345,45.48350000024584],[-73.61950000051145,45.48320000015214],[-73.62049999955461,45.48259999937695],[-73.62199999998617,45.481499999802985],[-73.62220000041367,45.48130000030623],[-73.62239999942666,45.481100000453736],[-73.62260000086461,45.48090000114122],[-73.62270000040868,45.480799999102665],[-73.62270000040868,45.480799999102665],[-73.62279999960504,45.48069999967469],[-73.62279999960504,45.48069999967469],[-73.62289999972495,45.48059999925657],[-73.62349999969142,45.479900000307154],[-73.62359999963294,45.47990000102872],[-73.62359999972175,45.47980000106186],[-73.62380000025712,45.479699998673766],[-73.62389999940316,45.47959999916324],[-73.62420000080495,45.479399999167306],[-73.62450000030967,45.4793000001555],[-73.62459999918798,45.479300000002766],[-73.62459999918798,45.479300000002766],[-73.62480000003083,45.479200000353764],[-73.62509999996847,45.47909999976211],[-73.6255000004645,45.47910000011877],[-73.62600000044824,45.479000000414274],[-73.62629999976203,45.478900000267515],[-73.62649999994186,45.47890000031961],[-73.62750000002097,45.47870000075663],[-73.62880000061239,45.47839999920677],[-73.62949999942022,45.47829999964242],[-73.62999999974878,45.47849999949186],[-73.6309999997226,45.47900000068661],[-73.63069999986807,45.47929999963566],[-73.63049999947901,45.47949999968881],[-73.63050000008265,45.47959999966056],[-73.6304000006728,45.47959999957983],[-73.63200000067201,45.48039999997085],[-73.63210000021682,45.48039999955063],[-73.63530000068742,45.481899999322096],[-73.63890000003897,45.483500000076546],[-73.64180000072514,45.484799999823984],[-73.64200000053913,45.48489999961414],[-73.64509999992022,45.48630000107032],[-73.64819999945814,45.48770000084431],[-73.65079999973466,45.488900000001856],[-73.65109999999109,45.48900000020358],[-73.65060000015065,45.489600000623945],[-73.65030000000996,45.489600000717054],[-73.6503999992787,45.48980000096524],[-73.64860000026314,45.49190000072412],[-73.64820000000825,45.491800000510565],[-73.64850000008153,45.4920000009472],[-73.64839999989027,45.492199999933334],[-73.64879999949481,45.49230000034032],[-73.65019999955064,45.49290000132052],[-73.65039999943367,45.49300000066022],[-73.650600000495,45.49290000107146],[-73.65039999927633,45.492699999640635],[-73.6506000000854,45.49279999953227],[-73.6525999991435,45.49070000123074],[-73.65569999965791,45.48670000061065],[-73.65610000067326,45.48440000031695],[-73.65600000084633,45.47880000091787],[-73.6579999998113,45.47990000083802],[-73.660500000195,45.4814999998845],[-73.66170000005901,45.48019999983396],[-73.66410000024598,45.481499999622876],[-73.66949999953424,45.483500000029366],[-73.67320000046897,45.482599999948704],[-73.6742999995849,45.48210000085893],[-73.67439999958103,45.48210000030097],[-73.67470000063047,45.48239999968423],[-73.67569999946484,45.48320000041116],[-73.67789999925864,45.4814999997895],[-73.67699999961711,45.4839999993287],[-73.6771000004175,45.48399999910549],[-73.6772000000329,45.48409999869329],[-73.6776999998955,45.484499999901495],[-73.67819999985494,45.484799999910294],[-73.67999999942721,45.48590000002177],[-73.68030000006723,45.48609999903779],[-73.68049999969456,45.48619999888838],[-73.68069999994097,45.48640000094221],[-73.68069999984479,45.48650000079721],[-73.68079999995291,45.48650000093556],[-73.68340000012537,45.48800000021887],[-73.68340000097758,45.48810000004447],[-73.68340000097758,45.48810000004447],[-73.68400000069174,45.48850000086925],[-73.68400000069174,45.48850000086925],[-73.68410000050048,45.48850000081881],[-73.68460000080695,45.488800000500795],[-73.6852999999795,45.48929999997869],[-73.6852999999795,45.48929999997869],[-73.68539999992387,45.48929999968991],[-73.68570000066231,45.48949999880354],[-73.68579999968308,45.48949999906596],[-73.68579999968308,45.48949999906596],[-73.68589999998291,45.48949999923872],[-73.685499999729,45.48980000011747],[-73.68269999962476,45.49080000063426],[-73.6823999998795,45.49090000022307],[-73.68189999983447,45.49120000047995],[-73.68160000038948,45.49129999975972],[-73.68130000059384,45.4915999995824],[-73.68030000058191,45.49219999988467],[-73.67990000014649,45.492499999906016],[-73.679299999848,45.492900001010064],[-73.67910000062311,45.4931000001957],[-73.67870000049655,45.49350000019739],[-73.67839999953591,45.49369999976073],[-73.67770000048348,45.494200000650494],[-73.67739999995125,45.494400000261436],[-73.67690000092182,45.49479999974869],[-73.67649999990081,45.49510000122395],[-73.67619999930696,45.49530000035093],[-73.67579999998904,45.4956000002455],[-73.67540000026511,45.49589999962386],[-73.67479999989247,45.49630000114496],[-73.67459999961021,45.496500000431205],[-73.67440000015048,45.49660000058362],[-73.67440000015048,45.49660000058362],[-73.67410000060471,45.49690000011084],[-73.67400000000238,45.49689999950602],[-73.673900000123,45.49699999938225],[-73.67379999988988,45.497099999169706],[-73.67310000057411,45.4977000000209],[-73.67310000057411,45.4977000000209],[-73.67309999988272,45.49779999967765],[-73.67309999988272,45.49779999967765],[-73.67300000066099,45.497899999648865],[-73.67260000023929,45.49829999954577],[-73.67239999919953,45.49829999922123],[-73.67239999983681,45.49840000066504],[-73.66930000036936,45.500900000770685],[-73.6692000003651,45.50090000046178],[-73.66889999991335,45.50130000009608],[-73.66829999992471,45.50170000128465],[-73.66799999984308,45.50200000071796],[-73.66780000015143,45.5021999995931],[-73.6674000001305,45.502399999828526],[-73.66679999990684,45.502699998891984],[-73.66679999990684,45.502699998891984],[-73.66699999994651,45.50280000049235],[-73.66729999981021,45.50280000063598],[-73.6675000010845,45.50290000045755],[-73.66579999979004,45.50369999886449],[-73.66490000068383,45.50339999998845],[-73.66510000036703,45.5035999990577],[-73.66530000108568,45.50390000091557],[-73.66530000108568,45.50390000091557],[-73.665399999787,45.504000000587524],[-73.66550000012232,45.50410000016784],[-73.66540000042761,45.50430000011436],[-73.6653000008032,45.50429999998986],[-73.66509999953256,45.50439999992009],[-73.66490000029779,45.504599999930846],[-73.66449999962357,45.50510000021016],[-73.66440000044545,45.50520000062175],[-73.66359999954045,45.50659999953787],[-73.66280000066436,45.507799999848025],[-73.66260000047367,45.507999999312176],[-73.66229999946084,45.50830000053914],[-73.66230000018025,45.50840000090657],[-73.66220000023546,45.50850000023473],[-73.662199999499,45.5086000006007],[-73.66210000030351,45.50869999983675],[-73.66199999966496,45.50889999934516],[-73.66189999960221,45.509099999658],[-73.66180000027421,45.509199999522586],[-73.66170000025674,45.509400000549526],[-73.66169999957937,45.50960000034703],[-73.66099999982472,45.51070000026425],[-73.66079999965602,45.51090000007356],[-73.66050000069372,45.51129999943325],[-73.6601999996286,45.51180000008791],[-73.65899999995027,45.51380000067866],[-73.65880000094629,45.51400000047433],[-73.65730000069293,45.51620000001699],[-73.65559999966776,45.51899999897254],[-73.65509999999075,45.51969999988999],[-73.65490000007308,45.51999999911276],[-73.65399999972223,45.521299999564604],[-73.65290000072231,45.523000000001616],[-73.65110000085006,45.52590000039957],[-73.65089999945215,45.52719999994242],[-73.65089999926832,45.527299999978155],[-73.65070000066825,45.527499999511335],[-73.65050000104388,45.52779999961513],[-73.65029999929877,45.52810000025544],[-73.6501000005692,45.528799999672714],[-73.64969999976744,45.52920000087815],[-73.64940000061628,45.52960000038759],[-73.64899999973542,45.530099999071446],[-73.64880000002377,45.52999999972654],[-73.64810000015248,45.53009999875061],[-73.64759999920818,45.53020000069331],[-73.64690000028608,45.53009999959106]]]]}},{"type":"Feature","properties":{"harmonized_pdq_id":"PDQ_H_27","display_name":"PDQ 27","component_pdqs":[27],"source_pdq_values":[27],"geography_type":"longitudinal_analytical_composite","source_dataset":"Limite des secteurs de poste de quartier de police","source_dataset_id":"186892b8-bba5-426c-aa7e-9db8c43cbdfe","source_resource_id":"e18f0da9-3a16-4ba4-b378-59f698b47261","source_license":"Creative Commons Attribution 4.0 International","geometry_rule":"direct_source_polygon","historical_boundary_claim":false,"special_unit":false,"longitudinal_caveat":"This polygon is an IQAI longitudinal analytical composite based on official SPVM/Ville de Montréal PDQ territory geometry. It is used to compare harmonized reported-event totals consistently through time and should not be interpreted as a historical boundary snapshot for every year.","source_area_m2_planar":13338703.2977,"source_vintage":"2026-08-09T00:45:24.840Z","source_crs":"EPSG:32188","browser_crs":"EPSG:4326"},"geometry":{"type":"MultiPolygon","coordinates":[[[[-73.64299999988845,45.56770000062544],[-73.64439999938587,45.56609999940532],[-73.64469999954454,45.56570000030381],[-73.64499999929323,45.56530000038667],[-73.64510000085909,45.56509999975142],[-73.64529999991305,45.56489999965226],[-73.64480000044726,45.56460000020979],[-73.64450000089154,45.56450000007096],[-73.64439999957875,45.56440000026331],[-73.64429999971017,45.56440000064745],[-73.6426999999664,45.56370000007352],[-73.6425999994253,45.563599999575175],[-73.64239999996363,45.56359999980386],[-73.64230000013424,45.56349999994015],[-73.63360000078403,45.5596999995269],[-73.62860000044516,45.557600001294325],[-73.62770000065213,45.55729999919502],[-73.62640000062649,45.5568000005388],[-73.62560000028998,45.55720000003183],[-73.62579999980436,45.55660000064503],[-73.62619999932102,45.55650000085201],[-73.62619999962816,45.556399999531465],[-73.62520000004932,45.55599999949228],[-73.6245000004953,45.555800000614546],[-73.62380000023043,45.555500000604674],[-73.62349999927132,45.555299999612096],[-73.62260000090117,45.554899999957705],[-73.62180000017828,45.55450000088842],[-73.6226000007249,45.55409999902202],[-73.62290000036438,45.553999999239906],[-73.62350000026746,45.55359999996835],[-73.624999999633,45.5528999992323],[-73.6265999994388,45.551999999213756],[-73.62759999964882,45.551400000267776],[-73.6285000000925,45.551000000790125],[-73.62950000030574,45.550599999652704],[-73.62960000003297,45.55059999962569],[-73.62970000029073,45.55049999988608],[-73.63019999896572,45.550400000173596],[-73.63080000018493,45.550299999889624],[-73.63159999960027,45.55010000055279],[-73.6326000000478,45.55000000081874],[-73.63350000013574,45.549699999281856],[-73.63370000024126,45.549699999335004],[-73.6344999997832,45.549399999819315],[-73.63499999961466,45.54910000047511],[-73.63530000063402,45.54900000043117],[-73.63539999948101,45.54890000107385],[-73.63570000014799,45.5486999994199],[-73.63590000012863,45.548499999902276],[-73.63639999991113,45.54819999978128],[-73.63670000031242,45.54780000063266],[-73.63699999989716,45.54749999944848],[-73.63750000018715,45.546900000798296],[-73.63790000021176,45.546399999777336],[-73.63829999956096,45.54590000001185],[-73.63880000004575,45.54529999910084],[-73.63939999967104,45.544700000829614],[-73.63969999993095,45.544299998953946],[-73.63980000059111,45.544199999258794],[-73.64029999955218,45.54360000060199],[-73.64070000035184,45.542999999624826],[-73.64109999906549,45.54240000078533],[-73.64149999952367,45.541799999579574],[-73.64189999988098,45.541099998918845],[-73.64199999994513,45.54099999904158],[-73.64469999975094,45.536699998814605],[-73.64570000075685,45.53529999996703],[-73.64579999942028,45.535100000365475],[-73.64890000042641,45.53559999911549],[-73.65220000021262,45.536200000018574],[-73.65539999922548,45.53700000085181],[-73.65560000040153,45.53700000035225],[-73.65689999946574,45.53739999972411],[-73.66099999971759,45.53810000052962],[-73.66480000050116,45.53900000080397],[-73.66490000015327,45.53900000046921],[-73.67050000007353,45.53930000073468],[-73.67690000050644,45.54020000101861],[-73.67699999972642,45.54020000089032],[-73.67690000063888,45.54010000120736],[-73.6774999996695,45.54020000072952],[-73.6775999999997,45.540300000783475],[-73.68159999933778,45.54160000006117],[-73.68180000066177,45.54180000005098],[-73.68899999967165,45.54400000005234],[-73.69240000009887,45.5451000001236],[-73.6927999997192,45.545099999698095],[-73.69310000000333,45.54529999903149],[-73.69610000017167,45.546199999682216],[-73.69640000029833,45.54619999990024],[-73.69649999998866,45.54629999950428],[-73.69650000006484,45.546399999208255],[-73.69770000077642,45.5461000001318],[-73.69840000008823,45.54690000072292],[-73.69809999915363,45.54700000005318],[-73.69799999940263,45.547000000655785],[-73.69779999989657,45.54700000069857],[-73.69780000006989,45.546900000104756],[-73.69770000014154,45.54700000013876],[-73.69720000009698,45.54700000052787],[-73.69720000013788,45.547100000219665],[-73.69700000027561,45.54709999976225],[-73.69680000041534,45.547099999854495],[-73.69679999974758,45.54719999954573],[-73.69669999964124,45.54719999991075],[-73.696600000557,45.547100000496435],[-73.69639999931734,45.547199999580776],[-73.69630000022053,45.54730000018199],[-73.69620000038266,45.54719999952077],[-73.6961000002777,45.54720000026039],[-73.69550000050201,45.547299999846985],[-73.69500000034175,45.54739999929149],[-73.69469999969077,45.547499999581056],[-73.69429999967062,45.54739999977606],[-73.69390000038194,45.54739999915362],[-73.6936999994583,45.54739999921916],[-73.69360000027825,45.54739999956837],[-73.69340000063661,45.5474000000063],[-73.69319999971007,45.54739999919645],[-73.69309999925099,45.547400000009965],[-73.69299999978979,45.54730000014825],[-73.69269999918885,45.54720000031205],[-73.69250000025433,45.547200000072976],[-73.692300000038,45.54719999948591],[-73.69209999979033,45.547300000036245],[-73.6919999995054,45.547299999886526],[-73.69169999993255,45.54729999980981],[-73.6912000007218,45.54739999971663],[-73.69020000038607,45.54749999957889],[-73.68920000024795,45.547800000842166],[-73.6888000001677,45.54770000068076],[-73.68859999962588,45.547800000493545],[-73.6880999998554,45.5482000002408],[-73.68790000056002,45.54849999995108],[-73.68730000060357,45.548900000418726],[-73.68700000010057,45.549000000255106],[-73.68639999974786,45.549200000257294],[-73.68619999988611,45.54930000033935],[-73.68590000042937,45.54939999997747],[-73.6854999997662,45.5493999996377],[-73.68520000055028,45.54939999958643],[-73.68480000021266,45.54920000019233],[-73.68460000007506,45.54930000017291],[-73.6845000007801,45.549200000102786],[-73.68450000019445,45.54910000045005],[-73.68439999928164,45.54910000084681],[-73.6842999996463,45.549100000254136],[-73.6841999999605,45.54900000081841],[-73.68400000006743,45.54890000043903],[-73.68389999998786,45.54880000073788],[-73.68360000012318,45.54880000098511],[-73.683400000554,45.548900000670464],[-73.68310000015614,45.54890000050527],[-73.68269999920174,45.548900001159716],[-73.68169999968124,45.54920000057813],[-73.68159999986997,45.54920000032167],[-73.68159999915584,45.54929999997445],[-73.68150000044764,45.549299999628694],[-73.68130000047485,45.54930000047825],[-73.68120000048516,45.54929999987191],[-73.6810999992174,45.54930000007989],[-73.68059999935534,45.549400000346004],[-73.68019999997607,45.549400000342324],[-73.67999999993629,45.54949999946378],[-73.67980000059534,45.54939999983785],[-73.67970000067072,45.54930000006824],[-73.67990000019316,45.54890000070464],[-73.6793000003543,45.54880000133943],[-73.67910000081798,45.5490000003513],[-73.6792999997718,45.549400000164574],[-73.67930000043484,45.54959999945762],[-73.67910000054212,45.55030000022794],[-73.67879999983273,45.55040000010012],[-73.67710000016173,45.55220000034208],[-73.67690000001694,45.55240000078167],[-73.67650000059459,45.55279999968788],[-73.67550000029034,45.5536999996805],[-73.6751000002705,45.55419999945685],[-73.67479999998508,45.554400000912736],[-73.67450000000895,45.554900000236245],[-73.6742000008433,45.55529999918266],[-73.67410000046277,45.55529999955969],[-73.67410000057468,45.55540000090299],[-73.67410000068156,45.55550000044485],[-73.67399999987612,45.555600000275284],[-73.67399999980945,45.5557000007137],[-73.67389999975352,45.55580000045191],[-73.67389999950778,45.55589999998727],[-73.67389999926259,45.555999999520864],[-73.6739999995398,45.55609999975043],[-73.67389999989548,45.55680000022167],[-73.67600000052201,45.55729999947716],[-73.6775000008106,45.5577000009096],[-73.6771999999075,45.55799999994566],[-73.67590000012785,45.5576000008508],[-73.67500000008891,45.55739999927003],[-73.6740999999241,45.55710000007827],[-73.67389999941786,45.55700000015529],[-73.67379999986385,45.55700000026833],[-73.67380000031169,45.55719999929367],[-73.67379999948352,45.55739999921378],[-73.67370000060629,45.557600000949634],[-73.67359999973493,45.55780000079429],[-73.6733999998728,45.558299999689666],[-73.6732000005146,45.558700000505745],[-73.6729000001679,45.559100000270526],[-73.67270000042471,45.559299999410534],[-73.67250000054717,45.55949999909333],[-73.67230000003923,45.559800000585646],[-73.6721999999651,45.55990000056279],[-73.6720000000342,45.560100000248816],[-73.67190000017747,45.5601999999577],[-73.67169999968219,45.56029999965296],[-73.67140000023657,45.56059999951261],[-73.67110000022474,45.5607999991224],[-73.67080000065401,45.561000000636035],[-73.67069999963819,45.56110000018002],[-73.6697999997827,45.561799999484954],[-73.6694999992555,45.5620000011497],[-73.66909999934559,45.562200000716906],[-73.66869999997444,45.562500000093756],[-73.66860000026577,45.56259999957045],[-73.66740000002905,45.563400000434754],[-73.6671999994294,45.56350000029293],[-73.66709999987255,45.56349999993928],[-73.66710000041617,45.56360000023742],[-73.66689999985516,45.56369999956673],[-73.6667999999551,45.56379999924634],[-73.66670000003538,45.56370000004733],[-73.66659999977999,45.56379999955236],[-73.66649999969205,45.56379999957403],[-73.66640000088489,45.563799999506344],[-73.66629999951543,45.56379999935484],[-73.66629999911176,45.56369999995992],[-73.66610000057003,45.5636999993882],[-73.66590000044556,45.56379999966375],[-73.6657999990775,45.563799999974364],[-73.66570000026861,45.56379999929389],[-73.66560000018109,45.563799999427594],[-73.66550000009333,45.563799999473744],[-73.66540000000529,45.56379999943234],[-73.66529999983074,45.56389999959701],[-73.66519999956479,45.563899999380794],[-73.66499999969515,45.5639999989765],[-73.66449999937811,45.564300001069014],[-73.66440000056305,45.564400000434965],[-73.66430000069148,45.56440000033014],[-73.664300000115,45.56450000061381],[-73.66420000006576,45.56450000042166],[-73.66400000031265,45.56470000033468],[-73.66380000042223,45.564899999890606],[-73.66349999971382,45.56540000089129],[-73.66339999964134,45.56580000014923],[-73.66330000071929,45.56619999928979],[-73.66320000030497,45.56640000052282],[-73.66320000034888,45.566500000770375],[-73.66330000032251,45.566600000284396],[-73.66330000054482,45.56670000052818],[-73.66340000056981,45.56699999953073],[-73.66339999969047,45.5670999997691],[-73.66350000038514,45.56729999933011],[-73.66349999968472,45.56739999956296],[-73.66349999956905,45.567600000921345],[-73.66359999999345,45.567600000826175],[-73.66359999946931,45.56770000015366],[-73.66360000022942,45.56780000037738],[-73.6635999997063,45.56789999970135],[-73.66359999918627,45.567999999923416],[-73.66349999933324,45.56800000001773],[-73.6631999998742,45.56819999931277],[-73.66300000013362,45.56839999914378],[-73.66289999957195,45.5683999996137],[-73.66290000037196,45.56849999892516],[-73.66279999960585,45.568700000627274],[-73.66270000023908,45.568800000227704],[-73.66270000068877,45.56890000043247],[-73.66269999985522,45.568999999737485],[-73.6626000007904,45.568999999942584],[-73.66259999978249,45.5691000001459],[-73.66260000005363,45.56919999944581],[-73.66260000032784,45.5692999996438],[-73.6624999994493,45.56929999976392],[-73.66249999954395,45.56939999906056],[-73.66260000060257,45.56939999984004],[-73.66260000087517,45.56949999913466],[-73.66249999973995,45.56959999944823],[-73.6624999998413,45.56970000053924],[-73.66249999994054,45.569800000728684],[-73.66250000004027,45.56990000091638],[-73.6625000001379,45.57000000020246],[-73.66250000023861,45.57010000038663],[-73.66249999905607,45.57019999967102],[-73.66249999936005,45.570499999307884],[-73.66459999956868,45.572599999748334],[-73.66499999987411,45.57300000093843],[-73.66509999963071,45.57300000043146],[-73.66519999917207,45.57310000086895],[-73.66530000034724,45.573200000314976],[-73.665400000599,45.573300000572885],[-73.66549999960843,45.573300000616705],[-73.66560000038999,45.5733999997972],[-73.66570000024815,45.57349999978961],[-73.66579999961179,45.57349999957032],[-73.66579999918028,45.573599999694075],[-73.66589999974886,45.57369999950689],[-73.6659000007771,45.57379999962503],[-73.66600000059762,45.573899999347894],[-73.66590000052193,45.57389999884343],[-73.66590000026993,45.573999998959906],[-73.66600000045172,45.574100000478424],[-73.66590000002373,45.57410000087426],[-73.66579999916432,45.574200000395955],[-73.6658000000176,45.57430000050554],[-73.66579999959013,45.57440000061522],[-73.66569999930334,45.57450000004324],[-73.66559999944594,45.57450000017561],[-73.66559999994577,45.574600000280405],[-73.66550000023084,45.57469999952896],[-73.66749999996506,45.576500000664474],[-73.66839999924808,45.57740000082298],[-73.670199999918,45.57910000011394],[-73.67009999912294,45.57919999971245],[-73.67000000053586,45.579299999218364],[-73.66729999957045,45.576899999766205],[-73.66700000001414,45.5766000003014],[-73.66530000099277,45.574999999656],[-73.66520000003672,45.575099998636645],[-73.66510000039709,45.57509999923078],[-73.66510000001779,45.575200001125936],[-73.6649999996362,45.57530000082696],[-73.66500000035377,45.57540000001752],[-73.6648000007377,45.57560000004626],[-73.66469999911493,45.57569999947936],[-73.66459999970269,45.57579999971979],[-73.66459999971545,45.57589999980238],[-73.66449999993571,45.57589999987141],[-73.66449999976886,45.57599999905267],[-73.66439999981138,45.57599999903443],[-73.66440000075147,45.576099999112145],[-73.66430000009802,45.576199999084665],[-73.66430000086689,45.57630000095876],[-73.66420000037644,45.576300000766174],[-73.66420000096304,45.57640000083912],[-73.66409999942312,45.576500000632514],[-73.66409999983323,45.57660000070219],[-73.66400000032421,45.57670000040158],[-73.66390000046047,45.576800000012184],[-73.66380000024198,45.57689999953397],[-73.66369999996927,45.57689999980316],[-73.66370000095269,45.576999999864945],[-73.6636000000247,45.577099999209125],[-73.66359999955029,45.577199999269475],[-73.66350000002592,45.577199999362506],[-73.66340000050128,45.57719999936798],[-73.6632999996951,45.57719999928777],[-73.66329999997002,45.57729999934525],[-73.66320000026742,45.57729999917589],[-73.66309999920885,45.577400000776734],[-73.66309999912978,45.577500000831186],[-73.66299999907166,45.57750000048726],[-73.66290000029726,45.57750000095379],[-73.66289999986108,45.577600000107154],[-73.66280000029832,45.577700000538094],[-73.6626999998845,45.57769999993201],[-73.66270000067519,45.57760000077991],[-73.66260000075435,45.57770000013643],[-73.66249999920001,45.57780000030577],[-73.66239999985099,45.57789999948284],[-73.66220000048621,45.577999999325925],[-73.6622000000939,45.57809999937021],[-73.66210000025254,45.5780999991379],[-73.6620999996832,45.57819999918068],[-73.66210000039572,45.57829999921989],[-73.66220000059211,45.578299999451694],[-73.66220000020647,45.57840000129038],[-73.66210000054609,45.57850000109449],[-73.66209999997612,45.57860000023041],[-73.66199999924959,45.5786000008116],[-73.66190000016103,45.57870000043627],[-73.66189999980155,45.578600000403625],[-73.66180000035587,45.57860000080793],[-73.66179999925647,45.57870000084263],[-73.66169999963047,45.578700000259836],[-73.66169999963542,45.57880000029122],[-73.66159999983424,45.5788000005209],[-73.66159999965959,45.57889999965098],[-73.66150000096204,45.57889999979156],[-73.66150000061295,45.578999999819935],[-73.66150000026434,45.57909999984652],[-73.66139999993014,45.57909999990188],[-73.66139999940452,45.57919999992698],[-73.66149999991623,45.579199999871356],[-73.66150000084741,45.5792999989928],[-73.6614000001582,45.579299999048665],[-73.66139999911456,45.57950000088967],[-73.66129999993166,45.57960000087314],[-73.66120000039396,45.5797000007678],[-73.66119999951626,45.57980000078282],[-73.66119999991783,45.579899999894444],[-73.66109999967132,45.579999999697264],[-73.66100000030387,45.580000000300856],[-73.6608999995248,45.580099999927555],[-73.66089999939788,45.58019999993448],[-73.66079999967235,45.58019999946364],[-73.66070000026811,45.580399999812805],[-73.66059999952904,45.58049999916975],[-73.6604999997243,45.58060000113557],[-73.66030000022668,45.58070000030381],[-73.6601000002864,45.58070000092428],[-73.65989999972479,45.58080000029175],[-73.65979999942344,45.58090000074031],[-73.65960000018411,45.58100000047694],[-73.65930000019392,45.581099999878774],[-73.6592000001534,45.58109999980739],[-73.65940000045674,45.580999999871544],[-73.65950000032181,45.58100000066792],[-73.65950000036732,45.580900000675314],[-73.65940000068231,45.58090000077853],[-73.65930000099708,45.5809000007942],[-73.65919999944957,45.5809999998176],[-73.65909999958888,45.58100000055828],[-73.65899999972541,45.581000000311576],[-73.658799999994,45.58110000044612],[-73.65869999976898,45.58119999992625],[-73.65839999968097,45.581299999660565],[-73.65809999987938,45.58159999947018],[-73.65790000027044,45.581700000717646],[-73.65770000055603,45.581900000690034],[-73.65759999909656,45.58190000101961],[-73.65740000009423,45.58200000048567],[-73.65740000017026,45.582100000458595],[-73.65729999953541,45.58220000049565],[-73.65710000104312,45.58239999939817],[-73.65699999934381,45.58249999916875],[-73.6567999997139,45.58259999937419],[-73.65669999957495,45.58259999981388],[-73.65670000073928,45.58249999984809],[-73.6567000006226,45.582399999882306],[-73.65680000040648,45.58239999944312],[-73.65680000011275,45.58229999947582],[-73.65679999982201,45.58220000040661],[-73.65690000006173,45.582099999907975],[-73.65679999952924,45.58210000043578],[-73.6568000005184,45.58200000046145],[-73.65690000040652,45.581900000859626],[-73.6569999999398,45.58180000116898],[-73.65709999993923,45.58180000046679],[-73.65720000049733,45.58159999881819],[-73.65730000025012,45.581499999759124],[-73.65750000021791,45.5813999995581],[-73.65770000015429,45.58119999991793],[-73.6579999996714,45.581100000221284],[-73.65820000082425,45.581000000585625],[-73.65829999979069,45.581099999724884],[-73.6583999998308,45.58109999968427],[-73.65880000000702,45.580900000462904],[-73.65899999996336,45.58070000032848],[-73.65930000003617,45.580499999008225],[-73.65940000029275,45.58049999899172],[-73.65959999952629,45.580499999597706],[-73.65969999947502,45.580399999317684],[-73.65959999939669,45.58039999959654],[-73.65970000014366,45.58019999930879],[-73.65990000087345,45.58019999938741],[-73.65990000021532,45.58010000028155],[-73.65990000083652,45.580000000272285],[-73.66000000065075,45.57990000062081],[-73.66010000010766,45.579799999980686],[-73.66019999930546,45.57960000103583],[-73.66029999924618,45.57960000113169],[-73.66029999915972,45.5795000011146],[-73.66040000020405,45.57950000112134],[-73.66039999993546,45.57939999930308],[-73.66040000095386,45.579299999280934],[-73.66050000036154,45.57929999920242],[-73.66049999992153,45.579199999180545],[-73.6606000004354,45.57919999991277],[-73.66059999981836,45.57909999988936],[-73.66060000048319,45.57899999986241],[-73.66050000032689,45.579000000029545],[-73.66049999988836,45.57890000000238],[-73.6605999998671,45.57889999983551],[-73.66060000053291,45.57879999980503],[-73.66059999992041,45.57870000067444],[-73.66069999954391,45.578700000420504],[-73.66070000003319,45.57860000038674],[-73.66070000052294,45.57850000035126],[-73.66079999979375,45.57850000091008],[-73.66089999906177,45.57850000048157],[-73.66089999919956,45.578400001344605],[-73.66100000080561,45.57829999898722],[-73.66100000076688,45.578199999846994],[-73.6610999997207,45.57829999928394],[-73.6611999995206,45.57819999945174],[-73.66130000024707,45.578099999528916],[-73.6612000004061,45.5780999994086],[-73.66129999967423,45.57799999948606],[-73.66139999933743,45.577999999519086],[-73.66139999986893,45.577899999472905],[-73.66139999912214,45.57780000032661],[-73.6613999996546,45.57770000027694],[-73.66140000018757,45.5776000002255],[-73.66150000078039,45.577500001017],[-73.6614999998555,45.577400000964104],[-73.66150000020724,45.57729999910795],[-73.66160000008871,45.577199998907815],[-73.66150000056466,45.57719999904974],[-73.66139999975903,45.57719999910594],[-73.66139999901311,45.577099999047526],[-73.66130000038203,45.57699999985174],[-73.66129999981457,45.57689999978957],[-73.66140000008795,45.57689999982161],[-73.6613999993435,45.576799999757924],[-73.66149999980158,45.5767000005355],[-73.66150000016192,45.57660000046672],[-73.66150000052275,45.5765000003962],[-73.66139999967831,45.57650000045252],[-73.66149999996718,45.57630000115149],[-73.66160000063606,45.57619999913289],[-73.66169999967406,45.57609999882694],[-73.66169999968496,45.575999999647934],[-73.6617999994725,45.575899999249856],[-73.66179999930688,45.575800000067574],[-73.66180000042047,45.575699999981886],[-73.66180000025325,45.575599999896255],[-73.66180000008912,45.57550000070871],[-73.66190000009523,45.575400000213946],[-73.6619999994687,45.57499999934675],[-73.6612000004395,45.57479999974021],[-73.66110000065449,45.57509999892704],[-73.6610999997861,45.57530000091534],[-73.66109999998815,45.57540000010628],[-73.66110000019327,45.575500000195305],[-73.66110000039886,45.57560000028257],[-73.66110000060493,45.57570000036808],[-73.66099999995426,45.575899999340535],[-73.66099999998434,45.57599999942101],[-73.66089999987918,45.57609999911741],[-73.66079999941932,45.57619999872499],[-73.66069999989371,45.57630000094143],[-73.66069999939324,45.57640000101558],[-73.66070000017204,45.57650000018636],[-73.66070000045485,45.576700000324124],[-73.66069999995378,45.57679999949141],[-73.66079999973056,45.576900000114094],[-73.66079999940796,45.57699999927764],[-73.6607999990884,45.57709999933927],[-73.66079999973208,45.57729999945543],[-73.66079999941654,45.57740000041163],[-73.66079999909894,45.577500000466216],[-73.66060000020322,45.57770000026452],[-73.66049999979181,45.5777000004321],[-73.66040000091414,45.57779999965903],[-73.66029999912158,45.57789999970054],[-73.6601999996358,45.57789999960421],[-73.66010000015233,45.57790000032017],[-73.66009999987341,45.577999999466016],[-73.66019999953694,45.57799999964967],[-73.66029999927937,45.57809999978921],[-73.6601999993407,45.57819999973528],[-73.66010000005679,45.57840000052923],[-73.65989999998634,45.57870000000457],[-73.6599000006402,45.57880000003487],[-73.65979999955844,45.578800000490375],[-73.65960000007625,45.57890000026463],[-73.6595000000399,45.578999999583885],[-73.65939999965131,45.57909999971416],[-73.65930000018933,45.57919999975382],[-73.65929999978057,45.57929999977679],[-73.65930000065114,45.579399998896356],[-73.65919999978424,45.579399998826275],[-73.65910000020104,45.57939999956672],[-73.65899999967978,45.579500001139564],[-73.65890000008007,45.57960000082219],[-73.65880000012555,45.57970000041599],[-73.65870000000885,45.57970000080699],[-73.65859999952181,45.579800000224665],[-73.65840000004867,45.57999999968982],[-73.6580999994346,45.580199999564684],[-73.65740000043081,45.580700000676025],[-73.65729999971182,45.580800000737916],[-73.65719999991943,45.580900000709214],[-73.65699999927023,45.58110000038535],[-73.65689999922932,45.58110000010027],[-73.65660000032206,45.58119999960672],[-73.65650000010518,45.58119999987154],[-73.65639999946646,45.58130000003643],[-73.65630000035303,45.58130000012466],[-73.65619999995793,45.58130000012711],[-73.65600000074929,45.581499999835884],[-73.65579999924736,45.58149999922896],[-73.65569999939602,45.58159999877463],[-73.65550000065585,45.58170000121792],[-73.65549999991778,45.58180000029722],[-73.65530000010747,45.58190000058856],[-73.65519999994304,45.582000000589716],[-73.6551999999704,45.58219999963372],[-73.65510000037847,45.582299999541256],[-73.65500000009322,45.58249999932616],[-73.65490000038095,45.58269999901571],[-73.6548999998713,45.58280000077656],[-73.65479999996514,45.582900000411264],[-73.65469999924954,45.58319999986642],[-73.65440000028893,45.58359999970118],[-73.65249999987527,45.58290000029513],[-73.65259999948788,45.58269999911476],[-73.65109999986235,45.58210000005771],[-73.65099999932877,45.582100000007465],[-73.65090000000924,45.58200000079548],[-73.6473000000607,45.58049999890651],[-73.64529999967625,45.57970000016472],[-73.64430000029296,45.57929999976877],[-73.64129999993192,45.5781999990268],[-73.64130000026542,45.57809999988603],[-73.64060000000629,45.57770000045343],[-73.6404999995955,45.577700000210264],[-73.64010000032151,45.57750000095931],[-73.63880000004954,45.576899999331594],[-73.6385000005182,45.57689999990941],[-73.63839999932375,45.576799999565814],[-73.63660000045685,45.57599999964727],[-73.63650000039256,45.575899999423164],[-73.63630000083829,45.57589999976846],[-73.63629999980351,45.5757999996895],[-73.64049999987253,45.57080000081154],[-73.64299999988845,45.56770000062544]],[[-73.662499999224,45.57489999907037],[-73.66249999910218,45.57479999987041],[-73.66269999972988,45.574500000134506],[-73.66299999911178,45.574100000353255],[-73.6630999996324,45.573999998782455],[-73.66309999973141,45.57389999956631],[-73.66299999965648,45.57389999922273],[-73.66309999982832,45.57379999944857],[-73.66319999972552,45.57379999970485],[-73.66329999962248,45.57379999987361],[-73.6632000009267,45.573699999583766],[-73.66330000038914,45.57359999963199],[-73.6633999999309,45.57359999971371],[-73.66339999949685,45.573499999591434],[-73.66299999931073,45.573100000932776],[-73.6627999994205,45.57289999881792],[-73.66270000065272,45.57279999897466],[-73.66260000095888,45.57269999904342],[-73.66249999917133,45.57269999916453],[-73.66249999906037,45.57259999992589],[-73.66250000022853,45.57249999978383],[-73.66240000014184,45.57239999967287],[-73.66230000016743,45.57239999961633],[-73.66220000019538,45.57240000037212],[-73.66210000081831,45.5722999999958],[-73.66199999923658,45.57220000043318],[-73.66189999961615,45.57220000002602],[-73.66199999973944,45.57229999967825],[-73.66199999896416,45.57239999982318],[-73.66199999997494,45.57259999920438],[-73.66199999920113,45.57269999934407],[-73.66190000030502,45.57279999907266],[-73.66189999969131,45.57300000114154],[-73.66190000035306,45.57320000050213],[-73.661799999269,45.57340000026371],[-73.66120000006033,45.57469999963912],[-73.66199999971298,45.57479999914829],[-73.66210000079955,45.57489999956603],[-73.66239999993793,45.57489999910016],[-73.662499999224,45.57489999907037]],[[-73.66389999997278,45.57300000074129],[-73.66399999973208,45.573000001197215],[-73.66409999909115,45.572899998733206],[-73.66409999998336,45.572799999496496],[-73.66420000066586,45.572799998876164],[-73.66439999983054,45.57269999903872],[-73.66429999986167,45.572599999694305],[-73.66420000024536,45.57249999936026],[-73.66410000009529,45.57249999997982],[-73.66409999970564,45.5723999998381],[-73.6638999997229,45.57229999977034],[-73.66380000007081,45.57219999998081],[-73.66370000077389,45.572100000101514],[-73.66360000005126,45.57210000028425],[-73.66359999927235,45.57200000103591],[-73.66350000000554,45.57200000022922],[-73.66349999940459,45.57190000097891],[-73.6633999998868,45.57179999903242],[-73.66339999946172,45.5716999988785],[-73.66330000073204,45.57169999969563],[-73.66320000064862,45.571599999371074],[-73.66309999964179,45.571499999858396],[-73.66300000026874,45.57139999935428],[-73.66289999997227,45.57129999966202],[-73.66280000003098,45.57119999987999],[-73.66280000067624,45.571100000613896],[-73.66269999998687,45.571000000741904],[-73.66259999993272,45.571000000048386],[-73.66260000093389,45.57090000077829],[-73.66249999967368,45.570800000728575],[-73.66239999997654,45.57080000075933],[-73.66230000027919,45.57080000070256],[-73.66219999972664,45.57100000089817],[-73.66220000057851,45.57110000016383],[-73.66210000034825,45.57109999993272],[-73.66199999933662,45.571199999780106],[-73.66199999983714,45.57129999994259],[-73.66189999957503,45.571399999697825],[-73.66189999989908,45.57149999985704],[-73.66200000005787,45.57159999952143],[-73.66209999989447,45.57159999984071],[-73.66220000058566,45.571699999327535],[-73.66230000035084,45.57179999872644],[-73.66239999926042,45.571799998784414],[-73.66249999956577,45.57190000070523],[-73.6626000002211,45.57200000073659],[-73.66269999995042,45.57210000067999],[-73.66309999996358,45.57240000031695],[-73.66319999993601,45.57239999967317],[-73.66330000016193,45.57249999998354],[-73.66389999997278,45.57300000074129]]],[[[-73.65499999976426,45.58650000011656],[-73.65500000008396,45.58640000022063],[-73.65510000056359,45.58640000036913],[-73.65510000070618,45.58630000047165],[-73.65509999956772,45.586200000574166],[-73.65509999971125,45.586100000673206],[-73.65509999999477,45.585899999066314],[-73.6551999995538,45.585799999222424],[-73.65529999962403,45.58550000036742],[-73.65539999901537,45.585300000426734],[-73.655399999912,45.5852000005089],[-73.65550000026117,45.585100000388934],[-73.6555000009812,45.585000000467794],[-73.65560000025798,45.58500000107996],[-73.65550000041772,45.58489999964683],[-73.65560000005786,45.584799999435],[-73.65570000062468,45.58469999913256],[-73.65569999971248,45.58460000010645],[-73.65579999974737,45.58449999971367],[-73.65579999993759,45.5843999997827],[-73.6558999994299,45.584400000131915],[-73.6558000001283,45.58429999984997],[-73.65589999944304,45.584300000199406],[-73.65589999945665,45.584200000265156],[-73.65599999987515,45.58420000052551],[-73.65610000029338,45.584200000698374],[-73.65619999994642,45.58429999981916],[-73.65639999985784,45.584300000628296],[-73.65629999995728,45.58439999975002],[-73.65639999991747,45.58459999952069],[-73.65630000018713,45.58479999946221],[-73.65600000016323,45.5858999991684],[-73.65579999933861,45.586100001066235],[-73.65570000031255,45.586200000529544],[-73.65559999965258,45.586300000805586],[-73.65549999991681,45.58640000009126],[-73.65539999932959,45.5866999999744],[-73.65539999972155,45.58679999986414],[-73.6548000001514,45.58720000057398],[-73.6544999996572,45.587300000757615],[-73.65440000024344,45.587200001100804],[-73.6542999996257,45.587200001239474],[-73.65429999989853,45.58709999955631],[-73.65440000043938,45.58699999953281],[-73.65450000070176,45.58699999930705],[-73.65450000062533,45.58689999942046],[-73.65459999942834,45.58689999910914],[-73.65469999951517,45.58689999960837],[-73.65470000036565,45.586799999718785],[-73.65479999966654,45.5867000002413],[-73.65469999993506,45.58669999982914],[-73.65479999905884,45.58660000035016],[-73.6548999998916,45.58659999977343],[-73.65499999976426,45.58650000011656]]]]}},{"type":"Feature","properties":{"harmonized_pdq_id":"PDQ_H_30","display_name":"PDQ 30","component_pdqs":[30],"source_pdq_values":[30],"geography_type":"longitudinal_analytical_composite","source_dataset":"Limite des secteurs de poste de quartier de police","source_dataset_id":"186892b8-bba5-426c-aa7e-9db8c43cbdfe","source_resource_id":"e18f0da9-3a16-4ba4-b378-59f698b47261","source_license":"Creative Commons Attribution 4.0 International","geometry_rule":"direct_source_polygon","historical_boundary_claim":false,"special_unit":false,"longitudinal_caveat":"This polygon is an IQAI longitudinal analytical composite based on official SPVM/Ville de Montréal PDQ territory geometry. It is used to compare harmonized reported-event totals consistently through time and should not be interpreted as a historical boundary snapshot for every year.","source_area_m2_planar":9144892.6313,"source_vintage":"2026-08-09T00:45:24.840Z","source_crs":"EPSG:32188","browser_crs":"EPSG:4326"},"geometry":{"type":"MultiPolygon","coordinates":[[[[-73.61409999961741,45.57980000042407],[-73.61199999938292,45.57889999982841],[-73.61120000062945,45.57850000108893],[-73.60859999940685,45.57740000038221],[-73.60639999969516,45.57640000042108],[-73.60579999940748,45.57619999874606],[-73.60280000091579,45.57479999931266],[-73.60220000009411,45.57430000086305],[-73.60180000085309,45.574500000087596],[-73.60159999926167,45.57430000066592],[-73.60140000037198,45.574100000884705],[-73.60130000035721,45.574200000628004],[-73.60109999909822,45.5741000004297],[-73.60099999995566,45.574100000701705],[-73.60059999992092,45.5738999988971],[-73.60050000012232,45.57399999884323],[-73.60039999987669,45.57399999949082],[-73.60059999947434,45.57379999968434],[-73.60090000005518,45.5735000002036],[-73.60150000036697,45.57269999946844],[-73.59900000008652,45.57159999980958],[-73.59869999967954,45.57149999919704],[-73.59839999905826,45.571399999594796],[-73.59600000047287,45.57039999919918],[-73.59559999995065,45.57049999917791],[-73.59559999963473,45.57019999955533],[-73.59279999967575,45.56890000062558],[-73.59029999970716,45.56780000061214],[-73.58720000025379,45.56640000050316],[-73.58699999983088,45.56640000092231],[-73.58690000025908,45.56640000055018],[-73.58690000108109,45.56629999940563],[-73.5866999997312,45.566299999300284],[-73.58649999991555,45.566199999497606],[-73.5862999995283,45.56609999934347],[-73.58639999984827,45.56609999934043],[-73.586700000405,45.56570000049783],[-73.58670000030403,45.56560000024151],[-73.586900000451,45.565600000347686],[-73.58730000004527,45.56509999910152],[-73.5873000001638,45.56499999973428],[-73.58739999981324,45.56499999975615],[-73.58739999975319,45.56489999948744],[-73.58750000050613,45.564899999420916],[-73.58800000009612,45.564300000628045],[-73.58800000025586,45.56420000124669],[-73.58809999976607,45.56420000065585],[-73.58860000085944,45.56360000006133],[-73.58859999995518,45.56349999976863],[-73.58870000078754,45.56350000045118],[-73.58920000082387,45.56289999895683],[-73.58920000013944,45.56279999955146],[-73.58930000014716,45.56269999940189],[-73.58979999999536,45.562200000913876],[-73.58980000080896,45.56210000059516],[-73.59000000006638,45.562100000673354],[-73.59039999964524,45.56149999963263],[-73.59040000067876,45.56140000020124],[-73.5906000000143,45.56140000012869],[-73.59099999981302,45.560900000853024],[-73.59099999978089,45.56079999961224],[-73.59109999945814,45.56069999965156],[-73.59160000021332,45.56020000030633],[-73.59160000040114,45.560099999952875],[-73.59170000033676,45.56000000035422],[-73.59219999981605,45.55949999922186],[-73.59220000022388,45.55939999975571],[-73.5922999991355,45.55929999962029],[-73.59279999990686,45.55880000029807],[-73.59279999925235,45.55870000082043],[-73.59289999925402,45.558700000526294],[-73.59329999924041,45.55820000015722],[-73.59330000026104,45.55809999976781],[-73.59350000008574,45.55800000052584],[-73.59399999919475,45.557499999437105],[-73.59389999999914,45.557399999392864],[-73.59400000003932,45.5572999995327],[-73.59410000011925,45.55729999908778],[-73.59460000052204,45.556700000295756],[-73.59460000052341,45.5566000007806],[-73.59479999948209,45.55660000055335],[-73.59510000014095,45.55619999967611],[-73.59509999925538,45.55609999925306],[-73.59519999998982,45.55600000011853],[-73.59559999937858,45.555600000890685],[-73.59560000016964,45.55550000045566],[-73.59570000090024,45.55550000040916],[-73.59639999972792,45.55470000039801],[-73.59640000038354,45.554599999947214],[-73.59649999951826,45.55460000010153],[-73.59669999944352,45.554300000584526],[-73.59669999956668,45.55419999922727],[-73.59680000055317,45.5541999991174],[-73.59729999951914,45.553700000346],[-73.59729999892646,45.55350000030885],[-73.59739999995294,45.55350000057349],[-73.59790000020497,45.552999999112984],[-73.59790000076842,45.552899999532116],[-73.59809999961952,45.55279999934394],[-73.5983999999233,45.55230000073929],[-73.59850000088299,45.55220000044827],[-73.59859999960376,45.5522000005642],[-73.59930000024484,45.55250000038871],[-73.60010000094047,45.552699999625105],[-73.6019999997656,45.55350000004285],[-73.60200000007298,45.553600000512446],[-73.60219999991759,45.553599999926114],[-73.60429999936018,45.55450000017477],[-73.60439999904149,45.554600000164356],[-73.60459999987408,45.5546000007744],[-73.60659999988351,45.55550000061608],[-73.6066999999816,45.555700000807406],[-73.60679999992546,45.55560000050972],[-73.60889999980202,45.556600000885986],[-73.60899999984544,45.55670000041129],[-73.60910000014343,45.55670000033283],[-73.61119999986646,45.55760000103121],[-73.61129999936189,45.55770000032594],[-73.61140000015425,45.5577000009332],[-73.6123000002795,45.55800000005142],[-73.61249999982924,45.558200000210654],[-73.61270000071008,45.558299999625326],[-73.6139000003738,45.557800000678014],[-73.6146999999942,45.55739999948285],[-73.61570000018025,45.55699999992883],[-73.61619999943721,45.55680000000863],[-73.61710000035318,45.556399998948095],[-73.61790000003596,45.55609999996546],[-73.61870000098013,45.55570000032972],[-73.61970000029602,45.55529999893338],[-73.62100000038235,45.55480000027414],[-73.62180000017828,45.55450000088842],[-73.62260000090117,45.554899999957705],[-73.62349999927132,45.555299999612096],[-73.62380000023043,45.555500000604674],[-73.6245000004953,45.555800000614546],[-73.62520000004932,45.55599999949228],[-73.62619999962816,45.556399999531465],[-73.62619999932102,45.55650000085201],[-73.62579999980436,45.55660000064503],[-73.62560000028998,45.55720000003183],[-73.62640000062649,45.5568000005388],[-73.62770000065213,45.55729999919502],[-73.62860000044516,45.557600001294325],[-73.63360000078403,45.5596999995269],[-73.64230000013424,45.56349999994015],[-73.64239999996363,45.56359999980386],[-73.6425999994253,45.563599999575175],[-73.6426999999664,45.56370000007352],[-73.64429999971017,45.56440000064745],[-73.64439999957875,45.56440000026331],[-73.64450000089154,45.56450000007096],[-73.64480000044726,45.56460000020979],[-73.64480000044726,45.56460000020979],[-73.64529999991305,45.56489999965226],[-73.64510000085909,45.56509999975142],[-73.64499999929323,45.56530000038667],[-73.64469999954454,45.56570000030381],[-73.64439999938587,45.56609999940532],[-73.64299999988845,45.56770000062544],[-73.64049999987253,45.57080000081154],[-73.63629999980351,45.5757999996895],[-73.63630000083829,45.57589999976846],[-73.6364000005458,45.575999999268234],[-73.63289999936946,45.57970000060364],[-73.63209999971737,45.57939999892344],[-73.62890000052666,45.58310000058271],[-73.62880000006433,45.58319999994682],[-73.62849999911516,45.58349999930244],[-73.62839999979835,45.58359999920784],[-73.62839999979835,45.58359999920784],[-73.62839999965473,45.583699999150554],[-73.6283999995115,45.5837999990915],[-73.6282999994896,45.583900000704524],[-73.6278000004478,45.584400000230204],[-73.62690000009623,45.58540000032356],[-73.62689999985942,45.585500000234646],[-73.62640000065362,45.58570000007882],[-73.6263000001577,45.585600000095255],[-73.62630000017792,45.58550000018621],[-73.62609999970483,45.58520000093267],[-73.62600000007627,45.58520000059279],[-73.62549999969532,45.58500000044861],[-73.62509999921937,45.58479999932403],[-73.62459999998485,45.584699999649466],[-73.62389999943437,45.58449999989081],[-73.62340000001336,45.584100000563254],[-73.62210000061211,45.583399999507265],[-73.62139999923646,45.58310000063196],[-73.62079999940362,45.582800000629256],[-73.6199999996372,45.58249999986162],[-73.61919999925081,45.58209999980733],[-73.61840000001878,45.58180000039586],[-73.61769999980424,45.58149999946051],[-73.6168999992158,45.5811000003273],[-73.61610000081859,45.58080000095341],[-73.61539999983023,45.58039999937321],[-73.61469999969225,45.58009999977874],[-73.61409999961741,45.57980000042407]]]]}},{"type":"Feature","properties":{"harmonized_pdq_id":"PDQ_H_31_33","display_name":"PDQ 31-33","component_pdqs":[31,33],"source_pdq_values":[31],"geography_type":"longitudinal_analytical_composite","source_dataset":"Limite des secteurs de poste de quartier de police","source_dataset_id":"186892b8-bba5-426c-aa7e-9db8c43cbdfe","source_resource_id":"e18f0da9-3a16-4ba4-b378-59f698b47261","source_license":"Creative Commons Attribution 4.0 International","geometry_rule":"integrated_source_polygon_only","historical_boundary_claim":false,"special_unit":false,"longitudinal_caveat":"This polygon is an IQAI longitudinal analytical composite based on official SPVM/Ville de Montréal PDQ territory geometry. It is used to compare harmonized reported-event totals consistently through time and should not be interpreted as a historical boundary snapshot for every year.","source_area_m2_planar":7328210.25924,"source_vintage":"2026-08-09T00:45:24.840Z","source_crs":"EPSG:32188","browser_crs":"EPSG:4326"},"geometry":{"type":"MultiPolygon","coordinates":[[[[-73.6123000002795,45.55800000005142],[-73.61140000015425,45.5577000009332],[-73.61129999936189,45.55770000032594],[-73.61119999986646,45.55760000103121],[-73.60910000014343,45.55670000033283],[-73.60899999984544,45.55670000041129],[-73.60889999980202,45.556600000885986],[-73.60679999992546,45.55560000050972],[-73.6066999999816,45.555700000807406],[-73.60659999988351,45.55550000061608],[-73.60459999987408,45.5546000007744],[-73.60439999904149,45.554600000164356],[-73.60429999936018,45.55450000017477],[-73.60219999991759,45.553599999926114],[-73.60200000007298,45.553600000512446],[-73.6019999997656,45.55350000004285],[-73.60010000094047,45.552699999625105],[-73.59930000024484,45.55250000038871],[-73.59859999960376,45.5522000005642],[-73.59850000088299,45.55220000044827],[-73.59860000020895,45.55210000096921],[-73.59910000048136,45.551599999531625],[-73.59910000020163,45.551499999926826],[-73.59919999978487,45.55139999990993],[-73.5995999996988,45.55100000074759],[-73.59949999955406,45.550899999193255],[-73.59980000008855,45.550799999730366],[-73.60009999980991,45.55039999971073],[-73.60010000032193,45.55030000008408],[-73.6003000001474,45.550200000496424],[-73.60059999991512,45.54990000055593],[-73.60049999975546,45.54969999932107],[-73.60069999985714,45.549699999560595],[-73.60100000016402,45.54929999979867],[-73.60100000036417,45.549200000152936],[-73.60110000016805,45.54919999987896],[-73.6014999997963,45.548699999652975],[-73.60139999959732,45.54869999937765],[-73.60159999999348,45.54869999894093],[-73.60199999933751,45.54820000051957],[-73.6018999999126,45.54810000011649],[-73.60209999946329,45.54810000060474],[-73.60250000036874,45.547599999478386],[-73.6023999998431,45.54749999950344],[-73.6025999998258,45.547499999115836],[-73.60300000051924,45.5471000003694],[-73.60299999974121,45.547000000685756],[-73.60309999981189,45.54690000077421],[-73.60359999996932,45.54639999897718],[-73.60349999962645,45.54629999994393],[-73.6036999999319,45.54639999912639],[-73.60700000022675,45.547900000572724],[-73.6071000002874,45.54790000044512],[-73.60739999995414,45.54770000109454],[-73.60759999941976,45.54749999980236],[-73.60780000003228,45.54729999995154],[-73.6081999998144,45.54680000039122],[-73.60830000055631,45.54670000042235],[-73.60869999934245,45.54619999995903],[-73.60890000012728,45.54609999963814],[-73.60940000010302,45.54549999876685],[-73.60950000025996,45.54539999952476],[-73.60960000006072,45.54529999929383],[-73.61010000015811,45.54480000039795],[-73.61019999966534,45.544600000804365],[-73.61080000026712,45.54399999971501],[-73.61089999912872,45.543900000121894],[-73.61139999935031,45.54329999926148],[-73.61149999975022,45.54319999912927],[-73.61209999983656,45.54260000006209],[-73.61209999958695,45.542500000298375],[-73.61220000031855,45.54250000020448],[-73.6126999999126,45.54180000002863],[-73.61280000047543,45.54169999963155],[-73.6130000001406,45.541200001015255],[-73.61309999965147,45.54099999965577],[-73.61319999973858,45.54080000000081],[-73.61330000020769,45.54070000004829],[-73.61330000020769,45.54070000004829],[-73.61330000039828,45.54060000025066],[-73.61370000006937,45.54010000063621],[-73.61369999903327,45.539899999219834],[-73.61390000019279,45.53959999940287],[-73.61390000019279,45.53959999940287],[-73.61390000060406,45.539499999585665],[-73.61409999940373,45.539000000650105],[-73.61409999940373,45.539000000650105],[-73.61420000021143,45.538899998977755],[-73.61450000050422,45.53840000005526],[-73.6144999998561,45.53830000021798],[-73.61459999999974,45.53819999998344],[-73.61520000043431,45.53769999925083],[-73.61530000005433,45.53749999944122],[-73.61559999988872,45.537199999926166],[-73.6156999999797,45.53710000050895],[-73.61609999971886,45.536599999380165],[-73.61620000042217,45.536499999514014],[-73.61689999927155,45.53580000065588],[-73.61699999970308,45.53570000097534],[-73.61740000044315,45.53529999956147],[-73.61760000098137,45.53520000001252],[-73.6182000009028,45.53490000015558],[-73.61830000031033,45.53470000032057],[-73.61840000015724,45.53460000119526],[-73.61889999993912,45.53419999964136],[-73.61899999947151,45.53400000006852],[-73.61939999961722,45.53360000053001],[-73.6194999994081,45.533500000422336],[-73.61990000015231,45.53309999999682],[-73.62000000060046,45.532900000408596],[-73.62039999995929,45.53250000089081],[-73.62060000062878,45.53240000053874],[-73.62089999982918,45.531999999483354],[-73.62109999960578,45.53180000009505],[-73.6216000007653,45.53119999919659],[-73.62160000036302,45.531099999232126],[-73.62150000063126,45.531099999455954],[-73.61950000058498,45.53080000004734],[-73.61899999982742,45.53070000012826],[-73.61849999953566,45.530500000742755],[-73.61779999962334,45.53009999955547],[-73.61760000044052,45.52989999959151],[-73.61729999984762,45.52960000032756],[-73.61710000026878,45.52930000037474],[-73.61700000010836,45.52899999936003],[-73.61699999897971,45.52879999935288],[-73.61699999905605,45.52869999934601],[-73.61689999999153,45.52860000003309],[-73.61689999973224,45.52820000088145],[-73.61699999975896,45.527799999205065],[-73.61720000060521,45.52789999937058],[-73.61839999962491,45.5263999995546],[-73.61879999965252,45.525900000625235],[-73.62030000023972,45.524000000522356],[-73.62069999981387,45.52360000112558],[-73.62210000066847,45.52410000028505],[-73.62289999949436,45.52329999916812],[-73.6233000002946,45.52339999924229],[-73.62340000046561,45.523399999241455],[-73.62380000073613,45.52360000126163],[-73.6239999992265,45.52360000119889],[-73.62400000001071,45.523700000395046],[-73.6246000002438,45.523900000088894],[-73.62500000063064,45.524000000499335],[-73.62550000000505,45.52410000036906],[-73.62559999991639,45.524199999430664],[-73.6259000008415,45.52419999942378],[-73.62609999951158,45.52410000009523],[-73.63570000030667,45.52690000085012],[-73.63580000027876,45.52690000079274],[-73.63590000037135,45.52700000068734],[-73.64540000011756,45.52970000028298],[-73.64690000028608,45.53009999959106],[-73.64759999920818,45.53020000069331],[-73.64810000015248,45.53009999875061],[-73.64880000002377,45.52999999972654],[-73.64899999973542,45.530099999071446],[-73.64899999973542,45.530099999071446],[-73.64920000016262,45.53020000076304],[-73.64909999994394,45.53030000083566],[-73.6490000006514,45.530400000817785],[-73.64899999967338,45.53049999989832],[-73.64890000100463,45.53050000071103],[-73.64890000100463,45.53050000071103],[-73.64889999984987,45.53059999979004],[-73.64879999962375,45.5307999995668],[-73.64870000042293,45.530800000205105],[-73.64870000019539,45.530899999277615],[-73.64860000001369,45.53109999976848],[-73.64840000084318,45.53140000050337],[-73.64829999964685,45.53150000075554],[-73.64819999954689,45.531699999975096],[-73.64800000015086,45.53190000002546],[-73.64799999997041,45.53199999997837],[-73.64790000084463,45.53209999986708],[-73.64790000084463,45.53209999986708],[-73.64780000082874,45.532299998715175],[-73.6468999999539,45.533299999114696],[-73.64639999953226,45.534199999606265],[-73.6458999998892,45.53500000056682],[-73.64579999942028,45.535100000365475],[-73.64570000075685,45.53529999996703],[-73.64469999975094,45.536699998814605],[-73.64199999994513,45.54099999904158],[-73.64189999988098,45.541099998918845],[-73.64149999952367,45.541799999579574],[-73.64109999906549,45.54240000078533],[-73.64070000035184,45.542999999624826],[-73.64029999955218,45.54360000060199],[-73.63980000059111,45.544199999258794],[-73.63969999993095,45.544299998953946],[-73.63939999967104,45.544700000829614],[-73.63880000004575,45.54529999910084],[-73.63829999956096,45.54590000001185],[-73.63790000021176,45.546399999777336],[-73.63750000018715,45.546900000798296],[-73.63699999989716,45.54749999944848],[-73.63670000031242,45.54780000063266],[-73.63639999991113,45.54819999978128],[-73.63590000012863,45.548499999902276],[-73.63570000014799,45.5486999994199],[-73.63539999948101,45.54890000107385],[-73.63530000063402,45.54900000043117],[-73.63499999961466,45.54910000047511],[-73.6344999997832,45.549399999819315],[-73.63370000024126,45.549699999335004],[-73.63350000013574,45.549699999281856],[-73.6326000000478,45.55000000081874],[-73.63159999960027,45.55010000055279],[-73.63080000018493,45.550299999889624],[-73.63019999896572,45.550400000173596],[-73.62970000029073,45.55049999988608],[-73.62960000003297,45.55059999962569],[-73.62950000030574,45.550599999652704],[-73.6285000000925,45.551000000790125],[-73.62759999964882,45.551400000267776],[-73.6265999994388,45.551999999213756],[-73.624999999633,45.5528999992323],[-73.62350000026746,45.55359999996835],[-73.62290000036438,45.553999999239906],[-73.6226000007249,45.55409999902202],[-73.62180000017828,45.55450000088842],[-73.62100000038235,45.55480000027414],[-73.61970000029602,45.55529999893338],[-73.61870000098013,45.55570000032972],[-73.61790000003596,45.55609999996546],[-73.61710000035318,45.556399998948095],[-73.61619999943721,45.55680000000863],[-73.61570000018025,45.55699999992883],[-73.6146999999942,45.55739999948285],[-73.6139000003738,45.557800000678014],[-73.61270000071008,45.558299999625326],[-73.61249999982924,45.558200000210654],[-73.6123000002795,45.55800000005142]]]]}},{"type":"Feature","properties":{"harmonized_pdq_id":"PDQ_H_35","display_name":"PDQ 35","component_pdqs":[35],"source_pdq_values":[35],"geography_type":"longitudinal_analytical_composite","source_dataset":"Limite des secteurs de poste de quartier de police","source_dataset_id":"186892b8-bba5-426c-aa7e-9db8c43cbdfe","source_resource_id":"e18f0da9-3a16-4ba4-b378-59f698b47261","source_license":"Creative Commons Attribution 4.0 International","geometry_rule":"direct_source_polygon","historical_boundary_claim":false,"special_unit":false,"longitudinal_caveat":"This polygon is an IQAI longitudinal analytical composite based on official SPVM/Ville de Montréal PDQ territory geometry. It is used to compare harmonized reported-event totals consistently through time and should not be interpreted as a historical boundary snapshot for every year.","source_area_m2_planar":5023867.23274,"source_vintage":"2026-08-09T00:45:24.840Z","source_crs":"EPSG:32188","browser_crs":"EPSG:4326"},"geometry":{"type":"MultiPolygon","coordinates":[[[[-73.59850000038476,45.55210000085425],[-73.59509999971186,45.550599999331666],[-73.59499999998734,45.5505999997522],[-73.5949999992969,45.55050000013037],[-73.59350000065743,45.54979999943024],[-73.59330000020188,45.54979999918307],[-73.5932999999669,45.54969999954689],[-73.59169999945564,45.54900000095572],[-73.59160000000519,45.54900000019946],[-73.59149999967308,45.54890000060583],[-73.58830000009705,45.547399999921204],[-73.58819999964285,45.54739999978881],[-73.58819999949306,45.54730000011062],[-73.58629999950462,45.54649999966427],[-73.58629999950462,45.54649999966427],[-73.58620000020188,45.54639999898605],[-73.58500000053168,45.54580000014999],[-73.58480000069613,45.54590000002282],[-73.58480000017558,45.545800000318685],[-73.58339999989165,45.545100000011715],[-73.5831999996997,45.54519999979534],[-73.58320000073715,45.545100000077824],[-73.58120000050576,45.54419999925463],[-73.58100000070067,45.54419999906891],[-73.58100000051871,45.544099999334804],[-73.57849999996316,45.54309999972755],[-73.57839999944903,45.543099999115036],[-73.57830000021663,45.54309999931393],[-73.57820000064666,45.54299999967208],[-73.57809999903017,45.542999999697535],[-73.5779999999747,45.542999999633714],[-73.57799999999206,45.54289999987849],[-73.57470000009447,45.541500000519456],[-73.57440000066174,45.54140000035501],[-73.57600000089884,45.54160000035127],[-73.57699999992666,45.54160000015438],[-73.57770000027128,45.54160000038627],[-73.57840000061516,45.54159999992806],[-73.57889999983588,45.54150000053767],[-73.57939999974461,45.54150000053784],[-73.57970000002626,45.541400000605414],[-73.5799000001471,45.54140000036718],[-73.58030000017533,45.54130000085663],[-73.58060000035864,45.541200000356824],[-73.58100000046429,45.541200000878014],[-73.58130000015436,45.54109999943826],[-73.58200000064552,45.54089999983642],[-73.58239999971377,45.54069999946906],[-73.5828999995351,45.54049999985348],[-73.58319999982251,45.54040000060974],[-73.58339999965442,45.540300000741595],[-73.58350000032593,45.54030000057621],[-73.58379999975256,45.54010000084898],[-73.58420000085488,45.539899999547906],[-73.58460000025441,45.539599999726335],[-73.58500000010233,45.53940000010637],[-73.58559999967997,45.53900000091244],[-73.58590000022681,45.53869999939327],[-73.58630000001409,45.538399999853866],[-73.58629999941498,45.538300000017884],[-73.58629999941498,45.538300000017884],[-73.58719999954224,45.53749999987395],[-73.58849999930386,45.53639999957461],[-73.5919999995867,45.53350000081684],[-73.5919999995867,45.53350000081684],[-73.59209999973035,45.533500001221626],[-73.59240000066154,45.53309999950893],[-73.59390000022623,45.5318999999617],[-73.59400000009377,45.53189999960324],[-73.59399999994938,45.53179999965229],[-73.59550000011403,45.530600000414964],[-73.59630000051702,45.530099999298756],[-73.59630000051702,45.530099999298756],[-73.59640000048527,45.52999999955585],[-73.59649999954736,45.52999999970897],[-73.59709999955646,45.52959999973548],[-73.59760000005276,45.529400000171606],[-73.5980000001858,45.529300000557505],[-73.59849999995686,45.52910000064356],[-73.59929999975736,45.52879999909465],[-73.59990000022708,45.52869999965401],[-73.60039999942798,45.52859999951072],[-73.6008999994187,45.52849999987592],[-73.6008999994187,45.52849999987592],[-73.60159999985282,45.528500000322616],[-73.60180000034265,45.52850000043333],[-73.6023000008067,45.52840000006747],[-73.60320000034264,45.52830000038097],[-73.6042999996005,45.52840000016226],[-73.60449999973581,45.5284000000453],[-73.60459999980405,45.52840000030543],[-73.60529999932496,45.52830000056272],[-73.60570000054948,45.528400000088645],[-73.60620000090132,45.52830000064726],[-73.6068000002443,45.52830000006527],[-73.60699999990193,45.52820000095574],[-73.6075999995547,45.52810000065389],[-73.60819999994906,45.527899998977404],[-73.60879999918473,45.52759999951678],[-73.61130000052744,45.52630000033499],[-73.61130000052744,45.52630000033499],[-73.61139999920046,45.52619999999225],[-73.61230000039885,45.52569999942904],[-73.61460000059739,45.524199999681315],[-73.61879999965252,45.525900000625235],[-73.61839999962491,45.5263999995546],[-73.61720000060521,45.52789999937058],[-73.61699999975896,45.527799999205065],[-73.61689999973224,45.52820000088145],[-73.61689999999153,45.52860000003309],[-73.61699999905605,45.52869999934601],[-73.61699999897971,45.52879999935288],[-73.61700000010836,45.52899999936003],[-73.61710000026878,45.52930000037474],[-73.61729999984762,45.52960000032756],[-73.61760000044052,45.52989999959151],[-73.61779999962334,45.53009999955547],[-73.61849999953566,45.530500000742755],[-73.61899999982742,45.53070000012826],[-73.61950000058498,45.53080000004734],[-73.62150000063126,45.531099999455954],[-73.62160000036302,45.531099999232126],[-73.6216000007653,45.53119999919659],[-73.62109999960578,45.53180000009505],[-73.62089999982918,45.531999999483354],[-73.62060000062878,45.53240000053874],[-73.62039999995929,45.53250000089081],[-73.62000000060046,45.532900000408596],[-73.61990000015231,45.53309999999682],[-73.6194999994081,45.533500000422336],[-73.61939999961722,45.53360000053001],[-73.61899999947151,45.53400000006852],[-73.61889999993912,45.53419999964136],[-73.61840000015724,45.53460000119526],[-73.61830000031033,45.53470000032057],[-73.6182000009028,45.53490000015558],[-73.61760000098137,45.53520000001252],[-73.61740000044315,45.53529999956147],[-73.61699999970308,45.53570000097534],[-73.61689999927155,45.53580000065588],[-73.61620000042217,45.536499999514014],[-73.61609999971886,45.536599999380165],[-73.6156999999797,45.53710000050895],[-73.61559999988872,45.537199999926166],[-73.61530000005433,45.53749999944122],[-73.61520000043431,45.53769999925083],[-73.61459999999974,45.53819999998344],[-73.6144999998561,45.53830000021798],[-73.61450000050422,45.53840000005526],[-73.61420000021143,45.538899998977755],[-73.61409999940373,45.539000000650105],[-73.61409999940373,45.539000000650105],[-73.61390000060406,45.539499999585665],[-73.61390000019279,45.53959999940287],[-73.61390000019279,45.53959999940287],[-73.61369999903327,45.539899999219834],[-73.61370000006937,45.54010000063621],[-73.61330000039828,45.54060000025066],[-73.61330000020769,45.54070000004829],[-73.61330000020769,45.54070000004829],[-73.61319999973858,45.54080000000081],[-73.61309999965147,45.54099999965577],[-73.6130000001406,45.541200001015255],[-73.61280000047543,45.54169999963155],[-73.6126999999126,45.54180000002863],[-73.61220000031855,45.54250000020448],[-73.61209999958695,45.542500000298375],[-73.61209999983656,45.54260000006209],[-73.61149999975022,45.54319999912927],[-73.61139999935031,45.54329999926148],[-73.61089999912872,45.543900000121894],[-73.61080000026712,45.54399999971501],[-73.61019999966534,45.544600000804365],[-73.61010000015811,45.54480000039795],[-73.60960000006072,45.54529999929383],[-73.60950000025996,45.54539999952476],[-73.60940000010302,45.54549999876685],[-73.60890000012728,45.54609999963814],[-73.60869999934245,45.54619999995903],[-73.60830000055631,45.54670000042235],[-73.6081999998144,45.54680000039122],[-73.60780000003228,45.54729999995154],[-73.60759999941976,45.54749999980236],[-73.60739999995414,45.54770000109454],[-73.6071000002874,45.54790000044512],[-73.60700000022675,45.547900000572724],[-73.6036999999319,45.54639999912639],[-73.60349999962645,45.54629999994393],[-73.60359999996932,45.54639999897718],[-73.60309999981189,45.54690000077421],[-73.60299999974121,45.547000000685756],[-73.60300000051924,45.5471000003694],[-73.6025999998258,45.547499999115836],[-73.6023999998431,45.54749999950344],[-73.60250000036874,45.547599999478386],[-73.60209999946329,45.54810000060474],[-73.6018999999126,45.54810000011649],[-73.60199999933751,45.54820000051957],[-73.60159999999348,45.54869999894093],[-73.60139999959732,45.54869999937765],[-73.6014999997963,45.548699999652975],[-73.60110000016805,45.54919999987896],[-73.60100000036417,45.549200000152936],[-73.60100000016402,45.54929999979867],[-73.60069999985714,45.549699999560595],[-73.60049999975546,45.54969999932107],[-73.60059999991512,45.54990000055593],[-73.6003000001474,45.550200000496424],[-73.60010000032193,45.55030000008408],[-73.60009999980991,45.55039999971073],[-73.59980000008855,45.550799999730366],[-73.59949999955406,45.550899999193255],[-73.5995999996988,45.55100000074759],[-73.59919999978487,45.55139999990993],[-73.59910000020163,45.551499999926826],[-73.59910000048136,45.551599999531625],[-73.59860000020895,45.55210000096921],[-73.59850000088299,45.55220000044827],[-73.59850000038476,45.55210000085425]]]]}},{"type":"Feature","properties":{"harmonized_pdq_id":"PDQ_H_38","display_name":"PDQ 38","component_pdqs":[38],"source_pdq_values":[38],"geography_type":"longitudinal_analytical_composite","source_dataset":"Limite des secteurs de poste de quartier de police","source_dataset_id":"186892b8-bba5-426c-aa7e-9db8c43cbdfe","source_resource_id":"e18f0da9-3a16-4ba4-b378-59f698b47261","source_license":"Creative Commons Attribution 4.0 International","geometry_rule":"direct_source_polygon","historical_boundary_claim":false,"special_unit":false,"longitudinal_caveat":"This polygon is an IQAI longitudinal analytical composite based on official SPVM/Ville de Montréal PDQ territory geometry. It is used to compare harmonized reported-event totals consistently through time and should not be interpreted as a historical boundary snapshot for every year.","source_area_m2_planar":8098248.34757,"source_vintage":"2026-08-09T00:45:24.840Z","source_crs":"EPSG:32188","browser_crs":"EPSG:4326"},"geometry":{"type":"MultiPolygon","coordinates":[[[[-73.57360000017874,45.5414000002824],[-73.57350000011905,45.54140000077923],[-73.5734000005508,45.541300000505196],[-73.57230000043828,45.541200000344475],[-73.56790000058021,45.540799999942365],[-73.56140000049642,45.53989999913131],[-73.55939999997987,45.539899999299685],[-73.55979999947176,45.53910000084643],[-73.56009999997444,45.53850000011307],[-73.56039999922629,45.537900001228614],[-73.560800000046,45.53719999974767],[-73.56109999903762,45.53659999888763],[-73.56150000007138,45.536000000071866],[-73.5617000004246,45.535299999222914],[-73.5621999996757,45.53370000046909],[-73.56240000034687,45.5330999998394],[-73.56259999933377,45.532500000596805],[-73.56290000009285,45.531600000056436],[-73.56310000039481,45.53079999984628],[-73.56340000050011,45.529999999506785],[-73.56359999966766,45.52939999998556],[-73.56380000010068,45.52889999915285],[-73.56400000041882,45.52800000056951],[-73.56410000013335,45.527899999371925],[-73.56429999980985,45.52720000017202],[-73.5643999997968,45.526900000427],[-73.56510000071178,45.52480000111624],[-73.56519999988745,45.52449999964477],[-73.56549999924285,45.52319999961433],[-73.56560000087867,45.52299999961285],[-73.56560000041347,45.52270000018862],[-73.565699999532,45.52250000098327],[-73.56570000039451,45.521600000783025],[-73.56560000012372,45.52140000130003],[-73.5656000003959,45.521299999365716],[-73.56569999959896,45.52109999921121],[-73.56620000085375,45.519999999559055],[-73.566299999474,45.51979999973371],[-73.566599999835,45.51909999951431],[-73.56659999962247,45.51899999933949],[-73.56659999941013,45.5188999991629],[-73.56689999970598,45.51830000093331],[-73.56700000016045,45.51820000062501],[-73.56699999924228,45.51810000133461],[-73.56699999960112,45.51799999934217],[-73.56709999934864,45.5178999998413],[-73.56709999953287,45.517799999645106],[-73.56720000004452,45.51749999965181],[-73.56749999986286,45.517000000810555],[-73.56749999933827,45.51689999879928],[-73.56800000022467,45.515900000584566],[-73.56809999960343,45.51579999927164],[-73.56829999979874,45.5151999999195],[-73.56839999996953,45.515100000130815],[-73.56859999943482,45.514699998886755],[-73.56859999962396,45.514499999279984],[-73.56879999913559,45.51400000008007],[-73.56890000057318,45.514000000096445],[-73.56890000013831,45.51390000073185],[-73.56899999955965,45.513599998957446],[-73.56909999950038,45.51349999942775],[-73.56929999987469,45.513100000444204],[-73.5693000000121,45.5130000001636],[-73.56949999975994,45.51259999899534],[-73.56950000082519,45.51249999960522],[-73.56950000060965,45.51239999931427],[-73.56960000059823,45.51209999963458],[-73.56960000020754,45.51200000023653],[-73.56969999938326,45.51200000045373],[-73.56970000009446,45.51190000015341],[-73.56980000016291,45.51170000057732],[-73.56989999952154,45.51149999910741],[-73.57000000091698,45.51119999992896],[-73.56999999981873,45.511099999615695],[-73.57009999995991,45.5110999994821],[-73.57009999996575,45.511000000066225],[-73.57009999997071,45.51089999974875],[-73.5703000003633,45.51039999940477],[-73.57039999926457,45.51039999900931],[-73.57040000002048,45.51029999958066],[-73.57039999949566,45.51019999925118],[-73.57049999990171,45.51009999933552],[-73.57050000048118,45.509999999901694],[-73.57049999977993,45.50989999956706],[-73.5706000003563,45.5098999998953],[-73.57080000047095,45.509400000387714],[-73.57079999923864,45.50929999914302],[-73.57079999928858,45.50919999969542],[-73.57089999990374,45.50919999886114],[-73.57089999977684,45.50909999941193],[-73.57089999965012,45.50899999996094],[-73.57099999991216,45.50899999993918],[-73.57100000088727,45.5088999995859],[-73.5710000005839,45.508800000131515],[-73.57110000049168,45.50880000002241],[-73.57110000001148,45.508700000566364],[-73.57110000081015,45.50860000020793],[-73.57120000036367,45.508600000011484],[-73.57119999970683,45.50850000055205],[-73.57120000032886,45.508400000190186],[-73.57129999952926,45.50840000080628],[-73.57129999997443,45.50830000044278],[-73.57149999957377,45.50799999941149],[-73.5714999996668,45.50789999994101],[-73.57160000053995,45.507899999393565],[-73.57160000037136,45.5076999995477],[-73.57169999961164,45.507699999813575],[-73.57170000063093,45.50760000033724],[-73.57180000053535,45.507500000137846],[-73.57180000009825,45.5074000006589],[-73.57190000008687,45.50740000074921],[-73.5718999994718,45.50730000036877],[-73.57199999977219,45.50720000088858],[-73.57200000025796,45.50709999870426],[-73.5721000000275,45.50699999913334],[-73.57210000034006,45.506899999645135],[-73.57220000072277,45.50689999947255],[-73.5722000008585,45.50679999998269],[-73.57229999974317,45.50670000023195],[-73.57229999970112,45.50659999983884],[-73.5724000003969,45.50640000049908],[-73.57249999989398,45.506400000064396],[-73.57249999949961,45.506300000566064],[-73.57259999952807,45.50620000054319],[-73.57260000023682,45.50610000104063],[-73.57270000048223,45.50610000043039],[-73.5726999997321,45.505999999127326],[-73.57270000026423,45.505899999621356],[-73.57280000015541,45.5058999989238],[-73.57290000040436,45.5057000000218],[-73.57290000058185,45.50559999961091],[-73.57299999994284,45.505599999638456],[-73.57299999994468,45.5055000001258],[-73.5731000002332,45.50540000055075],[-73.57329999974712,45.5052000002336],[-73.57330000049839,45.505100000713405],[-73.57340000025337,45.50510000039048],[-73.57339999954812,45.50500000086947],[-73.57350000040563,45.50500000045832],[-73.57359999998451,45.50500000086027],[-73.57359999976416,45.50510000038189],[-73.57369999951996,45.505100000696196],[-73.57390000062198,45.505200000580885],[-73.5739999997631,45.50530000015095],[-73.57409999987257,45.50530000011488],[-73.57419999998196,45.505299999991244],[-73.57429999983236,45.505400000196325],[-73.57440000011854,45.50539999989752],[-73.57450000050012,45.505499999925405],[-73.57459999968462,45.50550000035207],[-73.57469999931764,45.50560000020363],[-73.5747999999575,45.50559999955442],[-73.57490000012169,45.505699999228796],[-73.57499999965984,45.505699999305065],[-73.57510000035639,45.505799999702106],[-73.57530000001822,45.505899998924036],[-73.57539999991123,45.50589999954977],[-73.57549999980293,45.505899999188124],[-73.5755000003892,45.505999998693454],[-73.57560000045905,45.505999999143974],[-73.5757000001921,45.50610000081084],[-73.57579999915906,45.50610000108702],[-73.57589999942088,45.50620000077703],[-73.5759999998444,45.506200000877165],[-73.5761000006374,45.506300000389984],[-73.576199999958,45.506300000315754],[-73.57630000000366,45.50640000055208],[-73.57639999950112,45.50640000030267],[-73.57650000027816,45.50639999996488],[-73.57670000070733,45.50650000032406],[-73.5774999992675,45.50689999914361],[-73.57779999950294,45.5070999993539],[-73.57859999932505,45.50740000084589],[-73.57980000031414,45.508099999322965],[-73.5800999999387,45.508199999385035],[-73.57980000017334,45.50880000005584],[-73.57950000044016,45.50929999952944],[-73.5795000004411,45.5094000007752],[-73.57889999975878,45.50999999948518],[-73.57870000067537,45.510099999207874],[-73.57870000054012,45.51019999953981],[-73.57859999911989,45.51029999943442],[-73.57850000039421,45.51029999890953],[-73.57849999990528,45.51039999923819],[-73.57840000033912,45.51050000075257],[-73.57830000041638,45.51060000037824],[-73.57820000014085,45.51070000081466],[-73.57809999975942,45.511099999415606],[-73.57809999984386,45.511199999729804],[-73.57799999943141,45.51129999908082],[-73.57799999924603,45.5114999988008],[-73.5781999999312,45.51160000094353],[-73.57930000052465,45.51209999999297],[-73.57939999970665,45.512200000114],[-73.582000001032,45.51339999972285],[-73.58209999962118,45.5134999992577],[-73.5822999994464,45.5134999993146],[-73.58469999893904,45.51459999897847],[-73.58469999920187,45.51469999923125],[-73.58490000071804,45.51469999923409],[-73.58550000006896,45.51500000059348],[-73.58700000049704,45.51569999901549],[-73.58740000023373,45.51590000098383],[-73.58800000002994,45.51620000084701],[-73.58820000045961,45.51620000047208],[-73.58839999961022,45.516200000647835],[-73.58979999964376,45.51569999901558],[-73.59030000007645,45.515799999225614],[-73.59070000003959,45.51590000110267],[-73.59080000055398,45.51600000107509],[-73.59110000021903,45.51610000090601],[-73.5912000002562,45.516100000298266],[-73.5913000002947,45.51610000050283],[-73.59130000073179,45.5162000007294],[-73.5914999998812,45.5161999999768],[-73.5917000003129,45.51620000067268],[-73.59190000052419,45.516100000791695],[-73.5918999999018,45.51639999966804],[-73.59329999990557,45.517100001000045],[-73.59530000014806,45.51799999940679],[-73.59590000026498,45.518300000858474],[-73.59650000035768,45.518600000042866],[-73.59659999929667,45.51870000029123],[-73.59749999975722,45.51909999944476],[-73.59840000018,45.51950000047813],[-73.59869999939183,45.51970000025162],[-73.59920000018863,45.519899999392095],[-73.60109999991823,45.520700000461],[-73.60280000103084,45.52150000060086],[-73.60620000072754,45.52290000002371],[-73.60799999965337,45.52380000052601],[-73.61080000015423,45.525000000598446],[-73.61209999939757,45.525599999644925],[-73.61230000039885,45.52569999942904],[-73.61139999920046,45.52619999999225],[-73.61130000052744,45.52630000033499],[-73.60879999918473,45.52759999951678],[-73.60819999994906,45.527899998977404],[-73.6075999995547,45.52810000065389],[-73.60699999990193,45.52820000095574],[-73.6068000002443,45.52830000006527],[-73.60620000090132,45.52830000064726],[-73.60570000054948,45.528400000088645],[-73.60529999932496,45.52830000056272],[-73.60459999980405,45.52840000030543],[-73.60449999973581,45.5284000000453],[-73.6042999996005,45.52840000016226],[-73.60320000034264,45.52830000038097],[-73.6023000008067,45.52840000006747],[-73.60180000034265,45.52850000043333],[-73.60159999985282,45.528500000322616],[-73.6008999994187,45.52849999987592],[-73.60039999942798,45.52859999951072],[-73.59990000022708,45.52869999965401],[-73.59929999975736,45.52879999909465],[-73.59849999995686,45.52910000064356],[-73.5980000001858,45.529300000557505],[-73.59760000005276,45.529400000171606],[-73.59709999955646,45.52959999973548],[-73.59649999954736,45.52999999970897],[-73.59640000048527,45.52999999955585],[-73.59630000051702,45.530099999298756],[-73.59550000011403,45.530600000414964],[-73.59399999994938,45.53179999965229],[-73.59400000009377,45.53189999960324],[-73.59390000022623,45.5318999999617],[-73.59240000066154,45.53309999950893],[-73.59209999973035,45.533500001221626],[-73.5919999995867,45.53350000081684],[-73.58849999930386,45.53639999957461],[-73.58719999954224,45.53749999987395],[-73.58629999941498,45.538300000017884],[-73.58630000001409,45.538399999853866],[-73.58590000022681,45.53869999939327],[-73.58559999967997,45.53900000091244],[-73.58500000010233,45.53940000010637],[-73.58460000025441,45.539599999726335],[-73.58420000085488,45.539899999547906],[-73.58379999975256,45.54010000084898],[-73.58350000032593,45.54030000057621],[-73.58339999965442,45.540300000741595],[-73.58319999982251,45.54040000060974],[-73.5828999995351,45.54049999985348],[-73.58239999971377,45.54069999946906],[-73.58200000064552,45.54089999983642],[-73.58130000015436,45.54109999943826],[-73.58100000046429,45.541200000878014],[-73.58060000035864,45.541200000356824],[-73.58030000017533,45.54130000085663],[-73.5799000001471,45.54140000036718],[-73.57970000002626,45.541400000605414],[-73.57939999974461,45.54150000053784],[-73.57889999983588,45.54150000053767],[-73.57840000061516,45.54159999992806],[-73.57770000027128,45.54160000038627],[-73.57699999992666,45.54160000015438],[-73.57600000089884,45.54160000035127],[-73.57440000066174,45.54140000035501],[-73.57430000060177,45.54140000065232],[-73.57419999926115,45.54140000086293],[-73.57360000017874,45.5414000002824]]]]}},{"type":"Feature","properties":{"harmonized_pdq_id":"PDQ_H_39","display_name":"PDQ 39","component_pdqs":[39],"source_pdq_values":[39],"geography_type":"longitudinal_analytical_composite","source_dataset":"Limite des secteurs de poste de quartier de police","source_dataset_id":"186892b8-bba5-426c-aa7e-9db8c43cbdfe","source_resource_id":"e18f0da9-3a16-4ba4-b378-59f698b47261","source_license":"Creative Commons Attribution 4.0 International","geometry_rule":"direct_source_polygon","historical_boundary_claim":false,"special_unit":false,"longitudinal_caveat":"This polygon is an IQAI longitudinal analytical composite based on official SPVM/Ville de Montréal PDQ territory geometry. It is used to compare harmonized reported-event totals consistently through time and should not be interpreted as a historical boundary snapshot for every year.","source_area_m2_planar":11069323.1233,"source_vintage":"2026-08-09T00:45:24.840Z","source_crs":"EPSG:32188","browser_crs":"EPSG:4326"},"geometry":{"type":"MultiPolygon","coordinates":[[[[-73.60319999975253,45.609899999754376],[-73.60429999948441,45.60909999918199],[-73.60489999920836,45.60879999932048],[-73.60670000020318,45.61030000097493],[-73.60720000034898,45.6098999992894],[-73.60759999949369,45.609600000022105],[-73.60840000006469,45.608899999538956],[-73.60890000015266,45.60840000070642],[-73.60910000052216,45.60820000072791],[-73.61470000010759,45.60180000065569],[-73.61459999942846,45.60170000061128],[-73.61479999961358,45.601700000466955],[-73.61730000046376,45.597799999974164],[-73.61770000053347,45.59720000068876],[-73.61990000054564,45.594900001172654],[-73.62189999915431,45.59270000075774],[-73.62249999915618,45.59139999959514],[-73.62729999998433,45.58620000084186],[-73.62970000080746,45.58379999905689],[-73.62950000034084,45.58359999931131],[-73.62899999990802,45.58320000013518],[-73.62880000006433,45.58319999994682],[-73.62890000052666,45.58310000058271],[-73.63209999971737,45.57939999892344],[-73.63289999936946,45.57970000060364],[-73.6364000005458,45.575999999268234],[-73.63630000083829,45.57589999976846],[-73.63650000039256,45.575899999423164],[-73.63660000045685,45.57599999964727],[-73.63839999932375,45.576799999565814],[-73.6385000005182,45.57689999990941],[-73.63880000004954,45.576899999331594],[-73.64010000032151,45.57750000095931],[-73.6404999995955,45.577700000210264],[-73.64060000000629,45.57770000045343],[-73.64130000026542,45.57809999988603],[-73.64129999993192,45.5781999990268],[-73.64430000029296,45.57929999976877],[-73.64529999967625,45.57970000016472],[-73.6473000000607,45.58049999890651],[-73.65090000000924,45.58200000079548],[-73.65099999932877,45.582100000007465],[-73.65109999986235,45.58210000005771],[-73.65259999948788,45.58269999911476],[-73.65249999987527,45.58290000029513],[-73.65440000028893,45.58359999970118],[-73.65440000017233,45.58369999964598],[-73.6542999990652,45.583799998828674],[-73.6543000000584,45.58390000056813],[-73.65429999976566,45.58400000050789],[-73.65420000038984,45.58440000029751],[-73.65409999960805,45.58460000012095],[-73.65400000022083,45.58469999992265],[-73.65389999976826,45.585000001281394],[-73.6538000005987,45.585100000900624],[-73.6536999997223,45.58530000034933],[-73.65380000092003,45.58540000064965],[-73.65369999951379,45.58560000008849],[-73.65360000020769,45.58569999952221],[-73.65350000054919,45.58579999976694],[-73.65359999947212,45.585999999240975],[-73.65359999923278,45.58610000094338],[-73.65350000014499,45.58620000028044],[-73.6534000000217,45.586200000530546],[-73.6533000004037,45.586300000591294],[-73.65320000000442,45.586399999709805],[-73.65319999951457,45.58689999912379],[-73.6529999993222,45.58699999979739],[-73.65309999989655,45.587200000564565],[-73.65289999963561,45.587999999277706],[-73.65270000050099,45.588500000656],[-73.65250000036109,45.59000000005836],[-73.65229999958773,45.5905000005623],[-73.65180000009076,45.590700000725455],[-73.65110000037896,45.59139999971507],[-73.65080000037585,45.59160000070971],[-73.65060000061874,45.59180000049871],[-73.65050000030024,45.59210000030493],[-73.64989999995538,45.59299999991993],[-73.64969999955751,45.593399999433544],[-73.64940000065344,45.5938000007136],[-73.64929999938832,45.59410000026453],[-73.64909999954521,45.59430000003849],[-73.64890000042618,45.594399999699846],[-73.64869999938163,45.59459999966425],[-73.64859999960741,45.59469999906159],[-73.64790000038145,45.5952000000632],[-73.64759999963647,45.59560000009039],[-73.64699999973129,45.59600000059999],[-73.64630000057716,45.596599999497556],[-73.64560000062407,45.5972000003417],[-73.64540000038194,45.597300000124044],[-73.64499999999605,45.59789999922033],[-73.64519999950552,45.59789999984425],[-73.64979999945022,45.60090000024816],[-73.64959999994915,45.601000000118624],[-73.64950000068845,45.60109999929036],[-73.64520000060116,45.59830000040235],[-73.64499999959153,45.59840000036564],[-73.64479999956576,45.598700000237876],[-73.64469999975859,45.59899999909967],[-73.64460000046809,45.59909999941609],[-73.64450000017816,45.599400000781735],[-73.64440000024413,45.59979999990478],[-73.64410000019093,45.600199999412425],[-73.6438999997956,45.600600000860155],[-73.64369999966787,45.600600000660144],[-73.64359999960911,45.600700000073815],[-73.64359999962355,45.60090000025839],[-73.64359999963746,45.6010999995361],[-73.64359999964505,45.60119999917235],[-73.64359999965536,45.601299999706626],[-73.64359999967733,45.60150000076993],[-73.64350000041186,45.60160000097901],[-73.64340000078901,45.60170000019943],[-73.64340000044622,45.60180000072535],[-73.64340000103925,45.601999999970666],[-73.6434000003521,45.6021999992106],[-73.64330000025215,45.6023999988484],[-73.64320000014001,45.602499998780026],[-73.64320000003538,45.60270000070108],[-73.64299999955021,45.602999999894216],[-73.64269999956566,45.603800001070134],[-73.64240000034016,45.60409999984557],[-73.64219999960937,45.604399999363864],[-73.6419999998258,45.60449999936399],[-73.64190000008061,45.604900000437816],[-73.64180000080687,45.60520000003165],[-73.64180000094086,45.60559999917693],[-73.64169999940098,45.60579999909557],[-73.64129999963208,45.60689999912862],[-73.64070000011198,45.607599999416294],[-73.6404999999838,45.60820000061511],[-73.63930000022607,45.60979999989688],[-73.6390000009723,45.610099999323246],[-73.6386000006986,45.61069999984846],[-73.63809999954991,45.61150000087353],[-73.63770000044487,45.611999999553156],[-73.63750000053307,45.612299999421474],[-73.63709999954895,45.61309999961572],[-73.63699999996466,45.613399999073266],[-73.63669999938178,45.61400000040565],[-73.63659999992213,45.6142999994653],[-73.6364000003852,45.61489999997462],[-73.63599999937153,45.61580000072829],[-73.63570000088838,45.61629999980952],[-73.63440000044298,45.61830000023233],[-73.6339999997542,45.618799999754756],[-73.63399999944393,45.61889999907954],[-73.63390000002555,45.61920000091527],[-73.63349999996397,45.6196000001962],[-73.63150000047392,45.6213000007259],[-73.63050000006115,45.6224000011258],[-73.62970000100341,45.62299999979066],[-73.62839999950106,45.62390000017334],[-73.62700000055285,45.62480000054585],[-73.62710000030181,45.62490000013148],[-73.62700000074062,45.62499999988054],[-73.62679999927165,45.625200000013194],[-73.62630000001049,45.62549999901696],[-73.6258000000265,45.62570000111375],[-73.62529999996977,45.62600000021407],[-73.62500000015515,45.62629999980806],[-73.62449999948154,45.62659999897493],[-73.6239999998947,45.626900000435356],[-73.62360000000115,45.62720000042303],[-73.6217000003579,45.62879999955394],[-73.62100000088002,45.62950000014505],[-73.62060000013919,45.629899999419],[-73.61969999933652,45.62890000076682],[-73.61680000010753,45.626199999693945],[-73.6166999996848,45.626100000114825],[-73.61290000050798,45.62240000048804],[-73.61000000047397,45.61970000010697],[-73.60989999935317,45.61959999986181],[-73.60709999952923,45.61700000042515],[-73.60319999918416,45.61339999935715],[-73.60269999955118,45.61290000021539],[-73.60260000043593,45.612800000658375],[-73.60240000070633,45.61260000037802],[-73.60319999922535,45.611300001293856],[-73.60329999987948,45.61109999928377],[-73.6032999994144,45.610899999464024],[-73.60319999975253,45.609899999754376]],[[-73.65320000010239,45.586300000666554],[-73.65319999914928,45.586400000564936],[-73.65320000000442,45.586399999709805],[-73.65320000010239,45.586300000666554]]]]}},{"type":"Feature","properties":{"harmonized_pdq_id":"PDQ_H_42","display_name":"PDQ 42","component_pdqs":[42],"source_pdq_values":[42],"geography_type":"longitudinal_analytical_composite","source_dataset":"Limite des secteurs de poste de quartier de police","source_dataset_id":"186892b8-bba5-426c-aa7e-9db8c43cbdfe","source_resource_id":"e18f0da9-3a16-4ba4-b378-59f698b47261","source_license":"Creative Commons Attribution 4.0 International","geometry_rule":"direct_source_polygon","historical_boundary_claim":false,"special_unit":false,"longitudinal_caveat":"This polygon is an IQAI longitudinal analytical composite based on official SPVM/Ville de Montréal PDQ territory geometry. It is used to compare harmonized reported-event totals consistently through time and should not be interpreted as a historical boundary snapshot for every year.","source_area_m2_planar":13428842.0106,"source_vintage":"2026-08-09T00:45:24.840Z","source_crs":"EPSG:32188","browser_crs":"EPSG:4326"},"geometry":{"type":"MultiPolygon","coordinates":[[[[-73.59229999914665,45.60630000016572],[-73.58899999944296,45.605000000635684],[-73.58540000083717,45.60339999910021],[-73.57720000011541,45.599899999921455],[-73.577200000136,45.599800000266676],[-73.57760000021378,45.59930000090562],[-73.5773000005547,45.599300000932516],[-73.57720000025954,45.59919999870181],[-73.57710000012361,45.5991999987483],[-73.57660000072651,45.59919999946643],[-73.57630000031875,45.59919999956727],[-73.57589999954169,45.5990999991093],[-73.5755000006654,45.59889999937693],[-73.57539192779707,45.59889999971665],[-73.5751999992926,45.598899999289245],[-73.57520000030452,45.59879999961633],[-73.57469999928712,45.59859999986865],[-73.57290000041424,45.59779999994136],[-73.57269999998864,45.59779999961757],[-73.57250000024688,45.59770000015154],[-73.57239999979048,45.59759999999021],[-73.57210000033064,45.59750000016413],[-73.5719000001573,45.597400000542585],[-73.5706999998656,45.596999999334976],[-73.56979999933854,45.5965999996517],[-73.56950000016704,45.59600000069058],[-73.56919999956403,45.59549999971131],[-73.56869999946724,45.594900000730966],[-73.56890000072332,45.59419999992575],[-73.56900000038232,45.593800000829646],[-73.56900000031571,45.59330000020425],[-73.56819999975332,45.59149999945668],[-73.56759999982599,45.590399999126944],[-73.56760000025533,45.59029999930533],[-73.56769999996483,45.59029999947617],[-73.5668999994082,45.589400000788316],[-73.56629999987823,45.58830000132395],[-73.56429999996914,45.58730000040133],[-73.56420000052614,45.587200000977816],[-73.56419999943851,45.586899999541046],[-73.56419999963626,45.586599999887376],[-73.56420000030703,45.58560000002775],[-73.56410000071081,45.58530000067048],[-73.56399999961849,45.58500000121071],[-73.5658000005967,45.58440000039446],[-73.56579999997594,45.58410000060922],[-73.56549999929517,45.583699999606615],[-73.56490000025384,45.58310000045237],[-73.5669999998882,45.58200000064504],[-73.56740000048912,45.582100000169525],[-73.56770000004963,45.58190000100718],[-73.56790000039503,45.581900000185236],[-73.56809999986055,45.581700000869944],[-73.56830000029296,45.581800001119895],[-73.56839999992953,45.58149999895504],[-73.56849999952433,45.581399999347305],[-73.56909999966818,45.581599998782316],[-73.56930000023135,45.581599999108505],[-73.5694000000592,45.58170000046467],[-73.56989999891168,45.581199999872545],[-73.57020000019432,45.58139999944019],[-73.57040000004731,45.58139999964065],[-73.57090000017962,45.58090000004325],[-73.57139999963907,45.58109999994529],[-73.57230000057162,45.58139999982733],[-73.57330000066071,45.581700000469766],[-73.5739999994353,45.581900000834665],[-73.57410000045,45.582000000770265],[-73.5741999995194,45.582000000650325],[-73.57550000009707,45.580299999497534],[-73.57610000060225,45.57979999999162],[-73.57670000071177,45.579299999090125],[-73.57739999937347,45.578500000988164],[-73.57770000076924,45.57799999962243],[-73.57769999995362,45.57789999958322],[-73.57720000013657,45.57770000014821],[-73.57740000038532,45.57750000059879],[-73.577499999978,45.5774000011404],[-73.57790000003463,45.576899999655794],[-73.5784000005779,45.57630000095941],[-73.57850000010879,45.57619999880482],[-73.57880000042753,45.57589999990258],[-73.57889999982405,45.575800000090375],[-73.57910000011513,45.57560000019704],[-73.5794000004542,45.575300000587134],[-73.57980000010724,45.57469999936717],[-73.58029999936511,45.57410000112092],[-73.58069999959774,45.57369999955439],[-73.58129999956085,45.573100000824596],[-73.58160000047998,45.572699999672174],[-73.5835999998339,45.570399999678926],[-73.5840999999736,45.56980000054134],[-73.58459999972288,45.56920000005188],[-73.5851000001977,45.56870000021297],[-73.58560000005622,45.56809999972914],[-73.58609999952884,45.56750000059294],[-73.58670000045511,45.56700000007161],[-73.58720000025379,45.56640000050316],[-73.59029999970716,45.56780000061214],[-73.59279999967575,45.56890000062558],[-73.59559999963473,45.57019999955533],[-73.59559999995065,45.57049999917791],[-73.59600000047287,45.57039999919918],[-73.59839999905826,45.571399999594796],[-73.59869999967954,45.57149999919704],[-73.59900000008652,45.57159999980958],[-73.60150000036697,45.57269999946844],[-73.60090000005518,45.5735000002036],[-73.60059999947434,45.57379999968434],[-73.60039999987669,45.57399999949082],[-73.60050000012232,45.57399999884323],[-73.60059999992092,45.5738999988971],[-73.60099999995566,45.574100000701705],[-73.60109999909822,45.5741000004297],[-73.60130000035721,45.574200000628004],[-73.60140000037198,45.574100000884705],[-73.60159999926167,45.57430000066592],[-73.60180000085309,45.574500000087596],[-73.60220000009411,45.57430000086305],[-73.60280000091579,45.57479999931266],[-73.60579999940748,45.57619999874606],[-73.60639999969516,45.57640000042108],[-73.60859999940685,45.57740000038221],[-73.61120000062945,45.57850000108893],[-73.61199999938292,45.57889999982841],[-73.61409999961741,45.57980000042407],[-73.61469999969225,45.58009999977874],[-73.61539999983023,45.58039999937321],[-73.61610000081859,45.58080000095341],[-73.6168999992158,45.5811000003273],[-73.61769999980424,45.58149999946051],[-73.61840000001878,45.58180000039586],[-73.61919999925081,45.58209999980733],[-73.6199999996372,45.58249999986162],[-73.62079999940362,45.582800000629256],[-73.62139999923646,45.58310000063196],[-73.62210000061211,45.583399999507265],[-73.62340000001336,45.584100000563254],[-73.62389999943437,45.58449999989081],[-73.62459999998485,45.584699999649466],[-73.62509999921937,45.58479999932403],[-73.62549999969532,45.58500000044861],[-73.62600000007627,45.58520000059279],[-73.62609999970483,45.58520000093267],[-73.62630000017792,45.58550000018621],[-73.6263000001577,45.585600000095255],[-73.62640000065362,45.58570000007882],[-73.62689999985942,45.585500000234646],[-73.62690000009623,45.58540000032356],[-73.6278000004478,45.584400000230204],[-73.6282999994896,45.583900000704524],[-73.6283999995115,45.5837999990915],[-73.62839999965473,45.583699999150554],[-73.62839999979835,45.58359999920784],[-73.62849999911516,45.58349999930244],[-73.62880000006433,45.58319999994682],[-73.62899999990802,45.58320000013518],[-73.62950000034084,45.58359999931131],[-73.62970000080746,45.58379999905689],[-73.62729999998433,45.58620000084186],[-73.62249999915618,45.59139999959514],[-73.62189999915431,45.59270000075774],[-73.61990000054564,45.594900001172654],[-73.61770000053347,45.59720000068876],[-73.61730000046376,45.597799999974164],[-73.61479999961358,45.601700000466955],[-73.61459999942846,45.60170000061128],[-73.61470000010759,45.60180000065569],[-73.60910000052216,45.60820000072791],[-73.60890000015266,45.60840000070642],[-73.60840000006469,45.608899999538956],[-73.60759999949369,45.609600000022105],[-73.60720000034898,45.6098999992894],[-73.60670000020318,45.61030000097493],[-73.60489999920836,45.60879999932048],[-73.60429999948441,45.60909999918199],[-73.60319999975253,45.609899999754376],[-73.6032999994144,45.610899999464024],[-73.60329999987948,45.61109999928377],[-73.60170000063333,45.610600000512164],[-73.60010000099425,45.609899999230336],[-73.59339999928257,45.60689999867833],[-73.59229999914665,45.60630000016572]]],[[[-73.57530000017839,45.598900000005614],[-73.57539192779707,45.59889999971665],[-73.57540000106286,45.59889999973463],[-73.57530000017839,45.598900000005614]]]]}},{"type":"Feature","properties":{"harmonized_pdq_id":"PDQ_H_44","display_name":"PDQ 44","component_pdqs":[44],"source_pdq_values":[44],"geography_type":"longitudinal_analytical_composite","source_dataset":"Limite des secteurs de poste de quartier de police","source_dataset_id":"186892b8-bba5-426c-aa7e-9db8c43cbdfe","source_resource_id":"e18f0da9-3a16-4ba4-b378-59f698b47261","source_license":"Creative Commons Attribution 4.0 International","geometry_rule":"direct_source_polygon","historical_boundary_claim":false,"special_unit":false,"longitudinal_caveat":"This polygon is an IQAI longitudinal analytical composite based on official SPVM/Ville de Montréal PDQ territory geometry. It is used to compare harmonized reported-event totals consistently through time and should not be interpreted as a historical boundary snapshot for every year.","source_area_m2_planar":10939529.8535,"source_vintage":"2026-08-09T00:45:24.840Z","source_crs":"EPSG:32188","browser_crs":"EPSG:4326"},"geometry":{"type":"MultiPolygon","coordinates":[[[[-73.57139999963907,45.58109999994529],[-73.57090000017962,45.58090000004325],[-73.57040000004731,45.58139999964065],[-73.57020000019432,45.58139999944019],[-73.56989999891168,45.581199999872545],[-73.5694000000592,45.58170000046467],[-73.56930000023135,45.581599999108505],[-73.56909999966818,45.581599998782316],[-73.5691000000166,45.58149999970581],[-73.56549999898729,45.58029999979262],[-73.56530000047782,45.580300000011185],[-73.5652000001665,45.58019999954103],[-73.5603000004631,45.578600000362464],[-73.56010000030095,45.57860000047659],[-73.56009999997245,45.57850000044824],[-73.55999999942854,45.57850000082415],[-73.55990000016591,45.57850000111185],[-73.5590000001392,45.57819999966952],[-73.5586999996983,45.57809999940948],[-73.55859999963639,45.57799999942219],[-73.55840000045116,45.577900000119904],[-73.55790000071075,45.57750000070707],[-73.55700000066611,45.576700000269874],[-73.5562000003385,45.575899999267826],[-73.55590000063178,45.57560000045553],[-73.55520000091296,45.57540000054263],[-73.55540000001096,45.57499999966005],[-73.5547999998894,45.57459999983438],[-73.55480000000586,45.57449999973565],[-73.55470000044927,45.57439999987048],[-73.55459999996734,45.57430000081627],[-73.55410000000339,45.57420000103871],[-73.55399999940136,45.573699999215854],[-73.5538000004192,45.57300000095933],[-73.55370000066817,45.57300000121917],[-73.5536000006017,45.572899999465186],[-73.55350000102715,45.572899998650044],[-73.55329999931789,45.57289999945784],[-73.55319999974394,45.57289999927992],[-73.55310000016992,45.572899999014474],[-73.55299999984636,45.573000000588245],[-73.55289999916621,45.5731000002732],[-73.55279999923788,45.57310000064511],[-73.55279999941332,45.573200000768274],[-73.55229999959406,45.57310000029184],[-73.55139999995713,45.57399999950586],[-73.54929999991211,45.5733000001516],[-73.54910000064146,45.57340000002357],[-73.54910000062604,45.57329999990397],[-73.55020000047227,45.57169999927702],[-73.55019999978846,45.5715999991278],[-73.55030000003852,45.571499999980524],[-73.55089999984068,45.570599999126955],[-73.55100000045789,45.57059999951803],[-73.55110000007697,45.570499999653116],[-73.55110000036026,45.57039999948234],[-73.55170000003235,45.569499999651576],[-73.5515999994841,45.569399999685025],[-73.55169999925248,45.569399999463684],[-73.55220000014087,45.56860000087257],[-73.55219999975468,45.56849999886899],[-73.55229999920755,45.568499999022386],[-73.5525000004888,45.56819999934244],[-73.55259999997367,45.56790000039421],[-73.55269999964271,45.567900000197305],[-73.55339999906163,45.56699999975514],[-73.55329999993741,45.56690000033232],[-73.55339999911348,45.56690000042271],[-73.55369999984373,45.566500001020216],[-73.55359999979345,45.56640000095182],[-73.553800000214,45.566400000518826],[-73.55369999968295,45.56619999939203],[-73.55399999914773,45.56599999965442],[-73.5543999996367,45.56540000091129],[-73.55430000055982,45.56540000079642],[-73.55440000003786,45.56519999948867],[-73.55450000004083,45.56519999951554],[-73.55459999991973,45.564699999917366],[-73.55460000010422,45.56440000089351],[-73.5544999998544,45.56120000018482],[-73.55460000094135,45.561100000689095],[-73.55449999924524,45.5611000007507],[-73.5542999993873,45.55690000028081],[-73.55429999943006,45.55639999911382],[-73.55419999966627,45.55639999891203],[-73.55430000046448,45.556299999594536],[-73.55439999922548,45.555500000796044],[-73.55439999965927,45.555299999025316],[-73.55460000036757,45.55480000038243],[-73.55449999968243,45.55460000044829],[-73.55460000009596,45.55460000038708],[-73.55449999908429,45.55450000089811],[-73.55459999982502,45.55440000038473],[-73.55469999961996,45.553699999722205],[-73.55470000031556,45.5530999995983],[-73.55480000042263,45.55240000048773],[-73.55480000022146,45.5516999997276],[-73.55490000046373,45.55100000125689],[-73.5550000001022,45.550599999680735],[-73.55499999980452,45.549799999065996],[-73.55509999987612,45.54890000089028],[-73.55520000060969,45.54800000068457],[-73.55530000033659,45.54739999928583],[-73.55529999961257,45.547299999609116],[-73.55570000092867,45.54659999914832],[-73.55600000033716,45.54600000007722],[-73.55640000040925,45.54529999970518],[-73.55670000019657,45.54460000073329],[-73.55709999959699,45.54389999953755],[-73.55750000060411,45.543199999553565],[-73.55790000045408,45.54240000101944],[-73.5585999996451,45.5410999988316],[-73.55859999948426,45.54099999904376],[-73.55910000067158,45.540200000445125],[-73.55920000005668,45.53989999964017],[-73.55939999997987,45.539899999299685],[-73.56140000049642,45.53989999913131],[-73.56790000058021,45.540799999942365],[-73.57230000043828,45.541200000344475],[-73.5734000005508,45.541300000505196],[-73.57350000011905,45.54140000077923],[-73.57360000017874,45.5414000002824],[-73.57419999926115,45.54140000086293],[-73.57430000060177,45.54140000065232],[-73.57440000066174,45.54140000035501],[-73.57470000009447,45.541500000519456],[-73.57799999999206,45.54289999987849],[-73.5779999999747,45.542999999633714],[-73.57809999903017,45.542999999697535],[-73.57820000064666,45.54299999967208],[-73.57830000021663,45.54309999931393],[-73.57839999944903,45.543099999115036],[-73.57849999996316,45.54309999972755],[-73.58100000051871,45.544099999334804],[-73.58100000070067,45.54419999906891],[-73.58120000050576,45.54419999925463],[-73.58320000073715,45.545100000077824],[-73.5831999996997,45.54519999979534],[-73.58339999989165,45.545100000011715],[-73.58480000017558,45.545800000318685],[-73.58480000069613,45.54590000002282],[-73.58500000053168,45.54580000014999],[-73.58620000020188,45.54639999898605],[-73.58629999950462,45.54649999966427],[-73.58629999950462,45.54649999966427],[-73.58819999949306,45.54730000011062],[-73.58819999964285,45.54739999978881],[-73.58830000009705,45.547399999921204],[-73.59149999967308,45.54890000060583],[-73.59160000000519,45.54900000019946],[-73.59169999945564,45.54900000095572],[-73.5932999999669,45.54969999954689],[-73.59330000020188,45.54979999918307],[-73.59350000065743,45.54979999943024],[-73.5949999992969,45.55050000013037],[-73.59499999998734,45.5505999997522],[-73.59509999971186,45.550599999331666],[-73.59850000038476,45.55210000085425],[-73.59850000088299,45.55220000044827],[-73.5983999999233,45.55230000073929],[-73.59809999961952,45.55279999934394],[-73.59790000076842,45.552899999532116],[-73.59790000020497,45.552999999112984],[-73.59739999995294,45.55350000057349],[-73.59729999892646,45.55350000030885],[-73.59729999951914,45.553700000346],[-73.59680000055317,45.5541999991174],[-73.59669999956668,45.55419999922727],[-73.59669999944352,45.554300000584526],[-73.59649999951826,45.55460000010153],[-73.59640000038354,45.554599999947214],[-73.59639999972792,45.55470000039801],[-73.59570000090024,45.55550000040916],[-73.59560000016964,45.55550000045566],[-73.59559999937858,45.555600000890685],[-73.59519999998982,45.55600000011853],[-73.59509999925538,45.55609999925306],[-73.59510000014095,45.55619999967611],[-73.59479999948209,45.55660000055335],[-73.59460000052341,45.5566000007806],[-73.59460000052204,45.556700000295756],[-73.59410000011925,45.55729999908778],[-73.59400000003932,45.5572999995327],[-73.59389999999914,45.557399999392864],[-73.59399999919475,45.557499999437105],[-73.59350000008574,45.55800000052584],[-73.59330000026104,45.55809999976781],[-73.59329999924041,45.55820000015722],[-73.59289999925402,45.558700000526294],[-73.59279999925235,45.55870000082043],[-73.59279999990686,45.55880000029807],[-73.5922999991355,45.55929999962029],[-73.59220000022388,45.55939999975571],[-73.59219999981605,45.55949999922186],[-73.59170000033676,45.56000000035422],[-73.59160000040114,45.560099999952875],[-73.59160000021332,45.56020000030633],[-73.59109999945814,45.56069999965156],[-73.59099999978089,45.56079999961224],[-73.59099999981302,45.560900000853024],[-73.5906000000143,45.56140000012869],[-73.59040000067876,45.56140000020124],[-73.59039999964524,45.56149999963263],[-73.59000000006638,45.562100000673354],[-73.58980000080896,45.56210000059516],[-73.58979999999536,45.562200000913876],[-73.58930000014716,45.56269999940189],[-73.58920000013944,45.56279999955146],[-73.58920000082387,45.56289999895683],[-73.58870000078754,45.56350000045118],[-73.58859999995518,45.56349999976863],[-73.58860000085944,45.56360000006133],[-73.58809999976607,45.56420000065585],[-73.58800000025586,45.56420000124669],[-73.58800000009612,45.564300000628045],[-73.58750000050613,45.564899999420916],[-73.58739999975319,45.56489999948744],[-73.58739999981324,45.56499999975615],[-73.5873000001638,45.56499999973428],[-73.58730000004527,45.56509999910152],[-73.586900000451,45.565600000347686],[-73.58670000030403,45.56560000024151],[-73.586700000405,45.56570000049783],[-73.58639999984827,45.56609999934043],[-73.5862999995283,45.56609999934347],[-73.58649999991555,45.566199999497606],[-73.5866999997312,45.566299999300284],[-73.58690000108109,45.56629999940563],[-73.58690000025908,45.56640000055018],[-73.58699999983088,45.56640000092231],[-73.58720000025379,45.56640000050316],[-73.58670000045511,45.56700000007161],[-73.58609999952884,45.56750000059294],[-73.58560000005622,45.56809999972914],[-73.5851000001977,45.56870000021297],[-73.58459999972288,45.56920000005188],[-73.5840999999736,45.56980000054134],[-73.5835999998339,45.570399999678926],[-73.58160000047998,45.572699999672174],[-73.58129999956085,45.573100000824596],[-73.58069999959774,45.57369999955439],[-73.58029999936511,45.57410000112092],[-73.57980000010724,45.57469999936717],[-73.5794000004542,45.575300000587134],[-73.57910000011513,45.57560000019704],[-73.57889999982405,45.575800000090375],[-73.57880000042753,45.57589999990258],[-73.57850000010879,45.57619999880482],[-73.5784000005779,45.57630000095941],[-73.57790000003463,45.576899999655794],[-73.577499999978,45.5774000011404],[-73.57740000038532,45.57750000059879],[-73.57720000013657,45.57770000014821],[-73.57769999995362,45.57789999958322],[-73.57770000076924,45.57799999962243],[-73.57739999937347,45.578500000988164],[-73.57670000071177,45.579299999090125],[-73.57610000060225,45.57979999999162],[-73.57550000009707,45.580299999497534],[-73.5741999995194,45.582000000650325],[-73.57410000045,45.582000000770265],[-73.5739999994353,45.581900000834665],[-73.57330000066071,45.581700000469766],[-73.57230000057162,45.58139999982733],[-73.57139999963907,45.58109999994529]]]]}},{"type":"Feature","properties":{"harmonized_pdq_id":"PDQ_H_45","display_name":"PDQ 45","component_pdqs":[45],"source_pdq_values":[45],"geography_type":"longitudinal_analytical_composite","source_dataset":"Limite des secteurs de poste de quartier de police","source_dataset_id":"186892b8-bba5-426c-aa7e-9db8c43cbdfe","source_resource_id":"e18f0da9-3a16-4ba4-b378-59f698b47261","source_license":"Creative Commons Attribution 4.0 International","geometry_rule":"direct_source_polygon","historical_boundary_claim":false,"special_unit":false,"longitudinal_caveat":"This polygon is an IQAI longitudinal analytical composite based on official SPVM/Ville de Montréal PDQ territory geometry. It is used to compare harmonized reported-event totals consistently through time and should not be interpreted as a historical boundary snapshot for every year.","source_area_m2_planar":23633294.8089,"source_vintage":"2026-08-09T00:45:24.840Z","source_crs":"EPSG:32188","browser_crs":"EPSG:4326"},"geometry":{"type":"MultiPolygon","coordinates":[[[[-73.61259999913578,45.637599999184886],[-73.61300000037193,45.63739999946938],[-73.61299999986556,45.63719999967309],[-73.61319999934734,45.63709999973494],[-73.61339999972428,45.63710000024667],[-73.61350000055293,45.63709999992068],[-73.6135000000526,45.63700000001835],[-73.61359999934966,45.6368000006952],[-73.61379999994071,45.63680000050639],[-73.61430000014275,45.63639999931055],[-73.6146999996965,45.63629999981749],[-73.61519999929395,45.63629999972522],[-73.61560000076788,45.63629999969368],[-73.61569999961085,45.63619999932649],[-73.61539999930305,45.635999999678965],[-73.61460000051207,45.63609999955692],[-73.61469999949773,45.636000000061465],[-73.61469999936693,45.63580000021533],[-73.61479999996499,45.63560000069789],[-73.61500000022046,45.63539999944792],[-73.61519999938803,45.63509999970513],[-73.61520000005024,45.634899999826494],[-73.61539999899088,45.63480000049567],[-73.61579999986746,45.63460000077527],[-73.6161000005451,45.63470000037737],[-73.61639999948298,45.63499999997319],[-73.61660000022094,45.63560000078376],[-73.61680000029557,45.63580000059585],[-73.61689999946623,45.63629999959806],[-73.6166999999852,45.636600000454564],[-73.61630000033865,45.637000000366015],[-73.6158000003882,45.63709999977677],[-73.61520000021893,45.63719999979815],[-73.61500000069466,45.63739999953436],[-73.61490000018782,45.63729999947573],[-73.61469999924209,45.63749999958441],[-73.61429999949122,45.63749999916214],[-73.61389999967214,45.63759999903314],[-73.61350000022043,45.637800000991284],[-73.613199999037,45.63810000046635],[-73.61289999978602,45.638400000035595],[-73.61290000050484,45.63849999901326],[-73.61270000009763,45.63880000084931],[-73.61250000009817,45.63890000078229],[-73.61220000083202,45.638900000667746],[-73.6119000000575,45.63880000079563],[-73.61160000004283,45.638800000905896],[-73.611499999723,45.638599998920945],[-73.61129999998562,45.63849999970495],[-73.61099999909887,45.638399999262305],[-73.61119999999087,45.63830000014603],[-73.61140000016923,45.63819999977871],[-73.61209999939709,45.63780000027771],[-73.61259999913578,45.637599999184886]]],[[[-73.60469999981882,45.64340000049542],[-73.60450000021457,45.64330000025694],[-73.60429999996856,45.643499999941426],[-73.60389999997899,45.643599999784904],[-73.60350000054221,45.64379999980957],[-73.6031999998171,45.6439999990205],[-73.60300000016029,45.64420000090285],[-73.60269999937309,45.64440000058631],[-73.60230000008289,45.644699999748575],[-73.60189999958644,45.64450000046154],[-73.60150000035557,45.6444000004395],[-73.60150000005726,45.64450000021171],[-73.60109999951918,45.64460000013207],[-73.60069999968673,45.644800000215774],[-73.60040000034445,45.64499999923564],[-73.60010000059604,45.644999999739696],[-73.60049999995381,45.644500000659576],[-73.60269999989431,45.64310000068994],[-73.60349999995029,45.64259999958194],[-73.603699999847,45.642400000366784],[-73.60400000081948,45.64230000049664],[-73.6045000000028,45.6422000006351],[-73.60489999922876,45.6421000004662],[-73.60540000016519,45.64200000115961],[-73.60620000069181,45.64159999976553],[-73.60660000010967,45.64159999975544],[-73.60699999952841,45.64160000014451],[-73.6074000002291,45.641600000031666],[-73.60729999984625,45.641300000041284],[-73.60740000052544,45.64120000072757],[-73.60740000060034,45.64110000089713],[-73.60739999946833,45.64090000123225],[-73.6075000005368,45.64079999912409],[-73.60739999954076,45.6407999995969],[-73.60709999911552,45.64079999958795],[-73.60700000039604,45.641000001177574],[-73.60659999990007,45.641100000621734],[-73.60609999994446,45.641100000866224],[-73.60559999984847,45.64130000038085],[-73.60529999939715,45.641499999795805],[-73.60450000060169,45.641599999933085],[-73.60469999980123,45.64139999983236],[-73.60480000015117,45.641300000097246],[-73.6050000005709,45.64120000018959],[-73.60520000028043,45.641100000830505],[-73.60539999927806,45.641000001120126],[-73.60540000034597,45.640900001285424],[-73.6055000002369,45.640900000764645],[-73.60560000012937,45.640900001056174],[-73.60570000055283,45.6407999996245],[-73.60590000015857,45.640699999032925],[-73.60599999969611,45.640599999135574],[-73.60610000033857,45.64059999988853],[-73.60619999969641,45.640599999655336],[-73.60690000035538,45.64020000069233],[-73.60730000032837,45.640100000182166],[-73.60749999983182,45.64010000022613],[-73.60759999930686,45.640000000717286],[-73.60769999970906,45.639900001118264],[-73.60779999973634,45.640000000235155],[-73.60800000046112,45.63990000045094],[-73.60809999974053,45.64000000020579],[-73.60830000017185,45.640000000648],[-73.6083000004116,45.64010000049752],[-73.60840000016266,45.640100000137835],[-73.60860000043978,45.640199999903],[-73.60860000043978,45.640199999903],[-73.60870000036998,45.640200000180386],[-73.60900000036247,45.640300000333454],[-73.6091000004699,45.64030000026057],[-73.6091999998534,45.64039999994536],[-73.6091999998534,45.64039999994536],[-73.60919999968965,45.640599999629295],[-73.60850000059436,45.64150000010153],[-73.60829999995796,45.64150000000947],[-73.60800000063823,45.64159999948659],[-73.6075999995037,45.64189999936043],[-73.60750000050668,45.64200000063496],[-73.60739999972651,45.642300000545795],[-73.60720000052156,45.642499999942956],[-73.60709999974509,45.64259999995858],[-73.60709999982076,45.642799999564694],[-73.60670000069027,45.64330000030933],[-73.60649999955474,45.64310000107711],[-73.60630000018024,45.64320000087673],[-73.60579999998033,45.643799999441214],[-73.60549999974286,45.6439999992928],[-73.60530000052134,45.644099999125295],[-73.60510000059287,45.644200001306004],[-73.60480000002057,45.6444999999775],[-73.60339999991932,45.64540000029024],[-73.60310000057243,45.64560000008057],[-73.6030000000163,45.645600000300504],[-73.60280000092196,45.645700000226924],[-73.60269999946242,45.64579999993427],[-73.60260000021295,45.645899999550316],[-73.60250000060945,45.645999999977185],[-73.60240000062359,45.64599999967138],[-73.60230000048632,45.646099999921894],[-73.60199999999523,45.64609999911699],[-73.60219999970131,45.64589999995224],[-73.60229999981526,45.64570000003659],[-73.60309999934391,45.645199999260576],[-73.60340000040691,45.64499999945455],[-73.60379999991518,45.644500000516686],[-73.6042999998349,45.644099999542796],[-73.60450000092922,45.64389999987868],[-73.60470000033988,45.64360000007269],[-73.60470000007918,45.64350000028494],[-73.60469999981882,45.64340000049542]]],[[[-73.51939999936079,45.6719000002119],[-73.51979999973936,45.67139999902263],[-73.5207000002974,45.671599999153464],[-73.52099999947389,45.67149999910048],[-73.5213000002122,45.66579999988722],[-73.51910000030233,45.66539999986243],[-73.51879999952338,45.665500000432864],[-73.51859999987018,45.66430000066602],[-73.51850000025519,45.66379999908601],[-73.51839999985621,45.663300000074095],[-73.51840000100275,45.66290000051068],[-73.51840000086659,45.66250000001951],[-73.51840000079899,45.66230000021329],[-73.51839999992208,45.66159999948654],[-73.51840000053025,45.661499999118455],[-73.51960000068132,45.66059999951698],[-73.52029999942033,45.66019999990297],[-73.52139999951463,45.659700000529945],[-73.52270000006075,45.658999999625514],[-73.52290000040539,45.65889999978958],[-73.52300000037106,45.658799999981625],[-73.52329999895905,45.65870000086209],[-73.52360000032833,45.65860000095247],[-73.52410000035358,45.658299999683464],[-73.5256000005053,45.65760000062671],[-73.52689999934425,45.6569999998109],[-73.52709999973261,45.65680000023471],[-73.52829999980105,45.656199998982025],[-73.5284000007489,45.65609999889866],[-73.52869999944741,45.656099999513614],[-73.52920000004002,45.655800000086884],[-73.5322000005392,45.65430000012662],[-73.53219999968636,45.654200000530146],[-73.53239999932632,45.65420000067381],[-73.5360000007604,45.65239999983361],[-73.5361000004912,45.65230000014218],[-73.53620000013731,45.65229999999346],[-73.53620000013731,45.65229999999346],[-73.53639999943,45.65230000033325],[-73.53749999927551,45.65169999947379],[-73.5376000002238,45.65159999935646],[-73.53779999959131,45.651599999944786],[-73.5390999997997,45.650900000385306],[-73.53920000032726,45.65080000065312],[-73.53940000069649,45.65080000113952],[-73.53999999995142,45.65049999971842],[-73.54009999944914,45.65040000009157],[-73.54030000096033,45.6503999999018],[-73.5407999992598,45.65009999979562],[-73.5432999995847,45.64909999975137],[-73.54420000004178,45.648700000963],[-73.54480000001244,45.64839999941609],[-73.54539999999508,45.64810000010102],[-73.54670000007633,45.64750000062629],[-73.54879999947977,45.646199999275375],[-73.5521999997936,45.644500000544106],[-73.5523999999741,45.64440000099793],[-73.5525999994428,45.6443000011002],[-73.55319999999226,45.64399999929456],[-73.55369999953281,45.64369999997894],[-73.55389999964922,45.643499999806885],[-73.5542000001514,45.64340000025821],[-73.55539999983438,45.642700000174585],[-73.55549999915657,45.642499999724606],[-73.55570000078048,45.64250000046877],[-73.55679999986812,45.641699999369905],[-73.55730000079865,45.641400000372535],[-73.55750000045539,45.64120000011586],[-73.55770000001883,45.64120000005912],[-73.55970000042655,45.6399000003299],[-73.55980000000288,45.63969999961636],[-73.55999999909686,45.639599999278374],[-73.5615999997928,45.638599999456844],[-73.56180000036844,45.63859999942032],[-73.5619000004289,45.638399999521894],[-73.56339999982286,45.63739999962378],[-73.56359999997721,45.63739999913567],[-73.5636999996277,45.63729999931568],[-73.56400000029434,45.63700000021881],[-73.56420000030933,45.63700000048002],[-73.56429999946398,45.63690000012805],[-73.56509999984402,45.63629999932259],[-73.565100000777,45.63619999940787],[-73.5652000000034,45.636199999969506],[-73.56519999947605,45.63610000005389],[-73.56540000013717,45.63610000001351],[-73.56750000016626,45.63470000059114],[-73.56769999969495,45.63470000012409],[-73.56769999985472,45.63460000018157],[-73.56820000008898,45.63429999899316],[-73.5683000001603,45.63419999959073],[-73.56850000049685,45.63409999957106],[-73.5725999990452,45.63140000039436],[-73.57259999947576,45.63130000039343],[-73.57270000024855,45.63130000068776],[-73.5735000005803,45.63079999986504],[-73.5734999994117,45.630699999854556],[-73.57370000010488,45.63069999968038],[-73.57449999969195,45.63020000080055],[-73.57450000059404,45.63010000077814],[-73.57460000051445,45.63010000030964],[-73.57710000072277,45.628399999997505],[-73.57720000018591,45.62839999995284],[-73.57720000013846,45.62829999989927],[-73.57729999942367,45.6282999997672],[-73.57730000048116,45.628199999711114],[-73.57900000022146,45.62700000035942],[-73.57910000018536,45.62690000037258],[-73.57919999954647,45.62690000037692],[-73.57969999955559,45.62659999883782],[-73.58100000007748,45.625700000597384],[-73.58139999980445,45.62539999942486],[-73.58139999999108,45.6252999993182],[-73.58160000071906,45.62529999971036],[-73.58160000055034,45.62519999960216],[-73.58169999945326,45.62519999921804],[-73.5824999997973,45.62470000051785],[-73.58409999938849,45.62360000043939],[-73.58409999990884,45.62350000030071],[-73.58430000064827,45.62350000046495],[-73.58650000006413,45.62199999937734],[-73.58659999954611,45.62179999976761],[-73.58659999947369,45.621699999597574],[-73.58670000009906,45.62179999950456],[-73.58700000019441,45.621600000548945],[-73.58819999976346,45.620799999477555],[-73.5882999998217,45.620799999613936],[-73.58830000057678,45.62069999942561],[-73.59009999988628,45.61949999981936],[-73.59010000001113,45.619400000508385],[-73.59020000014416,45.61939999988132],[-73.59149999984956,45.6184999997859],[-73.59200000072256,45.618200000654724],[-73.59209999956191,45.6180000005959],[-73.59219999977253,45.61800000091748],[-73.59380000020623,45.61700000070706],[-73.59399999924588,45.61690000073215],[-73.59400000013771,45.61680000047481],[-73.5952999995747,45.61590000081409],[-73.59549999973467,45.61580000089217],[-73.59570000046563,45.615700000617885],[-73.59590000056828,45.61549999971261],[-73.59659999963341,45.615100000001625],[-73.59690000064938,45.61490000000494],[-73.59739999975027,45.61460000134451],[-73.5979000008299,45.614399998979174],[-73.59850000010641,45.614099999720324],[-73.59889999991725,45.6138999999543],[-73.59909999986849,45.61390000030292],[-73.5991000006799,45.61379999999256],[-73.59919999983728,45.613800000486194],[-73.59920000047126,45.61370000017422],[-73.60030000062643,45.613299999454945],[-73.60120000064637,45.6130000002176],[-73.60179999974012,45.612900000405595],[-73.60250000049174,45.6128000004422],[-73.60260000043593,45.612800000658375],[-73.60269999955118,45.61290000021539],[-73.60319999918416,45.61339999935715],[-73.60709999952923,45.61700000042515],[-73.60989999935317,45.61959999986181],[-73.61000000047397,45.61970000010697],[-73.61290000050798,45.62240000048804],[-73.6166999996848,45.626100000114825],[-73.61680000010753,45.626199999693945],[-73.61969999933652,45.62890000076682],[-73.62060000013919,45.629899999419],[-73.62029999989757,45.63050000002428],[-73.61969999981596,45.63079999953326],[-73.61939999958578,45.630899999444516],[-73.61930000037628,45.63130000046593],[-73.61870000054125,45.631600000078826],[-73.6183000004372,45.63160000016658],[-73.61810000006929,45.631700000133584],[-73.61779999988988,45.631799999426335],[-73.61699999940302,45.63179999999746],[-73.61639999967696,45.6317999992233],[-73.61620000035062,45.63189999945857],[-73.61620000050468,45.63199999945107],[-73.616099999744,45.632099999432185],[-73.61589999919583,45.632099999149034],[-73.61569999974736,45.63230000029073],[-73.6152999994709,45.63250000064172],[-73.61969999942687,45.63690000066394],[-73.61940000075332,45.637100000368235],[-73.61449999966209,45.632799999842646],[-73.61440000087002,45.63289999921931],[-73.61409999925867,45.63299999957358],[-73.61380000042686,45.63309999913546],[-73.61349999973685,45.63330000057868],[-73.61290000022618,45.63360000021617],[-73.61230000072845,45.63389999938587],[-73.61189999986507,45.633999999518004],[-73.6116000001214,45.63429999949002],[-73.61089999982353,45.63470000067518],[-73.61080000023566,45.63480000046698],[-73.61089999925412,45.634899999660306],[-73.61119999973279,45.63519999940076],[-73.61119999998408,45.63529999933482],[-73.61139999969359,45.6353999987817],[-73.61169999966582,45.63529999926336],[-73.61189999962558,45.63509999983129],[-73.6122000002098,45.634899999954165],[-73.61259999941797,45.63489999963057],[-73.61290000042789,45.63489999959197],[-73.61320000019626,45.63479999972516],[-73.61379999986774,45.634800000210376],[-73.614199999275,45.634999999564734],[-73.61419999981756,45.635399999305776],[-73.61409999928516,45.63579999995774],[-73.61380000041196,45.63610000021231],[-73.61319999958576,45.636399999478314],[-73.61260000024143,45.636800000882545],[-73.61209999920524,45.63710000010814],[-73.61149999916965,45.63739999938972],[-73.61099999985848,45.63759999927405],[-73.61069999985955,45.6378000004029],[-73.61029999925881,45.63780000037331],[-73.60989999968555,45.63800000051714],[-73.60960000009075,45.637999999874324],[-73.60919999990267,45.638100000376916],[-73.60889999979236,45.63819999957923],[-73.60860000041514,45.638199999909475],[-73.60800000037706,45.63820000000749],[-73.6084000008968,45.63780000044875],[-73.6089999995421,45.63729999968229],[-73.60979999933079,45.63670000082613],[-73.61030000016515,45.636299999133854],[-73.61070000033223,45.63590000038594],[-73.61110000009027,45.635700000065846],[-73.61109999994284,45.63550000110953],[-73.61080000003527,45.635399999188834],[-73.61050000091011,45.6351999992431],[-73.6102000006206,45.63529999921155],[-73.60989999977313,45.635500001021086],[-73.60979999955192,45.635600000823814],[-73.60949999973242,45.63570000074609],[-73.6092999993672,45.635900000454576],[-73.60890000077332,45.636199999781134],[-73.60859999947907,45.63639999904516],[-73.60829999990526,45.636600001111916],[-73.6080000004544,45.636900000489966],[-73.6074999996385,45.637199999372626],[-73.60749999972876,45.63729999927145],[-73.60739999974044,45.63739999964069],[-73.60720000042042,45.637499999317235],[-73.60699999942148,45.637399999754315],[-73.60680000067312,45.63749999962985],[-73.60680000080194,45.63759999952331],[-73.6067999996518,45.63770000121587],[-73.60659999925481,45.63790000062576],[-73.60539999933,45.63859999922655],[-73.60510000038401,45.638599999363635],[-73.60479999972242,45.63880000116047],[-73.60479999928553,45.63900000000049],[-73.60450000066155,45.639100000228346],[-73.60450000055245,45.63920000009374],[-73.60410000035921,45.63949999953632],[-73.60360000010878,45.639900000859875],[-73.60310000044053,45.64029999996621],[-73.60260000007656,45.64069999955595],[-73.6017000005949,45.6411000009792],[-73.60109999989899,45.6414000003156],[-73.60079999985055,45.64149999978395],[-73.6005999992472,45.641699999353165],[-73.6005999992804,45.641899998990084],[-73.60029999965313,45.642100000549554],[-73.60020000008845,45.64230000064024],[-73.59999999963975,45.64250000003043],[-73.5997000007481,45.64260000018891],[-73.59949999998581,45.64310000078745],[-73.59849999970301,45.64399999981463],[-73.59770000004737,45.644600000647095],[-73.59700000037452,45.64489999985062],[-73.59670000016278,45.64509999904921],[-73.59650000041042,45.64530000121054],[-73.5962000001363,45.64550000088167],[-73.59599999974489,45.6457000003544],[-73.59570000068975,45.64589999959715],[-73.59550000036971,45.645999999336695],[-73.59539999990182,45.6461999995878],[-73.59549999953751,45.646299999462315],[-73.59530000023003,45.64650000037986],[-73.59479999965602,45.64670000012514],[-73.59449999989683,45.6468000000518],[-73.59420000035351,45.64690000008849],[-73.59389999974307,45.647000000236346],[-73.59379999950455,45.64719999995112],[-73.593600000161,45.64729999904],[-73.59330000019816,45.64739999940422],[-73.59309999957813,45.64770000064668],[-73.5928999995827,45.64790000001305],[-73.59249999970393,45.64810000006277],[-73.59240000022928,45.64829999941241],[-73.59210000049296,45.64839999930695],[-73.59119999932538,45.64919999991438],[-73.59009999936329,45.65010000062699],[-73.58970000006349,45.65039999946028],[-73.58860000064848,45.650900000418545],[-73.58750000056526,45.65159999993384],[-73.58680000017554,45.65210000033028],[-73.58649999970825,45.65220000074926],[-73.58579999960516,45.652500000208605],[-73.58459999921256,45.653000000632225],[-73.58259999989045,45.6543000004641],[-73.58139999993162,45.65540000060947],[-73.58090000004782,45.65549999991514],[-73.57739999971322,45.65699999947536],[-73.57690000031998,45.657400000578285],[-73.57679999929468,45.6574000012598],[-73.57659999980761,45.65740000055887],[-73.57650000006514,45.65740000097696],[-73.57639999903817,45.65740000040853],[-73.57640000029744,45.657500000849524],[-73.57630000037675,45.657500001092636],[-73.57610000070062,45.657700000394904],[-73.57600000097034,45.657799999912],[-73.57589999960219,45.657900000240744],[-73.57589999960219,45.657900000240744],[-73.57589999997138,45.6579999997737],[-73.57579999935278,45.65810000001087],[-73.57540000077242,45.658299999213774],[-73.57519999977349,45.65839999918832],[-73.57509999976573,45.658500000604896],[-73.57479999949207,45.65860000078003],[-73.57460000020718,45.65870000059756],[-73.57440000021006,45.65880000006367],[-73.57430000063141,45.65889999987283],[-73.57419999941368,45.65899999959376],[-73.57400000020503,45.659100000153416],[-73.57399999976127,45.65919999966571],[-73.57380000045254,45.659499998887014],[-73.57360000016726,45.659700000940944],[-73.57350000008212,45.65990000043378],[-73.57340000056894,45.66009999983167],[-73.57340000011757,45.66029999971887],[-73.57320000069315,45.6604999992441],[-73.57299999949919,45.66059999892768],[-73.57270000096152,45.66070000074851],[-73.57240000007056,45.66080000088142],[-73.57189999932523,45.660800000812024],[-73.57160000032572,45.66090000064085],[-73.5713999999284,45.66090000073499],[-73.57130000025849,45.66100000058059],[-73.57120000052261,45.66099999995864],[-73.57109999997384,45.66090000066923],[-73.57090000003448,45.66100000026783],[-73.56940000015855,45.6609999998936],[-73.5690999994917,45.66110000035354],[-73.56890000041356,45.66120000004604],[-73.56860000014008,45.66119999971436],[-73.56819999977618,45.66119999984634],[-73.56799999959473,45.661200000286975],[-73.56780000069611,45.66120000037671],[-73.56760000023064,45.66129999959205],[-73.56739999969301,45.66129999988234],[-73.56730000070675,45.66129999944552],[-73.56720000015024,45.66120000034709],[-73.56710000005855,45.66119999973588],[-73.56699999996782,45.66119999993693],[-73.56689999963093,45.661299999525404],[-73.56680000064526,45.661299999550735],[-73.56669999977537,45.661399999862475],[-73.56589999964963,45.661800000391736],[-73.5647000005603,45.662400000076175],[-73.56350000022567,45.663000000590316],[-73.56329999958267,45.663200000685556],[-73.56309999938873,45.66330000008584],[-73.56269999945177,45.66340000019418],[-73.56249999967014,45.66359999977412],[-73.56190000011966,45.6637999995658],[-73.56180000019589,45.663899999143034],[-73.56170000043153,45.66389999920378],[-73.5615999999756,45.66400000040409],[-73.561500000446,45.66410000061478],[-73.56140000056043,45.66420000073638],[-73.56119999996267,45.66420000007064],[-73.56109999966462,45.66420000050629],[-73.56100000017199,45.66430000027576],[-73.56079999966896,45.66440000012939],[-73.56070000056954,45.66449999963254],[-73.56050000002038,45.664699999272024],[-73.55969999965981,45.66520000054896],[-73.55899999994854,45.66549999977348],[-73.55860000014873,45.66559999988467],[-73.55829999947517,45.66559999950029],[-73.55800000000396,45.66579999981933],[-73.55780000012604,45.66579999949975],[-73.55769999967937,45.66599999934395],[-73.55759999980634,45.666200000892935],[-73.55730000041716,45.66630000086767],[-73.55699999985492,45.66630000066874],[-73.55690000080459,45.66650000069418],[-73.55659999984957,45.66659999972606],[-73.55649999962677,45.66670000001368],[-73.55620000070641,45.66689999916618],[-73.55589999950675,45.66689999967825],[-73.55549999962307,45.667199999351396],[-73.55520000035987,45.66750000062469],[-73.55519999982779,45.6675999999885],[-73.55510000046655,45.66769999993246],[-73.55469999959926,45.66799999946219],[-73.55470000074538,45.668099999716205],[-73.55439999949238,45.66829999949259],[-73.55399999970057,45.66850000079249],[-73.55369999960196,45.66879999985811],[-73.55340000015087,45.66909999991938],[-73.55289999942592,45.66950000040776],[-73.5527999996706,45.66980000055577],[-73.55209999984773,45.67019999976777],[-73.55120000003744,45.670600000784994],[-73.5509999997507,45.670600001158626],[-73.55069999976418,45.67070000082121],[-73.550500000404,45.67070000031912],[-73.55030000077673,45.670800000573806],[-73.54970000034555,45.67080000041657],[-73.54940000012976,45.670800000056126],[-73.54870000048277,45.67080000005037],[-73.54829999974717,45.67070000048584],[-73.54699999969074,45.670800000305896],[-73.54619999967645,45.67090000018816],[-73.54590000068946,45.67110000003956],[-73.54500000005163,45.67149999894167],[-73.54459999933546,45.67159999941967],[-73.54210000083624,45.67319999975821],[-73.54069999919966,45.67400000083572],[-73.53880000000935,45.67500000104344],[-73.53859999961071,45.67520000066552],[-73.53740000005483,45.67589999933643],[-73.53639999991779,45.6763999998436],[-73.53600000009482,45.676899999326075],[-73.53599999992417,45.67720000051328],[-73.53580000010274,45.677300000464314],[-73.53560000008318,45.67750000015227],[-73.53519999922636,45.678099999514885],[-73.53519999991913,45.678400000638476],[-73.5347999991841,45.67880000017867],[-73.53450000035123,45.67930000058628],[-73.53430000038509,45.67969999982945],[-73.53390000078006,45.680299998906776],[-73.53239999929117,45.68189999992586],[-73.53160000011682,45.68260000087497],[-73.53130000014754,45.68290000066174],[-73.53049999996682,45.6835999991841],[-73.52830000008204,45.6852000005977],[-73.52720000093487,45.68689999946857],[-73.52720000061873,45.687399999958636],[-73.52410000063692,45.69099999973255],[-73.5229000001004,45.692100000058936],[-73.52280000092117,45.692500000472464],[-73.52269999966434,45.69280000005321],[-73.52249999977154,45.693199999284396],[-73.52209999955551,45.693900000412924],[-73.52139999968581,45.69449999926551],[-73.52030000036615,45.6953999991786],[-73.51910000002404,45.69600000044198],[-73.51789999989394,45.69649999918316],[-73.51669999938878,45.697200000059034],[-73.51509999996458,45.697499999690734],[-73.51299999997357,45.69820000050176],[-73.50920000018046,45.699100000909226],[-73.5091999998524,45.701400000920195],[-73.5090000000587,45.70360000100646],[-73.50889999975303,45.70800000069462],[-73.50869999970082,45.7080000008025],[-73.50889999935997,45.69920000098469],[-73.50889999927705,45.69889999915948],[-73.50890000031498,45.69800000078732],[-73.50889999998962,45.69679999943707],[-73.50909999998152,45.69569999894348],[-73.50949999962822,45.694599999428114],[-73.51350000067708,45.685799999268234],[-73.5186999996516,45.674499999699236],[-73.51910000036482,45.67319999994048],[-73.51939999936079,45.6719000002119]]]]}},{"type":"Feature","properties":{"harmonized_pdq_id":"PDQ_H_46","display_name":"PDQ 46","component_pdqs":[46],"source_pdq_values":[46],"geography_type":"longitudinal_analytical_composite","source_dataset":"Limite des secteurs de poste de quartier de police","source_dataset_id":"186892b8-bba5-426c-aa7e-9db8c43cbdfe","source_resource_id":"e18f0da9-3a16-4ba4-b378-59f698b47261","source_license":"Creative Commons Attribution 4.0 International","geometry_rule":"direct_source_polygon","historical_boundary_claim":false,"special_unit":false,"longitudinal_caveat":"This polygon is an IQAI longitudinal analytical composite based on official SPVM/Ville de Montréal PDQ territory geometry. It is used to compare harmonized reported-event totals consistently through time and should not be interpreted as a historical boundary snapshot for every year.","source_area_m2_planar":13500629.6928,"source_vintage":"2026-08-09T00:45:24.840Z","source_crs":"EPSG:32188","browser_crs":"EPSG:4326"},"geometry":{"type":"MultiPolygon","coordinates":[[[[-73.55009999939836,45.62619999986559],[-73.54990000060305,45.62620000011539],[-73.54849999978927,45.62570000058921],[-73.54850000014177,45.62539999938413],[-73.54830000029715,45.62549999873646],[-73.54830000034394,45.62539999953282],[-73.54800000000547,45.62539999909962],[-73.54720000040913,45.6251000000704],[-73.54710000001761,45.62499999984016],[-73.54379999965103,45.623800000203836],[-73.5470000000932,45.61989999976711],[-73.53699999977688,45.61590000086107],[-73.53740000031037,45.61500000037383],[-73.53780000032835,45.61500000009711],[-73.5382000004091,45.61490000083148],[-73.53990000081934,45.615099999797884],[-73.54100000026486,45.61449999909655],[-73.54279999971794,45.614800000265966],[-73.54309999994823,45.61480000085623],[-73.54370000060104,45.61500000025084],[-73.54390000042186,45.61510000034239],[-73.54530000050075,45.614099999731984],[-73.54570000003667,45.61370000026307],[-73.54569999914864,45.61350000053982],[-73.54629999953826,45.61280000056061],[-73.54629999931088,45.61270000023404],[-73.54549999965951,45.612400001231],[-73.54549999957084,45.61229999909771],[-73.54569999935653,45.61209999957821],[-73.54510000010514,45.61200000012833],[-73.54530000051595,45.611700000054284],[-73.54559999983245,45.6113000007835],[-73.54520000008601,45.61109999976881],[-73.54530000038152,45.61079999957669],[-73.54320000058213,45.6099999993034],[-73.54219999966801,45.60979999979444],[-73.5411999993179,45.60950000014036],[-73.54140000040935,45.60899999968187],[-73.54149999990622,45.60859999960772],[-73.54170000000785,45.60820000075226],[-73.54090000040624,45.60789999899477],[-73.54109999967802,45.60759999975912],[-73.54140000060207,45.607200000430936],[-73.5415999998504,45.60689999938314],[-73.5412999991193,45.6067999989235],[-73.53919999993926,45.60590000060046],[-73.53820000035272,45.60549999922326],[-73.53770000076341,45.60529999974069],[-73.53730000035182,45.60500000008775],[-73.53720000002431,45.60480000117155],[-73.53710000094127,45.60469999902992],[-73.53699999893624,45.60439999945629],[-73.53699999914647,45.60409999982826],[-73.53670000060427,45.60349999921305],[-73.53670000002978,45.60309999994242],[-73.53660000000839,45.60219999959333],[-73.53720000031284,45.60249999898181],[-73.53790000005371,45.60270000026176],[-73.53799999956537,45.602800000838265],[-73.53809999993959,45.60270000032242],[-73.53829999952157,45.602399999415496],[-73.53849999916707,45.60229999916648],[-73.53849999962358,45.60239999967563],[-73.53829999992693,45.60280000053521],[-73.53819999980647,45.60280000072377],[-73.53819999973,45.60290000032448],[-73.53899999974188,45.60319999965607],[-73.53920000054104,45.60329999918403],[-73.53950000038283,45.603100000140095],[-73.54200000015672,45.60410000048168],[-73.54229999927361,45.6042000000508],[-73.54260000043475,45.603700000446324],[-73.54280000009325,45.603399999812154],[-73.542999999664,45.60320000020722],[-73.54059999937019,45.60219999959356],[-73.54020000004513,45.60199999964935],[-73.53970000009207,45.60180000069919],[-73.53980000079865,45.60170000047713],[-73.54009999950506,45.60139999927638],[-73.54059999939733,45.600700000714],[-73.54239999953167,45.60119999917217],[-73.54250000052528,45.60129999943483],[-73.54270000056475,45.601299999540586],[-73.5432999994199,45.60150000060948],[-73.54490000016305,45.601900000527294],[-73.54489999958658,45.60170000038906],[-73.54519999987934,45.600999999872556],[-73.54509999975048,45.600900000168046],[-73.5448000004316,45.600799999795626],[-73.54439999998144,45.600600000111186],[-73.5445000000297,45.60029999916562],[-73.54459999926152,45.59989999936497],[-73.54490000068948,45.59940000054045],[-73.54490000040497,45.59930000087816],[-73.54459999971434,45.599199999053255],[-73.54430000043784,45.598400000527434],[-73.54420000012072,45.598300000889374],[-73.54379999995567,45.59820000049948],[-73.54500000055071,45.596200000819174],[-73.54529999994061,45.595899999169205],[-73.54539999956899,45.595699999614844],[-73.54549999989578,45.59569999942227],[-73.54549999983239,45.59559999969483],[-73.54559999949991,45.5953999999548],[-73.5459000001432,45.59490000080795],[-73.54709999991567,45.59529999991512],[-73.54729999984538,45.595399999798595],[-73.54810000048842,45.59459999988781],[-73.5465999994311,45.594100000176695],[-73.5466999993113,45.59380000056154],[-73.54739999910835,45.59239999979611],[-73.54759999968933,45.592199999848354],[-73.54769999984734,45.59190000015722],[-73.54810000076812,45.59139999901753],[-73.54880000035361,45.59019999953014],[-73.55159999935788,45.59110000023163],[-73.55749999953089,45.59320000037432],[-73.55770000027722,45.593200000313644],[-73.56089999973008,45.594300000394526],[-73.56100000013419,45.59430000013123],[-73.56439999960614,45.595499999886044],[-73.56450000086055,45.59550000015785],[-73.56460000021302,45.59560000007305],[-73.56940000063304,45.59720000043337],[-73.56979999933854,45.5965999996517],[-73.5706999998656,45.596999999334976],[-73.5719000001573,45.597400000542585],[-73.57210000033064,45.59750000016413],[-73.57239999979048,45.59759999999021],[-73.57250000024688,45.59770000015154],[-73.57269999998864,45.59779999961757],[-73.57290000041424,45.59779999994136],[-73.57469999928712,45.59859999986865],[-73.57520000030452,45.59879999961633],[-73.5751999992926,45.598899999289245],[-73.57539192779707,45.59889999971665],[-73.5755000006654,45.59889999937693],[-73.57589999954169,45.5990999991093],[-73.57630000031875,45.59919999956727],[-73.57660000072651,45.59919999946643],[-73.57710000012361,45.5991999987483],[-73.57720000025954,45.59919999870181],[-73.5773000005547,45.599300000932516],[-73.57760000021378,45.59930000090562],[-73.577200000136,45.599800000266676],[-73.57720000011541,45.599899999921455],[-73.58540000083717,45.60339999910021],[-73.58899999944296,45.605000000635684],[-73.59229999914665,45.60630000016572],[-73.59339999928257,45.60689999867833],[-73.60010000099425,45.609899999230336],[-73.60170000063333,45.610600000512164],[-73.60329999987948,45.61109999928377],[-73.60319999922535,45.611300001293856],[-73.60240000070633,45.61260000037802],[-73.60260000043593,45.612800000658375],[-73.60250000049174,45.6128000004422],[-73.60179999974012,45.612900000405595],[-73.60120000064637,45.6130000002176],[-73.60030000062643,45.613299999454945],[-73.59920000047126,45.61370000017422],[-73.59919999983728,45.613800000486194],[-73.5991000006799,45.61379999999256],[-73.59909999986849,45.61390000030292],[-73.59889999991725,45.6138999999543],[-73.59850000010641,45.614099999720324],[-73.5979000008299,45.614399998979174],[-73.59739999975027,45.61460000134451],[-73.59690000064938,45.61490000000494],[-73.59659999963341,45.615100000001625],[-73.59590000056828,45.61549999971261],[-73.59570000046563,45.615700000617885],[-73.59549999973467,45.61580000089217],[-73.5952999995747,45.61590000081409],[-73.59400000013771,45.61680000047481],[-73.59399999924588,45.61690000073215],[-73.59380000020623,45.61700000070706],[-73.59219999977253,45.61800000091748],[-73.59209999956191,45.6180000005959],[-73.59200000072256,45.618200000654724],[-73.59149999984956,45.6184999997859],[-73.59020000014416,45.61939999988132],[-73.59010000001113,45.619400000508385],[-73.59009999988628,45.61949999981936],[-73.58830000057678,45.62069999942561],[-73.5882999998217,45.620799999613936],[-73.58819999976346,45.620799999477555],[-73.58700000019441,45.621600000548945],[-73.58670000009906,45.62179999950456],[-73.58659999947369,45.621699999597574],[-73.58659999954611,45.62179999976761],[-73.58650000006413,45.62199999937734],[-73.58430000064827,45.62350000046495],[-73.58409999990884,45.62350000030071],[-73.58409999938849,45.62360000043939],[-73.5824999997973,45.62470000051785],[-73.58169999945326,45.62519999921804],[-73.58160000055034,45.62519999960216],[-73.58160000071906,45.62529999971036],[-73.58139999999108,45.6252999993182],[-73.58139999980445,45.62539999942486],[-73.58100000007748,45.625700000597384],[-73.57969999955559,45.62659999883782],[-73.57919999954647,45.62690000037692],[-73.57910000018536,45.62690000037258],[-73.57900000022146,45.62700000035942],[-73.57730000048116,45.628199999711114],[-73.57729999942367,45.6282999997672],[-73.57720000013846,45.62829999989927],[-73.57720000018591,45.62839999995284],[-73.57710000072277,45.628399999997505],[-73.57460000051445,45.63010000030964],[-73.57450000059404,45.63010000077814],[-73.57449999969195,45.63020000080055],[-73.57370000010488,45.63069999968038],[-73.5734999994117,45.630699999854556],[-73.5735000005803,45.63079999986504],[-73.57270000024855,45.63130000068776],[-73.57259999947576,45.63130000039343],[-73.5725999990452,45.63140000039436],[-73.56850000049685,45.63409999957106],[-73.5683000001603,45.63419999959073],[-73.56280000006089,45.63189999946555],[-73.55169999929757,45.62700000032217],[-73.55109999970092,45.626900000250025],[-73.55009999939836,45.62619999986559]],[[-73.57530000017839,45.598900000005614],[-73.57540000106286,45.59889999973463],[-73.57539192779707,45.59889999971665],[-73.57530000017839,45.598900000005614]]]]}},{"type":"Feature","properties":{"harmonized_pdq_id":"PDQ_H_48","display_name":"PDQ 48","component_pdqs":[48],"source_pdq_values":[48],"geography_type":"longitudinal_analytical_composite","source_dataset":"Limite des secteurs de poste de quartier de police","source_dataset_id":"186892b8-bba5-426c-aa7e-9db8c43cbdfe","source_resource_id":"e18f0da9-3a16-4ba4-b378-59f698b47261","source_license":"Creative Commons Attribution 4.0 International","geometry_rule":"direct_source_polygon","historical_boundary_claim":false,"special_unit":false,"longitudinal_caveat":"This polygon is an IQAI longitudinal analytical composite based on official SPVM/Ville de Montréal PDQ territory geometry. It is used to compare harmonized reported-event totals consistently through time and should not be interpreted as a historical boundary snapshot for every year.","source_area_m2_planar":19171540.5297,"source_vintage":"2026-08-09T00:45:24.840Z","source_crs":"EPSG:32188","browser_crs":"EPSG:4326"},"geometry":{"type":"MultiPolygon","coordinates":[[[[-73.53990000081934,45.615099999797884],[-73.5382000004091,45.61490000083148],[-73.53780000032835,45.61500000009711],[-73.53740000031037,45.61500000037383],[-73.53039999896207,45.613700000483504],[-73.52729999966614,45.61319999982688],[-73.52529999980794,45.6136000008051],[-73.52500000079776,45.61390000028838],[-73.5248999995621,45.61399999993789],[-73.52490000018425,45.61390000053248],[-73.51870000044443,45.61280000050114],[-73.51860000050372,45.61280000062939],[-73.518500000563,45.61280000067011],[-73.51660000035855,45.612400000594334],[-73.51649999968102,45.61250000101549],[-73.51640000061676,45.61240000068615],[-73.51449999948508,45.61209999928828],[-73.51449999935905,45.61199999984973],[-73.51439999960945,45.6118999995607],[-73.51429999975686,45.61199999986443],[-73.5124999999367,45.6117999997558],[-73.51240000049106,45.61179999985585],[-73.51229999970069,45.61170000042467],[-73.51229999970069,45.61170000042467],[-73.51209999988265,45.61170000018721],[-73.51200000061466,45.6116999999371],[-73.51190000071283,45.611600000153956],[-73.51050000049057,45.611400000837975],[-73.51039999994123,45.611300000636454],[-73.50929999942643,45.61109999939178],[-73.50860000047588,45.611099999342564],[-73.50679999970296,45.61089999937493],[-73.50679999915779,45.61079999991534],[-73.50679999934948,45.61060000009099],[-73.50710000046737,45.61050000037164],[-73.50700000024875,45.61030000040917],[-73.5080999999884,45.60739999995188],[-73.50829999926334,45.60730000047231],[-73.50829999989043,45.607000000998404],[-73.50839999951054,45.60649999963005],[-73.50869999999232,45.606000000170845],[-73.50879999968723,45.6051000001356],[-73.5088999996132,45.60469999953077],[-73.50910000011936,45.60420000031094],[-73.50899999953805,45.60390000049706],[-73.50920000048013,45.60329999964062],[-73.50920000080046,45.60320000004734],[-73.50920000015914,45.6029999999558],[-73.50920000015948,45.601800000158285],[-73.50920000048117,45.60129999934308],[-73.50900000015655,45.598500000718936],[-73.50900000022843,45.59830000046205],[-73.50890000041092,45.597999999349604],[-73.50880000012845,45.59760000024175],[-73.50870000012905,45.59740000041395],[-73.50859999966437,45.59710000079111],[-73.50849999998174,45.59689999897098],[-73.50850000040222,45.59630000070994],[-73.50829999953879,45.596200000402554],[-73.50829999953518,45.596000000964644],[-73.50810000079942,45.595699999053565],[-73.5080000001439,45.595399999715724],[-73.5077999995207,45.5953000003168],[-73.50760000056955,45.5943999999319],[-73.50739999969278,45.59369999948021],[-73.50739999904197,45.593499999054615],[-73.50719999988506,45.593199999935244],[-73.50709999990994,45.592700001023566],[-73.50700000055512,45.59249999953536],[-73.5069000006293,45.59229999975225],[-73.5069000004735,45.59210000017724],[-73.50660000054555,45.59200000011647],[-73.5060999997274,45.59200000001443],[-73.50569999907289,45.591999999976835],[-73.5054000005272,45.59190000036228],[-73.50420000051908,45.58809999979846],[-73.50409999994694,45.58770000037943],[-73.5038999995119,45.58770000018368],[-73.5040999994306,45.58720000102432],[-73.5048000001787,45.58569999972299],[-73.50490000049102,45.58530000035535],[-73.50510000009263,45.58530000060005],[-73.50530000009685,45.5851000006734],[-73.50539999958997,45.5848999988615],[-73.48569999965954,45.580800000999325],[-73.48579999960083,45.58060000089614],[-73.48589999943034,45.580499998892854],[-73.49729999963279,45.58280000057964],[-73.50539999963772,45.58469999992608],[-73.50549999983446,45.58439999988845],[-73.50550000032158,45.58429999996288],[-73.50449999994434,45.58400000075203],[-73.50490000031412,45.58300000018751],[-73.50569999932462,45.581099999711775],[-73.50589999978263,45.58070000041068],[-73.50559999956094,45.58060000112286],[-73.50890000023773,45.57589999981036],[-73.509800000525,45.57499999919585],[-73.50999999981663,45.57479999967679],[-73.51089999955971,45.573899999220316],[-73.51190000043543,45.57289999902818],[-73.51389999917217,45.570800000486884],[-73.51730000098645,45.56910000016225],[-73.51719999964173,45.56890000047433],[-73.5156000000738,45.56829999950005],[-73.51540000017584,45.568199999433],[-73.51589999975705,45.567700000052184],[-73.51580000074203,45.567500000888884],[-73.51559999925412,45.56770000092125],[-73.51539999978243,45.56750000062264],[-73.51769999994735,45.56629999935969],[-73.51809999972588,45.56589999958495],[-73.51990000006485,45.563899999897274],[-73.52079999998682,45.56279999919802],[-73.52039999971002,45.562599999629825],[-73.52120000012921,45.561799999018625],[-73.52160000023908,45.561899999093576],[-73.52269999976691,45.56049999980928],[-73.52349999982418,45.55959999953223],[-73.5241999999629,45.558700001240624],[-73.52550000108731,45.5592999996255],[-73.52559999992292,45.559800000664545],[-73.52570000006901,45.55990000106335],[-73.52589999920245,45.55990000088558],[-73.52689999934661,45.55969999942783],[-73.52970000039333,45.560499999665524],[-73.5339000002775,45.56200000077254],[-73.53660000014305,45.5627999997717],[-73.5406999992568,45.56430000092263],[-73.54050000046462,45.564799999587095],[-73.54069999952237,45.564899999862476],[-73.54079999899228,45.56489999928453],[-73.54110000036563,45.564500000437654],[-73.54270000063624,45.56499999982934],[-73.54499999970218,45.56579999997893],[-73.54690000037505,45.56650000051249],[-73.54720000009368,45.566600000469506],[-73.54860000063582,45.56700000017233],[-73.5492000000498,45.56669999998786],[-73.5513000000944,45.56739999928925],[-73.55139999961087,45.567700000895336],[-73.55259999997367,45.56790000039421],[-73.5525000004888,45.56819999934244],[-73.55229999920755,45.568499999022386],[-73.55219999975468,45.56849999886899],[-73.55220000014087,45.56860000087257],[-73.55169999925248,45.569399999463684],[-73.5515999994841,45.569399999685025],[-73.55170000003235,45.569499999651576],[-73.55110000036026,45.57039999948234],[-73.55110000007697,45.570499999653116],[-73.55100000045789,45.57059999951803],[-73.55089999984068,45.570599999126955],[-73.55030000003852,45.571499999980524],[-73.55019999978846,45.5715999991278],[-73.55020000047227,45.57169999927702],[-73.54910000062604,45.57329999990397],[-73.54910000064146,45.57340000002357],[-73.54929999991211,45.5733000001516],[-73.55139999995713,45.57399999950586],[-73.55229999959406,45.57310000029184],[-73.55279999941332,45.573200000768274],[-73.55279999923788,45.57310000064511],[-73.55289999916621,45.5731000002732],[-73.55299999984636,45.573000000588245],[-73.55310000016992,45.572899999014474],[-73.55319999974394,45.57289999927992],[-73.55329999931789,45.57289999945784],[-73.55350000102715,45.572899998650044],[-73.5536000006017,45.572899999465186],[-73.55370000066817,45.57300000121917],[-73.5538000004192,45.57300000095933],[-73.55399999940136,45.573699999215854],[-73.55410000000339,45.57420000103871],[-73.55459999996734,45.57430000081627],[-73.55470000044927,45.57439999987048],[-73.55480000000586,45.57449999973565],[-73.5547999998894,45.57459999983438],[-73.55540000001096,45.57499999966005],[-73.55520000091296,45.57540000054263],[-73.55590000063178,45.57560000045553],[-73.5562000003385,45.575899999267826],[-73.55700000066611,45.576700000269874],[-73.55790000071075,45.57750000070707],[-73.55840000045116,45.577900000119904],[-73.55859999963639,45.57799999942219],[-73.5586999996983,45.57809999940948],[-73.5590000001392,45.57819999966952],[-73.55990000016591,45.57850000111185],[-73.55999999942854,45.57850000082415],[-73.56009999997245,45.57850000044824],[-73.56010000030095,45.57860000047659],[-73.5603000004631,45.578600000362464],[-73.5652000001665,45.58019999954103],[-73.56530000047782,45.580300000011185],[-73.56549999898729,45.58029999979262],[-73.5691000000166,45.58149999970581],[-73.56909999966818,45.581599998782316],[-73.56849999952433,45.581399999347305],[-73.56839999992953,45.58149999895504],[-73.56830000029296,45.581800001119895],[-73.56809999986055,45.581700000869944],[-73.56790000039503,45.581900000185236],[-73.56770000004963,45.58190000100718],[-73.56740000048912,45.582100000169525],[-73.5669999998882,45.58200000064504],[-73.56490000025384,45.58310000045237],[-73.56490000025384,45.58310000045237],[-73.56549999929517,45.583699999606615],[-73.56579999997594,45.58410000060922],[-73.5658000005967,45.58440000039446],[-73.56399999961849,45.58500000121071],[-73.56410000071081,45.58530000067048],[-73.56420000030703,45.58560000002775],[-73.56419999963626,45.586599999887376],[-73.56419999943851,45.586899999541046],[-73.56420000052614,45.587200000977816],[-73.56429999996914,45.58730000040133],[-73.56629999987823,45.58830000132395],[-73.5668999994082,45.589400000788316],[-73.56769999996483,45.59029999947617],[-73.56760000025533,45.59029999930533],[-73.56759999982599,45.590399999126944],[-73.56819999975332,45.59149999945668],[-73.56900000031571,45.59330000020425],[-73.56900000038232,45.593800000829646],[-73.56890000072332,45.59419999992575],[-73.56869999946724,45.594900000730966],[-73.56919999956403,45.59549999971131],[-73.56950000016704,45.59600000069058],[-73.56979999933854,45.5965999996517],[-73.56940000063304,45.59720000043337],[-73.56460000021302,45.59560000007305],[-73.56450000086055,45.59550000015785],[-73.56439999960614,45.595499999886044],[-73.56100000013419,45.59430000013123],[-73.56089999973008,45.594300000394526],[-73.55770000027722,45.593200000313644],[-73.55749999953089,45.59320000037432],[-73.55159999935788,45.59110000023163],[-73.54880000035361,45.59019999953014],[-73.54810000076812,45.59139999901753],[-73.54769999984734,45.59190000015722],[-73.54759999968933,45.592199999848354],[-73.54739999910835,45.59239999979611],[-73.5466999993113,45.59380000056154],[-73.5465999994311,45.594100000176695],[-73.54810000048842,45.59459999988781],[-73.54729999984538,45.595399999798595],[-73.54709999991567,45.59529999991512],[-73.5459000001432,45.59490000080795],[-73.54559999949991,45.5953999999548],[-73.54549999983239,45.59559999969483],[-73.54549999983239,45.59559999969483],[-73.54549999989578,45.59569999942227],[-73.54539999956899,45.595699999614844],[-73.54529999994061,45.595899999169205],[-73.54500000055071,45.596200000819174],[-73.54379999995567,45.59820000049948],[-73.54420000012072,45.598300000889374],[-73.54430000043784,45.598400000527434],[-73.54459999971434,45.599199999053255],[-73.54490000040497,45.59930000087816],[-73.54490000068948,45.59940000054045],[-73.54459999926152,45.59989999936497],[-73.5445000000297,45.60029999916562],[-73.54439999998144,45.600600000111186],[-73.5448000004316,45.600799999795626],[-73.54509999975048,45.600900000168046],[-73.54519999987934,45.600999999872556],[-73.54489999958658,45.60170000038906],[-73.54490000016305,45.601900000527294],[-73.5432999994199,45.60150000060948],[-73.54270000056475,45.601299999540586],[-73.54250000052528,45.60129999943483],[-73.54239999953167,45.60119999917217],[-73.54059999939733,45.600700000714],[-73.54009999950506,45.60139999927638],[-73.53980000079865,45.60170000047713],[-73.53970000009207,45.60180000069919],[-73.54020000004513,45.60199999964935],[-73.54059999937019,45.60219999959356],[-73.542999999664,45.60320000020722],[-73.54280000009325,45.603399999812154],[-73.54260000043475,45.603700000446324],[-73.54229999927361,45.6042000000508],[-73.54200000015672,45.60410000048168],[-73.53950000038283,45.603100000140095],[-73.53920000054104,45.60329999918403],[-73.53899999974188,45.60319999965607],[-73.53819999973,45.60290000032448],[-73.53819999980647,45.60280000072377],[-73.53829999992693,45.60280000053521],[-73.53849999962358,45.60239999967563],[-73.53849999916707,45.60229999916648],[-73.53829999952157,45.602399999415496],[-73.53809999993959,45.60270000032242],[-73.53809999993959,45.60270000032242],[-73.53799999956537,45.602800000838265],[-73.53790000005371,45.60270000026176],[-73.53720000031284,45.60249999898181],[-73.53660000000839,45.60219999959333],[-73.53670000002978,45.60309999994242],[-73.53670000060427,45.60349999921305],[-73.53699999914647,45.60409999982826],[-73.53699999893624,45.60439999945629],[-73.53710000094127,45.60469999902992],[-73.53720000002431,45.60480000117155],[-73.53730000035182,45.60500000008775],[-73.53770000076341,45.60529999974069],[-73.53820000035272,45.60549999922326],[-73.53919999993926,45.60590000060046],[-73.5412999991193,45.6067999989235],[-73.5415999998504,45.60689999938314],[-73.54140000060207,45.607200000430936],[-73.54109999967802,45.60759999975912],[-73.54090000040624,45.60789999899477],[-73.54170000000785,45.60820000075226],[-73.54149999990622,45.60859999960772],[-73.54140000040935,45.60899999968187],[-73.5411999993179,45.60950000014036],[-73.54219999966801,45.60979999979444],[-73.54320000058213,45.6099999993034],[-73.54530000038152,45.61079999957669],[-73.54520000008601,45.61109999976881],[-73.54559999983245,45.6113000007835],[-73.54530000051595,45.611700000054284],[-73.54510000010514,45.61200000012833],[-73.54569999935653,45.61209999957821],[-73.54549999957084,45.61229999909771],[-73.54549999965951,45.612400001231],[-73.54629999931088,45.61270000023404],[-73.54629999953826,45.61280000056061],[-73.54569999914864,45.61350000053982],[-73.54570000003667,45.61370000026307],[-73.54530000050075,45.614099999731984],[-73.54390000042186,45.61510000034239],[-73.54370000060104,45.61500000025084],[-73.54309999994823,45.61480000085623],[-73.54279999971794,45.614800000265966],[-73.54100000026486,45.61449999909655],[-73.53990000081934,45.615099999797884]]]]}},{"type":"Feature","properties":{"harmonized_pdq_id":"PDQ_H_49","display_name":"PDQ 49","component_pdqs":[49],"source_pdq_values":[49],"geography_type":"longitudinal_analytical_composite","source_dataset":"Limite des secteurs de poste de quartier de police","source_dataset_id":"186892b8-bba5-426c-aa7e-9db8c43cbdfe","source_resource_id":"e18f0da9-3a16-4ba4-b378-59f698b47261","source_license":"Creative Commons Attribution 4.0 International","geometry_rule":"direct_source_polygon","historical_boundary_claim":false,"special_unit":false,"longitudinal_caveat":"This polygon is an IQAI longitudinal analytical composite based on official SPVM/Ville de Montréal PDQ territory geometry. It is used to compare harmonized reported-event totals consistently through time and should not be interpreted as a historical boundary snapshot for every year.","source_area_m2_planar":32049316.1527,"source_vintage":"2026-08-09T00:45:24.840Z","source_crs":"EPSG:32188","browser_crs":"EPSG:4326"},"geometry":{"type":"MultiPolygon","coordinates":[[[[-73.49339999961363,45.63039999990617],[-73.49330000044334,45.63040000038404],[-73.49330000081498,45.63030000036748],[-73.4933999998075,45.63029999988957],[-73.49339999961363,45.63039999990617]]],[[[-73.4931999999906,45.63039999987448],[-73.49330000044334,45.63040000038404],[-73.49310000015913,45.63050000012588],[-73.4931999999906,45.63039999987448]]],[[[-73.49310000009291,45.6305000001921],[-73.49310000002669,45.6305000001921],[-73.49310000015913,45.63050000012588],[-73.49310000009291,45.6305000001921]]],[[[-73.48549999989426,45.645199999395246],[-73.48550000089467,45.645400000702615],[-73.48540000005934,45.64560000006472],[-73.48519999949369,45.64589999966284],[-73.48510000012594,45.64629999912072],[-73.48499999983677,45.646899999717384],[-73.48479999913133,45.64700000000216],[-73.48469999937112,45.64719999959526],[-73.48459999972101,45.64750000060948],[-73.48450000028609,45.64780000062055],[-73.48450000029746,45.648199999445936],[-73.48429999965225,45.64890000060666],[-73.48429999980851,45.649399999937124],[-73.4844000008221,45.64970000097556],[-73.48449999969412,45.64990000043862],[-73.48429999954247,45.65020000003415],[-73.4841000000268,45.65020000026874],[-73.48379999939222,45.65000000017519],[-73.48369999948744,45.6499000006764],[-73.48359999961387,45.64970000051291],[-73.48340000068787,45.64939999958501],[-73.48340000078021,45.649099999632064],[-73.48340000087185,45.64880000056312],[-73.48350000026245,45.64849999886812],[-73.48349999996714,45.64829999946943],[-73.48349999952373,45.648000000358216],[-73.48359999952119,45.64770000033324],[-73.48370000023733,45.64750000082084],[-73.48379999956,45.6471999996945],[-73.48370000028339,45.64699999952369],[-73.4837999994787,45.64700000025016],[-73.48390000038,45.646900000264694],[-73.48390000036544,45.64660000017989],[-73.48410000003224,45.64640000083007],[-73.48410000016597,45.646199999557986],[-73.48430000026315,45.645999999844065],[-73.48460000030552,45.6457000000534],[-73.48479999951313,45.645400000595124],[-73.48500000068658,45.6451999996278],[-73.48500000043448,45.6450999989715],[-73.48510000009796,45.64509999945996],[-73.48509999966763,45.644999999701696],[-73.4853000004186,45.644899999756426],[-73.48539999972631,45.644899999982236],[-73.48559999966173,45.64499999993142],[-73.48550000003519,45.64509999963883],[-73.48549999989426,45.645199999395246]]],[[[-73.4798999996226,45.7025000004854],[-73.47960000070921,45.702500000401834],[-73.47920000001774,45.70250000026437],[-73.47870000011622,45.70250000082282],[-73.47809999997047,45.70270000005667],[-73.47780000021899,45.70280000028905],[-73.47739999995642,45.70280000014842],[-73.47719999962942,45.702899999644764],[-73.47699999978347,45.70290000004895],[-73.4768999997722,45.70299999931002],[-73.47659999946858,45.702999999447066],[-73.47640000055031,45.70299999970095],[-73.47620000034799,45.70299999960447],[-73.47610000024687,45.702999999424925],[-73.47609999942378,45.7028000001426],[-73.47609999965422,45.70270000049893],[-73.47609999988462,45.7026000008535],[-73.47629999981895,45.70250000057796],[-73.47639999970441,45.70229999948306],[-73.47670000016629,45.702000000008674],[-73.47710000033906,45.70170000002228],[-73.47750000008494,45.701400000419206],[-73.47769999955605,45.701099999229726],[-73.47789999986651,45.700899999151204],[-73.4780000001809,45.70070000019902],[-73.4782000002255,45.70060000016342],[-73.47840000084092,45.70050000067587],[-73.47850000014091,45.70040000005788],[-73.47849999974638,45.7002000006843],[-73.4785000006364,45.699999999504314],[-73.47829999973202,45.69989999979157],[-73.47829999989132,45.69979999919714],[-73.47879999940145,45.69899999916959],[-73.47910000020863,45.69859999980242],[-73.47929999971505,45.69810000071631],[-73.47960000031412,45.69789999943436],[-73.47959999984741,45.697699999073095],[-73.4797000004099,45.69729999994494],[-73.47979999944239,45.697100000190375],[-73.47989999917219,45.69700000098681],[-73.48000000080948,45.69679999924748],[-73.4801000004489,45.69659999921286],[-73.48020000061922,45.696200000469524],[-73.48030000020334,45.69590000047556],[-73.48039999973659,45.69569999924691],[-73.48039999924835,45.69539999993614],[-73.48020000041825,45.695200000094076],[-73.48019999975573,45.6951000003167],[-73.48020000037717,45.69500000053778],[-73.4802999995023,45.694900000047305],[-73.48049999925045,45.694700000598395],[-73.48069999987126,45.694399999203306],[-73.48080000043893,45.69419999937163],[-73.48100000023977,45.693900000124344],[-73.48110000073179,45.693499999503665],[-73.48199999923692,45.692299999472375],[-73.48220000034682,45.692099999655866],[-73.4825000005191,45.691999999379874],[-73.4827000000449,45.691900000312195],[-73.48280000058121,45.69170000044175],[-73.48290000074508,45.69160000031723],[-73.48300000003336,45.69140000116082],[-73.48299999951503,45.69129999951707],[-73.4830999998934,45.691199999210504],[-73.48319999950652,45.691199999561896],[-73.48330000040389,45.691199998926116],[-73.48349999950419,45.69109999934371],[-73.48359999961437,45.6908999996447],[-73.48379999967841,45.690800000431814],[-73.48389999991316,45.690500000601595],[-73.48410000058473,45.69040000085659],[-73.48419999996635,45.690300000471076],[-73.48439999983675,45.69030000096045],[-73.4844000002282,45.690099999432405],[-73.48460000034771,45.6898999998362],[-73.48489999977969,45.68959999977218],[-73.48500000016116,45.68950000047215],[-73.48499999992904,45.689400000594716],[-73.4851999998551,45.68930000070431],[-73.4853000004512,45.689200001136435],[-73.48550000041426,45.689099998917754],[-73.48560000011936,45.68899999908368],[-73.48560000010173,45.68889999919749],[-73.48550000089594,45.6887999992592],[-73.48539999947853,45.68870000013117],[-73.48529999918476,45.68869999990564],[-73.4852999997016,45.688600000014205],[-73.48560000003053,45.688500000534894],[-73.48550000025345,45.6884000005895],[-73.48550000041374,45.688300000692784],[-73.48559999999479,45.688300000743155],[-73.48580000044078,45.688300000581485],[-73.48600000015593,45.68820000107094],[-73.48610000084275,45.68820000068381],[-73.4862000002455,45.688200001108804],[-73.48629999964847,45.68820000054646],[-73.48640000033512,45.68820000079658],[-73.48649999973793,45.688200000959],[-73.48660000042462,45.688200001034055],[-73.48670000041713,45.68810000112123],[-73.4867999996418,45.68810000102104],[-73.48690000038403,45.68799999913186],[-73.48699999943055,45.68799999885661],[-73.48699999948556,45.68789999895284],[-73.48699999954056,45.68779999904733],[-73.48729999978683,45.68759999968007],[-73.4875999992423,45.68689999902894],[-73.48849999967742,45.6863000000201],[-73.48910000039177,45.68459999944068],[-73.48909999927147,45.68449999947705],[-73.48909999943494,45.684399999511776],[-73.48919999975512,45.68430000004346],[-73.4892999997191,45.684199999586],[-73.48929999913994,45.68390000056882],[-73.48940000078036,45.68380000091679],[-73.48940000003816,45.68359999916016],[-73.48970000016747,45.682700000612506],[-73.48969999963938,45.68249999881721],[-73.48959999939379,45.68239999965549],[-73.48950000005452,45.68239999950695],[-73.48949999950467,45.6822999995047],[-73.48960000050523,45.68219999964943],[-73.48959999977716,45.68209999964365],[-73.4895999996045,45.681900000526724],[-73.48970000009157,45.68170000056409],[-73.48979999946754,45.681700000537596],[-73.4899000001483,45.68160000040917],[-73.4900000004726,45.68150000109124],[-73.49000000031575,45.681399999273566],[-73.48990000023238,45.68119999943373],[-73.48999999984395,45.68110000010873],[-73.48999999968667,45.681000000083664],[-73.49009999971199,45.68080000063906],[-73.49000000049837,45.680699999998],[-73.49000000018337,45.68050000083187],[-73.49009999965347,45.68040000050716],[-73.48999999971126,45.68019999892009],[-73.49009999993035,45.680099999490025],[-73.49009999959465,45.679999999447354],[-73.4901000005424,45.679900000302844],[-73.49000000052203,45.679899999692076],[-73.48990000050154,45.679899999893564],[-73.489799999396,45.679799999961276],[-73.48990000052201,45.679799999847404],[-73.49000000036442,45.679799999645915],[-73.49009999987082,45.67970000020873],[-73.490099999535,45.67960000015904],[-73.48999999973339,45.67940000034347],[-73.49000000085913,45.67930000118845],[-73.48990000066468,45.67909999947511],[-73.48979999970032,45.67899999952877],[-73.48990000072519,45.67880000018901],[-73.4899000007856,45.67849999998726],[-73.4900000004051,45.67820000046798],[-73.49000000008895,45.6779999994143],[-73.49010000023942,45.67789999994555],[-73.49019999951909,45.67770000030436],[-73.49009999956665,45.677699999781105],[-73.49010000051388,45.677599999696355],[-73.49050000090745,45.67650000021517],[-73.4906000001746,45.676200000965025],[-73.49060000034326,45.67589999882653],[-73.49049999998012,45.67579999943668],[-73.49039999910183,45.675599999837495],[-73.49050000091638,45.675399999853084],[-73.49050000010068,45.675200000500546],[-73.49059999956278,45.67500000041435],[-73.49069999971807,45.674900001267545],[-73.49069999947369,45.674699999198026],[-73.49089999928678,45.674499999729626],[-73.4909000000917,45.67439999958861],[-73.49089999913416,45.674200000200905],[-73.49099999983686,45.67369999927464],[-73.49110000081475,45.67359999975491],[-73.49109999997964,45.67349999959794],[-73.49099999977577,45.67329999954329],[-73.4910999996541,45.67300000058664],[-73.49110000010236,45.672900000419226],[-73.4911000005505,45.67280000114986],[-73.49100000034043,45.67280000051448],[-73.49109999971519,45.67270000097881],[-73.49119999974731,45.67270000062684],[-73.49120000001754,45.672599999554315],[-73.49120000028762,45.672499999379845],[-73.49130000005536,45.67239999966386],[-73.49119999981403,45.672199999745594],[-73.49120000008384,45.672100000463914],[-73.49120000062368,45.67190000009563],[-73.49129999932273,45.67180000036905],[-73.49129999941437,45.67170000108034],[-73.49129999950638,45.67159999909039],[-73.49120000041957,45.671499999337904],[-73.49120000068932,45.6713999991441],[-73.49110000085321,45.67129999930051],[-73.49110000001738,45.671200000002905],[-73.49110000046515,45.671099999803836],[-73.49120000048437,45.67100000015081],[-73.49130000014739,45.67090000040849],[-73.49139999945426,45.670800000576826],[-73.49139999936766,45.6707000003707],[-73.49139999928092,45.67060000106261],[-73.49130000042175,45.6706000006899],[-73.49130000051348,45.67049999868065],[-73.49120000054879,45.67049999912015],[-73.49119999953484,45.67039999890866],[-73.49140000004421,45.6699999997784],[-73.49129999977772,45.6699000000852],[-73.49119999986739,45.66980000030275],[-73.49129999986897,45.669799999863265],[-73.49139999978361,45.669700000012334],[-73.4913999996966,45.66960000068667],[-73.49139999960971,45.66950000045942],[-73.49130000023375,45.66939999895788],[-73.49130000032474,45.66929999962695],[-73.49120000019924,45.66919999983393],[-73.49130000050691,45.669099999160196],[-73.49129999940543,45.66889999958612],[-73.49140000028402,45.66879999971944],[-73.49129999967803,45.66860000066188],[-73.4912999998597,45.66840000107034],[-73.49130000004153,45.668199999672105],[-73.49120000059109,45.668099999859805],[-73.49119999957654,45.667999999606124],[-73.49119999984535,45.667899999350766],[-73.491200000114,45.66779999999349],[-73.49139999932406,45.667699999667875],[-73.49139999914912,45.66750000004463],[-73.49140000034494,45.667400000680395],[-73.49140000017012,45.66719999924699],[-73.49129999975516,45.667099999504536],[-73.4911999996963,45.666999999672846],[-73.49119999996485,45.66689999939991],[-73.49130000002648,45.66679999958555],[-73.49130000020719,45.666599999930696],[-73.49139999946871,45.666400000641545],[-73.49149999956724,45.66630000064337],[-73.4915999997535,45.666300000841105],[-73.491600000593,45.666200000555946],[-73.49169999997942,45.66609999947927],[-73.49170000064082,45.66599999919058],[-73.49160000054462,45.66589999968962],[-73.49149999925527,45.665699999805284],[-73.49150000000652,45.66550000011181],[-73.49149999947436,45.6653000004112],[-73.49149999920817,45.66520000100818],[-73.49149999995946,45.66499999949747],[-73.49139999943307,45.66489999890404],[-73.49139999934482,45.664799999493994],[-73.49129999944226,45.664599999395996],[-73.49119999998395,45.66449999952035],[-73.49120000051937,45.66430000068448],[-73.49119999977152,45.66410000094168],[-73.49129999998043,45.6640000010781],[-73.49120000030713,45.66389999939228],[-73.49119999955907,45.66369999963537],[-73.4911000005976,45.66359999965641],[-73.4912000000942,45.66349999987155],[-73.49110000020542,45.663399999889],[-73.4911000006509,45.663300000452615],[-73.49109999981316,45.66320000011458],[-73.49100000001287,45.663200000378986],[-73.49089999973091,45.663100000216076],[-73.49080000010868,45.66310000030545],[-73.49070000048647,45.66310000030729],[-73.49079999980488,45.66300000086371],[-73.49090000005063,45.66290000043113],[-73.49089999956902,45.66279999918625],[-73.49089999908723,45.66269999883943],[-73.49079999956926,45.66250000002957],[-73.49069999948014,45.66230000022533],[-73.49050000074773,45.66220000051068],[-73.49060000010307,45.66210000032655],[-73.49049999992461,45.66200000069398],[-73.49040000010218,45.66190000097219],[-73.49039999963527,45.66169999934534],[-73.49029999982767,45.66149999916284],[-73.49029999971609,45.6613000002214],[-73.49010000038201,45.66090000045847],[-73.49000000033652,45.66059999870169],[-73.48979999991964,45.660499999531204],[-73.48990000004626,45.66049999941737],[-73.48990000007518,45.660299999540975],[-73.48990000008948,45.66020000005004],[-73.48979999959843,45.66000000027689],[-73.4897000001895,45.65970000090953],[-73.48970000001718,45.65939999970035],[-73.48959999983053,45.659299999232545],[-73.4894000009041,45.65919999933906],[-73.48929999924191,45.659199999914904],[-73.48920000014631,45.659199999503635],[-73.48909999976735,45.65919999990454],[-73.48890000029287,45.65919999954402],[-73.48880000000864,45.65899999976023],[-73.48890000003152,45.658999999621884],[-73.48890000054233,45.65890000010815],[-73.48900000038724,45.658899999882266],[-73.4889999994368,45.658800000366604],[-73.4889000002808,45.65870000017545],[-73.48900000043504,45.6585000009097],[-73.48919999998384,45.65850000109514],[-73.48929999891574,45.65839999928437],[-73.48919999993757,45.658299999348785],[-73.4891999999141,45.65819999982267],[-73.48910000018671,45.658099999795944],[-73.48929999959472,45.65809999980633],[-73.48939999982294,45.657900000169384],[-73.48919999984373,45.65790000033401],[-73.48919999982031,45.65779999990107],[-73.48909999952144,45.657700000767065],[-73.48890000025432,45.65770000040657],[-73.48880000066764,45.657600000108474],[-73.4887000001536,45.65750000062083],[-73.48859999975714,45.657299998802515],[-73.48859999951819,45.657199999258786],[-73.48869999976954,45.65709999975011],[-73.4882999999581,45.65550000071293],[-73.48830000025264,45.65540000023781],[-73.48800000053389,45.6552000005585],[-73.4878999994747,45.65470000018866],[-73.48789999992663,45.654400000515416],[-73.48780000029352,45.65430000018378],[-73.4875999995285,45.65410000105212],[-73.4874999996803,45.65399999955276],[-73.48730000026046,45.65389999948896],[-73.48710000013274,45.65369999946796],[-73.48689999992632,45.65359999959836],[-73.4867000004316,45.65350000027678],[-73.48690000036463,45.65340000037917],[-73.48720000004299,45.653400000191816],[-73.48729999987077,45.6533000000421],[-73.48730000066101,45.65320000042816],[-73.48729999967523,45.65300000119475],[-73.48720000072042,45.65279999889267],[-73.48719999977513,45.65250000001888],[-73.487099999499,45.652300000311],[-73.48699999993458,45.652100000508646],[-73.4870000000569,45.65179999889856],[-73.48700000017824,45.65149999997215],[-73.48679999969622,45.65090000073419],[-73.48669999984132,45.65069999882033],[-73.48679999999776,45.65049999939935],[-73.48670000000907,45.650000000265486],[-73.48660000060718,45.65000000027777],[-73.48649999921535,45.64980000085643],[-73.48639999999382,45.64970000101813],[-73.4862999998525,45.64929999934848],[-73.48629999986085,45.6489000006005],[-73.48649999974933,45.6484999995382],[-73.48680000050845,45.648099999797644],[-73.48699999912114,45.64770000050308],[-73.48699999927699,45.64729999894318],[-73.48699999931571,45.64719999922367],[-73.48709999987128,45.64700000031694],[-73.48739999989677,45.64660000069493],[-73.4874000004432,45.64629999879482],[-73.4873999997698,45.64619999905767],[-73.48749999968776,45.645999999765586],[-73.48759999992328,45.645900000123106],[-73.48759999940096,45.6455999999856],[-73.487600000161,45.645300000732234],[-73.487700000482,45.64489999991574],[-73.48780000055864,45.64440000101447],[-73.4878999994537,45.64320000079027],[-73.48789999989306,45.64289999961065],[-73.4878999996117,45.642799999813754],[-73.48790000033168,45.64260000021485],[-73.48800000021951,45.64250000016244],[-73.48799999930063,45.6423000005528],[-73.48799999966444,45.64210000093625],[-73.487899999644,45.641899998863444],[-73.4879000000815,45.641599999414886],[-73.48789999979967,45.641499999595155],[-73.48800000029559,45.64140000042331],[-73.48779999981454,45.64120000028818],[-73.48760000022882,45.64069999940007],[-73.48739999981257,45.64049999943988],[-73.48730000042524,45.640200000542364],[-73.48739999967567,45.6401000000731],[-73.48719999986264,45.63959999928779],[-73.48720000082528,45.63949999943302],[-73.48720000050513,45.639399999576334],[-73.48680000007974,45.63939999995048],[-73.4868999994363,45.63900000031903],[-73.48689999986289,45.63880000058647],[-73.48709999972286,45.638699999180695],[-73.48719999986618,45.63880000039949],[-73.48739999986819,45.638800001036955],[-73.48749999986943,45.638800000324586],[-73.48759999961965,45.63890000029164],[-73.48769999979861,45.63890000030402],[-73.48779999997758,45.63890000022888],[-73.48789999987355,45.638800001098815],[-73.4880999992376,45.63869999884218],[-73.48819999952688,45.638599999446036],[-73.48829999974885,45.63839999918656],[-73.48849999947545,45.638199999944234],[-73.48849999940785,45.63810000006473],[-73.48869999992095,45.637900000461826],[-73.48910000037866,45.63759999917467],[-73.48949999985079,45.63720000017509],[-73.48950000056952,45.6371000002781],[-73.4895000000055,45.637000000379224],[-73.4895999993702,45.63700000052808],[-73.489599999911,45.63690000062755],[-73.48979999956741,45.63690000066274],[-73.48979999975242,45.636800000760445],[-73.48990000004413,45.63680000064677],[-73.48990000005124,45.63670000074269],[-73.48990000005831,45.63660000083683],[-73.48990000006569,45.63649999912957],[-73.48999999965295,45.63639999901897],[-73.49010000016699,45.636299999718986],[-73.49009999981823,45.63619999980605],[-73.49019999979876,45.636099999515125],[-73.49019999927206,45.635999999598695],[-73.49030000000151,45.63590000011659],[-73.49029999929688,45.63580000019664],[-73.49029999987492,45.635700000275015],[-73.4903999994927,45.63570000062346],[-73.49039999989282,45.63560000070007],[-73.49039999901025,45.635500000774805],[-73.49050000083764,45.63550000103591],[-73.49049999977748,45.635399999309236],[-73.49060000018869,45.63529999955399],[-73.4907999992841,45.63529999963816],[-73.49089999947317,45.635299999548984],[-73.49090000026652,45.6351999996186],[-73.49100000089322,45.63509999950972],[-73.49110000072659,45.635099999245455],[-73.49119999953692,45.63499999985945],[-73.49129999927416,45.634900000384214],[-73.49139999993847,45.634799999919935],[-73.49139999984239,45.634699999980704],[-73.49149999997294,45.634600000325136],[-73.49159999974776,45.634500000580275],[-73.49160000057856,45.634400000635836],[-73.49149999915123,45.634299998691866],[-73.49139999945803,45.634299999306265],[-73.491100000408,45.63399999987502],[-73.4910000005809,45.63390000018597],[-73.49089999903406,45.63389999946271],[-73.4909999999134,45.633800000230856],[-73.49110000043714,45.6337000000098],[-73.49130000049884,45.633400000237536],[-73.49139999968125,45.63319999888134],[-73.49169999997966,45.63289999956774],[-73.49180000022278,45.63279999961798],[-73.49199999964179,45.63260000035033],[-73.49199999987958,45.63240000039274],[-73.49209999998236,45.632300001071386],[-73.49200000011727,45.63220000042812],[-73.49209999986456,45.63209999930361],[-73.49189999962191,45.63199999970879],[-73.49180000017157,45.63199999887366],[-73.49179999936328,45.63189999978495],[-73.49190000021508,45.63179999973011],[-73.49180000031208,45.63169999980281],[-73.49139999970764,45.6318999991683],[-73.49149999925487,45.63199999944221],[-73.49139999990119,45.63209999914351],[-73.49130000027293,45.632099998770535],[-73.49120000038532,45.632200000994445],[-73.49110000014242,45.63230000042956],[-73.49089999987201,45.63249999993177],[-73.4907999995323,45.632500000020904],[-73.49060000004845,45.632699999890775],[-73.49050000041429,45.632799999691784],[-73.49029999982197,45.63260000003147],[-73.49230000014067,45.63079999949698],[-73.49249999964488,45.63060000018351],[-73.49260000078732,45.630500000392935],[-73.4927999994836,45.630499999675315],[-73.49290000011425,45.63049999963519],[-73.49299999946224,45.6305000004073],[-73.49310000002669,45.6305000001921],[-73.49290000031378,45.63059999964828],[-73.49290000051326,45.630699999659626],[-73.49279999954858,45.63079999970931],[-73.49300000021702,45.63069999953192],[-73.49330000007163,45.63050000039886],[-73.49339999941978,45.630499999921],[-73.49350000006643,45.63040000024066],[-73.49359999923665,45.630400000487555],[-73.49359999907485,45.630300000470946],[-73.49380000038983,45.630200000683935],[-73.49390000048697,45.63020000066827],[-73.49419999960327,45.63000000095388],[-73.49430000062733,45.63000000058814],[-73.49440000006699,45.629899999211325],[-73.49460000047688,45.629899998941916],[-73.49469999920504,45.62979999910037],[-73.49479999987342,45.629799999196756],[-73.49490000063318,45.62969999917849],[-73.49499999975467,45.629599999970665],[-73.4949999996682,45.62949999994001],[-73.49490000090718,45.629399999986354],[-73.49480000095012,45.62939999997752],[-73.49470000015751,45.62929999984693],[-73.49469999932187,45.629200000710796],[-73.4948000002059,45.62919999990737],[-73.49489999980732,45.62919999991618],[-73.49500000069118,45.629200000737356],[-73.49510000029262,45.629200000571096],[-73.49520000033623,45.62930000035326],[-73.49530000011552,45.629300000011966],[-73.49529999949553,45.62919999997599],[-73.49540000037943,45.62920000044703],[-73.4955000002877,45.629100000792796],[-73.49550000059457,45.62900000075337],[-73.4954999996189,45.62890000071213],[-73.49540000055092,45.628900001228516],[-73.49529999958061,45.62879999891488],[-73.49510000025336,45.62869999946525],[-73.49490000035489,45.628599999663706],[-73.4949000004461,45.62849999961548],[-73.49500000008531,45.62849999953676],[-73.49540000072251,45.62859999929471],[-73.4955000005395,45.62859999967818],[-73.49560000035655,45.62859999907426],[-73.49560000022755,45.628699999120734],[-73.49570000017356,45.628599999282656],[-73.49570000012471,45.628499999234414],[-73.49570000007579,45.628400000084234],[-73.49570000002694,45.62830000003249],[-73.49569999997807,45.62819999997896],[-73.49569999992917,45.62809999992371],[-73.4957999996861,45.627900000828554],[-73.49590000082335,45.62790000086193],[-73.49590000041881,45.627800000801365],[-73.49600000079604,45.62769999888523],[-73.49609999953495,45.627599999579225],[-73.49610000005723,45.62749999951342],[-73.49600000091367,45.627499999655186],[-73.49590000048764,45.627499999709364],[-73.49580000006159,45.62749999967603],[-73.49569999963558,45.62749999955516],[-73.49569999968456,45.62759999962097],[-73.4956000003632,45.6275999994126],[-73.49560000023433,45.627699999476654],[-73.4956000001054,45.62780000043879],[-73.49550000042836,45.62780000104269],[-73.49529999917189,45.62769999922606],[-73.49519999923031,45.62759999950328],[-73.49500000067437,45.62769999908758],[-73.49470000005857,45.62759999899699],[-73.49500000032721,45.62729999972058],[-73.49529999929793,45.627099999715135],[-73.49550000062307,45.626900000418686],[-73.49569999924327,45.62670000076495],[-73.4959000006932,45.62659999903791],[-73.49630000034307,45.62629999984007],[-73.4961999998301,45.626200000068174],[-73.4962999992271,45.62619999975137],[-73.49639999989522,45.62610000015643],[-73.49650000020769,45.626000000472224],[-73.49660000053157,45.625999999892834],[-73.49670000031065,45.625900000031784],[-73.49680000045667,45.62590000017713],[-73.49679999989678,45.62600000027107],[-73.49689999932026,45.62590000023492],[-73.49710000089479,45.62590000008802],[-73.49719999960702,45.625800000687335],[-73.49729999957528,45.625800000395024],[-73.49740000031898,45.62570000081756],[-73.49750000010944,45.625700000350186],[-73.49790000032662,45.6254999992048],[-73.4979999990616,45.625700000299595],[-73.49880000036985,45.62549999870615],[-73.49979999991214,45.62439999910757],[-73.49719999952715,45.62489999974688],[-73.49720000065814,45.62480000053344],[-73.4979999994128,45.62450000079258],[-73.4984999993411,45.62439999933319],[-73.49959999996423,45.624199999236275],[-73.49989999956263,45.62390000041057],[-73.50090000011241,45.62309999941238],[-73.50079999953515,45.6228999998648],[-73.50039999962769,45.62269999986729],[-73.50009999923077,45.6225000002181],[-73.49989999966463,45.62240000096245],[-73.49930000040673,45.62289999962147],[-73.49889999996591,45.62299999931642],[-73.49880000069724,45.62289999996275],[-73.49969999931157,45.62209999923551],[-73.50169999948375,45.620200000689074],[-73.50409999920777,45.61649999973224],[-73.50640000045985,45.610999999446165],[-73.50679999970296,45.61089999937493],[-73.50860000047588,45.611099999342564],[-73.50929999942643,45.61109999939178],[-73.51039999994123,45.611300000636454],[-73.51050000049057,45.611400000837975],[-73.51190000071283,45.611600000153956],[-73.51200000061466,45.6116999999371],[-73.51209999988265,45.61170000018721],[-73.51229999970069,45.61170000042467],[-73.51240000049106,45.61179999985585],[-73.5124999999367,45.6117999997558],[-73.51429999975686,45.61199999986443],[-73.51439999960945,45.6118999995607],[-73.51449999935905,45.61199999984973],[-73.51449999948508,45.61209999928828],[-73.51640000061676,45.61240000068615],[-73.51649999968102,45.61250000101549],[-73.51660000035855,45.612400000594334],[-73.518500000563,45.61280000067011],[-73.51860000050372,45.61280000062939],[-73.51870000044443,45.61280000050114],[-73.52490000018425,45.61390000053248],[-73.5248999995621,45.61399999993789],[-73.52500000079776,45.61390000028838],[-73.52529999980794,45.6136000008051],[-73.52729999966614,45.61319999982688],[-73.53039999896207,45.613700000483504],[-73.53740000031037,45.61500000037383],[-73.53699999977688,45.61590000086107],[-73.5470000000932,45.61989999976711],[-73.54379999965103,45.623800000203836],[-73.54710000001761,45.62499999984016],[-73.54720000040913,45.6251000000704],[-73.54800000000547,45.62539999909962],[-73.54830000034394,45.62539999953282],[-73.54830000029715,45.62549999873646],[-73.54850000014177,45.62539999938413],[-73.54849999978927,45.62570000058921],[-73.54990000060305,45.62620000011539],[-73.55009999939836,45.62619999986559],[-73.55109999970092,45.626900000250025],[-73.55169999929757,45.62700000032217],[-73.56280000006089,45.63189999946555],[-73.5683000001603,45.63419999959073],[-73.56820000008898,45.63429999899316],[-73.56769999985472,45.63460000018157],[-73.56769999969495,45.63470000012409],[-73.56750000016626,45.63470000059114],[-73.56540000013717,45.63610000001351],[-73.56519999947605,45.63610000005389],[-73.5652000000034,45.636199999969506],[-73.565100000777,45.63619999940787],[-73.56509999984402,45.63629999932259],[-73.56429999946398,45.63690000012805],[-73.56420000030933,45.63700000048002],[-73.56400000029434,45.63700000021881],[-73.5636999996277,45.63729999931568],[-73.56359999997721,45.63739999913567],[-73.56339999982286,45.63739999962378],[-73.5619000004289,45.638399999521894],[-73.56180000036844,45.63859999942032],[-73.5615999997928,45.638599999456844],[-73.55999999909686,45.639599999278374],[-73.55980000000288,45.63969999961636],[-73.55970000042655,45.6399000003299],[-73.55770000001883,45.64120000005912],[-73.55750000045539,45.64120000011586],[-73.55730000079865,45.641400000372535],[-73.55679999986812,45.641699999369905],[-73.55570000078048,45.64250000046877],[-73.55549999915657,45.642499999724606],[-73.55539999983438,45.642700000174585],[-73.5542000001514,45.64340000025821],[-73.55389999964922,45.643499999806885],[-73.55369999953281,45.64369999997894],[-73.55319999999226,45.64399999929456],[-73.5525999994428,45.6443000011002],[-73.5523999999741,45.64440000099793],[-73.5521999997936,45.644500000544106],[-73.54879999947977,45.646199999275375],[-73.54670000007633,45.64750000062629],[-73.54539999999508,45.64810000010102],[-73.54480000001244,45.64839999941609],[-73.54420000004178,45.648700000963],[-73.5432999995847,45.64909999975137],[-73.5407999992598,45.65009999979562],[-73.54030000096033,45.6503999999018],[-73.54009999944914,45.65040000009157],[-73.53999999995142,45.65049999971842],[-73.53940000069649,45.65080000113952],[-73.53920000032726,45.65080000065312],[-73.5390999997997,45.650900000385306],[-73.53779999959131,45.651599999944786],[-73.5376000002238,45.65159999935646],[-73.53749999927551,45.65169999947379],[-73.53639999943,45.65230000033325],[-73.53620000013731,45.65229999999346],[-73.5361000004912,45.65230000014218],[-73.5360000007604,45.65239999983361],[-73.53239999932632,45.65420000067381],[-73.53219999968636,45.654200000530146],[-73.5322000005392,45.65430000012662],[-73.52920000004002,45.655800000086884],[-73.52869999944741,45.656099999513614],[-73.5284000007489,45.65609999889866],[-73.52829999980105,45.656199998982025],[-73.52709999973261,45.65680000023471],[-73.52689999934425,45.6569999998109],[-73.5256000005053,45.65760000062671],[-73.52410000035358,45.658299999683464],[-73.52360000032833,45.65860000095247],[-73.52329999895905,45.65870000086209],[-73.52300000037106,45.658799999981625],[-73.52290000040539,45.65889999978958],[-73.52270000006075,45.658999999625514],[-73.52139999951463,45.659700000529945],[-73.52029999942033,45.66019999990297],[-73.51960000068132,45.66059999951698],[-73.51840000053025,45.661499999118455],[-73.51839999992208,45.66159999948654],[-73.51840000079899,45.66230000021329],[-73.51840000086659,45.66250000001951],[-73.51840000100275,45.66290000051068],[-73.51839999985621,45.663300000074095],[-73.51850000025519,45.66379999908601],[-73.51859999987018,45.66430000066602],[-73.51879999952338,45.665500000432864],[-73.51910000030233,45.66539999986243],[-73.5213000002122,45.66579999988722],[-73.52099999947389,45.67149999910048],[-73.5207000002974,45.671599999153464],[-73.51979999973936,45.67139999902263],[-73.51939999936079,45.6719000002119],[-73.51910000036482,45.67319999994048],[-73.5186999996516,45.674499999699236],[-73.51350000067708,45.685799999268234],[-73.50949999962822,45.694599999428114],[-73.50909999998152,45.69569999894348],[-73.50889999998962,45.69679999943707],[-73.50890000031498,45.69800000078732],[-73.50889999927705,45.69889999915948],[-73.50889999935997,45.69920000098469],[-73.50869999970082,45.7080000008025],[-73.5085000009329,45.708000000560205],[-73.50839999945535,45.703600000805174],[-73.50840000018655,45.69930000075313],[-73.50700000049926,45.69950000003211],[-73.50639999979263,45.69969999952326],[-73.50349999998414,45.69999999917826],[-73.5031999997478,45.69989999928388],[-73.50300000011403,45.69979999961719],[-73.50259999991566,45.69969999982606],[-73.50219999972055,45.69940000013123],[-73.50229999957698,45.699300000258184],[-73.5023999990769,45.69920000029589],[-73.50250000010855,45.69920000085089],[-73.50250000018437,45.69899999873607],[-73.50260000007715,45.698899999493236],[-73.50279999993202,45.698799999553735],[-73.5031000008878,45.69879999900604],[-73.50290000021765,45.69870000004481],[-73.50269999993694,45.698699999547465],[-73.50260000080016,45.69849999973453],[-73.50250000048833,45.698200000104436],[-73.5024999998843,45.698100000380045],[-73.50219999989581,45.697799999268696],[-73.50210000029371,45.6975999998863],[-73.50210000062077,45.697299999776405],[-73.50209999955479,45.697100000294235],[-73.50159999998847,45.69700000054849],[-73.50120000042057,45.69690000120548],[-73.50070000035234,45.69690000086397],[-73.50030000031886,45.697000000560365],[-73.49990000014348,45.697100000654224],[-73.49949999943338,45.697100000503696],[-73.49909999936708,45.697300000234534],[-73.49870000030103,45.697499999457726],[-73.49839999959278,45.69759999988428],[-73.49799999945724,45.697699999614166],[-73.4978000001734,45.6976999995373],[-73.49770000003653,45.697899998828625],[-73.49510000006498,45.69840000010731],[-73.49449999951679,45.698600000129424],[-73.49399999970629,45.698600000160056],[-73.49289999976337,45.69910000044358],[-73.49029999916247,45.69999999914197],[-73.48919999912194,45.70030000030176],[-73.48809999943887,45.70089999978912],[-73.48689999948971,45.70089999987093],[-73.48629999946733,45.701099999033126],[-73.48590000031746,45.7011999986297],[-73.48530000046316,45.70130000095988],[-73.48360000039524,45.70180000005691],[-73.48360000000804,45.7020999990299],[-73.48419999923894,45.70739999984147],[-73.48419999972816,45.708000000780245],[-73.48390000024936,45.709000001114205],[-73.48369999947235,45.70959999962001],[-73.48290000058839,45.71030000077857],[-73.48269999998767,45.71050000028123],[-73.48249999962714,45.71059999992206],[-73.48209999933441,45.71079999994783],[-73.481599999099,45.711100000898796],[-73.47749999991072,45.713199999325305],[-73.47740000009071,45.71309999902335],[-73.48149999956478,45.710999998749735],[-73.48199999944259,45.710700000030656],[-73.4824000006628,45.71050000035164],[-73.48250000039233,45.71040000000761],[-73.48270000003944,45.710300000363155],[-73.4830000001107,45.70989999964793],[-73.48339999988632,45.709500000092625],[-73.48360000054942,45.70920000069996],[-73.48379999905298,45.70869999916714],[-73.48390000040405,45.70840000028096],[-73.48399999967583,45.708000000840926],[-73.4840000007767,45.707599999022555],[-73.48390000032946,45.70700000019015],[-73.48319999997312,45.701699999865646],[-73.48230000065902,45.701699999851535],[-73.48179999984218,45.701800000140494],[-73.48110000096268,45.70189999952252],[-73.4798999996226,45.7025000004854]]],[[[-73.49959999986098,45.69720000063954],[-73.5000999998565,45.697100000654224],[-73.50060000042312,45.69710000002228],[-73.50079999999424,45.69700000085281],[-73.50119999999137,45.69700000095096],[-73.50140000063195,45.697000000474844],[-73.50150000031023,45.69700000100532],[-73.50170000012878,45.69710000064762],[-73.50189999937623,45.69719999993806],[-73.50200000012049,45.69739999950956],[-73.50200000083002,45.69759999988099],[-73.5020000002555,45.697799999345605],[-73.50230000045858,45.6981000009821],[-73.50239999909009,45.69859999932922],[-73.50230000011827,45.69899999933814],[-73.50209999972544,45.69930000051014],[-73.5020000007966,45.699400000208094],[-73.50150000017075,45.69930000006515],[-73.5012000003967,45.69899999909071],[-73.50109999965225,45.69879999977506],[-73.50100000040652,45.69849999974768],[-73.50110000012108,45.69830000028848],[-73.5009999999841,45.6978999987072],[-73.50070000006154,45.697699999678434],[-73.50039999985174,45.69769999932302],[-73.5,45.6976999991234],[-73.49920000086415,45.69730000007873],[-73.49959999986098,45.69720000063954]]],[[[-73.49199999907947,45.70340000055941],[-73.49210000088448,45.702700000152156],[-73.49220000023034,45.7026000001792],[-73.49220000000997,45.70250000053213],[-73.49240000042064,45.70240000086532],[-73.49260000070095,45.70250000104584],[-73.49280000039859,45.702400000678786],[-73.49299999974546,45.702400000510224],[-73.49320000094188,45.70229999944129],[-73.4938000007564,45.70209999917776],[-73.49389999985426,45.701999999505915],[-73.49409999930391,45.70189999955381],[-73.49430000072053,45.701899999809086],[-73.49439999985465,45.7017999996961],[-73.49449999991633,45.701700000393686],[-73.49470000025424,45.70150000062122],[-73.4950000001643,45.701400000980584],[-73.49529999900477,45.70130000055043],[-73.49559999962192,45.70099999908596],[-73.4960000007355,45.7007000003628],[-73.49620000044192,45.7006999999914],[-73.49619999973508,45.70089999934699],[-73.49640000015143,45.70079999984841],[-73.49650000056003,45.70030000094541],[-73.49650000037865,45.700200000358095],[-73.49689999906887,45.69979999964702],[-73.49750000004317,45.699599999660535],[-73.49799999949056,45.69949999990963],[-73.49869999993165,45.69940000041958],[-73.49899999974528,45.699500000441354],[-73.4992000001679,45.699599999917005],[-73.49940000023402,45.699799999636845],[-73.49959999987101,45.6998999993068],[-73.4998000009341,45.69979999923767],[-73.4999000006453,45.69969999967268],[-73.50009999953294,45.69979999936895],[-73.5000999997112,45.69989999906344],[-73.5,45.700099999390744],[-73.49980000043558,45.70030000039202],[-73.49969999894171,45.70050000044265],[-73.49969999915625,45.700699999805295],[-73.4996999993708,45.700899999160896],[-73.49979999979506,45.70119999929973],[-73.49980000072269,45.70130000076924],[-73.5,45.701599999943404],[-73.49949999991824,45.70179999997289],[-73.49930000021487,45.7019999991393],[-73.49920000018639,45.702299999244666],[-73.49880000006651,45.70240000079299],[-73.49849999911997,45.70240000084738],[-73.49729999983292,45.70260000058171],[-73.49700000017351,45.70269999994192],[-73.49640000020815,45.70270000060781],[-73.49599999994912,45.7028000004444],[-73.49569999947072,45.70289999998677],[-73.49540000049105,45.70299999963952],[-73.49489999988305,45.70309999964792],[-73.49450000051819,45.703199999624786],[-73.4941999990117,45.70340000115302],[-73.49400000038928,45.70360000088334],[-73.49370000105571,45.70370000055896],[-73.4934999996112,45.70380000067894],[-73.4934000006524,45.70380000034486],[-73.49309999992312,45.703800000616845],[-73.49280000047817,45.703800000101175],[-73.4927000004078,45.703700000428185],[-73.49249999952329,45.70360000044379],[-73.49230000063605,45.70350000100748],[-73.49199999907947,45.70340000055941]]]]}}]}